# https://github.com/mikedh/trimesh

o acrylic_face.stl
v 0.00000000 0.00000000 0.00000000
v 4.93579054 2.45789385 0.00000000
v 4.99381018 2.36109424 0.00000000
v 5.40789366 1.98579049 0.00000000
v 5.50991392 1.93753850 0.00000000
v 5.31109428 2.04380989 0.00000000
v 5.83728027 1.85553753 0.00000000
v 5.94999981 1.85000002 0.00000000
v 5.61617279 1.89951861 0.00000000
v 5.72564602 1.87209690 0.00000000
v 5.13682699 2.18682718 0.00000000
v 5.22044754 2.11103797 0.00000000
v 5.06103802 2.27044773 0.00000000
v 4.88753843 2.55991411 0.00000000
v 4.84951878 2.66617250 0.00000000
v 4.82209682 2.77564621 0.00000000
v 4.80553770 2.88728023 0.00000000
v 4.80000019 3.00000000 0.00000000
v 4.80553770 3.11271977 0.00000000
v 4.82209682 3.22435379 0.00000000
v 4.84951878 3.33382750 0.00000000
v 5.57239103 12.92719936 0.00000000
v 6.09906626 11.19098377 0.00000000
v 4.88753843 3.44008589 0.00000000
v 5.55000019 13.38297844 0.00000000
v 6.67955208 3.88896203 0.00000000
v 9.29283047 8.82232761 0.00000000
v 6.76317263 3.81317282 0.00000000
v 9.74422073 8.75537014 0.00000000
v 6.83896208 3.72955227 0.00000000
v 6.90618992 3.63890576 0.00000000
v 6.33366632 10.79957676 0.00000000
v 4.93579054 3.54210615 0.00000000
v 4.99381018 3.63890576 0.00000000
v 6.60550117 10.43305016 0.00000000
v 5.06103802 3.72955227 0.00000000
v 5.13682699 3.81317282 0.00000000
v 5.22044754 3.88896203 0.00000000
v 6.91195345 10.09493256 0.00000000
v 5.31109428 3.95619011 0.00000000
v 5.40789366 4.01420927 0.00000000
v 7.25007105 9.78847980 0.00000000
v 5.50991392 4.06246138 0.00000000
v 5.61617279 4.10048151 0.00000000
v 5.72564602 4.12790298 0.00000000
v 7.61659861 9.51664543 0.00000000
v 5.83728027 4.14446259 0.00000000
v 5.94999981 4.15000010 0.00000000
v 6.28382730 4.10048151 0.00000000
v 8.42052174 9.08693886 0.00000000
v 6.39008617 4.06246138 0.00000000
v 8.85017586 8.93320656 0.00000000
v 6.49210644 4.01420927 0.00000000
v 6.06271982 4.14446259 0.00000000
v 8.00800514 9.28204441 0.00000000
v 6.17435408 4.12790298 0.00000000
v 6.58890581 3.95619011 0.00000000
v 10.19999981 8.73297882 0.00000000
v 6.96420956 3.54210615 0.00000000
v 5.90396023 11.60350037 0.00000000
v 6.83896208 2.27044773 0.00000000
v 20.51577950 8.75537014 0.00000000
v 6.76317263 2.18682718 0.00000000
v 6.90618992 2.36109424 0.00000000
v 20.05999947 8.73297882 0.00000000
v 6.96420956 2.45789385 0.00000000
v 7.01246166 2.55991411 0.00000000
v 7.05048132 2.66617250 0.00000000
v 7.07790327 2.77564621 0.00000000
v 7.09446239 2.88728023 0.00000000
v 7.09999990 3.00000000 0.00000000
v 7.09446239 3.11271977 0.00000000
v 7.07790327 3.22435379 0.00000000
v 7.05048132 3.33382750 0.00000000
v 7.01246166 3.44008589 0.00000000
v 27.15981865 7.55757856 0.00000000
v 27.54999924 7.51914883 0.00000000
v 27.35396576 7.52877951 0.00000000
v 5.75022745 12.03315544 0.00000000
v 5.63934851 12.47580910 0.00000000
v 2.07887769 30.38297844 0.00000000
v 20.96717072 8.82232761 0.00000000
v 21.40982437 8.93320656 0.00000000
v 26.78463364 7.67139006 0.00000000
v 21.83947754 9.08693886 0.00000000
v 26.43885994 7.85620975 0.00000000
v 26.60720634 7.75530624 0.00000000
v 26.96943092 7.60526848 0.00000000
v 26.28121376 7.97312784 0.00000000
v 26.13578606 8.10493565 0.00000000
v 26.00397873 8.25036240 0.00000000
v 22.25199509 9.28204441 0.00000000
v 25.88706017 8.40800858 0.00000000
v 22.64340210 9.51664543 0.00000000
v 23.00992966 9.78847980 0.00000000
v 25.70223999 8.75378227 0.00000000
v 25.78615761 8.57635593 0.00000000
v 25.63611984 8.93857956 0.00000000
v 25.58842850 9.12896824 0.00000000
v 23.34804726 10.09493256 0.00000000
v 25.55963135 9.32311440 0.00000000
v 25.54999924 9.51914883 0.00000000
v 23.65449905 10.43305016 0.00000000
v 23.92633438 10.79957676 0.00000000
v 24.16093445 11.19098377 0.00000000
v 24.35603905 11.60350037 0.00000000
v 24.50977325 12.03315544 0.00000000
v 24.62065125 12.47580910 0.00000000
v 24.68760872 12.92719936 0.00000000
v 25.54999924 17.24680901 0.00000000
v 24.70999908 13.38297844 0.00000000
v 24.68760872 13.83875847 0.00000000
v 24.62065125 14.29014874 0.00000000
v 24.50977325 14.73280239 0.00000000
v 22.64340210 17.24931335 0.00000000
v 25.63611984 17.82737732 0.00000000
v 23.00992966 16.97747803 0.00000000
v 24.35603905 15.16245651 0.00000000
v 23.92633438 15.96638012 0.00000000
v 24.16093445 15.57497311 0.00000000
v 23.65449905 16.33290672 0.00000000
v 23.34804726 16.67102432 0.00000000
v 25.58842850 17.63698959 0.00000000
v 25.55963135 17.44284248 0.00000000
v 5.57239103 13.83875847 0.00000000
v 5.63934851 14.29014874 0.00000000
v 5.75022745 14.73280239 0.00000000
v 0.00000000 30.38297844 0.00000000
v 5.90396023 15.16245651 0.00000000
v 6.09906626 15.57497311 0.00000000
v 4.80553770 27.27025986 0.00000000
v 6.33366632 15.96638012 0.00000000
v 4.99381018 26.74407387 0.00000000
v 6.60550117 16.33290672 0.00000000
v 5.72564602 26.25507545 0.00000000
v 6.91195345 16.67102432 0.00000000
v 10.81731701 20.69314194 0.00000000
v 10.19999981 18.03297806 0.00000000
v 10.72860336 20.73509979 0.00000000
v 6.58890581 26.42678833 0.00000000
v 7.25007105 16.97747803 0.00000000
v 6.67955208 26.49401665 0.00000000
v 7.61659861 17.24931335 0.00000000
v 6.76317263 26.56980515 0.00000000
v 8.00800514 17.48391342 0.00000000
v 6.83896208 26.65342712 0.00000000
v 8.42052174 17.67901802 0.00000000
v 6.90618992 26.74407387 0.00000000
v 8.85017586 17.83275223 0.00000000
v 6.96420956 26.84087181 0.00000000
v 9.29283047 17.94363022 0.00000000
v 10.56560707 20.84401131 0.00000000
v 10.49289322 20.90991402 0.00000000
v 10.64443016 20.78555107 0.00000000
v 10.42698956 20.98262787 0.00000000
v 10.36853027 21.06145096 0.00000000
v 10.31807899 21.14562416 0.00000000
v 10.27612019 21.23433876 0.00000000
v 10.24306011 21.32673645 0.00000000
v 10.21921444 21.42193031 0.00000000
v 10.20481491 21.51900482 0.00000000
v 7.01246166 26.94289207 0.00000000
v 9.74422073 18.01058769 0.00000000
v 7.07790327 27.15862465 0.00000000
v 5.50991392 26.32051659 0.00000000
v 5.61617279 26.28249741 0.00000000
v 5.31109428 26.42678833 0.00000000
v 5.40789366 26.36876869 0.00000000
v 5.13682699 26.56980515 0.00000000
v 5.22044754 26.49401665 0.00000000
v 5.83728027 26.23851585 0.00000000
v 5.94999981 26.23297882 0.00000000
v 6.06271982 26.23851585 0.00000000
v 6.17435408 26.25507545 0.00000000
v 6.28382730 26.28249741 0.00000000
v 6.39008617 26.32051659 0.00000000
v 6.49210644 26.36876869 0.00000000
v 4.93579054 26.84087181 0.00000000
v 4.88753843 26.94289207 0.00000000
v 5.06103802 26.65342712 0.00000000
v 4.84951878 27.04915047 0.00000000
v 4.82209682 27.15862465 0.00000000
v 7.05048132 27.04915047 0.00000000
v 7.09999990 27.38297844 0.00000000
v 10.19999981 21.61702156 0.00000000
v 7.09446239 27.27025986 0.00000000
v 10.19999981 24.31914902 0.00000000
v 10.20481491 24.41716576 0.00000000
v 10.21921444 24.51423836 0.00000000
v 10.24306011 24.60943413 0.00000000
v 10.27612019 24.70183182 0.00000000
v 10.31807899 24.79054642 0.00000000
v 10.36853027 24.87471962 0.00000000
v 10.42698956 24.95354271 0.00000000
v 10.49289322 25.02625656 0.00000000
v 10.56560707 25.09215927 0.00000000
v 10.64443016 25.15061760 0.00000000
v 7.09446239 27.49569893 0.00000000
v 10.72860336 25.20107079 0.00000000
v 7.07790327 27.60733223 0.00000000
v 10.81731701 25.24302864 0.00000000
v 10.90971565 25.27608871 0.00000000
v 11.00490952 25.29993439 0.00000000
v 7.01246166 27.82306480 0.00000000
v 11.10198307 25.31433296 0.00000000
v 7.05048132 27.71680641 0.00000000
v 10.90971565 20.66008186 0.00000000
v 11.00490952 20.63623619 0.00000000
v 11.10198307 20.62183571 0.00000000
v 20.05999947 18.03297806 0.00000000
v 11.19999981 20.61702156 0.00000000
v 20.51577950 18.01058769 0.00000000
v 26.78463364 19.09456825 0.00000000
v 11.19999981 25.31914902 0.00000000
v 16.44331551 25.36819458 0.00000000
v 16.52514267 25.31914902 0.00000000
v 16.26147270 25.51742935 0.00000000
v 16.34872818 25.43834496 0.00000000
v 16.18238831 25.60468483 0.00000000
v 16.11223602 25.69927406 0.00000000
v 16.05169487 25.80028152 0.00000000
v 16.00134468 25.90673828 0.00000000
v 15.96167183 26.01761627 0.00000000
v 15.93305779 26.13184929 0.00000000
v 15.91577816 26.24833679 0.00000000
v 15.90999985 26.36595726 0.00000000
v 4.80000019 27.38297844 0.00000000
v 4.80553770 27.49569893 0.00000000
v 4.82209682 27.60733223 0.00000000
v 4.84951878 27.71680641 0.00000000
v 4.88753843 27.82306480 0.00000000
v 4.93579054 27.92508507 0.00000000
v 4.99381018 28.02188492 0.00000000
v 5.06103802 28.11253166 0.00000000
v 5.13682699 28.19615173 0.00000000
v 5.22044754 28.27194023 0.00000000
v 5.31109428 28.33916855 0.00000000
v 5.40789366 28.39718819 0.00000000
v 5.50991392 28.44544029 0.00000000
v 5.61617279 28.48345947 0.00000000
v 5.72564602 28.51088142 0.00000000
v 5.83728027 28.52744102 0.00000000
v 5.94999981 28.53297806 0.00000000
v 6.06271982 28.52744102 0.00000000
v 6.83896208 28.11253166 0.00000000
v 6.90618992 28.02188492 0.00000000
v 6.67955208 28.27194023 0.00000000
v 6.76317263 28.19615173 0.00000000
v 6.96420956 27.92508507 0.00000000
v 6.58890581 28.33916855 0.00000000
v 15.90999985 34.34424210 0.00000000
v 6.39008617 28.44544029 0.00000000
v 6.28382730 28.48345947 0.00000000
v 6.49210644 28.39718819 0.00000000
v 6.17435408 28.51088142 0.00000000
v 3.74757433 32.43845367 0.00000000
v 5.46720982 34.45150757 0.00000000
v 7.23670578 36.42087555 0.00000000
v 21.40982437 17.83275223 0.00000000
v 26.13578606 18.66102219 0.00000000
v 21.83947754 17.67901802 0.00000000
v 22.25199509 17.48391342 0.00000000
v 25.78615761 18.18960190 0.00000000
v 26.00397873 18.51559448 0.00000000
v 26.60720634 19.01065063 0.00000000
v 20.96717072 17.94363022 0.00000000
v 26.43885994 18.90974808 0.00000000
v 26.96943092 19.16068840 0.00000000
v 27.15981865 19.20837975 0.00000000
v 27.35396576 19.23717880 0.00000000
v 25.70223999 18.01217461 0.00000000
v 25.88706017 18.35794830 0.00000000
v 26.28121376 18.79282951 0.00000000
v 45.75000000 20.61702156 0.00000000
v 27.54999924 19.24680901 0.00000000
v 0.00000000 30.38297844 2.00000000
v 2.07887769 30.38297844 2.00000000
v 3.74757433 32.43845367 2.00000000
v 5.46720982 34.45150757 2.00000000
v 170.00000000 0.00000000 0.00000000
v 6.06271982 1.85553753 0.00000000
v 6.17435408 1.87209690 0.00000000
v 6.28382730 1.89951861 0.00000000
v 6.39008617 1.93753850 0.00000000
v 6.49210644 1.98579049 0.00000000
v 6.58890581 2.04380989 0.00000000
v 6.67955208 2.11103797 0.00000000
v 0.00000000 0.00000000 2.00000000
v 63.62643814 19.24680901 0.00000000
v 45.84801865 20.62183571 0.00000000
v 45.94509125 20.63623619 0.00000000
v 46.04028320 20.66008186 0.00000000
v 46.13268280 20.69314194 0.00000000
v 46.22139740 20.73509979 0.00000000
v 46.30556870 20.78555107 0.00000000
v 46.38439178 20.84401131 0.00000000
v 46.45710754 20.90991402 0.00000000
v 46.52301025 20.98262787 0.00000000
v 46.58147049 21.06145096 0.00000000
v 46.63191986 21.14562416 0.00000000
v 46.67387772 21.23433876 0.00000000
v 46.70693970 21.32673645 0.00000000
v 46.73078537 21.42193031 0.00000000
v 46.74518585 21.51900482 0.00000000
v 46.75000000 21.61702156 0.00000000
v 46.75000000 24.31914902 0.00000000
v 46.74518585 24.41716576 0.00000000
v 49.36000061 25.16595650 0.00000000
v 46.73078537 24.51423836 0.00000000
v 46.70693970 24.60943413 0.00000000
v 46.45710754 25.02625656 0.00000000
v 46.52301025 24.95354271 0.00000000
v 46.67387772 24.70183182 0.00000000
v 46.63191986 24.79054642 0.00000000
v 46.58147049 24.87471962 0.00000000
v 46.38439178 25.09215927 0.00000000
v 46.27997971 25.16595650 0.00000000
v 46.30556870 25.15061760 0.00000000
v 49.47761917 25.17173576 0.00000000
v 49.59410858 25.18901443 0.00000000
v 49.70834351 25.21762848 0.00000000
v 49.81922150 25.25730133 0.00000000
v 66.66560364 21.92911720 0.00000000
v 49.92567444 25.30765152 0.00000000
v 66.59289551 21.99502182 0.00000000
v 50.02668381 25.36819458 0.00000000
v 66.52699280 22.06773376 0.00000000
v 50.12127304 25.43834496 0.00000000
v 66.46852875 22.14655685 0.00000000
v 50.20852661 25.51742935 0.00000000
v 66.41807556 22.23073006 0.00000000
v 50.28761292 25.60468483 0.00000000
v 66.37612152 22.31944466 0.00000000
v 50.35776520 25.69927406 0.00000000
v 66.31921387 22.50703812 0.00000000
v 50.41830444 25.80028152 0.00000000
v 66.30481720 22.60411072 0.00000000
v 50.46865463 25.90673828 0.00000000
v 66.30000305 22.70212746 0.00000000
v 50.50832748 26.01761627 0.00000000
v 50.53694153 26.13184929 0.00000000
v 50.55422211 26.24833679 0.00000000
v 50.56000137 26.36595726 0.00000000
v 67.10491180 21.72134209 0.00000000
v 66.74443054 21.87065887 0.00000000
v 66.34306335 22.41184235 0.00000000
v 66.91732025 21.77824783 0.00000000
v 67.00971222 21.74518776 0.00000000
v 66.82860565 21.82020569 0.00000000
v 50.56000137 35.52000046 0.00000000
v 66.30000305 29.23829842 0.00000000
v 66.59289551 31.54395676 0.00000000
v 50.12127304 36.44761276 0.00000000
v 50.02668381 36.51776505 0.00000000
v 50.20852661 36.36852646 0.00000000
v 50.55422211 35.63761902 0.00000000
v 66.91732025 30.16217804 0.00000000
v 67.30000305 30.23829842 0.00000000
v 50.53694153 35.75410843 0.00000000
v 50.50832748 35.86834335 0.00000000
v 50.46865463 35.97922134 0.00000000
v 50.41830444 36.08567429 0.00000000
v 50.35776520 36.18668365 0.00000000
v 50.28761292 36.28127289 0.00000000
v 66.30481720 29.33631516 0.00000000
v 66.31921387 29.43338776 0.00000000
v 66.34306335 29.52858162 0.00000000
v 66.37612152 29.62098122 0.00000000
v 66.41807556 29.70969391 0.00000000
v 66.52699280 29.87269211 0.00000000
v 66.46852875 29.79386902 0.00000000
v 66.59289551 29.94540405 0.00000000
v 66.74443054 30.06976700 0.00000000
v 66.66560364 30.01130867 0.00000000
v 66.82860565 30.12021828 0.00000000
v 67.10491180 30.21908379 0.00000000
v 67.00971222 30.19523811 0.00000000
v 67.20198059 30.23348236 0.00000000
v 67.00971222 31.29412270 0.00000000
v 66.91732025 31.32718468 0.00000000
v 66.82860565 31.36914253 0.00000000
v 46.77222061 38.58913803 0.00000000
v 66.46852875 31.69549370 0.00000000
v 66.52699280 31.61667061 0.00000000
v 66.37612152 31.86837959 0.00000000
v 66.41807556 31.77966690 0.00000000
v 66.34306335 31.96077919 0.00000000
v 66.30000305 32.25106430 0.00000000
v 55.65079117 36.28895950 0.00000000
v 55.96448517 36.17671967 0.00000000
v 56.28767014 36.09576416 0.00000000
v 56.61723328 36.04687881 0.00000000
v 66.31921387 32.05597305 0.00000000
v 66.30481720 32.15304565 0.00000000
v 56.95000076 36.03053284 0.00000000
v 57.28276825 36.04687881 0.00000000
v 57.61233139 36.09576416 0.00000000
v 57.93551636 36.17671967 0.00000000
v 58.24921036 36.28895950 0.00000000
v 58.55039215 36.43140793 0.00000000
v 66.74443054 31.41959381 0.00000000
v 66.66560364 31.47805405 0.00000000
v 58.83616257 36.60269165 0.00000000
v 59.10376358 36.80116272 0.00000000
v 67.20198059 21.70694351 0.00000000
v 67.30000305 21.70212746 0.00000000
v 101.00000000 21.70212746 0.00000000
v 67.10491180 31.27027893 0.00000000
v 67.20198059 31.25587845 0.00000000
v 67.30000305 31.25106430 0.00000000
v 101.00000000 31.25106430 0.00000000
v 4.99381018 2.36109424 2.00000000
v 4.93579054 2.45789385 2.00000000
v 5.50991392 1.93753850 2.00000000
v 5.40789366 1.98579049 2.00000000
v 5.31109428 2.04380989 2.00000000
v 5.94999981 1.85000002 2.00000000
v 5.83728027 1.85553753 2.00000000
v 5.72564602 1.87209690 2.00000000
v 5.61617279 1.89951861 2.00000000
v 5.22044754 2.11103797 2.00000000
v 5.13682699 2.18682718 2.00000000
v 5.06103802 2.27044773 2.00000000
v 4.88753843 2.55991411 2.00000000
v 4.84951878 2.66617250 2.00000000
v 4.82209682 2.77564621 2.00000000
v 4.80553770 2.88728023 2.00000000
v 4.80000019 3.00000000 2.00000000
v 4.80553770 3.11271977 2.00000000
v 4.82209682 3.22435379 2.00000000
v 4.84951878 3.33382750 2.00000000
v 6.06271982 1.85553753 2.00000000
v 6.17435408 1.87209690 2.00000000
v 6.28382730 1.89951861 2.00000000
v 4.88753843 3.44008589 2.00000000
v 4.93579054 3.54210615 2.00000000
v 4.99381018 3.63890576 2.00000000
v 5.90396023 11.60350037 2.00000000
v 5.75022745 12.03315544 2.00000000
v 5.63934851 12.47580910 2.00000000
v 5.83728027 4.14446259 2.00000000
v 7.25007105 9.78847980 2.00000000
v 5.72564602 4.12790298 2.00000000
v 5.94999981 4.15000010 2.00000000
v 6.06271982 4.14446259 2.00000000
v 7.61659861 9.51664543 2.00000000
v 5.13682699 3.81317282 2.00000000
v 6.09906626 11.19098377 2.00000000
v 5.06103802 3.72955227 2.00000000
v 5.31109428 3.95619011 2.00000000
v 6.33366632 10.79957676 2.00000000
v 5.22044754 3.88896203 2.00000000
v 5.40789366 4.01420927 2.00000000
v 6.60550117 10.43305016 2.00000000
v 5.50991392 4.06246138 2.00000000
v 6.91195345 10.09493256 2.00000000
v 5.61617279 4.10048151 2.00000000
v 6.39008617 4.06246138 2.00000000
v 8.42052174 9.08693886 2.00000000
v 6.28382730 4.10048151 2.00000000
v 6.17435408 4.12790298 2.00000000
v 8.00800514 9.28204441 2.00000000
v 8.85017586 8.93320656 2.00000000
v 9.29283047 8.82232761 2.00000000
v 9.74422073 8.75537014 2.00000000
v 10.19999981 8.73297882 2.00000000
v 20.05999947 8.73297882 2.00000000
v 20.51577950 8.75537014 2.00000000
v 26.78463364 7.67139006 2.00000000
v 26.96943092 7.60526848 2.00000000
v 27.15981865 7.55757856 2.00000000
v 26.60720634 7.75530624 2.00000000
v 27.35396576 7.52877951 2.00000000
v 27.54999924 7.51914883 2.00000000
v 20.96717072 8.82232761 2.00000000
v 26.43885994 7.85620975 2.00000000
v 21.40982437 8.93320656 2.00000000
v 26.13578606 8.10493565 2.00000000
v 21.83947754 9.08693886 2.00000000
v 26.28121376 7.97312784 2.00000000
v 26.00397873 8.25036240 2.00000000
v 25.88706017 8.40800858 2.00000000
v 22.25199509 9.28204441 2.00000000
v 25.78615761 8.57635593 2.00000000
v 22.64340210 9.51664543 2.00000000
v 25.63611984 8.93857956 2.00000000
v 23.00992966 9.78847980 2.00000000
v 25.70223999 8.75378227 2.00000000
v 25.58842850 9.12896824 2.00000000
v 23.34804726 10.09493256 2.00000000
v 25.55963135 9.32311440 2.00000000
v 25.54999924 9.51914883 2.00000000
v 23.65449905 10.43305016 2.00000000
v 23.92633438 10.79957676 2.00000000
v 24.16093445 11.19098377 2.00000000
v 24.35603905 11.60350037 2.00000000
v 24.50977325 12.03315544 2.00000000
v 24.62065125 12.47580910 2.00000000
v 24.68760872 12.92719936 2.00000000
v 24.70999908 13.38297844 2.00000000
v 25.54999924 17.24680901 2.00000000
v 24.68760872 13.83875847 2.00000000
v 24.62065125 14.29014874 2.00000000
v 24.50977325 14.73280239 2.00000000
v 23.00992966 16.97747803 2.00000000
v 25.63611984 17.82737732 2.00000000
v 22.64340210 17.24931335 2.00000000
v 24.35603905 15.16245651 2.00000000
v 24.16093445 15.57497311 2.00000000
v 23.92633438 15.96638012 2.00000000
v 23.65449905 16.33290672 2.00000000
v 23.34804726 16.67102432 2.00000000
v 25.58842850 17.63698959 2.00000000
v 25.55963135 17.44284248 2.00000000
v 7.23670578 36.42087555 2.00000000
v 5.57239103 12.92719936 2.00000000
v 5.55000019 13.38297844 2.00000000
v 5.57239103 13.83875847 2.00000000
v 4.88753843 26.94289207 2.00000000
v 5.63934851 14.29014874 2.00000000
v 5.75022745 14.73280239 2.00000000
v 5.90396023 15.16245651 2.00000000
v 6.09906626 15.57497311 2.00000000
v 6.33366632 15.96638012 2.00000000
v 6.60550117 16.33290672 2.00000000
v 6.91195345 16.67102432 2.00000000
v 5.40789366 26.36876869 2.00000000
v 8.85017586 17.83275223 2.00000000
v 10.27612019 21.23433876 2.00000000
v 8.42052174 17.67901802 2.00000000
v 9.29283047 17.94363022 2.00000000
v 9.74422073 18.01058769 2.00000000
v 10.42698956 20.98262787 2.00000000
v 10.19999981 18.03297806 2.00000000
v 10.56560707 20.84401131 2.00000000
v 10.81731701 20.69314194 2.00000000
v 10.72860336 20.73509979 2.00000000
v 7.25007105 16.97747803 2.00000000
v 7.61659861 17.24931335 2.00000000
v 8.00800514 17.48391342 2.00000000
v 10.49289322 20.90991402 2.00000000
v 10.36853027 21.06145096 2.00000000
v 10.31807899 21.14562416 2.00000000
v 10.64443016 20.78555107 2.00000000
v 5.31109428 26.42678833 2.00000000
v 5.13682699 26.56980515 2.00000000
v 5.22044754 26.49401665 2.00000000
v 5.06103802 26.65342712 2.00000000
v 4.99381018 26.74407387 2.00000000
v 4.93579054 26.84087181 2.00000000
v 10.24306011 21.32673645 2.00000000
v 5.50991392 26.32051659 2.00000000
v 10.20481491 21.51900482 2.00000000
v 5.72564602 26.25507545 2.00000000
v 10.21921444 21.42193031 2.00000000
v 5.61617279 26.28249741 2.00000000
v 10.19999981 21.61702156 2.00000000
v 5.83728027 26.23851585 2.00000000
v 10.19999981 24.31914902 2.00000000
v 6.49210644 26.36876869 2.00000000
v 5.94999981 26.23297882 2.00000000
v 6.06271982 26.23851585 2.00000000
v 6.17435408 26.25507545 2.00000000
v 6.28382730 26.28249741 2.00000000
v 6.39008617 26.32051659 2.00000000
v 6.58890581 26.42678833 2.00000000
v 10.20481491 24.41716576 2.00000000
v 6.67955208 26.49401665 2.00000000
v 10.21921444 24.51423836 2.00000000
v 6.76317263 26.56980515 2.00000000
v 10.24306011 24.60943413 2.00000000
v 6.83896208 26.65342712 2.00000000
v 10.27612019 24.70183182 2.00000000
v 10.31807899 24.79054642 2.00000000
v 6.90618992 26.74407387 2.00000000
v 10.36853027 24.87471962 2.00000000
v 6.96420956 26.84087181 2.00000000
v 10.42698956 24.95354271 2.00000000
v 7.01246166 26.94289207 2.00000000
v 7.05048132 27.04915047 2.00000000
v 10.56560707 25.09215927 2.00000000
v 7.07790327 27.15862465 2.00000000
v 10.49289322 25.02625656 2.00000000
v 10.64443016 25.15061760 2.00000000
v 10.72860336 25.20107079 2.00000000
v 7.09446239 27.27025986 2.00000000
v 10.81731701 25.24302864 2.00000000
v 7.09999990 27.38297844 2.00000000
v 10.90971565 25.27608871 2.00000000
v 11.10198307 25.31433296 2.00000000
v 11.00490952 25.29993439 2.00000000
v 11.19999981 25.31914902 2.00000000
v 10.90971565 20.66008186 2.00000000
v 11.00490952 20.63623619 2.00000000
v 11.10198307 20.62183571 2.00000000
v 11.19999981 20.61702156 2.00000000
v 20.05999947 18.03297806 2.00000000
v 20.51577950 18.01058769 2.00000000
v 26.78463364 19.09456825 2.00000000
v 16.52514267 25.31914902 2.00000000
v 16.44331551 25.36819458 2.00000000
v 16.26147270 25.51742935 2.00000000
v 16.34872818 25.43834496 2.00000000
v 16.18238831 25.60468483 2.00000000
v 16.11223602 25.69927406 2.00000000
v 16.05169487 25.80028152 2.00000000
v 16.00134468 25.90673828 2.00000000
v 15.96167183 26.01761627 2.00000000
v 15.93305779 26.13184929 2.00000000
v 15.91577816 26.24833679 2.00000000
v 15.90999985 26.36595726 2.00000000
v 4.84951878 27.04915047 2.00000000
v 4.82209682 27.15862465 2.00000000
v 4.80553770 27.27025986 2.00000000
v 4.80000019 27.38297844 2.00000000
v 4.80553770 27.49569893 2.00000000
v 4.82209682 27.60733223 2.00000000
v 4.84951878 27.71680641 2.00000000
v 4.88753843 27.82306480 2.00000000
v 4.93579054 27.92508507 2.00000000
v 4.99381018 28.02188492 2.00000000
v 5.06103802 28.11253166 2.00000000
v 5.13682699 28.19615173 2.00000000
v 5.22044754 28.27194023 2.00000000
v 5.31109428 28.33916855 2.00000000
v 5.40789366 28.39718819 2.00000000
v 5.61617279 28.48345947 2.00000000
v 5.72564602 28.51088142 2.00000000
v 5.50991392 28.44544029 2.00000000
v 5.83728027 28.52744102 2.00000000
v 5.94999981 28.53297806 2.00000000
v 6.06271982 28.52744102 2.00000000
v 6.17435408 28.51088142 2.00000000
v 6.28382730 28.48345947 2.00000000
v 6.39008617 28.44544029 2.00000000
v 15.90999985 34.34424210 2.00000000
v 7.09446239 27.49569893 2.00000000
v 6.90618992 28.02188492 2.00000000
v 6.96420956 27.92508507 2.00000000
v 6.83896208 28.11253166 2.00000000
v 6.67955208 28.27194023 2.00000000
v 6.76317263 28.19615173 2.00000000
v 7.07790327 27.60733223 2.00000000
v 7.05048132 27.71680641 2.00000000
v 7.01246166 27.82306480 2.00000000
v 6.49210644 28.39718819 2.00000000
v 6.58890581 28.33916855 2.00000000
v 21.83947754 17.67901802 2.00000000
v 26.13578606 18.66102219 2.00000000
v 21.40982437 17.83275223 2.00000000
v 25.78615761 18.18960190 2.00000000
v 22.25199509 17.48391342 2.00000000
v 26.00397873 18.51559448 2.00000000
v 20.96717072 17.94363022 2.00000000
v 26.60720634 19.01065063 2.00000000
v 26.43885994 18.90974808 2.00000000
v 26.96943092 19.16068840 2.00000000
v 27.15981865 19.20837975 2.00000000
v 27.35396576 19.23717880 2.00000000
v 25.70223999 18.01217461 2.00000000
v 25.88706017 18.35794830 2.00000000
v 26.28121376 18.79282951 2.00000000
v 45.75000000 20.61702156 2.00000000
v 27.54999924 19.24680901 2.00000000
v 170.00000000 0.00000000 2.00000000
v 6.39008617 1.93753850 2.00000000
v 6.49210644 1.98579049 2.00000000
v 6.58890581 2.04380989 2.00000000
v 6.67955208 2.11103797 2.00000000
v 6.76317263 2.18682718 2.00000000
v 6.83896208 2.27044773 2.00000000
v 6.90618992 2.36109424 2.00000000
v 6.96420956 2.45789385 2.00000000
v 7.01246166 2.55991411 2.00000000
v 7.05048132 2.66617250 2.00000000
v 7.07790327 2.77564621 2.00000000
v 7.09446239 2.88728023 2.00000000
v 7.09999990 3.00000000 2.00000000
v 7.09446239 3.11271977 2.00000000
v 7.07790327 3.22435379 2.00000000
v 7.05048132 3.33382750 2.00000000
v 6.58890581 3.95619011 2.00000000
v 6.67955208 3.88896203 2.00000000
v 6.49210644 4.01420927 2.00000000
v 7.01246166 3.44008589 2.00000000
v 6.96420956 3.54210615 2.00000000
v 6.83896208 3.72955227 2.00000000
v 6.90618992 3.63890576 2.00000000
v 6.76317263 3.81317282 2.00000000
v 78.08149719 19.24680901 2.00000000
v 46.75000000 21.61702156 2.00000000
v 49.36000061 25.16595650 2.00000000
v 46.75000000 24.31914902 2.00000000
v 46.74518585 24.41716576 2.00000000
v 46.73078537 24.51423836 2.00000000
v 46.70693970 24.60943413 2.00000000
v 46.52301025 24.95354271 2.00000000
v 46.45710754 25.02625656 2.00000000
v 46.67387772 24.70183182 2.00000000
v 46.63191986 24.79054642 2.00000000
v 46.58147049 24.87471962 2.00000000
v 46.38439178 25.09215927 2.00000000
v 46.30556870 25.15061760 2.00000000
v 46.27997971 25.16595650 2.00000000
v 45.84801865 20.62183571 2.00000000
v 45.94509125 20.63623619 2.00000000
v 46.13268280 20.69314194 2.00000000
v 46.04028320 20.66008186 2.00000000
v 46.22139740 20.73509979 2.00000000
v 46.38439178 20.84401131 2.00000000
v 46.30556870 20.78555107 2.00000000
v 46.52301025 20.98262787 2.00000000
v 46.45710754 20.90991402 2.00000000
v 46.58147049 21.06145096 2.00000000
v 46.63191986 21.14562416 2.00000000
v 46.67387772 21.23433876 2.00000000
v 46.70693970 21.32673645 2.00000000
v 46.73078537 21.42193031 2.00000000
v 46.74518585 21.51900482 2.00000000
v 49.59410858 25.18901443 2.00000000
v 66.74443054 21.87065887 2.00000000
v 49.70834351 25.21762848 2.00000000
v 66.66560364 21.92911720 2.00000000
v 49.81922150 25.25730133 2.00000000
v 66.59289551 21.99502182 2.00000000
v 49.92567444 25.30765152 2.00000000
v 66.52699280 22.06773376 2.00000000
v 50.02668381 25.36819458 2.00000000
v 66.46852875 22.14655685 2.00000000
v 50.12127304 25.43834496 2.00000000
v 66.41807556 22.23073006 2.00000000
v 50.20852661 25.51742935 2.00000000
v 66.34306335 22.41184235 2.00000000
v 50.28761292 25.60468483 2.00000000
v 66.31921387 22.50703812 2.00000000
v 50.35776520 25.69927406 2.00000000
v 66.30481720 22.60411072 2.00000000
v 50.41830444 25.80028152 2.00000000
v 66.30000305 22.70212746 2.00000000
v 50.46865463 25.90673828 2.00000000
v 66.82860565 21.82020569 2.00000000
v 49.47761917 25.17173576 2.00000000
v 66.37612152 22.31944466 2.00000000
v 66.91732025 21.77824783 2.00000000
v 67.00971222 21.74518776 2.00000000
v 67.10491180 21.72134209 2.00000000
v 66.30000305 29.23829842 2.00000000
v 50.50832748 26.01761627 2.00000000
v 50.53694153 26.13184929 2.00000000
v 50.55422211 26.24833679 2.00000000
v 50.56000137 26.36595726 2.00000000
v 66.82860565 30.12021828 2.00000000
v 50.56000137 35.52000046 2.00000000
v 66.30481720 29.33631516 2.00000000
v 66.31921387 29.43338776 2.00000000
v 66.34306335 29.52858162 2.00000000
v 66.37612152 29.62098122 2.00000000
v 66.41807556 29.70969391 2.00000000
v 66.46852875 29.79386902 2.00000000
v 66.52699280 29.87269211 2.00000000
v 66.59289551 29.94540405 2.00000000
v 66.66560364 30.01130867 2.00000000
v 66.74443054 30.06976700 2.00000000
v 66.59289551 31.54395676 2.00000000
v 50.02668381 36.51776505 2.00000000
v 50.12127304 36.44761276 2.00000000
v 50.20852661 36.36852646 2.00000000
v 67.30000305 30.23829842 2.00000000
v 50.55422211 35.63761902 2.00000000
v 50.53694153 35.75410843 2.00000000
v 50.46865463 35.97922134 2.00000000
v 50.50832748 35.86834335 2.00000000
v 50.41830444 36.08567429 2.00000000
v 50.35776520 36.18668365 2.00000000
v 50.28761292 36.28127289 2.00000000
v 66.91732025 30.16217804 2.00000000
v 67.00971222 30.19523811 2.00000000
v 67.10491180 30.21908379 2.00000000
v 67.20198059 30.23348236 2.00000000
v 67.00971222 31.29412270 2.00000000
v 66.91732025 31.32718468 2.00000000
v 66.82860565 31.36914253 2.00000000
v 46.77222061 38.58913803 2.00000000
v 66.52699280 31.61667061 2.00000000
v 66.46852875 31.69549370 2.00000000
v 66.41807556 31.77966690 2.00000000
v 66.37612152 31.86837959 2.00000000
v 66.34306335 31.96077919 2.00000000
v 66.30000305 32.25106430 2.00000000
v 55.96448517 36.17671967 2.00000000
v 55.65079117 36.28895950 2.00000000
v 56.28767014 36.09576416 2.00000000
v 56.61723328 36.04687881 2.00000000
v 66.31921387 32.05597305 2.00000000
v 66.30481720 32.15304565 2.00000000
v 56.95000076 36.03053284 2.00000000
v 57.28276825 36.04687881 2.00000000
v 57.61233139 36.09576416 2.00000000
v 57.93551636 36.17671967 2.00000000
v 58.24921036 36.28895950 2.00000000
v 58.55039215 36.43140793 2.00000000
v 66.66560364 31.47805405 2.00000000
v 66.74443054 31.41959381 2.00000000
v 67.30000305 21.70212746 2.00000000
v 67.20198059 21.70694351 2.00000000
v 67.20198059 31.25587845 2.00000000
v 67.10491180 31.27027893 2.00000000
v 67.30000305 31.25106430 2.00000000
v 101.00000000 30.23829842 2.00000000
v 9.05495262 38.34532547 0.00000000
v 13.47962761 36.79164124 0.00000000
v 10.92081165 40.22365189 0.00000000
v 15.06065369 38.32793045 0.00000000
v 12.83311081 42.05467224 0.00000000
v 16.67467308 39.82952118 0.00000000
v 14.79065323 43.83724213 0.00000000
v 18.32092285 41.29570389 0.00000000
v 16.79221153 45.57024384 0.00000000
v 19.99862480 42.72578430 0.00000000
v 18.83653069 47.25259018 0.00000000
v 21.70699120 44.11909485 0.00000000
v 20.92232704 48.88322830 0.00000000
v 23.44521523 45.47497177 0.00000000
v 25.21247482 46.79278183 0.00000000
v 23.04829788 50.46113586 0.00000000
v 27.00793839 48.07189941 0.00000000
v 25.21310425 51.98531723 0.00000000
v 28.83075714 49.31171799 0.00000000
v 27.41539383 53.45482635 0.00000000
v 30.68007469 50.51165771 0.00000000
v 29.65378380 54.86873627 0.00000000
v 32.55501556 51.67115402 0.00000000
v 9.05495262 38.34532547 2.00000000
v 10.92081165 40.22365189 2.00000000
v 12.83311081 42.05467224 2.00000000
v 14.79065323 43.83724213 2.00000000
v 16.79221153 45.57024384 2.00000000
v 18.83653069 47.25259018 2.00000000
v 20.92232704 48.88322830 2.00000000
v 23.04829788 50.46113586 2.00000000
v 25.21310425 51.98531723 2.00000000
v 34.45469284 52.78965378 0.00000000
v 31.92687035 56.22616196 0.00000000
v 36.37821579 53.86663437 0.00000000
v 34.23323059 57.52625275 0.00000000
v 38.32467651 54.90158463 0.00000000
v 36.57141876 58.76819229 0.00000000
v 40.29315186 55.89401627 0.00000000
v 38.93996429 59.95120239 0.00000000
v 42.28271866 56.84346771 0.00000000
v 41.33738708 61.07454300 0.00000000
v 27.41539383 53.45482635 2.00000000
v 29.65378380 54.86873627 2.00000000
v 31.92687035 56.22616196 2.00000000
v 34.23323059 57.52625275 2.00000000
v 36.57141876 58.76819229 2.00000000
v 38.93996429 59.95120239 2.00000000
v 41.33738708 61.07454300 2.00000000
v 45.17803955 37.74149704 0.00000000
v 43.36582565 36.72000122 0.00000000
v 43.60264587 36.85943604 0.00000000
v 49.36000061 36.72000122 0.00000000
v 49.81922150 36.62865448 0.00000000
v 49.70834351 36.66832733 0.00000000
v 49.59410858 36.69694138 0.00000000
v 49.47761917 36.71422195 0.00000000
v 49.92567444 36.57830429 0.00000000
v 55.06383896 36.60269165 0.00000000
v 55.34960938 36.43140793 0.00000000
v 54.79623413 36.80116272 0.00000000
v 54.12715912 37.53937149 0.00000000
v 48.38442993 39.40195465 0.00000000
v 54.32563019 37.27176666 0.00000000
v 54.54937363 37.02490616 0.00000000
v 53.95587921 37.82513809 0.00000000
v 50.01391602 40.17956924 0.00000000
v 53.81343079 38.12631989 0.00000000
v 53.70118713 38.44001389 0.00000000
v 53.62023544 38.76319885 0.00000000
v 51.65990448 40.92160797 0.00000000
v 53.57134628 39.09276199 0.00000000
v 53.55500031 39.42553329 0.00000000
v 53.57134628 39.75830078 0.00000000
v 53.62023544 40.08786392 0.00000000
v 53.70118713 40.41104889 0.00000000
v 53.81343079 40.72474289 0.00000000
v 53.32162094 41.62772369 0.00000000
v 59.35062790 37.02490616 0.00000000
v 59.57437134 37.27176666 0.00000000
v 59.77283859 37.53937149 0.00000000
v 59.94412231 37.82513809 0.00000000
v 60.08657074 38.12631989 0.00000000
v 60.19881058 38.44001389 0.00000000
v 60.27976608 38.76319885 0.00000000
v 60.32865143 39.09276199 0.00000000
v 60.34500122 39.42553329 0.00000000
v 53.95587921 41.02592468 0.00000000
v 54.12715912 41.31169128 0.00000000
v 54.32563019 41.57929611 0.00000000
v 54.54937363 41.82616043 0.00000000
v 54.79623413 42.04990387 0.00000000
v 54.99827957 42.29758453 0.00000000
v 55.06383896 42.24837112 0.00000000
v 55.34960938 42.41965485 0.00000000
v 55.44635010 42.46541214 0.00000000
v 56.08433151 42.70436478 0.00000000
v 56.68909073 42.93087769 0.00000000
v 56.28767014 42.75529861 0.00000000
v 56.61723328 42.80418396 0.00000000
v 56.95000076 42.82053375 0.00000000
v 57.93551636 42.67434311 0.00000000
v 58.39325714 43.52729416 0.00000000
v 58.24921036 42.56210327 0.00000000
v 58.55039215 42.41965485 0.00000000
v 57.28276825 42.80418396 0.00000000
v 57.61233139 42.75529861 0.00000000
v 66.30000305 45.76466370 0.00000000
v 60.32865143 39.75830078 0.00000000
v 58.83616257 42.24837112 0.00000000
v 59.10376358 42.04990387 0.00000000
v 60.27976608 40.08786392 0.00000000
v 60.19881058 40.41104889 0.00000000
v 60.08657074 40.72474289 0.00000000
v 59.94412231 41.02592468 0.00000000
v 59.77283859 41.31169128 0.00000000
v 59.57437134 41.57929611 0.00000000
v 59.35062790 41.82616043 0.00000000
v 60.10997391 44.08656311 0.00000000
v 61.83843231 44.60841751 0.00000000
v 63.57781601 45.09260559 0.00000000
v 65.32730865 45.53890610 0.00000000
v 72.97269440 47.02127838 0.00000000
v 74.19731140 47.19532394 0.00000000
v 75.98995972 47.41049576 0.00000000
v 77.78686523 47.58668137 0.00000000
v 79.58716583 47.72380447 0.00000000
v 81.39002228 47.82179260 0.00000000
v 83.19458771 47.88060379 0.00000000
v 85.00000000 47.90021133 0.00000000
v 86.80541229 47.88060379 0.00000000
v 88.60997772 47.82179260 0.00000000
v 90.41283417 47.72380447 0.00000000
v 44.29243851 57.74948120 0.00000000
v 46.32135773 58.61163330 0.00000000
v 43.76218414 62.13750839 0.00000000
v 48.36852264 59.42952347 0.00000000
v 46.21283340 63.13943100 0.00000000
v 50.43296814 60.20275497 0.00000000
v 48.68779755 64.07968903 0.00000000
v 52.51372147 60.93097305 0.00000000
v 51.18552780 64.95767975 0.00000000
v 54.60979462 61.61382675 0.00000000
v 53.70445633 65.77286530 0.00000000
v 56.72020721 62.25099564 0.00000000
v 58.84395981 62.84218597 0.00000000
v 56.24300385 66.52473450 0.00000000
v 60.98005295 63.38710785 0.00000000
v 58.79957962 67.21280670 0.00000000
v 63.12747192 63.88551331 0.00000000
v 61.37258148 67.83666229 0.00000000
v 65.28520966 64.33715820 0.00000000
v 63.96039581 68.39589691 0.00000000
v 67.45225525 64.74184418 0.00000000
v 66.56140137 68.89016724 0.00000000
v 69.62757111 65.09936523 0.00000000
v 69.17396545 69.31916809 0.00000000
v 71.81014252 65.40955353 0.00000000
v 73.99893188 65.67227936 0.00000000
v 71.79644775 69.68262482 0.00000000
v 76.19290924 65.88739777 0.00000000
v 74.42721558 69.98030853 0.00000000
v 78.39104462 66.05481720 0.00000000
v 77.06460571 70.21202850 0.00000000
v 80.59230042 66.17446136 0.00000000
v 79.70697021 70.37765503 0.00000000
v 82.79563141 66.24626923 0.00000000
v 82.35265350 70.47706604 0.00000000
v 85.00000000 66.27021027 0.00000000
v 87.20436859 66.24626923 0.00000000
v 85.00000000 70.51021576 0.00000000
v 43.76218414 62.13750839 2.00000000
v 46.21283340 63.13943100 2.00000000
v 48.68779755 64.07968903 2.00000000
v 51.18552780 64.95767975 2.00000000
v 53.70445633 65.77286530 2.00000000
v 56.24300385 66.52473450 2.00000000
v 58.79957962 67.21280670 2.00000000
v 61.37258148 67.83666229 2.00000000
v 63.96039581 68.39589691 2.00000000
v 66.56140137 68.89016724 2.00000000
v 69.17396545 69.31916809 2.00000000
v 71.79644775 69.68262482 2.00000000
v 74.42721558 69.98030853 2.00000000
v 77.06460571 70.21202850 2.00000000
v 79.70697021 70.37765503 2.00000000
v 82.35265350 70.47706604 2.00000000
v 85.00000000 70.51021576 2.00000000
v 13.47962761 36.79164124 2.00000000
v 15.06065369 38.32793045 2.00000000
v 16.67467308 39.82952118 2.00000000
v 18.32092285 41.29570389 2.00000000
v 19.99862480 42.72578430 2.00000000
v 21.70699120 44.11909485 2.00000000
v 23.44521523 45.47497177 2.00000000
v 25.21247482 46.79278183 2.00000000
v 27.00793839 48.07189941 2.00000000
v 28.83075714 49.31171799 2.00000000
v 30.68007469 50.51165771 2.00000000
v 32.55501556 51.67115402 2.00000000
v 34.45469284 52.78965378 2.00000000
v 36.37821579 53.86663437 2.00000000
v 38.32467651 54.90158463 2.00000000
v 40.29315186 55.89401627 2.00000000
v 42.28271866 56.84346771 2.00000000
v 44.29243851 57.74948120 2.00000000
v 49.36000061 36.72000122 2.00000000
v 43.60264587 36.85943604 2.00000000
v 43.36582565 36.72000122 2.00000000
v 45.17803955 37.74149704 2.00000000
v 49.70834351 36.66832733 2.00000000
v 49.81922150 36.62865448 2.00000000
v 49.59410858 36.69694138 2.00000000
v 49.47761917 36.71422195 2.00000000
v 49.92567444 36.57830429 2.00000000
v 55.34960938 36.43140793 2.00000000
v 55.06383896 36.60269165 2.00000000
v 54.79623413 36.80116272 2.00000000
v 54.12715912 37.53937149 2.00000000
v 48.38442993 39.40195465 2.00000000
v 54.32563019 37.27176666 2.00000000
v 54.54937363 37.02490616 2.00000000
v 53.95587921 37.82513809 2.00000000
v 53.81343079 38.12631989 2.00000000
v 50.01391602 40.17956924 2.00000000
v 53.70118713 38.44001389 2.00000000
v 53.62023544 38.76319885 2.00000000
v 53.57134628 39.09276199 2.00000000
v 53.55500031 39.42553329 2.00000000
v 53.62023544 40.08786392 2.00000000
v 51.65990448 40.92160797 2.00000000
v 53.57134628 39.75830078 2.00000000
v 53.70118713 40.41104889 2.00000000
v 53.81343079 40.72474289 2.00000000
v 53.32162094 41.62772369 2.00000000
v 66.30000305 40.54179764 2.00000000
v 58.83616257 36.60269165 2.00000000
v 59.10376358 36.80116272 2.00000000
v 59.35062790 37.02490616 2.00000000
v 59.57437134 37.27176666 2.00000000
v 59.77283859 37.53937149 2.00000000
v 59.94412231 37.82513809 2.00000000
v 60.08657074 38.12631989 2.00000000
v 60.19881058 38.44001389 2.00000000
v 60.27976608 38.76319885 2.00000000
v 60.32865143 39.09276199 2.00000000
v 53.95587921 41.02592468 2.00000000
v 54.12715912 41.31169128 2.00000000
v 54.32563019 41.57929611 2.00000000
v 54.54937363 41.82616043 2.00000000
v 54.79623413 42.04990387 2.00000000
v 54.99827957 42.29758453 2.00000000
v 55.06383896 42.24837112 2.00000000
v 55.34960938 42.41965485 2.00000000
v 55.44635010 42.46541214 2.00000000
v 56.28767014 42.75529861 2.00000000
v 56.68909073 42.93087769 2.00000000
v 56.08433151 42.70436478 2.00000000
v 56.61723328 42.80418396 2.00000000
v 56.95000076 42.82053375 2.00000000
v 58.24921036 42.56210327 2.00000000
v 58.39325714 43.52729416 2.00000000
v 57.93551636 42.67434311 2.00000000
v 58.55039215 42.41965485 2.00000000
v 57.28276825 42.80418396 2.00000000
v 57.61233139 42.75529861 2.00000000
v 60.34500122 39.42553329 2.00000000
v 60.32865143 39.75830078 2.00000000
v 60.27976608 40.08786392 2.00000000
v 60.19881058 40.41104889 2.00000000
v 60.08657074 40.72474289 2.00000000
v 59.77283859 41.31169128 2.00000000
v 59.94412231 41.02592468 2.00000000
v 59.57437134 41.57929611 2.00000000
v 59.35062790 41.82616043 2.00000000
v 59.10376358 42.04990387 2.00000000
v 58.83616257 42.24837112 2.00000000
v 60.10997391 44.08656311 2.00000000
v 66.30000305 45.76466370 2.00000000
v 61.83843231 44.60841751 2.00000000
v 65.32730865 45.53890610 2.00000000
v 63.57781601 45.09260559 2.00000000
v 97.02730560 47.02127838 2.00000000
v 74.19731140 47.19532394 2.00000000
v 72.97269440 47.02127838 2.00000000
v 75.98995972 47.41049576 2.00000000
v 77.78686523 47.58668137 2.00000000
v 79.58716583 47.72380447 2.00000000
v 46.32135773 58.61163330 2.00000000
v 48.36852264 59.42952347 2.00000000
v 50.43296814 60.20275497 2.00000000
v 52.51372147 60.93097305 2.00000000
v 54.60979462 61.61382675 2.00000000
v 56.72020721 62.25099564 2.00000000
v 58.84395981 62.84218597 2.00000000
v 60.98005295 63.38710785 2.00000000
v 63.12747192 63.88551331 2.00000000
v 65.28520966 64.33715820 2.00000000
v 67.45225525 64.74184418 2.00000000
v 69.62757111 65.09936523 2.00000000
v 71.81014252 65.40955353 2.00000000
v 73.99893188 65.67227936 2.00000000
v 76.19290924 65.88739777 2.00000000
v 78.39104462 66.05481720 2.00000000
v 80.59230042 66.17446136 2.00000000
v 82.79563141 66.24626923 2.00000000
v 85.00000000 66.27021027 2.00000000
v 87.20436859 66.24626923 2.00000000
v 152.64999390 7.51914883 0.00000000
v 163.41108704 2.04380989 0.00000000
v 163.50788879 1.98579049 0.00000000
v 163.60990906 1.93753850 0.00000000
v 163.71617126 1.89951861 0.00000000
v 126.30162811 19.24680901 0.00000000
v 101.00000000 30.23829842 0.00000000
v 101.19509125 30.21908379 0.00000000
v 101.09801483 30.23348236 0.00000000
v 101.29028320 30.19523811 0.00000000
v 101.38268280 30.16217804 0.00000000
v 101.09801483 21.70694351 0.00000000
v 101.19509125 21.72134209 0.00000000
v 101.29028320 21.74518776 0.00000000
v 101.38268280 21.77824783 0.00000000
v 101.47139740 21.82020569 0.00000000
v 101.55557251 21.87065887 0.00000000
v 101.63439178 21.92911720 0.00000000
v 101.70710754 21.99502182 0.00000000
v 101.77301025 22.06773376 0.00000000
v 101.83146667 22.14655685 0.00000000
v 101.88191986 22.23073006 0.00000000
v 101.92388153 22.31944466 0.00000000
v 101.95693970 22.41184235 0.00000000
v 101.98078156 22.50703812 0.00000000
v 101.99518585 22.60411072 0.00000000
v 102.00000000 22.70212746 0.00000000
v 102.00000000 29.23829842 0.00000000
v 101.99518585 29.33631516 0.00000000
v 101.98078156 29.43338776 0.00000000
v 101.95693970 29.52858162 0.00000000
v 101.92388153 29.62098122 0.00000000
v 101.70710754 29.94540405 0.00000000
v 101.63439178 30.01130867 0.00000000
v 101.88191986 29.70969391 0.00000000
v 101.83146667 29.79386902 0.00000000
v 101.77301025 29.87269211 0.00000000
v 102.00000000 32.25106430 0.00000000
v 121.09432220 25.30765152 0.00000000
v 121.31166077 25.21762848 0.00000000
v 130.49443054 20.78555107 0.00000000
v 121.20078278 25.25730133 0.00000000
v 121.42588806 25.18901443 0.00000000
v 130.41560364 20.84401131 0.00000000
v 121.54238129 25.17173576 0.00000000
v 130.34289551 20.90991402 0.00000000
v 121.66000366 25.16595650 0.00000000
v 130.27699280 20.98262787 0.00000000
v 130.21853638 21.06145096 0.00000000
v 130.12611389 21.23433876 0.00000000
v 130.16807556 21.14562416 0.00000000
v 130.09306335 21.32673645 0.00000000
v 130.06921387 21.42193031 0.00000000
v 130.05480957 21.51900482 0.00000000
v 130.05000305 21.61702156 0.00000000
v 130.05000305 24.31914902 0.00000000
v 130.05480957 24.41716576 0.00000000
v 130.06921387 24.51423836 0.00000000
v 130.09306335 24.60943413 0.00000000
v 130.12611389 24.70183182 0.00000000
v 130.16807556 24.79054642 0.00000000
v 130.21853638 24.87471962 0.00000000
v 130.27699280 24.95354271 0.00000000
v 130.34289551 25.02625656 0.00000000
v 130.41560364 25.09215927 0.00000000
v 101.47139740 30.12021828 0.00000000
v 101.55557251 30.06976700 0.00000000
v 101.09801483 31.25587845 0.00000000
v 101.19509125 31.27027893 0.00000000
v 101.29028320 31.29412270 0.00000000
v 101.38268280 31.32718468 0.00000000
v 101.47139740 31.36914253 0.00000000
v 101.55557251 31.41959381 0.00000000
v 101.63439178 31.47805405 0.00000000
v 101.70710754 31.54395676 0.00000000
v 101.77301025 31.61667061 0.00000000
v 101.83146667 31.69549370 0.00000000
v 101.88191986 31.77966690 0.00000000
v 101.92388153 31.86837959 0.00000000
v 101.95693970 31.96077919 0.00000000
v 101.98078156 32.05597305 0.00000000
v 101.99518585 32.15304565 0.00000000
v 120.73238373 25.60468483 0.00000000
v 120.81147003 25.51742935 0.00000000
v 120.99331665 25.36819458 0.00000000
v 120.89872742 25.43834496 0.00000000
v 120.66223907 25.69927406 0.00000000
v 120.60169220 25.80028152 0.00000000
v 120.55134583 25.90673828 0.00000000
v 120.51167297 26.01761627 0.00000000
v 120.48305511 26.13184929 0.00000000
v 120.46577454 26.24833679 0.00000000
v 120.45999908 26.36595726 0.00000000
v 120.45999908 30.85538864 0.00000000
v 120.24623108 31.01392746 0.00000000
v 112.59623718 36.80116272 0.00000000
v 112.86383820 36.60269165 0.00000000
v 113.14960480 36.43140793 0.00000000
v 119.99937439 31.23767090 0.00000000
v 113.45079041 36.28895950 0.00000000
v 119.57716370 31.75213623 0.00000000
v 113.76448059 36.17671967 0.00000000
v 114.08766937 36.09576416 0.00000000
v 119.40587616 32.03790665 0.00000000
v 119.15118408 32.65278244 0.00000000
v 114.41722870 36.04687881 0.00000000
v 114.75000000 36.03053284 0.00000000
v 115.08277130 36.04687881 0.00000000
v 119.02134705 33.30553055 0.00000000
v 115.41233063 36.09576416 0.00000000
v 119.77562714 31.48453331 0.00000000
v 119.26342773 32.33908844 0.00000000
v 119.07023621 32.97596741 0.00000000
v 119.00499725 33.63829803 0.00000000
v 116.04920959 36.28895950 0.00000000
v 119.02134705 33.97106552 0.00000000
v 119.07023621 34.30062866 0.00000000
v 116.35039520 36.43140793 0.00000000
v 119.15118408 34.62381363 0.00000000
v 162.89999390 3.00000000 0.00000000
v 152.84603882 7.52877951 0.00000000
v 153.04017639 7.55757856 0.00000000
v 162.90553284 3.11271977 0.00000000
v 153.23057556 7.60526848 0.00000000
v 153.41535950 7.67139006 0.00000000
v 162.92210388 3.22435379 0.00000000
v 153.59278870 7.75530624 0.00000000
v 153.76113892 7.85620975 0.00000000
v 162.94952393 3.33382750 0.00000000
v 153.91879272 7.97312784 0.00000000
v 162.98753357 3.44008589 0.00000000
v 154.06420898 8.10493565 0.00000000
v 154.19601440 8.25036240 0.00000000
v 163.03579712 3.54210615 0.00000000
v 154.31294250 8.40800858 0.00000000
v 163.09381104 3.63890576 0.00000000
v 154.41384888 8.57635593 0.00000000
v 163.16104126 3.72955227 0.00000000
v 154.49775696 8.75378227 0.00000000
v 154.56387329 8.93857956 0.00000000
v 154.61157227 9.12896824 0.00000000
v 163.32044983 3.88896203 0.00000000
v 154.64036560 9.32311440 0.00000000
v 163.41108704 3.95619011 0.00000000
v 163.50788879 4.01420927 0.00000000
v 154.64999390 9.51914883 0.00000000
v 163.23683167 2.18682718 0.00000000
v 163.16104126 2.27044773 0.00000000
v 163.09381104 2.36109424 0.00000000
v 163.03579712 2.45789385 0.00000000
v 163.32044983 2.11103797 0.00000000
v 162.98753357 2.55991411 0.00000000
v 162.94952393 2.66617250 0.00000000
v 162.92210388 2.77564621 0.00000000
v 162.90553284 2.88728023 0.00000000
v 163.93728638 1.85553753 0.00000000
v 164.05000305 1.85000002 0.00000000
v 163.82565308 1.87209690 0.00000000
v 164.16271973 1.85553753 0.00000000
v 164.27435303 1.87209690 0.00000000
v 164.38383484 1.89951861 0.00000000
v 164.49008179 1.93753850 0.00000000
v 164.59210205 1.98579049 0.00000000
v 164.68890381 2.04380989 0.00000000
v 164.77955627 2.11103797 0.00000000
v 164.86317444 2.18682718 0.00000000
v 164.93896484 2.27044773 0.00000000
v 165.00619507 2.36109424 0.00000000
v 165.06420898 2.45789385 0.00000000
v 165.11245728 2.55991411 0.00000000
v 165.15048218 2.66617250 0.00000000
v 165.17790222 2.77564621 0.00000000
v 165.19445801 2.88728023 0.00000000
v 165.19999695 3.00000000 0.00000000
v 165.19445801 3.11271977 0.00000000
v 165.17790222 3.22435379 0.00000000
v 165.15048218 3.33382750 0.00000000
v 165.00619507 3.63890576 0.00000000
v 164.93896484 3.72955227 0.00000000
v 164.86317444 3.81317282 0.00000000
v 164.77955627 3.88896203 0.00000000
v 165.11245728 3.44008589 0.00000000
v 165.06420898 3.54210615 0.00000000
v 163.23683167 3.81317282 0.00000000
v 154.64999390 17.24680901 0.00000000
v 163.60990906 4.06246138 0.00000000
v 163.71617126 4.10048151 0.00000000
v 163.93728638 4.14446259 0.00000000
v 163.82565308 4.12790298 0.00000000
v 164.05000305 4.15000010 0.00000000
v 164.27435303 4.12790298 0.00000000
v 164.16271973 4.14446259 0.00000000
v 164.38383484 4.10048151 0.00000000
v 164.49008179 4.06246138 0.00000000
v 164.59210205 4.01420927 0.00000000
v 164.68890381 3.95619011 0.00000000
v 155.90280151 16.62939453 0.00000000
v 154.41384888 18.18960190 0.00000000
v 155.73341370 16.81628227 0.00000000
v 155.58316040 17.01887512 0.00000000
v 156.73663330 16.07224083 0.00000000
v 156.97412109 15.98726845 0.00000000
v 156.29228210 16.30975533 0.00000000
v 156.50862122 16.18008232 0.00000000
v 156.08969116 16.46000671 0.00000000
v 157.21879578 15.92598152 0.00000000
v 157.46829224 15.88897228 0.00000000
v 157.72021484 15.87659550 0.00000000
v 160.17979431 15.87659550 0.00000000
v 160.43171692 15.88897228 0.00000000
v 160.68121338 15.92598152 0.00000000
v 160.92588806 15.98726845 0.00000000
v 161.16336060 16.07224083 0.00000000
v 161.39137268 16.18008232 0.00000000
v 161.60772705 16.30975533 0.00000000
v 161.81031799 16.46000671 0.00000000
v 154.64036560 17.44284248 0.00000000
v 154.61157227 17.63698959 0.00000000
v 154.56387329 17.82737732 0.00000000
v 154.49775696 18.01217461 0.00000000
v 161.99720764 16.62939453 0.00000000
v 163.39968872 16.46000671 0.00000000
v 163.60227966 16.30975533 0.00000000
v 163.81861877 16.18008232 0.00000000
v 164.04663086 16.07224083 0.00000000
v 164.28411865 15.98726845 0.00000000
v 164.52879333 15.92598152 0.00000000
v 164.77828979 15.88897228 0.00000000
v 165.03021240 15.87659550 0.00000000
v 167.48979187 15.87659550 0.00000000
v 167.74171448 15.88897228 0.00000000
v 167.99121094 15.92598152 0.00000000
v 168.23588562 15.98726845 0.00000000
v 168.47335815 16.07224083 0.00000000
v 168.70137024 16.18008232 0.00000000
v 168.91772461 16.30975533 0.00000000
v 169.12031555 16.46000671 0.00000000
v 162.16659546 16.81628227 0.00000000
v 162.31683350 17.01887512 0.00000000
v 162.89315796 17.01887512 0.00000000
v 163.04341125 16.81628227 0.00000000
v 162.44651794 17.23521805 0.00000000
v 162.55435181 17.46323013 0.00000000
v 162.76348877 17.23521805 0.00000000
v 163.21279907 16.62939453 0.00000000
v 169.30720520 16.62939453 0.00000000
v 169.47659302 16.81628227 0.00000000
v 169.62684631 17.01887512 0.00000000
v 169.75651550 17.23521805 0.00000000
v 169.86434937 17.46323013 0.00000000
v 169.94932556 17.70071602 0.00000000
v 170.00000000 17.90301132 0.00000000
v 162.65563965 17.46323013 0.00000000
v 162.60499573 17.60477638 0.00000000
v 170.00000000 17.90301132 2.00000000
v 130.57859802 20.73509979 0.00000000
v 130.75971985 20.66008186 0.00000000
v 130.85490417 20.63623619 0.00000000
v 130.66731262 20.69314194 0.00000000
v 130.95198059 20.62183571 0.00000000
v 131.05000305 20.61702156 0.00000000
v 152.56944275 20.61702156 0.00000000
v 130.52001953 25.16595650 0.00000000
v 130.49443054 25.15061760 0.00000000
v 152.64999390 19.24680901 0.00000000
v 152.84603882 19.23717880 0.00000000
v 153.76113892 18.90974808 0.00000000
v 153.59278870 19.01065063 0.00000000
v 153.04017639 19.20837975 0.00000000
v 153.23057556 19.16068840 0.00000000
v 153.41535950 19.09456825 0.00000000
v 154.06420898 18.66102219 0.00000000
v 153.91879272 18.79282951 0.00000000
v 154.31294250 18.35794830 0.00000000
v 154.19601440 18.51559448 0.00000000
v 155.45349121 17.23521805 0.00000000
v 155.34564209 17.46323013 0.00000000
v 155.26066589 17.70071602 0.00000000
v 155.19938660 17.94538498 0.00000000
v 155.16236877 18.19488335 0.00000000
v 155.14999390 18.44680786 0.00000000
v 155.16236877 18.69873428 0.00000000
v 155.19938660 18.94823265 0.00000000
v 155.26066589 19.19290161 0.00000000
v 155.34564209 19.43038559 0.00000000
v 155.45349121 19.65839767 0.00000000
v 155.58316040 19.87474251 0.00000000
v 155.73341370 20.07733345 0.00000000
v 155.90280151 20.26422310 0.00000000
v 156.08969116 20.43360901 0.00000000
v 156.29228210 20.58386230 0.00000000
v 156.34759521 20.61702156 0.00000000
v 160.17979431 21.01702118 0.00000000
v 158.74851990 21.01702118 0.00000000
v 158.78146362 21.06145096 0.00000000
v 158.83192444 21.14562416 0.00000000
v 158.87388611 21.23433876 0.00000000
v 158.90693665 21.32673645 0.00000000
v 158.93078613 21.42193031 0.00000000
v 158.94519043 21.51900482 0.00000000
v 158.94999695 21.61702156 0.00000000
v 158.94999695 24.31914902 0.00000000
v 155.08668518 25.36819458 0.00000000
v 157.94999695 25.31914902 0.00000000
v 155.00485229 25.31914902 0.00000000
v 155.18127441 25.43834496 0.00000000
v 155.26852417 25.51742935 0.00000000
v 155.34761047 25.60468483 0.00000000
v 155.41777039 25.69927406 0.00000000
v 155.47830200 25.80028152 0.00000000
v 155.52865601 25.90673828 0.00000000
v 155.56832886 26.01761627 0.00000000
v 155.59693909 26.13184929 0.00000000
v 155.61422729 26.24833679 0.00000000
v 155.61999512 26.36595726 0.00000000
v 160.92588806 20.90634918 0.00000000
v 155.61999512 35.34999847 0.00000000
v 161.16336060 20.82137489 0.00000000
v 162.55435181 19.43038559 0.00000000
v 162.65563965 19.43038559 0.00000000
v 162.60499573 19.28884125 0.00000000
v 162.44651794 19.65839767 0.00000000
v 160.43171692 21.00464439 0.00000000
v 160.68121338 20.96763611 0.00000000
v 158.94519043 24.41716576 0.00000000
v 158.93078613 24.51423836 0.00000000
v 158.90693665 24.60943413 0.00000000
v 158.87388611 24.70183182 0.00000000
v 158.83192444 24.79054642 0.00000000
v 163.82565308 26.25507545 0.00000000
v 164.52879333 20.96763611 0.00000000
v 164.28411865 20.90634918 0.00000000
v 164.77828979 21.00464439 0.00000000
v 165.03021240 21.01702118 0.00000000
v 156.52037048 36.79164124 0.00000000
v 162.76348877 19.65839767 0.00000000
v 161.81031799 20.43360901 0.00000000
v 161.60772705 20.58386230 0.00000000
v 161.39137268 20.71353340 0.00000000
v 162.31683350 19.87474251 0.00000000
v 162.16659546 20.07733345 0.00000000
v 161.99720764 20.26422310 0.00000000
v 162.89315796 19.87474251 0.00000000
v 163.04341125 20.07733345 0.00000000
v 163.71617126 26.28249741 0.00000000
v 163.60990906 26.32051659 0.00000000
v 163.32044983 26.49401665 0.00000000
v 163.41108704 26.42678833 0.00000000
v 163.09381104 26.74407387 0.00000000
v 163.16104126 26.65342712 0.00000000
v 163.23683167 26.56980515 0.00000000
v 163.50788879 26.36876869 0.00000000
v 163.93728638 26.23851585 0.00000000
v 164.05000305 26.23297882 0.00000000
v 164.16271973 26.23851585 0.00000000
v 164.27435303 26.25507545 0.00000000
v 164.38383484 26.28249741 0.00000000
v 164.49008179 26.32051659 0.00000000
v 163.03579712 26.84087181 0.00000000
v 162.98753357 26.94289207 0.00000000
v 162.94952393 27.04915047 0.00000000
v 162.92210388 27.15862465 0.00000000
v 167.48979187 21.01702118 0.00000000
v 164.77955627 26.49401665 0.00000000
v 170.00000000 30.38297844 0.00000000
v 170.00000000 18.99060631 0.00000000
v 169.94932556 19.19290161 0.00000000
v 169.86434937 19.43038559 0.00000000
v 167.92112732 30.38297844 0.00000000
v 167.74171448 21.00464439 0.00000000
v 167.99121094 20.96763611 0.00000000
v 168.23588562 20.90634918 0.00000000
v 168.47335815 20.82137489 0.00000000
v 169.75651550 19.65839767 0.00000000
v 169.62684631 19.87474251 0.00000000
v 169.47659302 20.07733345 0.00000000
v 169.30720520 20.26422310 0.00000000
v 168.91772461 20.58386230 0.00000000
v 168.70137024 20.71353340 0.00000000
v 169.12031555 20.43360901 0.00000000
v 164.59210205 26.36876869 0.00000000
v 164.68890381 26.42678833 0.00000000
v 164.86317444 26.56980515 0.00000000
v 164.93896484 26.65342712 0.00000000
v 165.00619507 26.74407387 0.00000000
v 165.06420898 26.84087181 0.00000000
v 165.11245728 26.94289207 0.00000000
v 165.15048218 27.04915047 0.00000000
v 165.17790222 27.15862465 0.00000000
v 165.19445801 27.27025986 0.00000000
v 165.19999695 27.38297844 0.00000000
v 165.19445801 27.49569893 0.00000000
v 158.24028015 25.27608871 0.00000000
v 158.14509583 25.29993439 0.00000000
v 158.78146362 24.87471962 0.00000000
v 158.72300720 24.95354271 0.00000000
v 158.65710449 25.02625656 0.00000000
v 158.58439636 25.09215927 0.00000000
v 158.50556946 25.15061760 0.00000000
v 158.42140198 25.20107079 0.00000000
v 158.33268738 25.24302864 0.00000000
v 158.04801941 25.31433296 0.00000000
v 155.61422729 35.46762085 0.00000000
v 155.59693909 35.58411026 0.00000000
v 155.56832886 35.69834137 0.00000000
v 155.53292847 35.79727936 0.00000000
v 155.20935059 43.83724213 0.00000000
v 157.16688538 42.05467224 0.00000000
v 163.21279907 20.26422310 0.00000000
v 163.39968872 20.43360901 0.00000000
v 163.60227966 20.58386230 0.00000000
v 159.07919312 40.22365189 0.00000000
v 163.81861877 20.71353340 0.00000000
v 164.04663086 20.82137489 0.00000000
v 164.53279114 34.45150757 0.00000000
v 164.77955627 28.27194023 0.00000000
v 164.68890381 28.33916855 0.00000000
v 164.59210205 28.39718819 0.00000000
v 164.49008179 28.44544029 0.00000000
v 164.38383484 28.48345947 0.00000000
v 164.27435303 28.51088142 0.00000000
v 166.25242615 32.43845367 0.00000000
v 165.17790222 27.60733223 0.00000000
v 165.15048218 27.71680641 0.00000000
v 165.11245728 27.82306480 0.00000000
v 165.06420898 27.92508507 0.00000000
v 165.00619507 28.02188492 0.00000000
v 164.93896484 28.11253166 0.00000000
v 164.86317444 28.19615173 0.00000000
v 162.90553284 27.27025986 0.00000000
v 162.89999390 27.38297844 0.00000000
v 162.90553284 27.49569893 0.00000000
v 162.92210388 27.60733223 0.00000000
v 162.94952393 27.71680641 0.00000000
v 162.98753357 27.82306480 0.00000000
v 160.94505310 38.34532547 0.00000000
v 163.03579712 27.92508507 0.00000000
v 162.76329041 36.42087555 0.00000000
v 163.41108704 28.33916855 0.00000000
v 163.32044983 28.27194023 0.00000000
v 163.50788879 28.39718819 0.00000000
v 163.60990906 28.44544029 0.00000000
v 163.09381104 28.02188492 0.00000000
v 163.16104126 28.11253166 0.00000000
v 163.23683167 28.19615173 0.00000000
v 163.71617126 28.48345947 0.00000000
v 163.93728638 28.52744102 0.00000000
v 163.82565308 28.51088142 0.00000000
v 164.16271973 28.52744102 0.00000000
v 164.05000305 28.53297806 0.00000000
v 170.00000000 30.38297844 2.00000000
v 164.53279114 34.45150757 2.00000000
v 167.92112732 30.38297844 2.00000000
v 166.25242615 32.43845367 2.00000000
v 162.90553284 3.11271977 2.00000000
v 152.64999390 7.51914883 2.00000000
v 163.50788879 1.98579049 2.00000000
v 163.41108704 2.04380989 2.00000000
v 163.32044983 2.11103797 2.00000000
v 163.23683167 2.18682718 2.00000000
v 163.16104126 2.27044773 2.00000000
v 163.09381104 2.36109424 2.00000000
v 163.03579712 2.45789385 2.00000000
v 162.98753357 2.55991411 2.00000000
v 162.94952393 2.66617250 2.00000000
v 162.92210388 2.77564621 2.00000000
v 162.90553284 2.88728023 2.00000000
v 163.71617126 1.89951861 2.00000000
v 163.60990906 1.93753850 2.00000000
v 162.89999390 3.00000000 2.00000000
v 132.26593018 19.24680901 2.00000000
v 101.00000000 21.70212746 2.00000000
v 101.00000000 31.25106430 2.00000000
v 101.09801483 30.23348236 2.00000000
v 101.19509125 30.21908379 2.00000000
v 101.29028320 30.19523811 2.00000000
v 101.38268280 30.16217804 2.00000000
v 101.09801483 21.70694351 2.00000000
v 101.19509125 21.72134209 2.00000000
v 101.29028320 21.74518776 2.00000000
v 101.38268280 21.77824783 2.00000000
v 101.47139740 21.82020569 2.00000000
v 101.55557251 21.87065887 2.00000000
v 101.63439178 21.92911720 2.00000000
v 101.70710754 21.99502182 2.00000000
v 101.77301025 22.06773376 2.00000000
v 101.88191986 22.23073006 2.00000000
v 101.83146667 22.14655685 2.00000000
v 101.92388153 22.31944466 2.00000000
v 101.95693970 22.41184235 2.00000000
v 101.98078156 22.50703812 2.00000000
v 101.99518585 22.60411072 2.00000000
v 102.00000000 22.70212746 2.00000000
v 102.00000000 29.23829842 2.00000000
v 101.99518585 29.33631516 2.00000000
v 101.98078156 29.43338776 2.00000000
v 101.92388153 29.62098122 2.00000000
v 101.95693970 29.52858162 2.00000000
v 101.63439178 30.01130867 2.00000000
v 101.70710754 29.94540405 2.00000000
v 101.88191986 29.70969391 2.00000000
v 101.83146667 29.79386902 2.00000000
v 101.77301025 29.87269211 2.00000000
v 121.09432220 25.30765152 2.00000000
v 102.00000000 32.25106430 2.00000000
v 121.31166077 25.21762848 2.00000000
v 130.41560364 20.84401131 2.00000000
v 121.42588806 25.18901443 2.00000000
v 130.27699280 20.98262787 2.00000000
v 121.66000366 25.16595650 2.00000000
v 121.54238129 25.17173576 2.00000000
v 130.34289551 20.90991402 2.00000000
v 130.49443054 20.78555107 2.00000000
v 130.21853638 21.06145096 2.00000000
v 130.16807556 21.14562416 2.00000000
v 130.12611389 21.23433876 2.00000000
v 130.09306335 21.32673645 2.00000000
v 130.06921387 21.42193031 2.00000000
v 130.05480957 21.51900482 2.00000000
v 130.05000305 21.61702156 2.00000000
v 121.20078278 25.25730133 2.00000000
v 130.05000305 24.31914902 2.00000000
v 130.05480957 24.41716576 2.00000000
v 130.06921387 24.51423836 2.00000000
v 130.09306335 24.60943413 2.00000000
v 130.12611389 24.70183182 2.00000000
v 130.16807556 24.79054642 2.00000000
v 130.21853638 24.87471962 2.00000000
v 130.27699280 24.95354271 2.00000000
v 130.34289551 25.02625656 2.00000000
v 130.41560364 25.09215927 2.00000000
v 101.09801483 31.25587845 2.00000000
v 101.19509125 31.27027893 2.00000000
v 101.47139740 30.12021828 2.00000000
v 101.55557251 30.06976700 2.00000000
v 101.29028320 31.29412270 2.00000000
v 101.38268280 31.32718468 2.00000000
v 101.47139740 31.36914253 2.00000000
v 101.55557251 31.41959381 2.00000000
v 101.63439178 31.47805405 2.00000000
v 101.70710754 31.54395676 2.00000000
v 101.77301025 31.61667061 2.00000000
v 101.83146667 31.69549370 2.00000000
v 101.88191986 31.77966690 2.00000000
v 101.92388153 31.86837959 2.00000000
v 101.95693970 31.96077919 2.00000000
v 101.98078156 32.05597305 2.00000000
v 101.99518585 32.15304565 2.00000000
v 120.81147003 25.51742935 2.00000000
v 120.73238373 25.60468483 2.00000000
v 120.99331665 25.36819458 2.00000000
v 120.89872742 25.43834496 2.00000000
v 120.66223907 25.69927406 2.00000000
v 120.60169220 25.80028152 2.00000000
v 120.55134583 25.90673828 2.00000000
v 120.51167297 26.01761627 2.00000000
v 120.48305511 26.13184929 2.00000000
v 120.46577454 26.24833679 2.00000000
v 120.45999908 26.36595726 2.00000000
v 120.45999908 30.85538864 2.00000000
v 119.99937439 31.23767090 2.00000000
v 112.59623718 36.80116272 2.00000000
v 120.24623108 31.01392746 2.00000000
v 112.86383820 36.60269165 2.00000000
v 113.14960480 36.43140793 2.00000000
v 119.77562714 31.48453331 2.00000000
v 113.45079041 36.28895950 2.00000000
v 119.57716370 31.75213623 2.00000000
v 113.76448059 36.17671967 2.00000000
v 119.07023621 32.97596741 2.00000000
v 114.08766937 36.09576416 2.00000000
v 114.41722870 36.04687881 2.00000000
v 114.75000000 36.03053284 2.00000000
v 115.08277130 36.04687881 2.00000000
v 119.02134705 33.30553055 2.00000000
v 115.41233063 36.09576416 2.00000000
v 119.40587616 32.03790665 2.00000000
v 119.26342773 32.33908844 2.00000000
v 119.15118408 32.65278244 2.00000000
v 119.00499725 33.63829803 2.00000000
v 119.02134705 33.97106552 2.00000000
v 116.04920959 36.28895950 2.00000000
v 119.07023621 34.30062866 2.00000000
v 116.35039520 36.43140793 2.00000000
v 119.15118408 34.62381363 2.00000000
v 152.84603882 7.52877951 2.00000000
v 162.92210388 3.22435379 2.00000000
v 153.04017639 7.55757856 2.00000000
v 153.23057556 7.60526848 2.00000000
v 162.94952393 3.33382750 2.00000000
v 153.41535950 7.67139006 2.00000000
v 153.59278870 7.75530624 2.00000000
v 162.98753357 3.44008589 2.00000000
v 153.76113892 7.85620975 2.00000000
v 163.03579712 3.54210615 2.00000000
v 153.91879272 7.97312784 2.00000000
v 154.06420898 8.10493565 2.00000000
v 163.09381104 3.63890576 2.00000000
v 154.19601440 8.25036240 2.00000000
v 163.16104126 3.72955227 2.00000000
v 154.31294250 8.40800858 2.00000000
v 163.23683167 3.81317282 2.00000000
v 154.41384888 8.57635593 2.00000000
v 154.49775696 8.75378227 2.00000000
v 163.32044983 3.88896203 2.00000000
v 154.56387329 8.93857956 2.00000000
v 163.41108704 3.95619011 2.00000000
v 154.61157227 9.12896824 2.00000000
v 163.50788879 4.01420927 2.00000000
v 154.64036560 9.32311440 2.00000000
v 163.60990906 4.06246138 2.00000000
v 154.64999390 9.51914883 2.00000000
v 164.05000305 1.85000002 2.00000000
v 163.93728638 1.85553753 2.00000000
v 163.82565308 1.87209690 2.00000000
v 164.16271973 1.85553753 2.00000000
v 164.27435303 1.87209690 2.00000000
v 164.38383484 1.89951861 2.00000000
v 164.49008179 1.93753850 2.00000000
v 164.59210205 1.98579049 2.00000000
v 164.68890381 2.04380989 2.00000000
v 164.77955627 2.11103797 2.00000000
v 164.86317444 2.18682718 2.00000000
v 164.93896484 2.27044773 2.00000000
v 165.00619507 2.36109424 2.00000000
v 165.06420898 2.45789385 2.00000000
v 165.11245728 2.55991411 2.00000000
v 165.15048218 2.66617250 2.00000000
v 165.17790222 2.77564621 2.00000000
v 165.19445801 2.88728023 2.00000000
v 165.19999695 3.00000000 2.00000000
v 165.19445801 3.11271977 2.00000000
v 165.17790222 3.22435379 2.00000000
v 165.15048218 3.33382750 2.00000000
v 164.93896484 3.72955227 2.00000000
v 165.00619507 3.63890576 2.00000000
v 164.86317444 3.81317282 2.00000000
v 164.77955627 3.88896203 2.00000000
v 165.11245728 3.44008589 2.00000000
v 165.06420898 3.54210615 2.00000000
v 163.71617126 4.10048151 2.00000000
v 163.82565308 4.12790298 2.00000000
v 163.93728638 4.14446259 2.00000000
v 164.05000305 4.15000010 2.00000000
v 164.16271973 4.14446259 2.00000000
v 164.27435303 4.12790298 2.00000000
v 164.49008179 4.06246138 2.00000000
v 164.38383484 4.10048151 2.00000000
v 154.64999390 17.24680901 2.00000000
v 164.59210205 4.01420927 2.00000000
v 164.68890381 3.95619011 2.00000000
v 155.58316040 17.01887512 2.00000000
v 154.41384888 18.18960190 2.00000000
v 155.73341370 16.81628227 2.00000000
v 155.45349121 17.23521805 2.00000000
v 156.97412109 15.98726845 2.00000000
v 156.73663330 16.07224083 2.00000000
v 156.50862122 16.18008232 2.00000000
v 156.29228210 16.30975533 2.00000000
v 156.08969116 16.46000671 2.00000000
v 157.21879578 15.92598152 2.00000000
v 157.46829224 15.88897228 2.00000000
v 157.72021484 15.87659550 2.00000000
v 160.17979431 15.87659550 2.00000000
v 160.43171692 15.88897228 2.00000000
v 160.68121338 15.92598152 2.00000000
v 160.92588806 15.98726845 2.00000000
v 161.16336060 16.07224083 2.00000000
v 161.39137268 16.18008232 2.00000000
v 161.60772705 16.30975533 2.00000000
v 161.81031799 16.46000671 2.00000000
v 154.64036560 17.44284248 2.00000000
v 155.90280151 16.62939453 2.00000000
v 154.61157227 17.63698959 2.00000000
v 154.56387329 17.82737732 2.00000000
v 154.49775696 18.01217461 2.00000000
v 161.99720764 16.62939453 2.00000000
v 163.60227966 16.30975533 2.00000000
v 163.39968872 16.46000671 2.00000000
v 163.81861877 16.18008232 2.00000000
v 164.04663086 16.07224083 2.00000000
v 164.28411865 15.98726845 2.00000000
v 164.52879333 15.92598152 2.00000000
v 165.03021240 15.87659550 2.00000000
v 164.77828979 15.88897228 2.00000000
v 167.48979187 15.87659550 2.00000000
v 167.74171448 15.88897228 2.00000000
v 167.99121094 15.92598152 2.00000000
v 168.23588562 15.98726845 2.00000000
v 168.47335815 16.07224083 2.00000000
v 168.70137024 16.18008232 2.00000000
v 168.91772461 16.30975533 2.00000000
v 169.12031555 16.46000671 2.00000000
v 162.16659546 16.81628227 2.00000000
v 162.31683350 17.01887512 2.00000000
v 163.04341125 16.81628227 2.00000000
v 162.89315796 17.01887512 2.00000000
v 162.44651794 17.23521805 2.00000000
v 162.76348877 17.23521805 2.00000000
v 163.21279907 16.62939453 2.00000000
v 169.30720520 16.62939453 2.00000000
v 169.47659302 16.81628227 2.00000000
v 169.62684631 17.01887512 2.00000000
v 169.75651550 17.23521805 2.00000000
v 169.86434937 17.46323013 2.00000000
v 169.94932556 17.70071602 2.00000000
v 162.65563965 17.46323013 2.00000000
v 162.55435181 17.46323013 2.00000000
v 162.60499573 17.60477638 2.00000000
v 170.00000000 18.99060631 2.00000000
v 130.57859802 20.73509979 2.00000000
v 130.85490417 20.63623619 2.00000000
v 130.75971985 20.66008186 2.00000000
v 130.66731262 20.69314194 2.00000000
v 130.95198059 20.62183571 2.00000000
v 130.49443054 25.15061760 2.00000000
v 130.52001953 25.16595650 2.00000000
v 152.64999390 19.24680901 2.00000000
v 131.05000305 20.61702156 2.00000000
v 152.56944275 20.61702156 2.00000000
v 152.84603882 19.23717880 2.00000000
v 154.06420898 18.66102219 2.00000000
v 153.59278870 19.01065063 2.00000000
v 153.76113892 18.90974808 2.00000000
v 153.04017639 19.20837975 2.00000000
v 153.23057556 19.16068840 2.00000000
v 153.41535950 19.09456825 2.00000000
v 153.91879272 18.79282951 2.00000000
v 154.19601440 18.51559448 2.00000000
v 154.31294250 18.35794830 2.00000000
v 155.34564209 17.46323013 2.00000000
v 155.26066589 17.70071602 2.00000000
v 155.19938660 17.94538498 2.00000000
v 155.16236877 18.19488335 2.00000000
v 155.14999390 18.44680786 2.00000000
v 155.16236877 18.69873428 2.00000000
v 155.19938660 18.94823265 2.00000000
v 155.26066589 19.19290161 2.00000000
v 155.34564209 19.43038559 2.00000000
v 155.45349121 19.65839767 2.00000000
v 155.58316040 19.87474251 2.00000000
v 155.73341370 20.07733345 2.00000000
v 155.90280151 20.26422310 2.00000000
v 156.08969116 20.43360901 2.00000000
v 156.29228210 20.58386230 2.00000000
v 156.34759521 20.61702156 2.00000000
v 160.17979431 21.01702118 2.00000000
v 158.78146362 21.06145096 2.00000000
v 158.74851990 21.01702118 2.00000000
v 158.83192444 21.14562416 2.00000000
v 158.87388611 21.23433876 2.00000000
v 158.90693665 21.32673645 2.00000000
v 158.93078613 21.42193031 2.00000000
v 158.94519043 21.51900482 2.00000000
v 158.94999695 21.61702156 2.00000000
v 157.94999695 25.31914902 2.00000000
v 155.08668518 25.36819458 2.00000000
v 155.00485229 25.31914902 2.00000000
v 155.18127441 25.43834496 2.00000000
v 155.26852417 25.51742935 2.00000000
v 155.34761047 25.60468483 2.00000000
v 155.41777039 25.69927406 2.00000000
v 155.47830200 25.80028152 2.00000000
v 155.52865601 25.90673828 2.00000000
v 155.56832886 26.01761627 2.00000000
v 155.59693909 26.13184929 2.00000000
v 155.61422729 26.24833679 2.00000000
v 155.61999512 26.36595726 2.00000000
v 162.60499573 19.28884125 2.00000000
v 162.65563965 19.43038559 2.00000000
v 162.55435181 19.43038559 2.00000000
v 162.76348877 19.65839767 2.00000000
v 162.44651794 19.65839767 2.00000000
v 160.43171692 21.00464439 2.00000000
v 160.68121338 20.96763611 2.00000000
v 160.92588806 20.90634918 2.00000000
v 161.16336060 20.82137489 2.00000000
v 158.94999695 24.31914902 2.00000000
v 158.94519043 24.41716576 2.00000000
v 158.93078613 24.51423836 2.00000000
v 158.90693665 24.60943413 2.00000000
v 158.87388611 24.70183182 2.00000000
v 158.83192444 24.79054642 2.00000000
v 163.71617126 26.28249741 2.00000000
v 164.28411865 20.90634918 2.00000000
v 164.52879333 20.96763611 2.00000000
v 164.77828979 21.00464439 2.00000000
v 165.03021240 21.01702118 2.00000000
v 155.53292847 35.79727936 2.00000000
v 162.16659546 20.07733345 2.00000000
v 162.31683350 19.87474251 2.00000000
v 162.89315796 19.87474251 2.00000000
v 163.04341125 20.07733345 2.00000000
v 155.61999512 35.34999847 2.00000000
v 161.60772705 20.58386230 2.00000000
v 161.81031799 20.43360901 2.00000000
v 161.39137268 20.71353340 2.00000000
v 161.99720764 20.26422310 2.00000000
v 163.21279907 20.26422310 2.00000000
v 163.60990906 26.32051659 2.00000000
v 163.41108704 26.42678833 2.00000000
v 163.32044983 26.49401665 2.00000000
v 163.16104126 26.65342712 2.00000000
v 163.09381104 26.74407387 2.00000000
v 163.23683167 26.56980515 2.00000000
v 163.50788879 26.36876869 2.00000000
v 163.03579712 26.84087181 2.00000000
v 162.98753357 26.94289207 2.00000000
v 162.94952393 27.04915047 2.00000000
v 162.92210388 27.15862465 2.00000000
v 167.48979187 21.01702118 2.00000000
v 169.94932556 19.19290161 2.00000000
v 169.86434937 19.43038559 2.00000000
v 167.74171448 21.00464439 2.00000000
v 167.99121094 20.96763611 2.00000000
v 168.23588562 20.90634918 2.00000000
v 168.47335815 20.82137489 2.00000000
v 168.70137024 20.71353340 2.00000000
v 169.75651550 19.65839767 2.00000000
v 169.62684631 19.87474251 2.00000000
v 169.30720520 20.26422310 2.00000000
v 169.47659302 20.07733345 2.00000000
v 168.91772461 20.58386230 2.00000000
v 169.12031555 20.43360901 2.00000000
v 163.93728638 26.23851585 2.00000000
v 163.82565308 26.25507545 2.00000000
v 164.05000305 26.23297882 2.00000000
v 164.27435303 26.25507545 2.00000000
v 164.16271973 26.23851585 2.00000000
v 164.49008179 26.32051659 2.00000000
v 164.38383484 26.28249741 2.00000000
v 164.59210205 26.36876869 2.00000000
v 164.68890381 26.42678833 2.00000000
v 164.77955627 26.49401665 2.00000000
v 164.86317444 26.56980515 2.00000000
v 164.93896484 26.65342712 2.00000000
v 165.00619507 26.74407387 2.00000000
v 165.06420898 26.84087181 2.00000000
v 165.11245728 26.94289207 2.00000000
v 165.15048218 27.04915047 2.00000000
v 165.17790222 27.15862465 2.00000000
v 165.19445801 27.27025986 2.00000000
v 165.19999695 27.38297844 2.00000000
v 165.19445801 27.49569893 2.00000000
v 158.14509583 25.29993439 2.00000000
v 158.24028015 25.27608871 2.00000000
v 158.78146362 24.87471962 2.00000000
v 158.72300720 24.95354271 2.00000000
v 158.58439636 25.09215927 2.00000000
v 158.65710449 25.02625656 2.00000000
v 158.42140198 25.20107079 2.00000000
v 158.50556946 25.15061760 2.00000000
v 158.33268738 25.24302864 2.00000000
v 158.04801941 25.31433296 2.00000000
v 155.61422729 35.46762085 2.00000000
v 155.59693909 35.58411026 2.00000000
v 155.56832886 35.69834137 2.00000000
v 156.52037048 36.79164124 2.00000000
v 155.20935059 43.83724213 2.00000000
v 157.16688538 42.05467224 2.00000000
v 163.39968872 20.43360901 2.00000000
v 163.60227966 20.58386230 2.00000000
v 163.81861877 20.71353340 2.00000000
v 159.07919312 40.22365189 2.00000000
v 164.04663086 20.82137489 2.00000000
v 164.68890381 28.33916855 2.00000000
v 164.77955627 28.27194023 2.00000000
v 164.49008179 28.44544029 2.00000000
v 164.59210205 28.39718819 2.00000000
v 164.38383484 28.48345947 2.00000000
v 165.17790222 27.60733223 2.00000000
v 165.15048218 27.71680641 2.00000000
v 165.11245728 27.82306480 2.00000000
v 165.06420898 27.92508507 2.00000000
v 165.00619507 28.02188492 2.00000000
v 164.93896484 28.11253166 2.00000000
v 164.86317444 28.19615173 2.00000000
v 162.90553284 27.27025986 2.00000000
v 162.89999390 27.38297844 2.00000000
v 162.90553284 27.49569893 2.00000000
v 162.92210388 27.60733223 2.00000000
v 162.94952393 27.71680641 2.00000000
v 162.98753357 27.82306480 2.00000000
v 160.94505310 38.34532547 2.00000000
v 163.03579712 27.92508507 2.00000000
v 162.76329041 36.42087555 2.00000000
v 163.41108704 28.33916855 2.00000000
v 163.50788879 28.39718819 2.00000000
v 163.60990906 28.44544029 2.00000000
v 163.09381104 28.02188492 2.00000000
v 163.16104126 28.11253166 2.00000000
v 163.23683167 28.19615173 2.00000000
v 163.32044983 28.27194023 2.00000000
v 163.71617126 28.48345947 2.00000000
v 163.82565308 28.51088142 2.00000000
v 163.93728638 28.52744102 2.00000000
v 164.05000305 28.53297806 2.00000000
v 164.16271973 28.52744102 2.00000000
v 164.27435303 28.51088142 2.00000000
v 102.00000000 46.02127838 0.00000000
v 111.42023468 38.76319885 0.00000000
v 102.91392517 45.94710922 0.00000000
v 111.42023468 40.08786392 0.00000000
v 92.21313477 47.58668137 0.00000000
v 94.01004028 47.41049576 0.00000000
v 95.80268860 47.19532394 0.00000000
v 97.02730560 47.02127838 0.00000000
v 101.99518585 46.11929321 0.00000000
v 101.99210358 46.14006042 0.00000000
v 112.12563324 37.27176666 0.00000000
v 112.34937286 37.02490616 0.00000000
v 111.92716217 37.53937149 0.00000000
v 111.75587463 37.82513809 0.00000000
v 111.61342621 38.12631989 0.00000000
v 111.50119019 38.44001389 0.00000000
v 115.73551941 36.17671967 0.00000000
v 111.37134552 39.09276199 0.00000000
v 111.35500336 39.42553329 0.00000000
v 111.37134552 39.75830078 0.00000000
v 108.16156769 44.60841751 0.00000000
v 111.50119019 40.41104889 0.00000000
v 104.67269135 45.53890610 0.00000000
v 111.61342621 40.72474289 0.00000000
v 111.75587463 41.02592468 0.00000000
v 109.89002228 44.08656311 0.00000000
v 111.92716217 41.31169128 0.00000000
v 112.12563324 41.57929611 0.00000000
v 112.34937286 41.82616043 0.00000000
v 111.60674286 43.52729416 0.00000000
v 112.59623718 42.04990387 0.00000000
v 112.86383820 42.24837112 0.00000000
v 113.31091309 42.93087769 0.00000000
v 113.14960480 42.41965485 0.00000000
v 113.45079041 42.56210327 0.00000000
v 113.76448059 42.67434311 0.00000000
v 113.90310669 42.70906830 0.00000000
v 116.63616180 36.60269165 0.00000000
v 116.90376282 36.80116272 0.00000000
v 117.15062714 37.02490616 0.00000000
v 119.40587616 35.23868942 0.00000000
v 119.26342773 34.93750763 0.00000000
v 119.57716370 35.52445984 0.00000000
v 117.57283783 37.53937149 0.00000000
v 119.77562714 35.79206467 0.00000000
v 117.37436676 37.27176666 0.00000000
v 119.99937439 36.03892517 0.00000000
v 117.74412537 37.82513809 0.00000000
v 120.24623108 36.26266861 0.00000000
v 117.88657379 38.12631989 0.00000000
v 117.99880981 38.44001389 0.00000000
v 120.51383972 36.46113586 0.00000000
v 120.79960632 36.63241959 0.00000000
v 118.07976532 38.76319885 0.00000000
v 121.10079193 36.77486801 0.00000000
v 118.12865448 39.09276199 0.00000000
v 118.14499664 39.42553329 0.00000000
v 118.12865448 39.75830078 0.00000000
v 121.73767090 36.96806335 0.00000000
v 118.07976532 40.08786392 0.00000000
v 122.06723022 37.01694870 0.00000000
v 117.99880981 40.41104889 0.00000000
v 122.40000153 37.03329849 0.00000000
v 117.88657379 40.72474289 0.00000000
v 121.41448212 36.88711166 0.00000000
v 119.98608398 40.17956924 0.00000000
v 121.61557007 39.40195465 0.00000000
v 124.13790131 36.54999924 0.00000000
v 126.39735413 36.85943604 0.00000000
v 126.92290497 36.54999924 0.00000000
v 124.82196045 37.74149704 0.00000000
v 122.73276520 37.01694870 0.00000000
v 123.06233215 36.96806335 0.00000000
v 123.38551331 36.88711166 0.00000000
v 123.69921112 36.77486801 0.00000000
v 124.00038910 36.63241959 0.00000000
v 123.22778320 38.58913803 0.00000000
v 118.34009552 40.92160797 0.00000000
v 117.74412537 41.02592468 0.00000000
v 117.62435150 41.22574997 0.00000000
v 106.42218018 45.09260559 0.00000000
v 89.40769958 66.17446136 0.00000000
v 87.64734650 70.47706604 0.00000000
v 91.60895538 66.05481720 0.00000000
v 90.29302979 70.37765503 0.00000000
v 93.80709076 65.88739777 0.00000000
v 92.93539429 70.21202850 0.00000000
v 96.00106812 65.67227936 0.00000000
v 95.57278442 69.98030853 0.00000000
v 98.18985748 65.40955353 0.00000000
v 103.43859863 68.89016724 0.00000000
v 106.87252808 63.88551331 0.00000000
v 104.71479034 64.33715820 0.00000000
v 100.37242889 65.09936523 0.00000000
v 98.20355225 69.68262482 0.00000000
v 102.54774475 64.74184418 0.00000000
v 100.82603455 69.31916809 0.00000000
v 106.03960419 68.39589691 0.00000000
v 118.81447601 64.95767975 0.00000000
v 121.63147736 59.42952347 0.00000000
v 119.56703186 60.20275497 0.00000000
v 123.67864227 58.61163330 0.00000000
v 123.78717041 63.13943100 0.00000000
v 127.71727753 56.84346771 0.00000000
v 125.70756531 57.74948120 0.00000000
v 121.31220245 64.07968903 0.00000000
v 126.23781586 62.13750839 0.00000000
v 111.15603638 62.84218597 0.00000000
v 109.01995087 63.38710785 0.00000000
v 108.62741852 67.83666229 0.00000000
v 113.27979279 62.25099564 0.00000000
v 111.20041656 67.21280670 0.00000000
v 115.39020538 61.61382675 0.00000000
v 113.75699615 66.52473450 0.00000000
v 117.48628235 60.93097305 0.00000000
v 116.29554749 65.77286530 0.00000000
v 87.64734650 70.47706604 2.00000000
v 90.29302979 70.37765503 2.00000000
v 92.93539429 70.21202850 2.00000000
v 95.57278442 69.98030853 2.00000000
v 98.20355225 69.68262482 2.00000000
v 100.82603455 69.31916809 2.00000000
v 103.43859863 68.89016724 2.00000000
v 106.03960419 68.39589691 2.00000000
v 116.29554749 65.77286530 2.00000000
v 108.62741852 67.83666229 2.00000000
v 111.20041656 67.21280670 2.00000000
v 113.75699615 66.52473450 2.00000000
v 118.81447601 64.95767975 2.00000000
v 121.31220245 64.07968903 2.00000000
v 123.78717041 63.13943100 2.00000000
v 126.23781586 62.13750839 2.00000000
v 146.95170593 50.46113586 0.00000000
v 150.00137329 42.72578430 0.00000000
v 148.29301453 44.11909485 0.00000000
v 144.78689575 51.98531723 0.00000000
v 146.55477905 45.47497177 0.00000000
v 149.07766724 48.88322830 0.00000000
v 138.07313538 56.22616196 0.00000000
v 141.16923523 49.31171799 0.00000000
v 139.31993103 50.51165771 0.00000000
v 140.34622192 54.86873627 0.00000000
v 142.99206543 48.07189941 0.00000000
v 142.58460999 53.45482635 0.00000000
v 144.78752136 46.79278183 0.00000000
v 154.93934631 38.32793045 0.00000000
v 153.20779419 45.57024384 0.00000000
v 153.32533264 39.82952118 0.00000000
v 151.16346741 47.25259018 0.00000000
v 151.67907715 41.29570389 0.00000000
v 149.07766724 48.88322830 2.00000000
v 144.78689575 51.98531723 2.00000000
v 146.95170593 50.46113586 2.00000000
v 153.20779419 45.57024384 2.00000000
v 151.16346741 47.25259018 2.00000000
v 131.06002808 59.95120239 0.00000000
v 133.62178040 53.86663437 0.00000000
v 131.67532349 54.90158463 0.00000000
v 135.76676941 57.52625275 0.00000000
v 137.44499207 51.67115402 0.00000000
v 133.42858887 58.76819229 0.00000000
v 135.54530334 52.78965378 0.00000000
v 129.70684814 55.89401627 0.00000000
v 128.66261292 61.07454300 0.00000000
v 138.07313538 56.22616196 2.00000000
v 133.42858887 58.76819229 2.00000000
v 128.66261292 61.07454300 2.00000000
v 131.06002808 59.95120239 2.00000000
v 135.76676941 57.52625275 2.00000000
v 142.58460999 53.45482635 2.00000000
v 140.34622192 54.86873627 2.00000000
v 111.50119019 40.41104889 2.00000000
v 102.91392517 45.94710922 2.00000000
v 102.00000000 46.02127838 2.00000000
v 81.39002228 47.82179260 2.00000000
v 83.19458771 47.88060379 2.00000000
v 85.00000000 47.90021133 2.00000000
v 86.80541229 47.88060379 2.00000000
v 88.60997772 47.82179260 2.00000000
v 90.41283417 47.72380447 2.00000000
v 94.01004028 47.41049576 2.00000000
v 92.21313477 47.58668137 2.00000000
v 95.80268860 47.19532394 2.00000000
v 101.99518585 46.11929321 2.00000000
v 101.99210358 46.14006042 2.00000000
v 112.34937286 37.02490616 2.00000000
v 112.12563324 37.27176666 2.00000000
v 111.92716217 37.53937149 2.00000000
v 111.75587463 37.82513809 2.00000000
v 111.61342621 38.12631989 2.00000000
v 111.50119019 38.44001389 2.00000000
v 111.42023468 38.76319885 2.00000000
v 111.37134552 39.09276199 2.00000000
v 111.35500336 39.42553329 2.00000000
v 111.37134552 39.75830078 2.00000000
v 111.42023468 40.08786392 2.00000000
v 115.73551941 36.17671967 2.00000000
v 104.67269135 45.53890610 2.00000000
v 106.42218018 45.09260559 2.00000000
v 111.92716217 41.31169128 2.00000000
v 108.16156769 44.60841751 2.00000000
v 111.61342621 40.72474289 2.00000000
v 111.75587463 41.02592468 2.00000000
v 112.12563324 41.57929611 2.00000000
v 112.34937286 41.82616043 2.00000000
v 112.59623718 42.04990387 2.00000000
v 111.60674286 43.52729416 2.00000000
v 112.86383820 42.24837112 2.00000000
v 113.14960480 42.41965485 2.00000000
v 113.45079041 42.56210327 2.00000000
v 113.76448059 42.67434311 2.00000000
v 113.31091309 42.93087769 2.00000000
v 113.90310669 42.70906830 2.00000000
v 116.63616180 36.60269165 2.00000000
v 119.26342773 34.93750763 2.00000000
v 116.90376282 36.80116272 2.00000000
v 119.40587616 35.23868942 2.00000000
v 117.15062714 37.02490616 2.00000000
v 119.57716370 35.52445984 2.00000000
v 117.37436676 37.27176666 2.00000000
v 119.77562714 35.79206467 2.00000000
v 117.57283783 37.53937149 2.00000000
v 119.99937439 36.03892517 2.00000000
v 117.74412537 37.82513809 2.00000000
v 120.24623108 36.26266861 2.00000000
v 117.88657379 38.12631989 2.00000000
v 120.51383972 36.46113586 2.00000000
v 117.99880981 38.44001389 2.00000000
v 120.79960632 36.63241959 2.00000000
v 118.07976532 38.76319885 2.00000000
v 121.10079193 36.77486801 2.00000000
v 118.12865448 39.09276199 2.00000000
v 121.41448212 36.88711166 2.00000000
v 118.14499664 39.42553329 2.00000000
v 121.73767090 36.96806335 2.00000000
v 118.12865448 39.75830078 2.00000000
v 122.06723022 37.01694870 2.00000000
v 118.07976532 40.08786392 2.00000000
v 122.40000153 37.03329849 2.00000000
v 117.99880981 40.41104889 2.00000000
v 122.73276520 37.01694870 2.00000000
v 119.98608398 40.17956924 2.00000000
v 123.06233215 36.96806335 2.00000000
v 123.38551331 36.88711166 2.00000000
v 126.92290497 36.54999924 2.00000000
v 126.39735413 36.85943604 2.00000000
v 124.82196045 37.74149704 2.00000000
v 123.69921112 36.77486801 2.00000000
v 124.00038910 36.63241959 2.00000000
v 124.13790131 36.54999924 2.00000000
v 123.22778320 38.58913803 2.00000000
v 121.61557007 39.40195465 2.00000000
v 118.34009552 40.92160797 2.00000000
v 117.88657379 40.72474289 2.00000000
v 117.74412537 41.02592468 2.00000000
v 117.62435150 41.22574997 2.00000000
v 109.89002228 44.08656311 2.00000000
v 89.40769958 66.17446136 2.00000000
v 91.60895538 66.05481720 2.00000000
v 93.80709076 65.88739777 2.00000000
v 96.00106812 65.67227936 2.00000000
v 104.71479034 64.33715820 2.00000000
v 106.87252808 63.88551331 2.00000000
v 98.18985748 65.40955353 2.00000000
v 100.37242889 65.09936523 2.00000000
v 102.54774475 64.74184418 2.00000000
v 109.01995087 63.38710785 2.00000000
v 121.63147736 59.42952347 2.00000000
v 123.67864227 58.61163330 2.00000000
v 127.71727753 56.84346771 2.00000000
v 129.70684814 55.89401627 2.00000000
v 125.70756531 57.74948120 2.00000000
v 111.15603638 62.84218597 2.00000000
v 113.27979279 62.25099564 2.00000000
v 115.39020538 61.61382675 2.00000000
v 117.48628235 60.93097305 2.00000000
v 119.56703186 60.20275497 2.00000000
v 146.55477905 45.47497177 2.00000000
v 148.29301453 44.11909485 2.00000000
v 150.00137329 42.72578430 2.00000000
v 142.99206543 48.07189941 2.00000000
v 144.78752136 46.79278183 2.00000000
v 141.16923523 49.31171799 2.00000000
v 139.31993103 50.51165771 2.00000000
v 153.32533264 39.82952118 2.00000000
v 154.93934631 38.32793045 2.00000000
v 151.67907715 41.29570389 2.00000000
v 131.67532349 54.90158463 2.00000000
v 133.62178040 53.86663437 2.00000000
v 135.54530334 52.78965378 2.00000000
v 137.44499207 51.67115402 2.00000000
f 1 2 3
f 1 4 5
f 1 6 4
f 1 7 8
f 1 5 9
f 1 9 10
f 1 10 7
f 1 11 12
f 1 13 11
f 1 12 6
f 1 3 13
f 1 14 2
f 1 15 14
f 1 16 15
f 1 17 16
f 1 18 17
f 1 19 18
f 1 20 19
f 1 21 20
f 1 22 21
f 21 23 24
f 1 25 22
f 26 27 28
f 28 29 30
f 30 29 31
f 24 32 33
f 33 32 34
f 34 35 36
f 36 35 37
f 37 35 38
f 38 39 40
f 40 39 41
f 41 42 43
f 43 42 44
f 44 42 45
f 45 46 47
f 47 46 48
f 49 50 51
f 51 52 53
f 54 55 56
f 48 55 54
f 56 55 49
f 53 52 57
f 57 27 26
f 31 58 59
f 55 48 46
f 52 51 50
f 50 49 55
f 42 41 39
f 39 38 35
f 32 24 23
f 23 21 60
f 35 34 32
f 46 45 42
f 29 28 27
f 58 31 29
f 27 57 52
f 61 62 63
f 64 65 61
f 66 65 64
f 67 65 66
f 68 65 67
f 69 65 68
f 70 65 69
f 71 65 70
f 72 65 71
f 73 65 72
f 74 65 73
f 75 65 74
f 59 65 75
f 62 61 65
f 65 59 58
f 63 62 76
f 77 63 78
f 78 63 76
f 60 21 79
f 79 21 80
f 80 21 22
f 1 81 25
f 82 76 62
f 83 84 82
f 85 86 83
f 87 83 86
f 82 88 76
f 88 82 84
f 83 87 84
f 85 89 86
f 89 85 90
f 91 92 93
f 92 91 90
f 92 90 85
f 94 93 92
f 95 96 94
f 97 94 96
f 94 97 93
f 95 98 96
f 98 95 99
f 100 99 95
f 100 101 99
f 101 100 102
f 103 102 100
f 104 102 103
f 105 102 104
f 106 102 105
f 107 102 106
f 108 102 107
f 109 102 108
f 109 110 102
f 111 110 109
f 112 110 111
f 113 110 112
f 114 110 113
f 115 116 117
f 118 110 114
f 119 110 120
f 121 110 119
f 120 110 118
f 122 110 121
f 117 123 122
f 122 124 110
f 124 122 123
f 117 116 123
f 81 125 25
f 81 126 125
f 81 127 126
f 1 128 81
f 81 129 127
f 81 130 129
f 130 131 132
f 132 133 134
f 134 135 136
f 137 138 139
f 136 140 141
f 141 142 143
f 143 144 145
f 145 146 147
f 147 148 149
f 149 150 151
f 152 138 153
f 154 138 152
f 139 138 154
f 155 138 156
f 153 138 155
f 156 138 157
f 157 138 158
f 158 138 159
f 159 138 160
f 160 138 161
f 151 162 163
f 163 164 138
f 81 131 130
f 134 165 166
f 134 167 168
f 134 169 170
f 134 170 167
f 134 168 165
f 134 166 135
f 136 135 171
f 136 171 172
f 136 172 173
f 136 173 174
f 136 174 175
f 136 175 176
f 136 176 177
f 132 178 133
f 178 132 179
f 169 134 180
f 180 134 133
f 179 132 181
f 181 132 182
f 182 132 131
f 136 177 140
f 141 140 142
f 143 142 144
f 145 144 146
f 147 146 148
f 149 148 150
f 151 150 162
f 163 162 183
f 163 183 164
f 138 184 161
f 161 184 185
f 138 164 186
f 138 186 184
f 185 184 187
f 187 184 188
f 188 184 189
f 189 184 190
f 190 184 191
f 192 184 193
f 191 184 192
f 193 184 194
f 194 184 195
f 196 184 197
f 195 184 196
f 197 198 199
f 199 200 201
f 201 200 202
f 203 204 205
f 202 206 203
f 207 138 137
f 208 138 207
f 209 138 208
f 209 210 138
f 211 210 209
f 210 211 212
f 211 213 212
f 214 215 216
f 214 217 218
f 214 219 217
f 214 220 219
f 214 221 220
f 214 222 221
f 214 223 222
f 214 224 223
f 214 225 224
f 214 226 225
f 214 218 215
f 81 227 131
f 81 228 227
f 81 229 228
f 81 230 229
f 81 231 230
f 81 232 231
f 81 233 232
f 81 234 233
f 81 235 234
f 81 236 235
f 81 237 236
f 81 238 237
f 81 239 238
f 81 240 239
f 81 241 240
f 81 242 241
f 81 243 242
f 81 244 243
f 197 184 198
f 199 198 200
f 202 200 206
f 203 206 204
f 245 205 246
f 247 205 248
f 248 205 245
f 249 205 204
f 246 205 249
f 250 205 247
f 251 252 253
f 251 254 252
f 251 255 244
f 251 253 255
f 251 250 254
f 81 256 251
f 81 251 244
f 256 257 251
f 257 258 251
f 251 214 205
f 251 205 250
f 251 226 214
f 259 260 261
f 262 263 115
f 261 264 262
f 212 265 266
f 266 267 259
f 213 211 268
f 268 211 269
f 269 211 270
f 115 271 116
f 271 115 263
f 262 272 263
f 272 262 264
f 264 261 260
f 259 273 260
f 273 259 267
f 267 266 265
f 265 212 213
f 274 270 211
f 274 275 270
f 1 276 128
f 128 277 81
f 81 278 256
f 256 279 257
f 1 8 280
f 280 8 281
f 280 281 282
f 280 282 283
f 280 283 284
f 280 284 285
f 280 285 286
f 280 286 287
f 280 287 63
f 280 63 77
f 1 280 288
f 289 275 274
f 289 274 290
f 289 290 291
f 289 292 293
f 289 291 292
f 289 293 294
f 289 295 296
f 289 294 295
f 289 297 298
f 289 296 297
f 289 298 299
f 289 299 300
f 289 300 301
f 289 301 302
f 289 302 303
f 289 304 305
f 289 303 304
f 306 289 305
f 307 308 306
f 309 308 307
f 310 308 309
f 311 308 312
f 313 308 310
f 314 308 313
f 315 308 314
f 312 308 315
f 316 308 311
f 317 308 318
f 318 308 316
f 289 306 308
f 289 308 319
f 289 319 320
f 289 320 321
f 322 323 321
f 324 325 322
f 326 327 324
f 328 329 326
f 330 331 328
f 332 333 330
f 334 335 332
f 336 337 334
f 338 339 336
f 339 338 340
f 339 340 341
f 339 341 342
f 339 342 343
f 321 344 289
f 323 322 325
f 345 321 323
f 325 324 327
f 327 326 329
f 329 328 331
f 331 330 333
f 333 332 346
f 346 332 335
f 335 334 337
f 337 336 339
f 321 347 348
f 321 345 349
f 321 349 347
f 321 348 344
f 350 339 343
f 350 351 339
f 352 353 354
f 352 355 353
f 356 357 350
f 358 356 359
f 358 360 361
f 358 361 362
f 358 359 360
f 358 362 363
f 358 363 364
f 358 364 355
f 350 365 351
f 350 366 365
f 350 367 366
f 350 368 367
f 350 369 368
f 350 370 371
f 350 371 369
f 350 372 370
f 350 373 374
f 350 374 372
f 350 375 373
f 375 350 357
f 356 376 377
f 356 377 357
f 356 358 378
f 356 378 376
f 358 355 379
f 379 355 380
f 380 355 381
f 382 383 384
f 382 384 352
f 382 385 386
f 382 386 383
f 382 387 385
f 388 389 390
f 388 390 391
f 388 391 392
f 382 393 387
f 382 394 393
f 382 388 394
f 388 392 395
f 388 395 396
f 388 396 397
f 388 397 398
f 388 398 399
f 388 399 400
f 401 355 402
f 402 355 352
f 381 355 401
f 388 400 403
f 388 403 404
f 289 405 406
f 289 344 405
f 289 406 407
f 358 408 409
f 358 379 408
f 358 409 410
f 411 358 410
f 1 288 276
f 288 412 413
f 288 414 415
f 288 415 416
f 288 417 418
f 288 419 420
f 288 420 414
f 288 418 419
f 288 421 422
f 288 422 423
f 288 416 421
f 288 423 412
f 288 413 424
f 288 424 425
f 288 425 426
f 288 426 427
f 288 427 428
f 288 428 429
f 288 429 430
f 288 430 431
f 288 432 417
f 288 433 432
f 288 434 433
f 288 431 435
f 288 435 436
f 288 436 437
f 288 437 438
f 288 438 439
f 288 439 440
f 441 442 443
f 444 442 441
f 445 446 444
f 447 448 449
f 449 438 437
f 450 451 452
f 452 448 447
f 453 454 450
f 455 454 453
f 443 456 457
f 457 456 455
f 458 459 460
f 461 462 445
f 460 462 461
f 446 445 462
f 459 458 463
f 462 460 459
f 456 443 442
f 454 455 456
f 448 452 451
f 451 450 454
f 442 444 446
f 463 458 464
f 464 458 465
f 465 458 466
f 466 458 467
f 467 458 468
f 469 458 470
f 470 458 471
f 472 458 469
f 471 458 473
f 473 458 474
f 468 458 472
f 438 449 448
f 288 440 277
f 468 472 475
f 475 476 477
f 477 478 479
f 476 475 472
f 480 477 476
f 477 480 478
f 481 479 478
f 482 483 481
f 483 482 484
f 479 481 483
f 483 484 485
f 485 486 487
f 488 485 484
f 485 488 486
f 487 486 489
f 487 489 490
f 491 490 489
f 490 491 492
f 490 492 493
f 493 492 494
f 494 492 495
f 495 492 496
f 496 492 497
f 497 492 498
f 498 492 499
f 499 492 500
f 501 500 492
f 500 501 502
f 502 501 503
f 503 501 504
f 505 506 507
f 504 501 508
f 509 501 510
f 510 501 511
f 508 501 509
f 511 501 512
f 512 513 505
f 514 512 501
f 513 512 514
f 506 505 513
f 128 276 277
f 81 277 278
f 256 278 279
f 257 279 515
f 277 440 516
f 277 516 517
f 288 277 276
f 518 519 517
f 520 519 518
f 521 519 520
f 522 519 521
f 523 519 522
f 524 519 523
f 525 519 524
f 526 527 525
f 528 529 530
f 531 529 528
f 532 533 531
f 534 535 532
f 534 536 537
f 538 527 526
f 539 527 538
f 540 527 539
f 530 527 540
f 532 541 533
f 541 532 535
f 542 531 533
f 531 542 543
f 534 544 535
f 534 537 544
f 531 543 529
f 530 529 527
f 277 517 519
f 545 525 527
f 546 525 547
f 547 525 545
f 548 525 546
f 549 525 548
f 525 550 519
f 550 525 549
f 551 552 529
f 553 554 555
f 555 556 551
f 557 558 553
f 559 560 557
f 552 551 556
f 527 529 552
f 554 553 558
f 556 555 554
f 561 557 562
f 558 557 561
f 563 557 564
f 562 557 563
f 564 557 565
f 565 557 560
f 560 559 566
f 566 567 568
f 568 569 570
f 570 571 572
f 567 566 559
f 569 568 567
f 571 570 569
f 573 572 571
f 574 575 573
f 576 577 574
f 578 579 576
f 572 573 575
f 575 574 577
f 577 576 579
f 579 578 580
f 581 582 580
f 583 580 578
f 581 580 583
f 584 582 581
f 585 586 584
f 587 588 585
f 589 588 587
f 590 588 591
f 591 588 589
f 592 588 590
f 534 593 536
f 593 534 594
f 594 534 595
f 595 534 596
f 597 596 534
f 598 596 597
f 596 598 599
f 592 600 601
f 602 592 603
f 604 592 602
f 605 592 604
f 606 592 605
f 607 592 606
f 608 592 607
f 609 592 608
f 610 592 609
f 611 592 610
f 592 601 603
f 277 519 612
f 277 612 613
f 277 613 614
f 277 614 615
f 277 615 616
f 277 616 617
f 277 617 618
f 277 618 619
f 277 619 620
f 277 620 621
f 277 621 622
f 277 622 623
f 277 623 624
f 277 625 626
f 277 624 625
f 277 627 628
f 277 629 627
f 277 626 629
f 277 630 631
f 277 628 630
f 277 632 633
f 277 631 632
f 277 634 635
f 277 633 634
f 584 586 582
f 586 585 588
f 636 637 588
f 636 638 639
f 636 640 638
f 636 641 642
f 636 642 640
f 636 643 637
f 636 644 643
f 636 645 644
f 636 639 645
f 636 635 646
f 636 647 641
f 636 646 647
f 277 636 278
f 277 635 636
f 278 636 279
f 279 636 515
f 636 588 592
f 636 592 611
f 648 649 650
f 507 651 652
f 652 653 648
f 654 655 598
f 650 656 654
f 596 599 657
f 596 657 658
f 596 658 659
f 660 507 506
f 651 507 660
f 661 652 651
f 653 652 661
f 649 648 653
f 662 650 649
f 656 650 662
f 655 654 656
f 599 598 655
f 596 659 663
f 664 663 659
f 288 665 434
f 665 666 434
f 665 667 666
f 665 668 667
f 665 669 668
f 665 670 669
f 665 671 670
f 665 672 671
f 665 673 672
f 665 674 673
f 665 675 674
f 665 676 675
f 665 677 676
f 665 678 677
f 665 679 678
f 665 680 679
f 665 681 680
f 665 682 683
f 665 684 682
f 665 458 684
f 665 685 681
f 665 686 685
f 665 687 688
f 665 688 686
f 665 689 687
f 665 683 689
f 665 474 458
f 690 663 664
f 691 692 693
f 693 692 694
f 694 692 695
f 695 692 696
f 697 692 698
f 696 692 699
f 699 692 700
f 700 692 701
f 701 692 697
f 698 692 702
f 703 692 704
f 702 692 703
f 690 705 663
f 690 706 705
f 690 707 708
f 690 708 706
f 690 709 707
f 690 710 711
f 690 711 709
f 690 712 713
f 690 713 710
f 690 714 712
f 690 715 714
f 690 716 715
f 690 717 716
f 690 718 717
f 690 691 719
f 690 719 718
f 691 690 692
f 720 721 722
f 722 723 724
f 724 725 726
f 726 727 728
f 728 729 730
f 730 731 732
f 732 733 734
f 734 735 736
f 736 737 738
f 738 739 740
f 720 741 721
f 725 724 723
f 723 722 721
f 727 726 725
f 690 742 692
f 690 720 742
f 729 728 727
f 731 730 729
f 743 732 731
f 732 743 733
f 734 733 735
f 736 735 737
f 738 737 739
f 720 744 741
f 720 745 744
f 720 746 745
f 747 740 739
f 747 748 740
f 747 749 748
f 747 750 749
f 747 751 750
f 751 752 753
f 751 747 754
f 751 754 755
f 751 755 756
f 751 756 757
f 751 757 758
f 751 758 759
f 751 759 760
f 751 760 761
f 751 761 762
f 751 762 763
f 751 763 752
f 764 765 766
f 764 766 767
f 768 769 753
f 768 770 769
f 768 771 772
f 768 773 771
f 768 772 770
f 768 774 773
f 768 775 774
f 768 767 775
f 776 753 752
f 753 777 778
f 753 776 777
f 753 779 768
f 753 778 779
f 768 780 767
f 781 767 780
f 782 767 781
f 783 784 785
f 783 764 784
f 783 786 787
f 783 785 786
f 783 787 788
f 789 790 791
f 789 792 790
f 789 793 792
f 783 788 794
f 783 794 795
f 783 795 789
f 789 796 793
f 789 797 796
f 789 798 797
f 789 799 798
f 789 800 799
f 789 801 800
f 802 767 803
f 764 767 802
f 803 767 782
f 690 804 805
f 690 805 746
f 720 690 746
f 768 806 807
f 768 807 780
f 768 808 806
f 768 809 808
f 258 810 811
f 258 811 251
f 810 812 811
f 812 813 811
f 812 814 813
f 814 815 813
f 814 816 815
f 816 817 815
f 816 818 817
f 818 819 817
f 818 820 819
f 820 821 819
f 820 822 823
f 820 823 821
f 822 824 823
f 825 826 824
f 822 825 824
f 825 827 826
f 827 828 826
f 827 829 828
f 829 830 828
f 831 832 830
f 257 515 258
f 258 833 810
f 810 834 812
f 812 835 814
f 814 836 816
f 816 837 818
f 818 838 820
f 820 839 822
f 822 840 825
f 825 841 827
f 829 831 830
f 831 842 832
f 831 843 842
f 843 844 842
f 843 845 844
f 845 846 844
f 845 847 846
f 847 848 846
f 847 849 848
f 849 850 848
f 849 851 850
f 827 852 829
f 829 853 831
f 831 854 843
f 843 855 845
f 845 856 847
f 847 857 849
f 849 858 851
f 859 860 861
f 860 382 862
f 860 859 382
f 382 863 864
f 382 864 865
f 382 866 862
f 382 865 866
f 382 354 867
f 382 867 863
f 382 868 869
f 382 870 868
f 382 869 389
f 871 382 872
f 873 382 871
f 382 874 870
f 874 382 873
f 871 872 875
f 876 875 872
f 875 876 877
f 877 876 878
f 878 876 879
f 880 881 879
f 880 879 876
f 880 882 881
f 880 883 882
f 883 880 884
f 884 880 885
f 885 880 886
f 887 886 880
f 382 352 354
f 382 389 388
f 388 404 888
f 388 888 889
f 388 889 890
f 891 388 890
f 388 891 892
f 388 892 893
f 388 893 894
f 388 894 895
f 896 388 895
f 887 897 886
f 887 898 897
f 898 887 899
f 887 900 899
f 887 901 900
f 887 902 901
f 902 903 901
f 903 902 904
f 905 904 902
f 906 907 908
f 907 909 908
f 909 907 910
f 911 912 913
f 913 912 914
f 910 907 912
f 910 912 915
f 915 912 916
f 916 912 911
f 917 896 918
f 919 912 920
f 914 912 919
f 917 918 921
f 917 921 922
f 917 922 923
f 917 923 924
f 917 924 925
f 926 917 925
f 917 926 927
f 917 927 920
f 917 920 912
f 917 912 928
f 917 928 929
f 896 917 388
f 917 929 930
f 917 930 931
f 932 933 934
f 932 934 935
f 932 935 936
f 932 936 937
f 932 937 938
f 932 938 939
f 932 939 940
f 932 940 941
f 932 941 942
f 851 943 850
f 851 944 943
f 851 945 944
f 945 946 944
f 945 947 946
f 947 948 946
f 947 949 948
f 949 950 948
f 951 952 950
f 949 951 950
f 953 954 952
f 953 955 954
f 951 953 952
f 953 956 955
f 956 957 955
f 958 959 957
f 956 958 957
f 960 961 959
f 958 960 959
f 960 962 961
f 962 963 961
f 962 964 963
f 964 965 963
f 964 966 965
f 966 967 965
f 966 968 967
f 966 969 968
f 969 970 968
f 969 971 970
f 971 972 970
f 973 974 972
f 971 973 972
f 973 975 974
f 975 976 974
f 977 978 976
f 977 979 978
f 975 977 976
f 977 980 979
f 851 981 945
f 945 982 947
f 947 983 949
f 949 984 951
f 951 985 953
f 953 986 956
f 956 987 958
f 958 988 960
f 960 989 962
f 962 990 964
f 964 991 966
f 966 992 969
f 969 993 971
f 971 994 973
f 973 995 975
f 975 996 977
f 977 997 980
f 258 515 833
f 810 833 834
f 812 834 835
f 814 835 836
f 816 836 837
f 818 837 838
f 820 838 839
f 822 839 840
f 825 840 841
f 827 841 852
f 515 998 833
f 515 636 998
f 833 998 999
f 833 999 834
f 834 999 1000
f 834 1000 835
f 835 1001 836
f 835 1000 1001
f 836 1001 1002
f 836 1002 837
f 837 1002 1003
f 837 1003 838
f 838 1003 1004
f 838 1004 1005
f 838 1005 839
f 839 1005 1006
f 839 1006 840
f 840 1006 1007
f 840 1007 841
f 841 1007 1008
f 841 1008 852
f 852 1008 1009
f 829 852 853
f 831 853 854
f 843 854 855
f 845 855 856
f 847 856 857
f 849 857 858
f 851 858 981
f 852 1009 853
f 853 1009 1010
f 853 1010 1011
f 853 1011 854
f 854 1011 1012
f 854 1012 855
f 855 1012 1013
f 856 1013 1014
f 855 1013 856
f 856 1014 857
f 857 1014 1015
f 857 1015 858
f 1016 1017 1018
f 1016 1019 1017
f 1016 783 1019
f 783 1020 1021
f 783 1022 1020
f 783 1016 1023
f 783 1023 1022
f 783 1024 765
f 783 1021 1024
f 783 1025 1026
f 783 1026 1027
f 783 791 1025
f 783 1028 1029
f 1028 783 1030
f 783 1027 1031
f 1030 783 1031
f 1032 1029 1028
f 1033 1029 1032
f 1033 1034 1029
f 1035 1034 1033
f 1034 1035 1036
f 1034 1036 1037
f 1034 1037 1038
f 1034 1039 1040
f 1034 1038 1041
f 1034 1041 1039
f 1042 1040 1039
f 1043 1040 1042
f 1040 1043 1044
f 783 765 764
f 783 789 791
f 789 1045 801
f 801 1045 1046
f 1045 1047 1046
f 1045 1048 1047
f 1045 1049 1048
f 1045 1050 1049
f 1050 1045 1051
f 1045 1052 1051
f 1045 1053 1052
f 1045 1054 1053
f 1045 1055 1054
f 1056 1044 1043
f 1044 1056 1057
f 1058 1044 1057
f 1044 1058 1059
f 1044 1059 1060
f 1044 1060 1061
f 1062 1061 1060
f 1061 1062 1063
f 1061 1063 1064
f 1065 1066 1067
f 1068 1066 1065
f 1069 1066 1068
f 1070 1071 1072
f 1073 1071 1070
f 1069 1071 1066
f 1074 1071 1069
f 1075 1071 1074
f 1072 1071 1075
f 1055 1045 1076
f 1045 1077 1076
f 1045 1078 1077
f 1045 1079 1078
f 1045 1080 1079
f 1045 1081 1082
f 1045 1082 1080
f 1081 1045 1083
f 1045 1084 1083
f 1045 1085 1084
f 1045 1086 1085
f 1045 1073 1086
f 1045 1071 1073
f 1045 1087 1071
f 1088 1089 1087
f 1089 1090 1091
f 1045 1088 1087
f 1088 1090 1089
f 1092 1093 1094
f 1092 1095 1093
f 1092 1096 1095
f 1092 1097 1096
f 945 981 982
f 947 982 983
f 949 983 984
f 951 984 985
f 953 985 986
f 956 986 987
f 958 987 988
f 960 988 989
f 962 989 990
f 964 990 991
f 966 991 992
f 969 992 993
f 971 993 994
f 973 994 995
f 975 995 996
f 977 996 997
f 858 1015 1098
f 858 1099 981
f 858 1098 1099
f 981 1099 1100
f 982 1100 1101
f 981 1100 982
f 982 1101 983
f 983 1101 1102
f 983 1102 984
f 984 1102 1103
f 985 1103 1104
f 984 1103 985
f 985 1104 1105
f 985 1105 986
f 986 1105 1106
f 986 1106 987
f 987 1106 1107
f 987 1107 988
f 988 1107 1108
f 989 1108 1109
f 988 1108 989
f 989 1109 990
f 990 1109 1110
f 991 1110 1111
f 990 1110 991
f 991 1111 1112
f 991 1112 992
f 992 1112 1113
f 993 1113 1114
f 992 1113 993
f 993 1114 994
f 994 1114 1115
f 995 1115 1116
f 996 1116 1117
f 994 1115 995
f 995 1116 996
f 77 1118 1119
f 77 1119 1120
f 77 1121 1122
f 77 1120 1121
f 280 77 1122
f 289 407 1123
f 358 411 1124
f 411 1125 1126
f 411 1127 1125
f 411 1128 1127
f 411 1126 1124
f 1123 407 1129
f 1123 1129 1130
f 1123 1130 1131
f 1123 1131 1132
f 1123 1132 1133
f 1123 1133 1134
f 1123 1134 1135
f 1123 1135 1136
f 1123 1136 1137
f 1123 1138 1139
f 1123 1137 1138
f 1123 1139 1140
f 1123 1140 1141
f 1123 1141 1142
f 1123 1142 1143
f 1123 1143 1144
f 1123 1144 1145
f 1123 1145 1146
f 1123 1146 1147
f 1123 1148 1149
f 1123 1147 1148
f 1123 1150 1151
f 1123 1149 1152
f 1123 1152 1153
f 1123 1153 1154
f 1123 1154 1150
f 1123 1155 1156
f 1123 1157 1158
f 1123 1159 1157
f 1123 1156 1159
f 1160 1161 1157
f 1162 1163 1160
f 1163 1162 1164
f 1158 1157 1161
f 1161 1160 1163
f 1163 1164 1165
f 1164 1166 1165
f 1164 1167 1168
f 1164 1169 1167
f 1164 1168 1166
f 1164 1170 1169
f 1164 1171 1170
f 1164 1172 1171
f 1164 1173 1172
f 1164 1174 1173
f 1164 1175 1174
f 1164 1176 1175
f 1164 1177 1176
f 1164 1178 1177
f 1164 1179 1178
f 1164 1180 1179
f 1164 1181 1180
f 1164 1182 1181
f 411 1123 1128
f 1123 1183 1128
f 1123 1151 1184
f 1123 1184 1183
f 1123 411 1185
f 1123 1185 1186
f 1123 1186 1187
f 1123 1187 1188
f 1123 1188 1189
f 1123 1189 1190
f 1123 1190 1191
f 1123 1191 1192
f 1123 1192 1193
f 1123 1193 1194
f 1123 1194 1195
f 1123 1195 1196
f 1123 1196 1197
f 1123 1197 1198
f 1123 1199 1155
f 1123 1198 1199
f 1155 1200 1201
f 1155 1202 1156
f 1155 1201 1203
f 1155 1203 1202
f 1155 1204 1200
f 1155 1205 1204
f 1155 1206 1205
f 1155 1207 1206
f 1155 1208 1207
f 1208 1155 1209
f 1155 1210 1209
f 1210 1155 1211
f 1155 1212 1211
f 1212 1155 1213
f 1212 1214 1215
f 1216 1215 1217
f 1212 1213 1214
f 1218 1217 1219
f 1220 1221 1219
f 1222 1220 1223
f 1222 1223 1224
f 1222 1224 1225
f 1226 1225 1227
f 1212 1215 1216
f 1216 1217 1228
f 1228 1217 1218
f 1218 1219 1221
f 1220 1229 1221
f 1220 1222 1229
f 1222 1225 1230
f 1230 1225 1226
f 1226 1227 1231
f 1231 1232 1233
f 1233 1232 1234
f 1234 1235 1236
f 1237 1118 1238
f 1239 1240 1238
f 1240 1239 1241
f 1240 1241 1242
f 1243 1242 1244
f 1245 1246 1244
f 1246 1245 1247
f 1248 1247 1249
f 1248 1249 1250
f 1251 1250 1252
f 1253 1252 1254
f 1255 1254 1256
f 1255 1256 1257
f 1258 1259 1257
f 1260 1261 1258
f 1262 1260 1263
f 1264 1118 1265
f 1265 1118 1266
f 1266 1118 1267
f 1119 1118 1268
f 1118 1264 1268
f 1269 1118 1270
f 1267 1118 1269
f 1270 1118 1271
f 1118 1272 1271
f 280 1273 1274
f 280 1122 1275
f 280 1275 1273
f 280 1274 1276
f 280 1276 1277
f 280 1277 1278
f 280 1278 1279
f 280 1279 1280
f 280 1280 1281
f 280 1281 1282
f 280 1282 1283
f 280 1283 1284
f 280 1284 1285
f 280 1285 1286
f 280 1286 1287
f 280 1287 1288
f 280 1288 1289
f 280 1289 1290
f 280 1290 1291
f 280 1291 1292
f 280 1292 1293
f 280 1293 1294
f 280 1295 1296
f 280 1296 1297
f 280 1297 1298
f 280 1294 1299
f 280 1299 1300
f 280 1300 1295
f 1118 1237 1272
f 1237 1238 1240
f 1240 1242 1243
f 1243 1244 1246
f 1246 1247 1248
f 1248 1250 1251
f 1251 1252 1253
f 1253 1254 1255
f 1255 1257 1301
f 1301 1257 1259
f 1259 1258 1261
f 1261 1260 1262
f 1262 1302 1303
f 1303 1302 1304
f 1302 1305 1306
f 1304 1302 1306
f 1305 1302 1307
f 1302 1308 1309
f 1307 1302 1309
f 1302 1310 1308
f 1310 1302 1311
f 1302 1312 1311
f 1302 1313 1312
f 1302 1298 1313
f 280 1298 1302
f 1262 1263 1302
f 1314 1315 1316
f 1316 1315 1317
f 280 1318 1319
f 280 1320 1321
f 280 1322 1320
f 280 1321 1318
f 280 1319 1323
f 280 1323 1324
f 280 1324 1325
f 280 1325 1326
f 280 1326 1327
f 280 1327 1328
f 280 1328 1329
f 280 1329 1330
f 280 1330 1331
f 280 1331 1332
f 280 1332 1333
f 280 1302 1334
f 280 1314 1322
f 280 1334 1335
f 280 1335 1336
f 280 1336 1337
f 280 1337 1315
f 280 1315 1314
f 280 1333 1338
f 280 1339 1340
f 280 1340 1341
f 280 1341 1342
f 280 1342 1343
f 280 1343 1344
f 280 1345 1346
f 280 1344 1345
f 280 1346 1347
f 280 1347 1348
f 280 1348 1349
f 280 1349 1350
f 280 1350 1351
f 280 1351 1352
f 280 1352 1353
f 280 1353 1354
f 280 1338 1355
f 280 1355 1356
f 280 1357 1358
f 280 1356 1359
f 280 1359 1360
f 280 1361 1357
f 280 1360 1361
f 280 1358 1362
f 280 1362 1339
f 280 1354 1363
f 280 1363 1364
f 280 1364 1365
f 280 1365 1366
f 280 1366 1367
f 280 1367 1368
f 280 1368 1369
f 1361 1360 1370
f 1371 1370 1360
f 280 1369 1372
f 1123 1158 1373
f 1123 1374 1375
f 1123 1376 1374
f 1123 1373 1376
f 1123 1377 1378
f 1123 1375 1377
f 1123 1378 1379
f 1164 1380 1381
f 1164 1381 1182
f 1123 1379 1382
f 1379 1383 1382
f 1379 1384 1385
f 1379 1386 1383
f 1379 1387 1386
f 1387 1379 1388
f 1379 1385 1388
f 1379 1389 1390
f 1379 1390 1384
f 1317 1391 1392
f 1317 1392 1389
f 1317 1315 1391
f 1317 1379 1393
f 1379 1394 1393
f 1379 1395 1394
f 1317 1389 1379
f 1379 1396 1395
f 1379 1397 1396
f 1379 1398 1397
f 1379 1399 1398
f 1379 1400 1399
f 1379 1401 1400
f 1379 1402 1401
f 1379 1403 1402
f 1379 1404 1403
f 1379 1405 1404
f 1379 1406 1405
f 1379 1407 1406
f 1379 1408 1407
f 1379 1409 1408
f 1410 1411 1412
f 1410 1412 1413
f 1410 1413 1414
f 1410 1414 1415
f 1410 1415 1416
f 1410 1416 1417
f 1410 1417 1418
f 1410 1418 1419
f 1420 1421 1422
f 1423 1421 1420
f 1421 1423 1424
f 1421 1424 1425
f 1426 1421 1425
f 1421 1426 1427
f 1421 1427 1428
f 1421 1428 1429
f 1421 1429 1430
f 1421 1430 1431
f 1421 1431 1432
f 1433 1434 1435
f 1436 1437 1438
f 1439 1437 1436
f 1419 1440 1410
f 1419 1441 1440
f 1419 1433 1441
f 1433 1419 1442
f 1433 1442 1443
f 1433 1443 1444
f 1433 1444 1445
f 1433 1445 1446
f 1447 1448 1449
f 1447 1450 1448
f 1447 1451 1450
f 1452 1437 1439
f 1437 1452 1453
f 1434 1454 1455
f 1434 1455 1456
f 1434 1456 1435
f 1452 1457 1458
f 1452 1439 1457
f 1452 1458 1459
f 1454 1452 1459
f 1452 1460 1453
f 1452 1461 1460
f 1447 1449 1462
f 1449 1463 1462
f 1449 1464 1465
f 1449 1466 1467
f 1449 1468 1464
f 1449 1467 1468
f 1449 1469 1463
f 1449 1465 1469
f 1451 1447 1470
f 1451 1470 1471
f 1451 1472 1473
f 1451 1471 1472
f 1451 1474 1475
f 1451 1473 1474
f 1449 1476 1466
f 1449 1477 1476
f 1449 1478 1477
f 1449 1479 1478
f 1480 1451 1481
f 1482 1483 1484
f 1482 1484 1485
f 1486 1487 1480
f 1486 1488 1487
f 1486 1489 1488
f 1486 1490 1489
f 1482 1485 1491
f 1482 1491 1492
f 1482 1493 1494
f 1482 1492 1493
f 1482 1495 1496
f 1482 1496 1490
f 1482 1494 1497
f 1482 1497 1495
f 1451 1475 1498
f 1451 1499 1481
f 1451 1498 1499
f 1480 1481 1500
f 1480 1500 1501
f 1480 1501 1502
f 1480 1502 1503
f 1480 1503 1504
f 1480 1504 1505
f 1480 1505 1506
f 1480 1506 1507
f 1480 1507 1508
f 1480 1508 1509
f 1433 1446 1434
f 1434 1510 1511
f 1434 1446 1512
f 1434 1512 1513
f 1434 1514 1515
f 1434 1513 1514
f 1434 1516 1517
f 1434 1517 1518
f 1434 1518 1510
f 1516 1434 1515
f 1421 1432 1434
f 1434 1519 1421
f 1434 1511 1519
f 1454 1434 1520
f 1454 1520 1521
f 1454 1521 1522
f 1454 1522 1523
f 1454 1523 1452
f 1524 1461 1452
f 1525 1526 1461
f 1525 1527 1526
f 1525 1528 1527
f 1529 1530 1528
f 1529 1531 1530
f 1529 1449 1531
f 1529 1479 1449
f 1532 1533 1534
f 1532 1535 1536
f 1532 1534 1535
f 1532 1537 1538
f 1532 1536 1537
f 1532 1480 1509
f 1486 1480 1539
f 1486 1482 1490
f 1532 1539 1480
f 1532 1509 1540
f 1532 1540 1541
f 1532 1541 1542
f 1532 1542 1543
f 1532 1543 1544
f 1532 1544 1545
f 1532 1545 1546
f 1532 1546 1533
f 1529 1547 1479
f 1529 1548 1547
f 1529 1549 1548
f 1529 1550 1549
f 1529 1551 1550
f 1529 1552 1551
f 1553 1554 1552
f 1555 1556 1557
f 1555 1558 1556
f 1555 1559 1558
f 1553 1560 1554
f 1553 1561 1560
f 1553 1557 1562
f 1553 1562 1561
f 1555 1563 1559
f 1555 1564 1565
f 1555 1565 1563
f 1555 1566 1567
f 1555 1567 1564
f 1555 1538 1566
f 1529 1528 1525
f 1532 1538 1555
f 1555 1557 1553
f 1482 1568 1483
f 1486 1568 1482
f 1532 1555 1569
f 1486 1539 1570
f 1532 1571 1539
f 288 280 665
f 474 1572 1573
f 474 1574 1575
f 474 1576 1577
f 474 1577 1578
f 474 1575 1576
f 474 1578 1579
f 474 1579 1580
f 474 1580 1581
f 474 1581 1582
f 474 1582 1583
f 474 1583 1584
f 474 1585 1586
f 474 1586 1574
f 665 1585 474
f 474 1584 1587
f 474 1587 1572
f 690 1588 804
f 1588 1589 804
f 809 1590 808
f 1590 1591 1592
f 1590 1592 1593
f 1590 1593 1594
f 1590 809 1591
f 1588 1595 1589
f 1588 1596 1595
f 1588 1597 1596
f 1588 1598 1597
f 1588 1599 1598
f 1588 1600 1599
f 1588 1601 1600
f 1588 1602 1601
f 1588 1603 1602
f 1588 1604 1605
f 1588 1605 1603
f 1588 1606 1604
f 1588 1607 1606
f 1588 1608 1607
f 1588 1609 1608
f 1588 1610 1609
f 1588 1611 1610
f 1588 1612 1611
f 1588 1613 1612
f 1588 1614 1615
f 1588 1615 1613
f 1588 1616 1617
f 1588 1618 1614
f 1588 1619 1618
f 1588 1620 1619
f 1588 1617 1620
f 1588 1621 1622
f 1623 1624 1625
f 1626 1627 1628
f 1625 1629 1628
f 1624 1623 1630
f 1626 1628 1629
f 1629 1625 1624
f 1627 1626 1631
f 1627 1632 1633
f 1627 1633 1634
f 1627 1631 1632
f 1627 1634 1635
f 1627 1635 1636
f 1627 1636 1637
f 1588 1623 1638
f 1588 1638 1621
f 1627 1637 1639
f 1627 1639 1640
f 1627 1640 1641
f 1627 1641 1642
f 1627 1642 1643
f 1627 1643 1644
f 1627 1644 1645
f 1627 1645 1646
f 1627 1646 1647
f 1627 1647 1648
f 1588 1590 1594
f 1588 1649 1590
f 1588 1650 1649
f 1588 1594 1651
f 1588 1652 1616
f 1588 1651 1652
f 1588 1653 1650
f 1588 1654 1653
f 1588 1655 1654
f 1588 1656 1655
f 1588 1657 1656
f 1588 1658 1657
f 1588 1659 1658
f 1588 1660 1659
f 1588 1661 1660
f 1588 1662 1661
f 1588 1663 1662
f 1588 1664 1663
f 1588 1622 1665
f 1588 1665 1664
f 1622 1666 1667
f 1622 1621 1668
f 1622 1669 1666
f 1622 1668 1669
f 1622 1667 1670
f 1622 1670 1671
f 1622 1671 1672
f 1622 1672 1673
f 1622 1673 1674
f 1622 1674 1675
f 1622 1675 1676
f 1622 1676 1677
f 1678 1679 1622
f 1622 1680 1678
f 1622 1677 1680
f 1678 1681 1679
f 1678 1682 1681
f 1683 1684 1682
f 1685 1686 1684
f 1687 1688 1686
f 1687 1689 1688
f 1687 1690 1689
f 1687 1691 1690
f 1692 1693 1691
f 1683 1682 1678
f 1686 1694 1695
f 1685 1684 1683
f 1694 1686 1685
f 1686 1695 1696
f 1687 1686 1696
f 1692 1691 1687
f 1697 1693 1692
f 1698 1693 1697
f 1699 1698 1700
f 1701 1700 1702
f 280 1372 665
f 1572 1703 1573
f 1703 1704 1705
f 1704 1706 1705
f 1706 1707 1708
f 1707 1709 1708
f 1709 1710 1711
f 1711 1712 1713
f 1712 1714 1713
f 1714 1715 1716
f 1716 1717 1718
f 1718 1719 1720
f 1719 1721 1720
f 1721 1722 1723
f 1723 1724 1725
f 1725 1726 1727
f 1728 1729 1727
f 665 1730 1731
f 665 1732 1585
f 665 1731 1732
f 665 1733 1730
f 665 1734 1733
f 665 1735 1734
f 665 1736 1735
f 665 1737 1736
f 665 1738 1737
f 665 1739 1738
f 665 1740 1739
f 665 1741 1740
f 665 1742 1741
f 665 1743 1742
f 665 1744 1743
f 665 1745 1744
f 665 1746 1745
f 665 1747 1746
f 665 1748 1747
f 665 1749 1748
f 665 1750 1749
f 665 1751 1750
f 665 1752 1753
f 665 1754 1752
f 665 1755 1754
f 665 1756 1751
f 665 1757 1756
f 665 1753 1757
f 1703 1572 1704
f 1706 1704 1707
f 1709 1707 1710
f 1711 1710 1712
f 1714 1712 1715
f 1716 1715 1717
f 1718 1717 1719
f 1721 1719 1722
f 1724 1723 1722
f 1726 1725 1724
f 1728 1727 1726
f 1729 1728 1758
f 1729 1758 1759
f 1729 1759 1760
f 1729 1760 1761
f 1729 1761 1762
f 1729 1762 1763
f 1764 1729 1765
f 1729 1763 1765
f 1766 1764 1767
f 1766 1767 1768
f 1766 1768 1755
f 665 1766 1755
f 1764 1766 1729
f 1769 1770 1771
f 1772 1770 1769
f 665 1773 1774
f 665 1775 1776
f 665 1776 1777
f 665 1774 1775
f 665 1778 1773
f 665 1779 1778
f 665 1780 1779
f 665 1781 1780
f 665 1782 1781
f 665 1783 1782
f 665 1784 1783
f 665 1785 1784
f 665 1786 1785
f 665 1787 1786
f 665 1788 1787
f 665 1789 1766
f 665 1777 1790
f 665 1790 1771
f 665 1791 1789
f 665 1792 1791
f 665 1793 1792
f 665 1770 1793
f 665 1771 1770
f 665 1794 1788
f 665 1795 1796
f 665 1797 1795
f 665 1798 1797
f 665 1799 1798
f 665 1800 1799
f 665 1801 1802
f 665 1802 1800
f 665 1803 1801
f 665 1804 1803
f 665 1805 1804
f 665 1806 1805
f 665 1807 1806
f 665 1808 1807
f 665 1809 1808
f 665 1810 1809
f 665 1811 1794
f 665 1812 1811
f 665 1813 1814
f 665 1815 1812
f 665 1814 1816
f 665 1816 1815
f 665 1817 1813
f 665 1796 1817
f 665 1818 1810
f 665 1819 1818
f 665 1820 1819
f 665 1821 1820
f 665 1822 1821
f 665 1823 1822
f 665 1372 1823
f 1815 1816 1824
f 1815 1824 1825
f 1825 1824 1826
f 1568 1827 1483
f 1486 1570 1568
f 1539 1571 1570
f 1532 1569 1571
f 1588 1630 1623
f 1588 1828 1630
f 1588 1829 1830
f 1588 1830 1831
f 1588 1831 1828
f 1588 1832 1829
f 1627 1833 1834
f 1627 1648 1833
f 1588 1835 1832
f 1835 1836 1832
f 1835 1837 1836
f 1837 1835 1838
f 1772 1837 1839
f 1837 1840 1841
f 1837 1838 1842
f 1837 1842 1843
f 1837 1843 1844
f 1837 1844 1840
f 1837 1845 1839
f 1837 1841 1845
f 1772 1846 1847
f 1772 1839 1846
f 1772 1847 1770
f 1837 1772 1848
f 1837 1848 1849
f 1837 1849 1850
f 1837 1850 1851
f 1837 1851 1852
f 1837 1852 1853
f 1837 1853 1854
f 1837 1854 1855
f 1837 1855 1856
f 1837 1856 1857
f 1837 1857 1858
f 1859 1837 1858
f 1837 1859 1860
f 1837 1860 1861
f 1837 1861 1862
f 1837 1862 1863
f 1864 1865 1866
f 1864 1867 1865
f 1864 1868 1867
f 1864 1869 1868
f 1864 1870 1869
f 1864 1871 1870
f 1864 1872 1871
f 1873 1874 1875
f 1873 1876 1874
f 1873 1877 1876
f 1873 1878 1877
f 1878 1873 1879
f 1873 1880 1879
f 1873 1881 1880
f 1873 1882 1881
f 1873 1883 1882
f 1873 1884 1883
f 1873 1885 1884
f 1886 1887 1888
f 1889 1888 1887
f 1889 1890 1888
f 1872 1891 1892
f 1891 1872 1864
f 1872 1892 1893
f 1872 1893 1894
f 1872 1894 1895
f 1894 1896 1895
f 1894 1897 1896
f 1894 1898 1897
f 1894 1899 1898
f 1894 1900 1899
f 1901 1902 1903
f 1901 1903 1904
f 1901 1904 1905
f 1906 1907 1908
f 1889 1906 1890
f 1906 1908 1890
f 1906 1889 1909
f 1906 1909 1910
f 1911 1912 1913
f 1911 1914 1912
f 1915 1911 1913
f 1906 1915 1907
f 1911 1894 1914
f 1906 1910 1916
f 1902 1901 1917
f 1902 1918 1919
f 1902 1920 1921
f 1902 1919 1922
f 1902 1922 1920
f 1902 1917 1923
f 1902 1923 1918
f 1902 1921 1924
f 1902 1924 1925
f 1902 1925 1926
f 1902 1926 1927
f 1928 1901 1905
f 1568 1929 1827
f 1568 1930 1929
f 1570 1931 1932
f 1570 1932 1933
f 1570 1933 1934
f 1570 1934 1935
f 1568 1936 1930
f 1568 1937 1936
f 1568 1938 1939
f 1568 1939 1937
f 1568 1935 1940
f 1568 1941 1938
f 1568 1940 1941
f 1928 1942 1943
f 1928 1944 1942
f 1928 1945 1946
f 1928 1946 1944
f 1928 1943 1901
f 1928 1947 1948
f 1928 1948 1945
f 1928 1949 1947
f 1928 1950 1949
f 1950 1928 1951
f 1928 1952 1951
f 1928 1953 1952
f 1928 1954 1953
f 1928 1955 1954
f 1928 1956 1955
f 1928 1957 1956
f 1928 1958 1957
f 1928 1959 1958
f 1928 1960 1959
f 1928 1961 1960
f 1571 1928 1931
f 1894 1911 1900
f 1911 1962 1963
f 1911 1964 1900
f 1911 1965 1964
f 1911 1966 1967
f 1911 1967 1965
f 1911 1968 1969
f 1911 1970 1968
f 1911 1963 1970
f 1966 1911 1969
f 1873 1911 1885
f 1911 1873 1971
f 1911 1971 1962
f 1915 1972 1911
f 1915 1973 1972
f 1915 1974 1973
f 1915 1906 1974
f 1906 1916 1975
f 1976 1975 1916
f 1977 1916 1978
f 1977 1978 1979
f 1977 1979 1980
f 1981 1980 1982
f 1981 1982 1902
f 1981 1902 1927
f 1569 1983 1984
f 1569 1985 1986
f 1569 1986 1983
f 1569 1987 1985
f 1569 1961 1928
f 1570 1571 1931
f 1570 1935 1568
f 1569 1928 1571
f 1569 1988 1961
f 1569 1989 1988
f 1569 1990 1989
f 1569 1991 1990
f 1569 1992 1991
f 1569 1993 1992
f 1569 1994 1993
f 1569 1984 1994
f 1981 1927 1995
f 1981 1995 1996
f 1981 1996 1997
f 1981 1997 1998
f 1981 1998 1999
f 1981 1999 2000
f 2001 2000 2002
f 2003 2004 2005
f 2003 2005 2006
f 2001 2002 2007
f 2001 2007 2008
f 2001 2009 2010
f 2001 2008 2009
f 2001 2010 2004
f 2003 2006 2011
f 2003 2012 2013
f 2003 2011 2012
f 2003 2014 2015
f 2003 2013 2014
f 2003 2016 1987
f 2003 2015 2016
f 1981 1977 1980
f 1569 2003 1987
f 2003 2001 2004
f 1155 2017 2018
f 2017 2019 2020
f 932 2021 2022
f 932 2022 2023
f 932 942 2021
f 932 2023 2024
f 2025 2019 2017
f 2026 2019 2025
f 1155 2027 2028
f 1155 2029 2027
f 1155 2030 2029
f 1155 2031 2030
f 1155 2032 2031
f 1155 2018 2032
f 1155 2028 1213
f 2033 1231 1227
f 2017 2034 2018
f 2017 2035 2034
f 2017 2036 2035
f 2020 2037 2038
f 2017 2020 2036
f 2039 2020 2019
f 2020 2039 2037
f 2037 2040 2038
f 2037 2041 2040
f 2041 2042 2043
f 2042 2044 2043
f 2042 2045 2044
f 2041 2037 2042
f 2045 2042 2046
f 2045 2046 2047
f 2047 2046 2048
f 2049 2048 2046
f 2049 2050 2048
f 2049 2051 2050
f 2051 2049 2052
f 2053 2052 2049
f 1231 2033 1232
f 1235 1234 1232
f 2054 1236 1235
f 2055 1236 2054
f 2056 2057 2055
f 1236 2055 2058
f 2058 2055 2057
f 2057 2056 2059
f 2059 2060 2061
f 2062 2059 2056
f 2060 2059 2062
f 2061 2060 2063
f 2063 2064 2065
f 2064 2063 2060
f 2066 2065 2064
f 2067 2068 2065
f 2068 2067 2069
f 2069 2070 2071
f 2067 2065 2066
f 2070 2069 2067
f 2072 2071 2070
f 2073 2071 2072
f 2074 2075 2073
f 2076 2077 2074
f 2078 2079 2076
f 2080 2079 2078
f 2073 2081 2071
f 2081 2073 2075
f 2075 2074 2077
f 2077 2076 2079
f 2080 2082 2079
f 2079 2082 2083
f 2084 2085 2086
f 2084 2087 2085
f 2079 2083 2088
f 2083 2089 2088
f 2083 2090 2089
f 2083 2091 2090
f 2083 2092 2091
f 2083 2084 2092
f 2084 2083 2093
f 2084 2093 2087
f 2080 2094 2082
f 2095 2094 2080
f 2096 2094 2095
f 2037 2039 2097
f 980 2098 979
f 2099 2100 2098
f 980 2099 2098
f 2099 2101 2100
f 2101 2102 2100
f 2103 2104 2102
f 2101 2103 2102
f 2103 2105 2106
f 2107 2108 2109
f 2103 2106 2104
f 2105 2110 2106
f 2105 2111 2110
f 2111 2112 2110
f 2111 2113 2112
f 2113 2109 2112
f 2113 2107 2109
f 2107 2114 2108
f 2115 2116 2117
f 2115 2118 2116
f 2119 2120 2121
f 2122 2121 2118
f 2122 2119 2121
f 2119 2123 2120
f 2114 2124 2125
f 2114 2125 2108
f 2126 2127 2124
f 2126 2128 2127
f 2128 2129 2127
f 2130 2131 2129
f 2128 2130 2129
f 2132 2131 2130
f 2114 2126 2124
f 2132 2117 2131
f 2132 2115 2117
f 2115 2122 2118
f 980 2133 2099
f 2099 2134 2101
f 2101 2135 2103
f 2103 2136 2105
f 2105 2137 2111
f 2111 2138 2113
f 2113 2139 2107
f 2107 2140 2114
f 2132 2130 2141
f 2114 2142 2126
f 2126 2143 2128
f 2128 2144 2130
f 2132 2145 2115
f 2115 2146 2122
f 2122 2147 2119
f 2119 2148 2123
f 2149 2150 2151
f 2152 2151 2153
f 2149 2154 2150
f 2155 2156 2157
f 2158 2159 2156
f 2158 2160 2159
f 2160 2153 2161
f 2160 2161 2159
f 2152 2153 2160
f 2149 2151 2152
f 1524 1525 1461
f 1524 1452 2162
f 2163 2162 2164
f 2165 2164 2166
f 1524 2162 2163
f 1529 1553 1552
f 2154 2166 2150
f 2165 2166 2154
f 2163 2164 2165
f 2149 2167 2154
f 2152 2160 2168
f 2149 2152 2169
f 1529 1525 1981
f 1524 1977 1525
f 1555 1553 2003
f 1529 2001 1553
f 2163 2165 2170
f 2165 2154 2171
f 1524 2163 1976
f 2172 2173 2174
f 2175 2157 2176
f 2177 2176 2178
f 2155 2157 2175
f 2172 2178 2173
f 2172 2177 2178
f 2177 2175 2176
f 2123 2179 2120
f 2180 2174 2179
f 2180 2172 2174
f 2123 2180 2179
f 2155 2158 2156
f 2155 2175 2181
f 2172 2182 2177
f 2123 2183 2180
f 2180 2184 2172
f 2177 2185 2175
f 2158 2186 2160
f 2155 2187 2158
f 1622 2188 2189
f 1622 2189 2190
f 1092 2191 1097
f 1092 2192 2191
f 1092 2193 2192
f 1092 2194 2193
f 1092 2195 2194
f 1092 2196 2195
f 1092 2197 2198
f 1092 2199 2197
f 1092 2198 2196
f 2190 2189 2200
f 2200 2189 2201
f 1622 2202 2203
f 1622 2203 2204
f 1622 2204 2205
f 1622 2205 2206
f 1622 2206 2207
f 1622 2207 2208
f 1622 2208 2209
f 1622 2209 2210
f 1622 2210 2211
f 1622 2211 2212
f 1622 1679 2202
f 1622 2212 2188
f 1698 2213 1693
f 2189 2188 2214
f 2188 2215 2214
f 2215 2216 2217
f 2215 2188 2218
f 2215 2218 2219
f 2215 2219 2216
f 2217 2216 2220
f 2217 2220 2221
f 2222 2217 2221
f 2222 2223 2217
f 2224 2223 2222
f 2223 2224 2225
f 2223 2225 2226
f 2223 2226 2227
f 2228 2227 2229
f 2223 2227 2228
f 1698 1699 2213
f 1699 1700 1701
f 1701 1702 2230
f 2230 2231 2232
f 2232 2233 2234
f 2230 1702 2231
f 2232 2231 2233
f 2234 2233 2235
f 2236 2235 2237
f 2234 2235 2236
f 2236 2237 2238
f 2239 2238 2237
f 2240 2239 2241
f 2238 2239 2240
f 2240 2241 2242
f 2243 2242 2241
f 2244 2243 2245
f 2246 2245 2247
f 2242 2243 2244
f 2244 2245 2246
f 2246 2247 2248
f 2248 2249 2250
f 2250 2251 2252
f 2252 2253 2254
f 2254 2255 2256
f 2249 2248 2247
f 2250 2249 2251
f 2252 2251 2253
f 2254 2253 2255
f 2257 2256 2255
f 2258 2257 2259
f 2258 2259 2260
f 2256 2257 2258
f 2261 2262 2263
f 2258 2260 2264
f 2258 2264 2265
f 2258 2265 2266
f 2261 2258 2266
f 2261 2267 2268
f 2261 2268 2258
f 2261 2263 2267
f 2256 2269 2270
f 2256 2258 2269
f 2270 2269 2271
f 2271 2269 2272
f 2217 2223 2273
f 980 997 2133
f 2099 2133 2134
f 2101 2134 2135
f 2103 2135 2136
f 2105 2136 2137
f 2111 2137 2138
f 2113 2138 2139
f 2107 2139 2140
f 2114 2140 2142
f 2126 2142 2143
f 2128 2143 2144
f 2130 2144 2141
f 2122 2146 2147
f 2132 2141 2145
f 2115 2145 2146
f 2119 2147 2148
f 2123 2148 2183
f 996 1117 2274
f 997 2274 2275
f 996 2274 997
f 997 2275 2133
f 2133 2275 2276
f 2134 2276 2277
f 2133 2276 2134
f 2134 2277 2135
f 2138 2278 2279
f 2135 2277 2280
f 2135 2280 2281
f 2136 2281 2282
f 2136 2282 2137
f 2135 2281 2136
f 2137 2282 2278
f 2137 2278 2138
f 2139 2283 2140
f 2138 2279 2139
f 2145 2284 2285
f 2147 2286 2287
f 2145 2285 2288
f 2146 2286 2147
f 2146 2288 2286
f 2147 2287 2148
f 2140 2283 2289
f 2139 2279 2283
f 2140 2289 2290
f 2143 2291 2292
f 2142 2290 2291
f 2143 2292 2144
f 2142 2291 2143
f 2141 2144 2293
f 2140 2290 2142
f 2144 2292 2293
f 2141 2293 2284
f 2141 2284 2145
f 2145 2288 2146
f 2149 2169 2167
f 2152 2168 2169
f 1525 1977 1981
f 1524 1976 1977
f 1569 1555 2003
f 1553 2001 2003
f 1529 1981 2001
f 2163 2170 1976
f 2154 2167 2171
f 2165 2171 2170
f 2186 2294 2295
f 2168 2295 2296
f 2169 2168 2296
f 2187 2297 2298
f 2181 2299 2297
f 2185 2300 2299
f 2187 2298 2186
f 2186 2298 2294
f 2168 2186 2295
f 1976 1916 1977
f 2171 2301 2302
f 2167 2303 2301
f 2170 2171 2302
f 2170 2302 1975
f 1976 2170 1975
f 1981 2000 2001
f 2169 2296 2303
f 2171 2167 2301
f 2169 2303 2167
f 2175 2185 2181
f 2180 2183 2184
f 2172 2184 2182
f 2177 2182 2185
f 2160 2186 2168
f 2158 2187 2186
f 2155 2181 2187
f 2183 2304 2305
f 2184 2306 2307
f 2182 2307 2300
f 2184 2305 2306
f 2184 2307 2182
f 2182 2300 2185
f 2148 2287 2304
f 2148 2304 2183
f 2183 2305 2184
f 2181 2297 2187
f 2181 2185 2299
f 87 86 476
f 86 89 480
f 89 90 478
f 90 91 481
f 93 97 484
f 97 96 488
f 91 93 482
f 88 84 469
f 78 76 471
f 76 88 470
f 77 78 473
f 84 87 472
f 96 98 486
f 98 99 489
f 99 101 491
f 101 102 492
f 102 110 501
f 110 124 514
f 124 123 513
f 154 152 535
f 152 153 541
f 157 158 529
f 153 155 533
f 155 156 542
f 156 157 543
f 158 159 551
f 159 160 555
f 160 161 553
f 161 185 557
f 185 187 559
f 187 188 567
f 188 189 569
f 189 190 571
f 190 191 573
f 191 192 574
f 192 193 576
f 193 194 578
f 194 195 583
f 195 196 581
f 196 197 584
f 208 207 593
f 209 208 594
f 211 209 595
f 137 139 537
f 139 154 544
f 207 137 536
f 197 199 585
f 199 201 587
f 201 202 589
f 202 203 591
f 203 205 590
f 205 214 592
f 214 216 592
f 224 225 610
f 225 226 611
f 217 219 604
f 215 218 603
f 216 215 601
f 218 217 602
f 219 220 605
f 220 221 606
f 221 222 607
f 222 223 608
f 223 224 609
f 251 636 226
f 123 116 506
f 116 271 660
f 271 263 651
f 263 272 661
f 272 264 653
f 264 260 649
f 260 273 662
f 273 267 656
f 267 265 655
f 274 211 596
f 265 213 599
f 213 268 657
f 268 269 658
f 269 270 659
f 270 275 664
f 77 474 1118
f 290 274 663
f 291 290 705
f 292 291 706
f 293 292 708
f 294 293 707
f 295 294 709
f 296 295 711
f 297 296 710
f 298 297 713
f 299 298 712
f 300 299 714
f 301 300 715
f 302 301 716
f 303 302 717
f 304 303 718
f 305 304 719
f 306 305 691
f 316 311 698
f 317 318 703
f 318 316 702
f 307 306 693
f 309 307 694
f 310 309 695
f 313 310 696
f 314 313 699
f 315 314 700
f 312 315 701
f 311 312 697
f 308 317 692
f 319 308 692
f 320 319 742
f 321 320 720
f 322 321 722
f 324 322 724
f 326 324 726
f 328 326 728
f 330 328 730
f 332 330 732
f 334 332 734
f 336 334 736
f 338 336 738
f 340 338 740
f 341 340 748
f 342 341 749
f 343 342 750
f 350 343 751
f 344 348 745
f 345 323 723
f 323 325 725
f 347 349 741
f 349 345 721
f 348 347 744
f 405 344 746
f 406 405 805
f 331 333 743
f 333 346 733
f 346 335 735
f 335 337 737
f 337 339 739
f 325 327 727
f 327 329 729
f 329 331 731
f 407 406 804
f 289 1835 275
f 339 351 747
f 351 365 754
f 365 366 755
f 366 367 756
f 367 368 757
f 368 369 758
f 369 371 759
f 371 370 760
f 370 372 761
f 372 374 762
f 374 373 763
f 373 375 752
f 375 357 776
f 357 377 777
f 377 376 778
f 376 378 779
f 378 358 768
f 386 385 787
f 385 387 788
f 387 393 794
f 393 394 795
f 394 388 789
f 380 381 782
f 408 379 780
f 379 380 781
f 410 409 806
f 409 408 807
f 401 402 802
f 402 352 764
f 352 384 784
f 384 383 785
f 381 401 803
f 383 386 786
f 411 410 808
f 87 476 472
f 86 480 476
f 90 481 478
f 89 478 480
f 93 484 482
f 97 488 484
f 91 482 481
f 84 472 469
f 76 470 471
f 88 469 470
f 78 471 473
f 77 473 474
f 96 486 488
f 98 489 486
f 99 491 489
f 101 492 491
f 102 501 492
f 110 514 501
f 124 513 514
f 154 535 544
f 152 541 535
f 155 542 533
f 153 533 541
f 156 543 542
f 157 529 543
f 158 551 529
f 159 555 551
f 160 553 555
f 161 557 553
f 185 559 557
f 187 567 559
f 188 569 567
f 189 571 569
f 190 573 571
f 191 574 573
f 192 576 574
f 193 578 576
f 194 583 578
f 195 581 583
f 196 584 581
f 208 593 594
f 209 594 595
f 211 595 596
f 137 537 536
f 139 544 537
f 207 536 593
f 197 585 584
f 199 587 585
f 201 589 587
f 202 591 589
f 203 590 591
f 205 592 590
f 592 216 600
f 224 610 609
f 225 611 610
f 216 601 600
f 217 604 602
f 215 603 601
f 218 602 603
f 220 606 605
f 219 605 604
f 221 607 606
f 222 608 607
f 223 609 608
f 636 611 226
f 998 636 251
f 123 506 513
f 116 660 506
f 271 651 660
f 263 661 651
f 272 653 661
f 264 649 653
f 260 662 649
f 273 656 662
f 267 655 656
f 265 599 655
f 213 657 599
f 268 658 657
f 269 659 658
f 270 664 659
f 274 596 663
f 690 664 275
f 290 663 705
f 291 705 706
f 292 706 708
f 293 708 707
f 294 707 709
f 295 709 711
f 296 711 710
f 297 710 713
f 298 713 712
f 299 712 714
f 300 714 715
f 301 715 716
f 302 716 717
f 303 717 718
f 304 718 719
f 305 719 691
f 691 693 306
f 311 697 698
f 317 703 704
f 316 698 702
f 318 702 703
f 307 693 694
f 309 694 695
f 310 695 696
f 314 699 700
f 313 696 699
f 315 700 701
f 312 701 697
f 692 317 704
f 319 692 742
f 320 742 720
f 720 722 321
f 322 722 724
f 324 724 726
f 326 726 728
f 328 728 730
f 330 730 732
f 332 732 734
f 334 734 736
f 336 736 738
f 338 738 740
f 340 740 748
f 341 748 749
f 342 749 750
f 343 750 751
f 751 753 350
f 348 744 745
f 345 723 721
f 325 727 725
f 323 725 723
f 347 741 744
f 349 721 741
f 344 745 746
f 405 746 805
f 406 805 804
f 331 743 731
f 333 733 743
f 346 735 733
f 335 737 735
f 337 739 737
f 327 729 727
f 329 731 729
f 747 739 339
f 690 275 1588
f 754 747 351
f 365 755 754
f 366 756 755
f 367 757 756
f 368 758 757
f 369 759 758
f 371 760 759
f 370 761 760
f 372 762 761
f 374 763 762
f 373 752 763
f 375 776 752
f 357 777 776
f 377 778 777
f 376 779 778
f 378 768 779
f 386 787 786
f 385 788 787
f 387 794 788
f 393 795 794
f 394 789 795
f 380 782 781
f 381 803 782
f 379 781 780
f 409 807 806
f 410 806 808
f 408 780 807
f 401 802 803
f 402 764 802
f 352 784 764
f 384 785 784
f 383 786 785
f 789 388 1045
f 768 358 809
f 251 811 998
f 811 813 999
f 813 815 1000
f 815 817 1001
f 817 819 1002
f 819 821 1003
f 821 823 1004
f 823 824 1005
f 824 826 1006
f 826 828 1007
f 828 830 1008
f 830 832 1009
f 832 842 1010
f 842 844 1011
f 844 846 1012
f 846 848 1013
f 848 850 1014
f 861 860 1018
f 859 861 1017
f 860 862 1016
f 382 859 1019
f 872 382 783
f 362 361 771
f 363 362 773
f 364 363 774
f 355 364 775
f 862 866 1023
f 866 865 1022
f 865 864 1020
f 864 863 1021
f 354 353 766
f 863 867 1024
f 867 354 765
f 353 355 767
f 356 350 753
f 359 356 769
f 360 359 770
f 361 360 772
f 876 872 1029
f 880 876 1034
f 887 880 1040
f 390 389 791
f 874 873 1030
f 873 871 1028
f 868 870 1027
f 869 868 1026
f 389 869 1025
f 870 874 1031
f 392 391 792
f 391 390 790
f 395 392 793
f 396 395 796
f 397 396 797
f 398 397 798
f 399 398 799
f 400 399 800
f 871 875 1032
f 877 878 1035
f 875 877 1033
f 878 879 1036
f 879 881 1037
f 881 882 1038
f 882 883 1041
f 403 400 801
f 404 403 1046
f 888 404 1047
f 889 888 1048
f 890 889 1049
f 891 890 1050
f 892 891 1051
f 893 892 1052
f 894 893 1053
f 895 894 1054
f 896 895 1055
f 918 896 1076
f 883 884 1039
f 884 885 1042
f 885 886 1043
f 886 897 1056
f 897 898 1057
f 898 899 1058
f 887 1044 902
f 899 900 1059
f 900 901 1060
f 901 903 1062
f 905 902 1061
f 903 904 1063
f 904 905 1064
f 906 908 1065
f 907 906 1067
f 908 909 1068
f 909 910 1069
f 910 915 1074
f 915 916 1075
f 911 913 1070
f 916 911 1072
f 912 907 1066
f 921 918 1077
f 922 921 1078
f 923 922 1079
f 926 925 1081
f 927 926 1083
f 924 923 1080
f 925 924 1082
f 919 920 1085
f 914 919 1086
f 920 927 1084
f 913 914 1073
f 928 912 1071
f 929 928 1087
f 930 929 1089
f 388 917 1088
f 931 930 1091
f 917 931 1090
f 932 1094 933
f 933 1093 934
f 934 1095 935
f 935 1096 936
f 937 936 1097
f 937 2191 938
f 938 2192 939
f 850 943 1015
f 943 944 1098
f 944 946 1099
f 946 948 1100
f 948 950 1101
f 950 952 1102
f 952 954 1103
f 954 955 1104
f 955 957 1105
f 957 959 1106
f 959 961 1107
f 961 963 1108
f 963 965 1109
f 965 967 1110
f 967 968 1111
f 968 970 1112
f 970 972 1113
f 972 974 1114
f 974 976 1115
f 976 978 1116
f 999 998 811
f 1000 999 813
f 1001 1000 815
f 1002 1001 817
f 819 1003 1002
f 821 1004 1003
f 1005 1004 823
f 1006 1005 824
f 1007 1006 826
f 1008 1007 828
f 1009 1008 830
f 832 1010 1009
f 1011 1010 842
f 1012 1011 844
f 1013 1012 846
f 1014 1013 848
f 861 1018 1017
f 1017 1019 859
f 1016 1018 860
f 783 382 1019
f 362 771 773
f 363 773 774
f 355 775 767
f 364 774 775
f 862 1023 1016
f 865 1020 1022
f 866 1022 1023
f 864 1021 1020
f 354 766 765
f 867 765 1024
f 863 1024 1021
f 353 767 766
f 753 769 356
f 359 769 770
f 360 770 772
f 361 772 771
f 872 783 1029
f 1029 1034 876
f 1034 1040 880
f 887 1040 1044
f 389 1025 791
f 873 1028 1030
f 870 1031 1027
f 868 1027 1026
f 869 1026 1025
f 874 1030 1031
f 390 791 790
f 391 790 792
f 392 792 793
f 395 793 796
f 396 796 797
f 397 797 798
f 398 798 799
f 399 799 800
f 871 1032 1028
f 1033 1032 875
f 877 1035 1033
f 878 1036 1035
f 879 1037 1036
f 881 1038 1037
f 882 1041 1038
f 400 800 801
f 801 1046 403
f 404 1046 1047
f 888 1047 1048
f 889 1048 1049
f 890 1049 1050
f 1050 1051 891
f 892 1051 1052
f 893 1052 1053
f 894 1053 1054
f 895 1054 1055
f 1055 1076 896
f 918 1076 1077
f 1039 1041 883
f 884 1042 1039
f 885 1043 1042
f 886 1056 1043
f 897 1057 1056
f 1058 1057 898
f 899 1059 1058
f 1044 1061 902
f 900 1060 1059
f 901 1062 1060
f 903 1063 1062
f 905 1061 1064
f 904 1064 1063
f 1065 1067 906
f 908 1068 1065
f 909 1069 1068
f 907 1067 1066
f 910 1074 1069
f 915 1075 1074
f 916 1072 1075
f 911 1070 1072
f 913 1073 1070
f 912 1066 1071
f 921 1077 1078
f 922 1078 1079
f 923 1079 1080
f 1081 1083 926
f 927 1083 1084
f 924 1080 1082
f 925 1082 1081
f 914 1086 1073
f 919 1085 1086
f 920 1084 1085
f 1071 1087 928
f 1087 1089 929
f 1089 1091 930
f 1045 388 1088
f 931 1091 1090
f 1090 1088 917
f 933 1094 1093
f 934 1093 1095
f 935 1095 1096
f 936 1096 1097
f 932 1092 1094
f 937 1097 2191
f 938 2191 2192
f 939 2192 2193
f 1015 1014 850
f 943 1098 1015
f 1099 1098 944
f 1100 1099 946
f 1101 1100 948
f 1102 1101 950
f 1103 1102 952
f 954 1104 1103
f 1105 1104 955
f 1106 1105 957
f 1107 1106 959
f 1108 1107 961
f 1109 1108 963
f 965 1110 1109
f 967 1111 1110
f 1112 1111 968
f 1113 1112 970
f 1114 1113 972
f 1115 1114 974
f 976 1116 1115
f 1129 407 1589
f 1130 1129 1595
f 1131 1130 1596
f 1132 1131 1597
f 1133 1132 1598
f 1134 1133 1599
f 1135 1134 1600
f 1136 1135 1601
f 1137 1136 1602
f 1138 1137 1603
f 1139 1138 1605
f 1140 1139 1604
f 1141 1140 1606
f 1142 1141 1607
f 1143 1142 1608
f 1144 1143 1609
f 1145 1144 1610
f 358 1124 809
f 1146 1145 1611
f 1147 1146 1612
f 1148 1147 1613
f 1152 1149 1614
f 1153 1152 1618
f 1149 1148 1615
f 1124 1126 1591
f 1125 1127 1593
f 1126 1125 1592
f 1183 1184 1652
f 1128 1183 1651
f 1127 1128 1594
f 1154 1153 1619
f 1150 1154 1620
f 1151 1150 1617
f 1184 1151 1616
f 1185 411 1590
f 1186 1185 1649
f 1187 1186 1650
f 1188 1187 1653
f 1189 1188 1654
f 1190 1189 1655
f 1191 1190 1656
f 1192 1191 1657
f 1193 1192 1658
f 1194 1193 1659
f 1195 1194 1660
f 1196 1195 1661
f 1197 1196 1662
f 1198 1197 1663
f 1199 1198 1664
f 1155 1199 1665
f 289 1123 1835
f 1159 1156 1621
f 1162 1160 1625
f 1157 1159 1638
f 1160 1157 1623
f 1164 1162 1628
f 1203 1201 1666
f 1201 1200 1667
f 1200 1204 1670
f 1204 1205 1671
f 1205 1206 1672
f 1206 1207 1673
f 1207 1208 1674
f 1208 1209 1675
f 1209 1210 1676
f 1202 1203 1669
f 1156 1202 1668
f 1210 1211 1677
f 1218 1221 1694
f 1221 1229 1695
f 1229 1222 1696
f 1222 1230 1687
f 1212 1216 1678
f 1211 1212 1680
f 1216 1228 1683
f 1228 1218 1685
f 1230 1226 1692
f 1226 1231 1697
f 1231 1233 1698
f 1233 1234 1700
f 1234 1236 1702
f 1236 2058 2231
f 2058 2057 2233
f 1238 1118 1573
f 1239 1238 1703
f 1241 1239 1705
f 1242 1241 1706
f 1244 1242 1708
f 1245 1244 1709
f 1247 1245 1711
f 1249 1247 1713
f 1250 1249 1714
f 1252 1250 1716
f 1254 1252 1718
f 1256 1254 1720
f 1257 1256 1721
f 1258 1257 1723
f 1260 1258 1725
f 1263 1260 1727
f 1302 1263 1729
f 1334 1302 1766
f 1335 1334 1789
f 1168 1167 1633
f 1167 1169 1634
f 1169 1170 1635
f 1170 1171 1636
f 1171 1172 1637
f 1375 1374 1830
f 1158 1161 1624
f 1161 1163 1629
f 1376 1373 1828
f 1373 1158 1630
f 1374 1376 1831
f 1377 1375 1829
f 1378 1377 1832
f 1163 1165 1626
f 1165 1166 1631
f 1166 1168 1632
f 1172 1173 1639
f 1164 1834 1380
f 1173 1174 1640
f 1174 1175 1641
f 1175 1176 1642
f 1176 1177 1643
f 1177 1178 1644
f 1178 1179 1645
f 1179 1180 1646
f 1180 1181 1647
f 1181 1182 1648
f 1182 1381 1833
f 1381 1380 1834
f 1378 1836 1379
f 1123 1382 1835
f 1390 1389 1839
f 1382 1383 1838
f 1383 1386 1842
f 1387 1388 1844
f 1386 1387 1843
f 1385 1384 1841
f 1384 1390 1845
f 1388 1385 1840
f 1379 1837 1409
f 1336 1335 1791
f 1337 1336 1792
f 1315 1337 1793
f 1391 1315 1770
f 1392 1391 1847
f 1389 1392 1846
f 1412 1411 1866
f 1413 1412 1865
f 1414 1413 1867
f 1415 1414 1868
f 1416 1415 1869
f 1417 1416 1870
f 1418 1417 1871
f 1419 1418 1872
f 1420 1422 1875
f 1421 1875 1422
f 1423 1420 1874
f 1424 1423 1876
f 1425 1424 1877
f 1426 1425 1878
f 1427 1426 1879
f 1428 1427 1880
f 1429 1428 1881
f 1430 1429 1882
f 1431 1430 1883
f 1432 1431 1884
f 1421 1519 1971
f 1442 1419 1895
f 1443 1442 1896
f 1444 1443 1897
f 1445 1444 1898
f 1446 1445 1899
f 1514 1513 1965
f 1515 1514 1967
f 1519 1511 1962
f 1511 1510 1963
f 1510 1518 1970
f 1517 1516 1969
f 1516 1515 1966
f 1518 1517 1968
f 1512 1446 1900
f 1513 1512 1964
f 1434 1432 1885
f 474 1573 1118
f 804 1589 407
f 1588 275 1835
f 1129 1589 1595
f 1130 1595 1596
f 1131 1596 1597
f 1132 1597 1598
f 1133 1598 1599
f 1134 1599 1600
f 1135 1600 1601
f 1136 1601 1602
f 1137 1602 1603
f 1138 1603 1605
f 1139 1605 1604
f 1140 1604 1606
f 1141 1606 1607
f 1142 1607 1608
f 1143 1608 1609
f 1144 1609 1610
f 808 1590 411
f 1610 1611 1145
f 1146 1611 1612
f 1147 1612 1613
f 1152 1614 1618
f 1148 1613 1615
f 1149 1615 1614
f 1124 1591 809
f 1125 1593 1592
f 1126 1592 1591
f 1128 1651 1594
f 1184 1616 1652
f 1183 1652 1651
f 1127 1594 1593
f 1153 1618 1619
f 1154 1619 1620
f 1150 1620 1617
f 1151 1617 1616
f 1185 1590 1649
f 1186 1649 1650
f 1187 1650 1653
f 1188 1653 1654
f 1654 1655 1189
f 1190 1655 1656
f 1191 1656 1657
f 1192 1657 1658
f 1193 1658 1659
f 1194 1659 1660
f 1195 1660 1661
f 1196 1661 1662
f 1197 1662 1663
f 1198 1663 1664
f 1199 1664 1665
f 1155 1665 1622
f 1156 1668 1621
f 1159 1621 1638
f 1160 1623 1625
f 1162 1625 1628
f 1157 1638 1623
f 1164 1628 1627
f 1201 1667 1666
f 1204 1671 1670
f 1200 1670 1667
f 1205 1672 1671
f 1207 1674 1673
f 1206 1673 1672
f 1675 1674 1208
f 1209 1676 1675
f 1202 1669 1668
f 1203 1666 1669
f 1627 1834 1164
f 1677 1676 1210
f 1218 1694 1685
f 1221 1695 1694
f 1229 1696 1695
f 1687 1696 1222
f 1678 1680 1212
f 1216 1683 1678
f 1211 1680 1677
f 1228 1685 1683
f 1230 1692 1687
f 1226 1697 1692
f 1698 1697 1231
f 1233 1700 1698
f 1234 1702 1700
f 2231 1702 1236
f 2058 2233 2231
f 1238 1573 1703
f 1703 1705 1239
f 1241 1705 1706
f 1706 1708 1242
f 1244 1708 1709
f 1709 1711 1245
f 1711 1713 1247
f 1249 1713 1714
f 1714 1716 1250
f 1716 1718 1252
f 1718 1720 1254
f 1256 1720 1721
f 1721 1723 1257
f 1723 1725 1258
f 1725 1727 1260
f 1263 1727 1729
f 1729 1766 1302
f 1334 1766 1789
f 1789 1791 1335
f 1168 1633 1632
f 1167 1634 1633
f 1169 1635 1634
f 1170 1636 1635
f 1171 1637 1636
f 1158 1624 1630
f 1161 1629 1624
f 1376 1828 1831
f 1373 1630 1828
f 1374 1831 1830
f 1375 1830 1829
f 1377 1829 1832
f 1832 1836 1378
f 1163 1626 1629
f 1165 1631 1626
f 1166 1632 1631
f 1639 1637 1172
f 1173 1640 1639
f 1174 1641 1640
f 1175 1642 1641
f 1176 1643 1642
f 1177 1644 1643
f 1645 1644 1178
f 1179 1646 1645
f 1180 1647 1646
f 1181 1648 1647
f 1182 1833 1648
f 1381 1834 1833
f 1836 1837 1379
f 1382 1838 1835
f 1383 1842 1838
f 1844 1843 1387
f 1386 1843 1842
f 1385 1841 1840
f 1390 1839 1845
f 1384 1845 1841
f 1388 1840 1844
f 1336 1791 1792
f 1337 1792 1793
f 1315 1793 1770
f 1391 1770 1847
f 1392 1847 1846
f 1389 1846 1839
f 1837 1863 1409
f 1412 1866 1865
f 1413 1865 1867
f 1414 1867 1868
f 1415 1868 1869
f 1416 1869 1870
f 1417 1870 1871
f 1871 1872 1418
f 1872 1895 1419
f 1420 1875 1874
f 1423 1874 1876
f 1424 1876 1877
f 1425 1877 1878
f 1878 1879 1426
f 1427 1879 1880
f 1428 1880 1881
f 1429 1881 1882
f 1430 1882 1883
f 1431 1883 1884
f 1432 1884 1885
f 1873 1875 1421
f 1421 1971 1873
f 1442 1895 1896
f 1443 1896 1897
f 1444 1897 1898
f 1446 1899 1900
f 1445 1898 1899
f 1514 1965 1967
f 1519 1962 1971
f 1511 1963 1962
f 1518 1968 1970
f 1510 1970 1963
f 1966 1969 1516
f 1517 1969 1968
f 1515 1967 1966
f 1512 1900 1964
f 1513 1964 1965
f 1911 1434 1885
f 1155 1622 2017
f 939 2193 940
f 940 2194 941
f 932 2024 1092
f 941 2195 942
f 942 2196 2021
f 2021 2198 2022
f 2022 2197 2023
f 2023 2199 2024
f 2025 2017 2190
f 2026 2025 2200
f 2019 2026 2189
f 2039 2019 2189
f 2097 2039 2214
f 2031 2032 2207
f 2032 2018 2208
f 2018 2034 2209
f 2034 2035 2210
f 2035 2036 2211
f 1223 1220 1688
f 1220 1219 1686
f 1219 1217 1684
f 1214 1213 1679
f 2028 2027 2203
f 2027 2029 2204
f 1213 2028 2202
f 1215 1214 1681
f 1217 1215 1682
f 1224 1223 1689
f 1225 1224 1690
f 1227 1225 1691
f 2033 1227 1693
f 1232 2033 2213
f 1235 1232 1699
f 2054 1235 1701
f 2055 2054 2230
f 2029 2030 2205
f 2030 2031 2206
f 2036 2020 2212
f 2020 2038 2188
f 2046 2042 2273
f 2038 2040 2218
f 2040 2041 2219
f 2041 2043 2216
f 2043 2044 2220
f 2044 2045 2221
f 2045 2047 2222
f 2047 2048 2224
f 2048 2050 2225
f 2050 2051 2226
f 2053 2049 2228
f 2051 2052 2227
f 2052 2053 2229
f 2049 2046 2223
f 2057 2059 2235
f 2056 2055 2232
f 2062 2056 2234
f 2060 2062 2236
f 2059 2061 2237
f 2061 2063 2239
f 2063 2065 2241
f 2065 2068 2243
f 2068 2069 2245
f 2069 2071 2247
f 2071 2081 2249
f 2081 2075 2251
f 2075 2077 2253
f 2064 2060 2238
f 2066 2064 2240
f 2067 2066 2242
f 2070 2067 2244
f 2072 2070 2246
f 2073 2072 2248
f 2074 2073 2250
f 2093 2083 2268
f 2077 2079 2255
f 2079 2088 2257
f 2088 2089 2259
f 2089 2090 2260
f 2092 2084 2266
f 2090 2091 2264
f 2091 2092 2265
f 2084 2086 2261
f 2085 2087 2263
f 2086 2085 2262
f 2087 2093 2267
f 2076 2074 2252
f 2078 2076 2254
f 2080 2078 2256
f 2082 2094 2269
f 2095 2080 2270
f 2096 2095 2271
f 2094 2096 2272
f 2083 2082 2258
f 2037 2097 2215
f 2042 2037 2217
f 2098 2100 2275
f 2100 2102 2276
f 2102 2104 2277
f 978 979 1117
f 979 2098 2274
f 2104 2106 2280
f 2106 2110 2281
f 2110 2112 2282
f 2112 2109 2278
f 2109 2108 2279
f 2129 2131 2292
f 2121 2120 2286
f 2131 2117 2293
f 2117 2116 2284
f 2116 2118 2285
f 2118 2121 2288
f 2108 2125 2283
f 2125 2124 2289
f 2124 2127 2290
f 2127 2129 2291
f 2178 2176 2307
f 2161 2153 2294
f 2153 2151 2295
f 2159 2161 2298
f 2157 2156 2299
f 2156 2159 2297
f 2176 2157 2300
f 1434 1911 1520
f 1521 1520 1972
f 1522 1521 1973
f 1523 1522 1974
f 1452 1523 1906
f 2162 1452 1975
f 2164 2162 2302
f 2150 2166 2303
f 2166 2164 2301
f 2151 2150 2296
f 2120 2179 2287
f 2179 2174 2304
f 2173 2178 2306
f 2174 2173 2305
f 1622 2190 2017
f 940 2193 2194
f 2194 2195 941
f 942 2195 2196
f 2021 2196 2198
f 2023 2197 2199
f 2022 2198 2197
f 2024 2199 1092
f 2025 2190 2200
f 2026 2200 2201
f 2189 2026 2201
f 2189 2214 2039
f 2097 2214 2215
f 2032 2208 2207
f 2209 2208 2018
f 2034 2210 2209
f 2035 2211 2210
f 1217 1682 1684
f 1219 1684 1686
f 1686 1688 1220
f 1213 2202 1679
f 1214 1679 1681
f 2204 2203 2027
f 2028 2203 2202
f 1215 1681 1682
f 1223 1688 1689
f 1224 1689 1690
f 1225 1690 1691
f 1227 1691 1693
f 1693 2213 2033
f 1232 2213 1699
f 1235 1699 1701
f 2054 1701 2230
f 2230 2232 2055
f 2029 2205 2204
f 2030 2206 2205
f 2031 2207 2206
f 2036 2212 2211
f 2188 2212 2020
f 2038 2218 2188
f 2046 2273 2223
f 2040 2219 2218
f 2216 2219 2041
f 2043 2220 2216
f 2044 2221 2220
f 2222 2221 2045
f 2047 2224 2222
f 2048 2225 2224
f 2050 2226 2225
f 2227 2226 2051
f 2052 2229 2227
f 2053 2228 2229
f 2223 2228 2049
f 2057 2235 2233
f 2056 2232 2234
f 2062 2234 2236
f 2236 2238 2060
f 2237 2235 2059
f 2061 2239 2237
f 2063 2241 2239
f 2243 2241 2065
f 2068 2245 2243
f 2069 2247 2245
f 2249 2247 2071
f 2081 2251 2249
f 2075 2253 2251
f 2077 2255 2253
f 2064 2238 2240
f 2066 2240 2242
f 2242 2244 2067
f 2070 2244 2246
f 2072 2246 2248
f 2248 2250 2073
f 2074 2250 2252
f 2258 2268 2083
f 2090 2264 2260
f 2257 2255 2079
f 2088 2259 2257
f 2089 2260 2259
f 2092 2266 2265
f 2091 2265 2264
f 2261 2266 2084
f 2085 2263 2262
f 2086 2262 2261
f 2267 2263 2087
f 2093 2268 2267
f 2076 2252 2254
f 2078 2254 2256
f 2256 2270 2080
f 2082 2269 2258
f 2095 2270 2271
f 2094 2272 2269
f 2096 2271 2272
f 2037 2215 2217
f 2217 2273 2042
f 2276 2275 2100
f 2277 2276 2102
f 978 1117 1116
f 2274 1117 979
f 2275 2274 2098
f 2104 2280 2277
f 2281 2280 2106
f 2282 2281 2110
f 2278 2282 2112
f 2279 2278 2109
f 2292 2291 2129
f 2293 2292 2131
f 2284 2293 2117
f 2288 2285 2118
f 2116 2285 2284
f 2286 2288 2121
f 2283 2279 2108
f 2125 2289 2283
f 2290 2289 2124
f 2291 2290 2127
f 2300 2307 2176
f 2307 2306 2178
f 2295 2294 2153
f 2161 2294 2298
f 2298 2297 2159
f 2299 2300 2157
f 2297 2299 2156
f 2302 2301 2164
f 1520 1911 1972
f 1521 1972 1973
f 1522 1973 1974
f 1523 1974 1906
f 1906 1975 1452
f 1975 2302 2162
f 2301 2303 2166
f 2303 2296 2150
f 2296 2295 2151
f 2305 2304 2174
f 2287 2286 2120
f 2304 2287 2179
f 2173 2306 2305
f 29 27 464
f 58 29 465
f 65 58 466
f 62 65 467
f 82 62 468
f 55 46 446
f 46 42 442
f 35 32 451
f 42 39 456
f 39 35 454
f 52 50 459
f 50 55 462
f 27 52 463
f 23 60 438
f 32 23 448
f 60 79 439
f 79 80 440
f 80 22 516
f 22 25 517
f 25 125 518
f 125 126 520
f 126 127 521
f 127 129 522
f 129 130 523
f 130 132 524
f 132 134 525
f 134 136 526
f 136 141 538
f 141 143 539
f 143 145 540
f 145 147 530
f 83 82 475
f 85 83 477
f 92 85 479
f 94 92 483
f 95 94 485
f 100 95 487
f 103 100 490
f 104 103 493
f 105 104 494
f 106 105 495
f 107 106 496
f 108 107 497
f 109 108 498
f 111 109 499
f 112 111 500
f 113 112 502
f 114 113 503
f 118 114 504
f 120 118 508
f 121 119 510
f 122 121 511
f 262 115 507
f 261 262 652
f 117 122 512
f 115 117 505
f 119 120 509
f 147 149 528
f 149 151 531
f 151 163 532
f 163 138 534
f 138 210 597
f 210 212 598
f 212 266 654
f 266 259 650
f 259 261 648
f 29 464 465
f 58 465 466
f 65 466 467
f 62 467 468
f 82 468 475
f 55 446 462
f 42 456 442
f 46 442 446
f 35 451 454
f 32 448 451
f 39 454 456
f 50 462 459
f 52 459 463
f 27 463 464
f 23 438 448
f 60 439 438
f 79 440 439
f 80 516 440
f 22 517 516
f 25 518 517
f 125 520 518
f 126 521 520
f 127 522 521
f 129 523 522
f 130 524 523
f 132 525 524
f 134 526 525
f 136 538 526
f 141 539 538
f 143 540 539
f 145 530 540
f 83 475 477
f 85 477 479
f 92 479 483
f 94 483 485
f 95 485 487
f 100 487 490
f 103 490 493
f 104 493 494
f 105 494 495
f 106 495 496
f 107 496 497
f 108 497 498
f 109 498 499
f 111 499 500
f 112 500 502
f 113 502 503
f 114 503 504
f 118 504 508
f 121 510 511
f 261 652 648
f 262 507 652
f 117 512 505
f 122 511 512
f 115 505 507
f 120 508 509
f 119 509 510
f 147 528 530
f 149 531 528
f 151 532 531
f 163 534 532
f 138 597 534
f 210 598 597
f 212 654 598
f 266 650 654
f 259 648 650
f 1318 1321 1775
f 1321 1320 1776
f 1320 1322 1777
f 1393 1394 1848
f 1394 1395 1849
f 1322 1314 1790
f 1314 1316 1771
f 1316 1317 1769
f 1317 1393 1772
f 1323 1319 1773
f 1324 1323 1778
f 1325 1324 1779
f 1319 1318 1774
f 1326 1325 1780
f 1327 1326 1781
f 1328 1327 1782
f 1329 1328 1783
f 1330 1329 1784
f 1331 1330 1785
f 1332 1331 1786
f 1333 1332 1787
f 1338 1333 1788
f 1344 1343 1799
f 1345 1344 1800
f 1342 1341 1797
f 1341 1340 1795
f 1340 1339 1796
f 1343 1342 1798
f 1355 1338 1794
f 1356 1355 1811
f 1339 1362 1817
f 1362 1358 1813
f 1358 1357 1814
f 1359 1356 1812
f 1360 1359 1815
f 1361 1370 1824
f 1371 1360 1825
f 1370 1371 1826
f 1357 1361 1816
f 1346 1345 1802
f 1347 1346 1801
f 1348 1347 1803
f 1349 1348 1804
f 1350 1349 1805
f 1351 1350 1806
f 1352 1351 1807
f 1353 1352 1808
f 1354 1353 1809
f 1363 1354 1810
f 1364 1363 1818
f 1365 1364 1819
f 1366 1365 1820
f 1367 1366 1821
f 1368 1367 1822
f 1395 1396 1850
f 1396 1397 1851
f 1397 1398 1852
f 1398 1399 1853
f 1399 1400 1854
f 1400 1401 1855
f 1401 1402 1856
f 1402 1403 1857
f 1403 1404 1858
f 1404 1405 1859
f 1405 1406 1860
f 1406 1407 1861
f 1407 1408 1862
f 1409 1863 1408
f 1436 1438 1886
f 1438 1437 1887
f 1439 1436 1888
f 1457 1439 1890
f 1437 1453 1889
f 1453 1460 1909
f 1454 1459 1915
f 1441 1433 1893
f 1435 1456 1914
f 1433 1435 1894
f 1456 1455 1912
f 1455 1454 1913
f 1410 1864 1411
f 1410 1440 1891
f 1440 1441 1892
f 1458 1457 1908
f 1459 1458 1907
f 1460 1461 1910
f 1461 1526 1916
f 1526 1527 1978
f 1527 1528 1979
f 1528 1530 1980
f 1530 1531 1982
f 1531 1449 1902
f 1449 1448 1903
f 1369 1368 1372
f 1483 1929 1484
f 1485 1484 1929
f 1491 1485 1930
f 1492 1491 1936
f 1448 1450 1904
f 1450 1451 1905
f 1480 1928 1451
f 1488 1489 1933
f 1490 1496 1935
f 1489 1490 1934
f 1497 1494 1938
f 1493 1492 1937
f 1494 1493 1939
f 1496 1495 1940
f 1495 1497 1941
f 1480 1487 1931
f 1487 1488 1932
f 1790 1777 1322
f 1318 1775 1774
f 1321 1776 1775
f 1320 1777 1776
f 1394 1849 1848
f 1314 1771 1790
f 1316 1769 1771
f 1772 1769 1317
f 1393 1848 1772
f 1323 1773 1778
f 1324 1778 1779
f 1779 1780 1325
f 1774 1773 1319
f 1780 1781 1326
f 1327 1781 1782
f 1782 1783 1328
f 1783 1784 1329
f 1330 1784 1785
f 1785 1786 1331
f 1332 1786 1787
f 1787 1788 1333
f 1788 1794 1338
f 1339 1817 1796
f 1344 1799 1800
f 1342 1797 1798
f 1341 1795 1797
f 1796 1795 1340
f 1798 1799 1343
f 1355 1794 1811
f 1811 1812 1356
f 1362 1813 1817
f 1358 1814 1813
f 1359 1812 1815
f 1815 1825 1360
f 1371 1825 1826
f 1370 1826 1824
f 1357 1816 1814
f 1361 1824 1816
f 1800 1802 1345
f 1346 1802 1801
f 1801 1803 1347
f 1348 1803 1804
f 1349 1804 1805
f 1805 1806 1350
f 1351 1806 1807
f 1352 1807 1808
f 1808 1809 1353
f 1354 1809 1810
f 1363 1810 1818
f 1364 1818 1819
f 1365 1819 1820
f 1366 1820 1821
f 1367 1821 1822
f 1368 1822 1823
f 1395 1850 1849
f 1851 1850 1396
f 1397 1852 1851
f 1398 1853 1852
f 1854 1853 1399
f 1400 1855 1854
f 1856 1855 1401
f 1402 1857 1856
f 1858 1857 1403
f 1404 1859 1858
f 1860 1859 1405
f 1406 1861 1860
f 1862 1861 1407
f 1408 1863 1862
f 1864 1866 1411
f 1438 1887 1886
f 1436 1886 1888
f 1889 1887 1437
f 1457 1890 1908
f 1439 1888 1890
f 1453 1909 1889
f 1915 1913 1454
f 1894 1893 1433
f 1435 1914 1894
f 1455 1913 1912
f 1456 1912 1914
f 1891 1864 1410
f 1440 1892 1891
f 1441 1893 1892
f 1458 1908 1907
f 1459 1907 1915
f 1460 1910 1909
f 1916 1910 1461
f 1526 1978 1916
f 1527 1979 1978
f 1980 1979 1528
f 1530 1982 1980
f 1531 1902 1982
f 1902 1449 1903
f 1448 1904 1903
f 1372 1368 1823
f 1827 1929 1483
f 1485 1929 1930
f 1491 1930 1936
f 1492 1936 1937
f 1450 1905 1904
f 1928 1905 1451
f 1489 1934 1933
f 1935 1934 1490
f 1497 1938 1941
f 1493 1937 1939
f 1494 1939 1938
f 1495 1941 1940
f 1496 1940 1935
f 1931 1928 1480
f 1487 1932 1931
f 1488 1933 1932
f 6 12 421
f 12 11 422
f 3 2 413
f 11 13 423
f 13 3 412
f 2 14 424
f 14 15 425
f 15 16 426
f 16 17 427
f 17 18 428
f 18 19 429
f 19 20 430
f 20 21 431
f 21 24 435
f 24 33 436
f 33 34 437
f 34 36 449
f 36 37 447
f 37 38 452
f 38 40 450
f 9 5 414
f 10 9 420
f 7 10 419
f 8 7 418
f 5 4 415
f 4 6 416
f 281 8 417
f 282 281 432
f 283 282 433
f 284 283 434
f 285 284 666
f 286 285 667
f 287 286 668
f 63 287 669
f 61 63 670
f 64 61 671
f 66 64 672
f 67 66 673
f 68 67 674
f 69 68 675
f 70 69 676
f 71 70 677
f 72 71 678
f 73 72 679
f 74 73 680
f 40 41 453
f 41 43 455
f 43 44 457
f 44 45 443
f 45 47 441
f 47 48 444
f 56 49 460
f 53 57 682
f 51 53 684
f 49 51 458
f 48 54 445
f 54 56 461
f 31 59 686
f 75 74 681
f 59 75 685
f 30 31 688
f 26 28 689
f 28 30 687
f 57 26 683
f 165 168 527
f 168 167 545
f 166 165 552
f 171 135 554
f 135 166 556
f 172 171 558
f 173 172 561
f 174 173 562
f 175 174 563
f 176 175 564
f 177 176 565
f 140 177 560
f 167 170 547
f 170 169 546
f 169 180 548
f 180 133 549
f 133 178 550
f 178 179 519
f 179 181 612
f 181 182 613
f 182 131 614
f 131 227 615
f 227 228 616
f 228 229 617
f 229 230 618
f 230 231 619
f 231 232 620
f 232 233 621
f 233 234 622
f 234 235 623
f 235 236 624
f 236 237 625
f 142 140 566
f 144 142 568
f 146 144 570
f 148 146 572
f 150 148 575
f 162 150 577
f 183 162 579
f 164 183 580
f 186 164 582
f 184 186 586
f 198 184 588
f 200 198 637
f 237 238 626
f 238 239 629
f 239 240 627
f 240 241 628
f 241 242 630
f 242 243 631
f 254 250 647
f 255 253 634
f 243 244 632
f 244 255 633
f 252 254 646
f 253 252 635
f 206 200 643
f 204 206 644
f 246 249 639
f 245 246 638
f 249 204 645
f 247 248 642
f 248 245 640
f 250 247 641
f 6 421 416
f 12 422 421
f 3 413 412
f 11 423 422
f 13 412 423
f 2 424 413
f 14 425 424
f 15 426 425
f 16 427 426
f 17 428 427
f 18 429 428
f 19 430 429
f 20 431 430
f 21 435 431
f 24 436 435
f 33 437 436
f 34 449 437
f 36 447 449
f 37 452 447
f 38 450 452
f 9 414 420
f 10 420 419
f 7 419 418
f 8 418 417
f 5 415 414
f 4 416 415
f 281 417 432
f 282 432 433
f 283 433 434
f 284 434 666
f 285 666 667
f 286 667 668
f 287 668 669
f 63 669 670
f 61 670 671
f 64 671 672
f 66 672 673
f 67 673 674
f 68 674 675
f 69 675 676
f 70 676 677
f 71 677 678
f 72 678 679
f 73 679 680
f 74 680 681
f 40 453 450
f 41 455 453
f 43 457 455
f 44 443 457
f 45 441 443
f 47 444 441
f 56 460 461
f 57 683 682
f 51 684 458
f 49 458 460
f 53 682 684
f 48 445 444
f 54 461 445
f 75 681 685
f 59 685 686
f 31 686 688
f 30 688 687
f 28 687 689
f 26 689 683
f 166 552 556
f 165 527 552
f 168 545 527
f 171 554 558
f 135 556 554
f 172 558 561
f 173 561 562
f 174 562 563
f 175 563 564
f 176 564 565
f 177 565 560
f 140 560 566
f 167 547 545
f 170 546 547
f 169 548 546
f 180 549 548
f 133 550 549
f 178 519 550
f 179 612 519
f 181 613 612
f 182 614 613
f 131 615 614
f 227 616 615
f 228 617 616
f 229 618 617
f 230 619 618
f 231 620 619
f 232 621 620
f 233 622 621
f 234 623 622
f 235 624 623
f 236 625 624
f 142 566 568
f 144 568 570
f 146 570 572
f 148 572 575
f 150 575 577
f 162 577 579
f 183 579 580
f 164 580 582
f 186 582 586
f 184 586 588
f 198 588 637
f 237 626 625
f 238 629 626
f 239 627 629
f 240 628 627
f 241 630 628
f 242 631 630
f 250 641 647
f 255 634 633
f 243 632 631
f 244 633 632
f 252 646 635
f 253 635 634
f 254 647 646
f 200 637 643
f 206 643 644
f 204 644 645
f 246 639 638
f 245 638 640
f 249 645 639
f 248 640 642
f 247 642 641
f 1119 1268 1576
f 1268 1264 1577
f 1122 1121 1586
f 1275 1122 1585
f 1274 1273 1731
f 1273 1275 1732
f 1120 1119 1575
f 1121 1120 1574
f 1276 1274 1730
f 1277 1276 1733
f 1278 1277 1734
f 1279 1278 1735
f 1280 1279 1736
f 1281 1280 1737
f 1264 1265 1578
f 1265 1266 1579
f 1266 1267 1580
f 1267 1269 1581
f 1269 1270 1582
f 1270 1271 1583
f 1271 1272 1584
f 1272 1237 1587
f 1237 1240 1572
f 1240 1243 1704
f 1243 1246 1707
f 1246 1248 1710
f 1248 1251 1712
f 1251 1253 1715
f 1253 1255 1717
f 1255 1301 1719
f 1301 1259 1722
f 1259 1261 1724
f 1261 1262 1726
f 1262 1303 1728
f 1303 1304 1758
f 1304 1306 1759
f 1306 1305 1760
f 1305 1307 1761
f 1308 1310 1765
f 1312 1313 1768
f 1310 1311 1764
f 1311 1312 1767
f 1307 1309 1762
f 1309 1308 1763
f 1282 1281 1738
f 1283 1282 1739
f 1284 1283 1740
f 1285 1284 1741
f 1286 1285 1742
f 1287 1286 1743
f 1288 1287 1744
f 1289 1288 1745
f 1290 1289 1746
f 1291 1290 1747
f 1292 1291 1748
f 1293 1292 1749
f 1294 1293 1750
f 1299 1294 1751
f 1300 1299 1756
f 1295 1300 1757
f 1296 1295 1753
f 1298 1297 1754
f 1297 1296 1752
f 1313 1298 1755
f 1469 1465 1918
f 1463 1469 1923
f 1462 1463 1917
f 1447 1462 1901
f 1470 1447 1943
f 1471 1470 1942
f 1472 1471 1944
f 1473 1472 1946
f 1474 1473 1945
f 1475 1474 1948
f 1498 1475 1947
f 1499 1498 1949
f 1465 1464 1919
f 1464 1468 1922
f 1468 1467 1920
f 1467 1466 1921
f 1476 1477 1925
f 1466 1476 1924
f 1477 1478 1926
f 1478 1479 1927
f 1479 1547 1995
f 1547 1548 1996
f 1548 1549 1997
f 1549 1550 1998
f 1550 1551 1999
f 1551 1552 2000
f 1552 1554 2002
f 1554 1560 2007
f 1560 1561 2008
f 1561 1562 2009
f 1562 1557 2010
f 1557 1556 2004
f 1556 1558 2005
f 1558 1559 2006
f 1559 1563 2011
f 1563 1565 2012
f 1565 1564 2013
f 1564 1567 2014
f 1535 1534 1983
f 1538 1537 1987
f 1567 1566 2015
f 1566 1538 2016
f 1537 1536 1985
f 1536 1535 1986
f 1481 1499 1950
f 1500 1481 1951
f 1501 1500 1952
f 1502 1501 1953
f 1503 1502 1954
f 1504 1503 1955
f 1505 1504 1956
f 1506 1505 1957
f 1507 1506 1958
f 1508 1507 1959
f 1509 1508 1960
f 1540 1509 1961
f 1541 1540 1988
f 1542 1541 1989
f 1545 1544 1992
f 1543 1542 1990
f 1544 1543 1991
f 1533 1546 1994
f 1546 1545 1993
f 1534 1533 1984
f 1268 1577 1576
f 1122 1586 1585
f 1275 1585 1732
f 1274 1731 1730
f 1273 1732 1731
f 1120 1575 1574
f 1121 1574 1586
f 1576 1575 1119
f 1730 1733 1276
f 1277 1733 1734
f 1734 1735 1278
f 1735 1736 1279
f 1736 1737 1280
f 1737 1738 1281
f 1265 1579 1578
f 1578 1577 1264
f 1580 1579 1266
f 1581 1580 1267
f 1582 1581 1269
f 1583 1582 1270
f 1271 1584 1583
f 1587 1584 1272
f 1572 1587 1237
f 1704 1572 1240
f 1707 1704 1243
f 1710 1707 1246
f 1712 1710 1248
f 1715 1712 1251
f 1717 1715 1253
f 1719 1717 1255
f 1722 1719 1301
f 1724 1722 1259
f 1726 1724 1261
f 1728 1726 1262
f 1758 1728 1303
f 1759 1758 1304
f 1306 1760 1759
f 1761 1760 1305
f 1308 1765 1763
f 1764 1765 1310
f 1311 1767 1764
f 1312 1768 1767
f 1307 1762 1761
f 1309 1763 1762
f 1738 1739 1282
f 1739 1740 1283
f 1740 1741 1284
f 1741 1742 1285
f 1742 1743 1286
f 1743 1744 1287
f 1744 1745 1288
f 1745 1746 1289
f 1746 1747 1290
f 1747 1748 1291
f 1748 1749 1292
f 1749 1750 1293
f 1294 1750 1751
f 1299 1751 1756
f 1756 1757 1300
f 1753 1752 1296
f 1297 1752 1754
f 1295 1757 1753
f 1298 1754 1755
f 1313 1755 1768
f 1462 1917 1901
f 1469 1918 1923
f 1463 1923 1917
f 1901 1943 1447
f 1470 1943 1942
f 1471 1942 1944
f 1472 1944 1946
f 1473 1946 1945
f 1474 1945 1948
f 1475 1948 1947
f 1498 1947 1949
f 1499 1949 1950
f 1464 1922 1919
f 1467 1921 1920
f 1468 1920 1922
f 1476 1925 1924
f 1477 1926 1925
f 1466 1924 1921
f 1478 1927 1926
f 1479 1995 1927
f 1547 1996 1995
f 1548 1997 1996
f 1549 1998 1997
f 1465 1919 1918
f 1550 1999 1998
f 1551 2000 1999
f 1552 2002 2000
f 1554 2007 2002
f 1560 2008 2007
f 1561 2009 2008
f 1562 2010 2009
f 2004 2010 1557
f 1556 2005 2004
f 1558 2006 2005
f 1559 2011 2006
f 1563 2012 2011
f 1565 2013 2012
f 1564 2014 2013
f 1987 2016 1538
f 1567 2015 2014
f 1566 2016 2015
f 1537 1985 1987
f 1536 1986 1985
f 1535 1983 1986
f 1950 1951 1481
f 1500 1951 1952
f 1501 1952 1953
f 1502 1953 1954
f 1503 1954 1955
f 1504 1955 1956
f 1505 1956 1957
f 1506 1957 1958
f 1507 1958 1959
f 1508 1959 1960
f 1509 1960 1961
f 1540 1961 1988
f 1541 1988 1989
f 1542 1989 1990
f 1545 1992 1993
f 1543 1990 1991
f 1544 1991 1992
f 1546 1993 1994
f 1533 1994 1984
f 1534 1984 1983

