# https://github.com/mikedh/trimesh

o backlight_web.stl
v 165.03021240 15.07659531 0.00000000
v 166.49000549 15.07659531 0.89999998
v 166.49000549 15.07659531 0.00000000
v 165.03021240 15.07659531 0.89999998
v 164.69987488 15.09282398 0.00000000
v 164.69987488 15.09282398 0.89999998
v 164.37271118 15.14135361 0.00000000
v 164.37271118 15.14135361 0.89999998
v 164.05189514 15.22171593 0.00000000
v 164.05189514 15.22171593 0.89999998
v 163.74049377 15.33313751 0.00000000
v 163.74049377 15.33313751 0.89999998
v 163.44151306 15.47454643 0.00000000
v 163.44151306 15.47454643 0.89999998
v 163.15782166 15.64457893 0.00000000
v 163.15782166 15.64457893 0.89999998
v 162.89216614 15.84159851 0.00000000
v 162.89216614 15.84159851 0.89999998
v 162.64710999 16.06370735 0.00000000
v 162.64710999 16.06370735 0.89999998
v 162.60499573 16.11017227 0.00000000
v 162.60499573 16.11017227 0.89999998
v 162.56288147 16.06370735 0.00000000
v 162.56288147 16.06370735 0.89999998
v 162.31782532 15.84159851 0.00000000
v 162.31782532 15.84159851 0.89999998
v 162.05216980 15.64457893 0.00000000
v 162.05216980 15.64457893 0.89999998
v 161.76849365 15.47454643 0.00000000
v 161.76849365 15.47454643 0.89999998
v 161.46951294 15.33313751 0.00000000
v 161.46951294 15.33313751 0.89999998
v 161.15811157 15.22171593 0.00000000
v 161.15811157 15.22171593 0.89999998
v 160.83728027 15.14135361 0.00000000
v 160.83728027 15.14135361 0.89999998
v 160.51013184 15.09282398 0.00000000
v 160.51013184 15.09282398 0.89999998
v 160.17979431 15.07659531 0.00000000
v 160.17979431 15.07659531 0.89999998
v 157.72021484 15.07659531 0.00000000
v 157.72021484 15.07659531 0.89999998
v 157.38987732 15.09282398 0.00000000
v 157.38987732 15.09282398 0.89999998
v 157.06271362 15.14135361 0.00000000
v 157.06271362 15.14135361 0.89999998
v 156.74189758 15.22171593 0.00000000
v 156.74189758 15.22171593 0.89999998
v 156.43048096 15.33313751 0.00000000
v 156.43048096 15.33313751 0.89999998
v 156.13150024 15.47454643 0.00000000
v 156.13150024 15.47454643 0.89999998
v 155.84782410 15.64457893 0.00000000
v 155.84782410 15.64457893 0.89999998
v 155.58216858 15.84159851 0.00000000
v 155.58216858 15.84159851 0.89999998
v 155.33711243 16.06370735 0.00000000
v 155.33711243 16.06370735 0.89999998
v 155.11500549 16.30876732 0.00000000
v 155.11500549 16.30876732 0.89999998
v 155.00000000 16.46383095 0.00000000
v 155.00000000 16.46383095 0.89999998
v 155.00000000 9.51055717 0.00000000
v 155.00000000 9.51055717 0.89999998
v 154.98910522 9.28876686 0.00000000
v 154.98910522 9.28876686 0.89999998
v 154.95526123 9.06060410 0.00000000
v 154.95526123 9.06060410 0.89999998
v 154.89921570 8.83685780 0.00000000
v 154.89921570 8.83685780 0.89999998
v 154.82150269 8.61968136 0.00000000
v 154.82150269 8.61968136 0.89999998
v 154.72288513 8.41116810 0.00000000
v 154.72288513 8.41116810 0.89999998
v 154.60430908 8.21332455 0.00000000
v 154.60430908 8.21332455 0.89999998
v 154.46690369 8.02805710 0.00000000
v 154.46690369 8.02805710 0.89999998
v 154.31199646 7.85714960 0.00000000
v 154.31199646 7.85714960 0.89999998
v 154.14109802 7.70224810 0.00000000
v 154.14109802 7.70224810 0.89999998
v 153.95582581 7.56484461 0.00000000
v 153.95582581 7.56484461 0.89999998
v 153.75798035 7.44626188 0.00000000
v 153.75798035 7.44626188 0.89999998
v 153.54946899 7.34764194 0.00000000
v 153.54946899 7.34764194 0.89999998
v 153.33229065 7.26993513 0.00000000
v 153.33229065 7.26993513 0.89999998
v 153.10855103 7.21388960 0.00000000
v 153.10855103 7.21388960 0.89999998
v 152.88038635 7.18004465 0.00000000
v 152.88038635 7.18004465 0.89999998
v 152.65858459 7.16914892 0.00000000
v 152.65858459 7.16914892 0.89999998
v 27.54140854 7.16914892 0.00000000
v 27.54140854 7.16914892 0.89999998
v 27.31961823 7.18004465 0.00000000
v 27.31961823 7.18004465 0.89999998
v 27.09145546 7.21388960 0.00000000
v 27.09145546 7.21388960 0.89999998
v 26.86770821 7.26993513 0.00000000
v 26.86770821 7.26993513 0.89999998
v 26.65053177 7.34764194 0.00000000
v 26.65053177 7.34764194 0.89999998
v 26.44201851 7.44626188 0.00000000
v 26.44201851 7.44626188 0.89999998
v 26.24417496 7.56484461 0.00000000
v 26.24417496 7.56484461 0.89999998
v 26.05890846 7.70224810 0.00000000
v 26.05890846 7.70224810 0.89999998
v 25.88800049 7.85714960 0.00000000
v 25.88800049 7.85714960 0.89999998
v 25.73309898 8.02805710 0.00000000
v 25.73309898 8.02805710 0.89999998
v 25.59569550 8.21332455 0.00000000
v 25.59569550 8.21332455 0.89999998
v 25.47711182 8.41116810 0.00000000
v 25.47711182 8.41116810 0.89999998
v 25.37849236 8.61968136 0.00000000
v 25.37849236 8.61968136 0.89999998
v 25.30078697 8.83685780 0.00000000
v 25.30078697 8.83685780 0.89999998
v 25.24474144 9.06060410 0.00000000
v 25.24474144 9.06060410 0.89999998
v 25.21089554 9.28876686 0.00000000
v 25.21089554 9.28876686 0.89999998
v 25.20000076 9.51055717 0.00000000
v 25.20000076 9.51055717 0.89999998
v 25.20000076 11.59040833 0.00000000
v 25.20000076 11.59040833 0.89999998
v 25.09514427 11.29735374 0.00000000
v 25.09514427 11.29735374 0.89999998
v 24.86647034 10.81386662 0.00000000
v 24.86647034 10.81386662 0.89999998
v 24.59150887 10.35512066 0.00000000
v 24.59150887 10.35512066 0.89999998
v 24.27290726 9.92553520 0.00000000
v 24.27290726 9.92553520 0.89999998
v 23.91373253 9.52924633 0.00000000
v 23.91373253 9.52924633 0.89999998
v 23.51744270 9.17007160 0.00000000
v 23.51744270 9.17007160 0.89999998
v 23.08785820 8.85146904 0.00000000
v 23.08785820 8.85146904 0.89999998
v 22.62911224 8.57650757 0.00000000
v 22.62911224 8.57650757 0.89999998
v 22.14562416 8.34783554 0.00000000
v 22.14562416 8.34783554 0.89999998
v 21.64205170 8.16765404 0.00000000
v 21.64205170 8.16765404 0.89999998
v 21.12324142 8.03769875 0.00000000
v 21.12324142 8.03769875 0.89999998
v 20.59419250 7.95922184 0.00000000
v 20.59419250 7.95922184 0.89999998
v 20.05999947 7.93297863 0.00000000
v 20.05999947 7.93297863 0.89999998
v 10.19999981 7.93297863 0.00000000
v 10.19999981 7.93297863 0.89999998
v 9.66580677 7.95922184 0.00000000
v 9.66580677 7.95922184 0.89999998
v 9.13675785 8.03769875 0.00000000
v 9.13675785 8.03769875 0.89999998
v 8.61794853 8.16765404 0.00000000
v 8.61794853 8.16765404 0.89999998
v 8.11437511 8.34783554 0.00000000
v 8.11437511 8.34783554 0.89999998
v 7.63088799 8.57650757 0.00000000
v 7.63088799 8.57650757 0.89999998
v 7.17214203 8.85146904 0.00000000
v 7.17214203 8.85146904 0.89999998
v 6.74255657 9.17007160 0.00000000
v 6.74255657 9.17007160 0.89999998
v 6.34626818 9.52924633 0.00000000
v 6.34626818 9.52924633 0.89999998
v 5.98709297 9.92553520 0.00000000
v 5.98709297 9.92553520 0.89999998
v 5.66849041 10.35512066 0.00000000
v 5.66849041 10.35512066 0.89999998
v 5.39352894 10.81386662 0.00000000
v 5.39352894 10.81386662 0.89999998
v 5.16485643 11.29735374 0.00000000
v 5.16485643 11.29735374 0.89999998
v 4.98467541 11.80092716 0.00000000
v 4.98467541 11.80092716 0.89999998
v 4.85472012 12.31973648 0.00000000
v 4.85472012 12.31973648 0.89999998
v 4.77624321 12.84878540 0.00000000
v 4.77624321 12.84878540 0.89999998
v 4.75000000 13.38297844 0.00000000
v 4.75000000 13.38297844 0.89999998
v 4.77624321 13.91717243 0.00000000
v 4.77624321 13.91717243 0.89999998
v 4.85472012 14.44622135 0.00000000
v 4.85472012 14.44622135 0.89999998
v 4.98467541 14.96503067 0.00000000
v 4.98467541 14.96503067 0.89999998
v 5.16485643 15.46860313 0.00000000
v 5.16485643 15.46860313 0.89999998
v 5.39352894 15.95209122 0.00000000
v 5.39352894 15.95209122 0.89999998
v 5.66849041 16.41083717 0.00000000
v 5.66849041 16.41083717 0.89999998
v 5.98709297 16.84042168 0.00000000
v 5.98709297 16.84042168 0.89999998
v 6.34626818 17.23671150 0.00000000
v 6.34626818 17.23671150 0.89999998
v 6.74255657 17.59588623 0.00000000
v 6.74255657 17.59588623 0.89999998
v 7.17214203 17.91448784 0.00000000
v 7.17214203 17.91448784 0.89999998
v 7.63088799 18.18944931 0.00000000
v 7.63088799 18.18944931 0.89999998
v 8.11437511 18.41812134 0.00000000
v 8.11437511 18.41812134 0.89999998
v 8.61794853 18.59830284 0.00000000
v 8.61794853 18.59830284 0.89999998
v 9.13675785 18.72825813 0.00000000
v 9.13675785 18.72825813 0.89999998
v 9.66580677 18.80673599 0.00000000
v 9.66580677 18.80673599 0.89999998
v 10.19999981 18.83297920 0.00000000
v 10.19999981 18.83297920 0.89999998
v 20.05999947 18.83297920 0.00000000
v 20.05999947 18.83297920 0.89999998
v 20.59419250 18.80673599 0.00000000
v 20.59419250 18.80673599 0.89999998
v 21.12324142 18.72825813 0.00000000
v 21.12324142 18.72825813 0.89999998
v 21.64205170 18.59830284 0.00000000
v 21.64205170 18.59830284 0.89999998
v 22.14562416 18.41812134 0.00000000
v 22.14562416 18.41812134 0.89999998
v 22.62911224 18.18944931 0.00000000
v 22.62911224 18.18944931 0.89999998
v 23.08785820 17.91448784 0.00000000
v 23.08785820 17.91448784 0.89999998
v 23.51744270 17.59588623 0.00000000
v 23.51744270 17.59588623 0.89999998
v 23.91373253 17.23671150 0.00000000
v 23.91373253 17.23671150 0.89999998
v 24.27290726 16.84042168 0.00000000
v 24.27290726 16.84042168 0.89999998
v 24.59150887 16.41083717 0.00000000
v 24.59150887 16.41083717 0.89999998
v 24.86647034 15.95209122 0.00000000
v 24.86647034 15.95209122 0.89999998
v 25.09514427 15.46860313 0.00000000
v 25.09514427 15.46860313 0.89999998
v 25.20000076 15.17554855 0.00000000
v 25.20000076 15.17554855 0.89999998
v 25.20000076 17.25539970 0.00000000
v 25.20000076 17.25539970 0.89999998
v 25.21089554 17.47719002 0.00000000
v 25.21089554 17.47719002 0.89999998
v 25.24474144 17.70535278 0.00000000
v 25.24474144 17.70535278 0.89999998
v 25.30078697 17.92910004 0.00000000
v 25.30078697 17.92910004 0.89999998
v 25.37849236 18.14627647 0.00000000
v 25.37849236 18.14627647 0.89999998
v 25.47711182 18.35478973 0.00000000
v 25.47711182 18.35478973 0.89999998
v 25.59569550 18.55263329 0.00000000
v 25.59569550 18.55263329 0.89999998
v 25.73309898 18.73789978 0.00000000
v 25.73309898 18.73789978 0.89999998
v 25.88800049 18.90880775 0.00000000
v 25.88800049 18.90880775 0.89999998
v 26.05890846 19.06370926 0.00000000
v 26.05890846 19.06370926 0.89999998
v 26.24417496 19.20111275 0.00000000
v 26.24417496 19.20111275 0.89999998
v 26.44201851 19.31969643 0.00000000
v 26.44201851 19.31969643 0.89999998
v 26.65053177 19.41831589 0.00000000
v 26.65053177 19.41831589 0.89999998
v 26.86770821 19.49602127 0.00000000
v 26.86770821 19.49602127 0.89999998
v 27.09145546 19.55206871 0.00000000
v 27.09145546 19.55206871 0.89999998
v 27.31961823 19.58591270 0.00000000
v 27.31961823 19.58591270 0.89999998
v 27.54140854 19.59680939 0.00000000
v 27.54140854 19.59680939 0.89999998
v 152.65858459 19.59680939 0.00000000
v 152.65858459 19.59680939 0.89999998
v 152.88038635 19.58591270 0.00000000
v 152.88038635 19.58591270 0.89999998
v 153.10855103 19.55206871 0.00000000
v 153.10855103 19.55206871 0.89999998
v 153.33229065 19.49602127 0.00000000
v 153.33229065 19.49602127 0.89999998
v 153.54946899 19.41831589 0.00000000
v 153.54946899 19.41831589 0.89999998
v 153.75798035 19.31969643 0.00000000
v 153.75798035 19.31969643 0.89999998
v 153.95582581 19.20111275 0.00000000
v 153.95582581 19.20111275 0.89999998
v 154.14109802 19.06370926 0.00000000
v 154.14109802 19.06370926 0.89999998
v 154.31199646 18.90880775 0.00000000
v 154.31199646 18.90880775 0.89999998
v 154.37538147 18.83887291 0.00000000
v 154.37538147 18.83887291 0.89999998
v 154.41476440 19.10430527 0.00000000
v 154.41476440 19.10430527 0.89999998
v 154.49511719 19.42512894 0.00000000
v 154.49511719 19.42512894 0.89999998
v 154.60653687 19.73653221 0.00000000
v 154.60653687 19.73653221 0.89999998
v 154.74795532 20.03551674 0.00000000
v 154.74795532 20.03551674 0.89999998
v 154.88670349 20.26702118 0.00000000
v 154.88670349 20.26702118 0.89999998
v 131.04141235 20.26702118 0.00000000
v 131.04141235 20.26702118 0.89999998
v 130.91763306 20.27310181 0.00000000
v 130.91763306 20.27310181 0.89999998
v 130.78654480 20.29254723 0.00000000
v 130.78654480 20.29254723 0.89999998
v 130.65798950 20.32474709 0.00000000
v 130.65798950 20.32474709 0.89999998
v 130.53321838 20.36939430 0.00000000
v 130.53321838 20.36939430 0.89999998
v 130.41342163 20.42605591 0.00000000
v 130.41342163 20.42605591 0.89999998
v 130.29974365 20.49418640 0.00000000
v 130.29974365 20.49418640 0.89999998
v 130.19329834 20.57313156 0.00000000
v 130.19329834 20.57313156 0.89999998
v 130.09510803 20.66212845 0.00000000
v 130.09510803 20.66212845 0.89999998
v 130.00610352 20.76032257 0.00000000
v 130.00610352 20.76032257 0.89999998
v 129.92716980 20.86676788 0.00000000
v 129.92716980 20.86676788 0.89999998
v 129.85903931 20.98043633 0.00000000
v 129.85903931 20.98043633 0.89999998
v 129.80236816 21.10023689 0.00000000
v 129.80236816 21.10023689 0.89999998
v 129.75772095 21.22501373 0.00000000
v 129.75772095 21.22501373 0.89999998
v 129.72552490 21.35356712 0.00000000
v 129.72552490 21.35356712 0.89999998
v 129.70608521 21.48465729 0.00000000
v 129.70608521 21.48465729 0.89999998
v 129.69999695 21.60842896 0.00000000
v 129.69999695 21.60842896 0.89999998
v 129.69999695 24.32774162 0.00000000
v 129.69999695 24.32774162 0.89999998
v 129.70608521 24.45151329 0.00000000
v 129.70608521 24.45151329 0.89999998
v 129.72552490 24.58260345 0.00000000
v 129.72552490 24.58260345 0.89999998
v 129.75772095 24.71115494 0.00000000
v 129.75772095 24.71115494 0.89999998
v 129.79522705 24.81595802 0.00000000
v 129.79522705 24.81595802 0.89999998
v 121.65140533 24.81595802 0.00000000
v 121.65140533 24.81595802 0.89999998
v 121.50803375 24.82300186 0.00000000
v 121.50803375 24.82300186 0.89999998
v 121.35752869 24.84532547 0.00000000
v 121.35752869 24.84532547 0.89999998
v 121.20993805 24.88229561 0.00000000
v 121.20993805 24.88229561 0.89999998
v 121.06668091 24.93355370 0.00000000
v 121.06668091 24.93355370 0.89999998
v 120.92913818 24.99860764 0.00000000
v 120.92913818 24.99860764 0.89999998
v 120.79862976 25.07682800 0.00000000
v 120.79862976 25.07682800 0.89999998
v 120.67642212 25.16746521 0.00000000
v 120.67642212 25.16746521 0.89999998
v 120.56368256 25.26964378 0.00000000
v 120.56368256 25.26964378 0.89999998
v 120.46150970 25.38237953 0.00000000
v 120.46150970 25.38237953 0.89999998
v 120.37087250 25.50458908 0.00000000
v 120.37087250 25.50458908 0.89999998
v 120.29264832 25.63509369 0.00000000
v 120.29264832 25.63509369 0.89999998
v 120.22760010 25.77263641 0.00000000
v 120.22760010 25.77263641 0.89999998
v 120.17633820 25.91589355 0.00000000
v 120.17633820 25.91589355 0.89999998
v 120.13936615 26.06348419 0.00000000
v 120.13936615 26.06348419 0.89999998
v 120.11704254 26.21398926 0.00000000
v 120.11704254 26.21398926 0.89999998
v 120.11000061 26.35736465 0.00000000
v 120.11000061 26.35736465 0.89999998
v 120.11000061 30.67921257 0.00000000
v 120.11000061 30.67921257 0.89999998
v 120.02392578 30.74304771 0.00000000
v 120.02392578 30.74304771 0.89999998
v 119.75158691 30.98988533 0.00000000
v 119.75158691 30.98988533 0.89999998
v 119.50475311 31.26222801 0.00000000
v 119.50475311 31.26222801 0.89999998
v 119.28579712 31.55745316 0.00000000
v 119.28579712 31.55745316 0.89999998
v 119.09683228 31.87271881 0.00000000
v 119.09683228 31.87271881 0.89999998
v 118.93968201 32.20498657 0.00000000
v 118.93968201 32.20498657 0.89999998
v 118.81585693 32.55105972 0.00000000
v 118.81585693 32.55105972 0.89999998
v 118.72654724 32.90760040 0.00000000
v 118.72654724 32.90760040 0.89999998
v 118.67261505 33.27118301 0.00000000
v 118.67261505 33.27118301 0.89999998
v 118.65457916 33.63829803 0.00000000
v 118.65457916 33.63829803 0.89999998
v 118.67261505 34.00541306 0.00000000
v 118.67261505 34.00541306 0.89999998
v 118.72654724 34.36899185 0.00000000
v 118.72654724 34.36899185 0.89999998
v 118.81585693 34.72553635 0.00000000
v 118.81585693 34.72553635 0.89999998
v 118.93968201 35.07160950 0.00000000
v 118.93968201 35.07160950 0.89999998
v 119.09683228 35.40387726 0.00000000
v 119.09683228 35.40387726 0.89999998
v 119.28579712 35.71914291 0.00000000
v 119.28579712 35.71914291 0.89999998
v 119.50475311 36.01436996 0.00000000
v 119.50475311 36.01436996 0.89999998
v 119.75158691 36.28671265 0.00000000
v 119.75158691 36.28671265 0.89999998
v 120.02392578 36.53354645 0.00000000
v 120.02392578 36.53354645 0.89999998
v 120.31915283 36.75250244 0.00000000
v 120.31915283 36.75250244 0.89999998
v 120.63442230 36.94146347 0.00000000
v 120.63442230 36.94146347 0.89999998
v 120.96669006 37.09861755 0.00000000
v 120.96669006 37.09861755 0.89999998
v 121.31275940 37.22244263 0.00000000
v 121.31275940 37.22244263 0.89999998
v 121.66930389 37.31175232 0.00000000
v 121.66930389 37.31175232 0.89999998
v 122.03288269 37.36568451 0.00000000
v 122.03288269 37.36568451 0.89999998
v 122.40000153 37.38372040 0.00000000
v 122.40000153 37.38372040 0.89999998
v 122.76711273 37.36568451 0.00000000
v 122.76711273 37.36568451 0.89999998
v 123.13069916 37.31175232 0.00000000
v 123.13069916 37.31175232 0.89999998
v 123.48723602 37.22244263 0.00000000
v 123.48723602 37.22244263 0.89999998
v 123.83331299 37.09861755 0.00000000
v 123.83331299 37.09861755 0.89999998
v 124.16558075 36.94146347 0.00000000
v 124.16558075 36.94146347 0.89999998
v 124.23476410 36.90000153 0.00000000
v 124.23476410 36.90000153 0.89999998
v 125.60847473 36.90000153 0.00000000
v 125.60847473 36.90000153 0.89999998
v 124.65428925 37.43424988 0.00000000
v 124.65428925 37.43424988 0.89999998
v 123.06681824 38.27832031 0.00000000
v 123.06681824 38.27832031 0.89999998
v 121.46139526 39.08771896 0.00000000
v 121.46139526 39.08771896 0.89999998
v 119.83877563 39.86205673 0.00000000
v 119.83877563 39.86205673 0.89999998
v 118.32237244 40.54567337 0.00000000
v 118.32237244 40.54567337 0.89999998
v 118.33414459 40.51277161 0.00000000
v 118.33414459 40.51277161 0.89999998
v 118.42345428 40.15622711 0.00000000
v 118.42345428 40.15622711 0.89999998
v 118.47738647 39.79264832 0.00000000
v 118.47738647 39.79264832 0.89999998
v 118.49542236 39.42553329 0.00000000
v 118.49542236 39.42553329 0.89999998
v 118.47738647 39.05841446 0.00000000
v 118.47738647 39.05841446 0.89999998
v 118.42345428 38.69483566 0.00000000
v 118.42345428 38.69483566 0.89999998
v 118.33414459 38.33829498 0.00000000
v 118.33414459 38.33829498 0.89999998
v 118.21031952 37.99222183 0.00000000
v 118.21031952 37.99222183 0.89999998
v 118.05316925 37.65995026 0.00000000
v 118.05316925 37.65995026 0.89999998
v 117.86420441 37.34468842 0.00000000
v 117.86420441 37.34468842 0.89999998
v 117.64524841 37.04946136 0.00000000
v 117.64524841 37.04946136 0.89999998
v 117.39841461 36.77711868 0.00000000
v 117.39841461 36.77711868 0.89999998
v 117.12606812 36.53028107 0.00000000
v 117.12606812 36.53028107 0.89999998
v 116.83084869 36.31132889 0.00000000
v 116.83084869 36.31132889 0.89999998
v 116.51557922 36.12236404 0.00000000
v 116.51557922 36.12236404 0.89999998
v 116.18331146 35.96521378 0.00000000
v 116.18331146 35.96521378 0.89999998
v 115.83724213 35.84138489 0.00000000
v 115.83724213 35.84138489 0.89999998
v 115.48069763 35.75207520 0.00000000
v 115.48069763 35.75207520 0.89999998
v 115.11711884 35.69814682 0.00000000
v 115.11711884 35.69814682 0.89999998
v 114.75000000 35.68011093 0.00000000
v 114.75000000 35.68011093 0.89999998
v 114.38288116 35.69814682 0.00000000
v 114.38288116 35.69814682 0.89999998
v 114.01930237 35.75207520 0.00000000
v 114.01930237 35.75207520 0.89999998
v 113.66275787 35.84138489 0.00000000
v 113.66275787 35.84138489 0.89999998
v 113.31668854 35.96521378 0.00000000
v 113.31668854 35.96521378 0.89999998
v 112.98442078 36.12236404 0.00000000
v 112.98442078 36.12236404 0.89999998
v 112.66915131 36.31132889 0.00000000
v 112.66915131 36.31132889 0.89999998
v 112.37393188 36.53028107 0.00000000
v 112.37393188 36.53028107 0.89999998
v 112.10158539 36.77711868 0.00000000
v 112.10158539 36.77711868 0.89999998
v 111.85475159 37.04946136 0.00000000
v 111.85475159 37.04946136 0.89999998
v 111.63579559 37.34468842 0.00000000
v 111.63579559 37.34468842 0.89999998
v 111.44683075 37.65995026 0.00000000
v 111.44683075 37.65995026 0.89999998
v 111.28968048 37.99222183 0.00000000
v 111.28968048 37.99222183 0.89999998
v 111.16585541 38.33829498 0.00000000
v 111.16585541 38.33829498 0.89999998
v 111.07654572 38.69483566 0.00000000
v 111.07654572 38.69483566 0.89999998
v 111.02261353 39.05841446 0.00000000
v 111.02261353 39.05841446 0.89999998
v 111.00457764 39.42553329 0.00000000
v 111.00457764 39.42553329 0.89999998
v 111.02261353 39.79264832 0.00000000
v 111.02261353 39.79264832 0.89999998
v 111.07654572 40.15622711 0.00000000
v 111.07654572 40.15622711 0.89999998
v 111.16585541 40.51277161 0.00000000
v 111.16585541 40.51277161 0.89999998
v 111.28968048 40.85884476 0.00000000
v 111.28968048 40.85884476 0.89999998
v 111.44683075 41.19111252 0.00000000
v 111.44683075 41.19111252 0.89999998
v 111.63579559 41.50637817 0.00000000
v 111.63579559 41.50637817 0.89999998
v 111.85475159 41.80160141 0.00000000
v 111.85475159 41.80160141 0.89999998
v 112.10158539 42.07394409 0.00000000
v 112.10158539 42.07394409 0.89999998
v 112.37393188 42.32078171 0.00000000
v 112.37393188 42.32078171 0.89999998
v 112.66915131 42.53973770 0.00000000
v 112.66915131 42.53973770 0.89999998
v 112.92714691 42.69437027 0.00000000
v 112.92714691 42.69437027 0.89999998
v 111.49471283 43.19568634 0.00000000
v 111.49471283 43.19568634 0.89999998
v 109.78522491 43.75260162 0.00000000
v 109.78522491 43.75260162 0.89999998
v 108.06404114 44.27225494 0.00000000
v 108.06404114 44.27225494 0.89999998
v 106.33198547 44.75440598 0.00000000
v 106.33198547 44.75440598 0.89999998
v 104.58985901 45.19882965 0.00000000
v 104.58985901 45.19882965 0.89999998
v 102.83849335 45.60531235 0.00000000
v 102.83849335 45.60531235 0.89999998
v 102.34999847 45.70756149 0.00000000
v 102.34999847 45.70756149 0.89999998
v 102.34999847 32.24247360 0.00000000
v 102.34999847 32.24247360 0.89999998
v 102.34391785 32.11869812 0.00000000
v 102.34391785 32.11869812 0.89999998
v 102.32447052 31.98760986 0.00000000
v 102.32447052 31.98760986 0.89999998
v 102.29227448 31.85905647 0.00000000
v 102.29227448 31.85905647 0.89999998
v 102.24762726 31.73427963 0.00000000
v 102.24762726 31.73427963 0.89999998
v 102.19096375 31.61447906 0.00000000
v 102.19096375 31.61447906 0.89999998
v 102.12283325 31.50080872 0.00000000
v 102.12283325 31.50080872 0.89999998
v 102.04389191 31.39436531 0.00000000
v 102.04389191 31.39436531 0.89999998
v 101.95489502 31.29617119 0.00000000
v 101.95489502 31.29617119 0.89999998
v 101.85669708 31.20717430 0.00000000
v 101.85669708 31.20717430 0.89999998
v 101.75025177 31.12822914 0.00000000
v 101.75025177 31.12822914 0.89999998
v 101.63658142 31.06009865 0.00000000
v 101.63658142 31.06009865 0.89999998
v 101.51678467 31.00343704 0.00000000
v 101.51678467 31.00343704 0.89999998
v 101.39200592 30.95878983 0.00000000
v 101.39200592 30.95878983 0.89999998
v 101.26345062 30.92658997 0.00000000
v 101.26345062 30.92658997 0.89999998
v 101.13236237 30.90714455 0.00000000
v 101.13236237 30.90714455 0.89999998
v 101.00859070 30.90106392 0.00000000
v 101.00859070 30.90106392 0.89999998
v 67.29140472 30.90106392 0.00000000
v 67.29140472 30.90106392 0.89999998
v 67.16763306 30.90714455 0.00000000
v 67.16763306 30.90714455 0.89999998
v 67.03654480 30.92658997 0.00000000
v 67.03654480 30.92658997 0.89999998
v 66.90798950 30.95878983 0.00000000
v 66.90798950 30.95878983 0.89999998
v 66.78321838 31.00343704 0.00000000
v 66.78321838 31.00343704 0.89999998
v 66.66341400 31.06009865 0.00000000
v 66.66341400 31.06009865 0.89999998
v 66.54974365 31.12822914 0.00000000
v 66.54974365 31.12822914 0.89999998
v 66.44329834 31.20717430 0.00000000
v 66.44329834 31.20717430 0.89999998
v 66.34510803 31.29617119 0.00000000
v 66.34510803 31.29617119 0.89999998
v 66.25611115 31.39436531 0.00000000
v 66.25611115 31.39436531 0.89999998
v 66.17716217 31.50080872 0.00000000
v 66.17716217 31.50080872 0.89999998
v 66.10903168 31.61447906 0.00000000
v 66.10903168 31.61447906 0.89999998
v 66.05237579 31.73427963 0.00000000
v 66.05237579 31.73427963 0.89999998
v 66.00772858 31.85905647 0.00000000
v 66.00772858 31.85905647 0.89999998
v 65.97552490 31.98760986 0.00000000
v 65.97552490 31.98760986 0.89999998
v 65.95607758 32.11869812 0.00000000
v 65.95607758 32.11869812 0.89999998
v 65.94999695 32.24247360 0.00000000
v 65.94999695 32.24247360 0.89999998
v 65.94999695 45.32412720 0.00000000
v 65.94999695 45.32412720 0.89999998
v 65.41014099 45.19882965 0.00000000
v 65.41014099 45.19882965 0.89999998
v 63.66801453 44.75440598 0.00000000
v 63.66801453 44.75440598 0.89999998
v 61.93595505 44.27225494 0.00000000
v 61.93595505 44.27225494 0.89999998
v 60.21477509 43.75260162 0.00000000
v 60.21477509 43.75260162 0.89999998
v 58.50528336 43.19568634 0.00000000
v 58.50528336 43.19568634 0.89999998
v 58.00025940 43.01893997 0.00000000
v 58.00025940 43.01893997 0.89999998
v 58.03723907 43.00967789 0.00000000
v 58.03723907 43.00967789 0.89999998
v 58.38331223 42.88584900 0.00000000
v 58.38331223 42.88584900 0.89999998
v 58.71557999 42.72869873 0.00000000
v 58.71557999 42.72869873 0.89999998
v 59.03084564 42.53973770 0.00000000
v 59.03084564 42.53973770 0.89999998
v 59.32606888 42.32078171 0.00000000
v 59.32606888 42.32078171 0.89999998
v 59.59841156 42.07394409 0.00000000
v 59.59841156 42.07394409 0.89999998
v 59.84524918 41.80160141 0.00000000
v 59.84524918 41.80160141 0.89999998
v 60.06420517 41.50637817 0.00000000
v 60.06420517 41.50637817 0.89999998
v 60.25316620 41.19111252 0.00000000
v 60.25316620 41.19111252 0.89999998
v 60.41032028 40.85884476 0.00000000
v 60.41032028 40.85884476 0.89999998
v 60.53414536 40.51277161 0.00000000
v 60.53414536 40.51277161 0.89999998
v 60.62345505 40.15622711 0.00000000
v 60.62345505 40.15622711 0.89999998
v 60.67738724 39.79264832 0.00000000
v 60.67738724 39.79264832 0.89999998
v 60.69542313 39.42553329 0.00000000
v 60.69542313 39.42553329 0.89999998
v 60.67738724 39.05841446 0.00000000
v 60.67738724 39.05841446 0.89999998
v 60.62345505 38.69483566 0.00000000
v 60.62345505 38.69483566 0.89999998
v 60.53414536 38.33829498 0.00000000
v 60.53414536 38.33829498 0.89999998
v 60.41032028 37.99222183 0.00000000
v 60.41032028 37.99222183 0.89999998
v 60.25316620 37.65995026 0.00000000
v 60.25316620 37.65995026 0.89999998
v 60.06420517 37.34468842 0.00000000
v 60.06420517 37.34468842 0.89999998
v 59.84524918 37.04946136 0.00000000
v 59.84524918 37.04946136 0.89999998
v 59.59841156 36.77711868 0.00000000
v 59.59841156 36.77711868 0.89999998
v 59.32606888 36.53028107 0.00000000
v 59.32606888 36.53028107 0.89999998
v 59.03084564 36.31132889 0.00000000
v 59.03084564 36.31132889 0.89999998
v 58.71557999 36.12236404 0.00000000
v 58.71557999 36.12236404 0.89999998
v 58.38331223 35.96521378 0.00000000
v 58.38331223 35.96521378 0.89999998
v 58.03723907 35.84138489 0.00000000
v 58.03723907 35.84138489 0.89999998
v 57.68069458 35.75207520 0.00000000
v 57.68069458 35.75207520 0.89999998
v 57.31711578 35.69814682 0.00000000
v 57.31711578 35.69814682 0.89999998
v 56.95000076 35.68011093 0.00000000
v 56.95000076 35.68011093 0.89999998
v 56.58288574 35.69814682 0.00000000
v 56.58288574 35.69814682 0.89999998
v 56.21930313 35.75207520 0.00000000
v 56.21930313 35.75207520 0.89999998
v 55.86276245 35.84138489 0.00000000
v 55.86276245 35.84138489 0.89999998
v 55.51668930 35.96521378 0.00000000
v 55.51668930 35.96521378 0.89999998
v 55.18442154 36.12236404 0.00000000
v 55.18442154 36.12236404 0.89999998
v 54.86915588 36.31132889 0.00000000
v 54.86915588 36.31132889 0.89999998
v 54.57392883 36.53028107 0.00000000
v 54.57392883 36.53028107 0.89999998
v 54.30158615 36.77711868 0.00000000
v 54.30158615 36.77711868 0.89999998
v 54.05474854 37.04946136 0.00000000
v 54.05474854 37.04946136 0.89999998
v 53.83579636 37.34468842 0.00000000
v 53.83579636 37.34468842 0.89999998
v 53.64683151 37.65995026 0.00000000
v 53.64683151 37.65995026 0.89999998
v 53.48968124 37.99222183 0.00000000
v 53.48968124 37.99222183 0.89999998
v 53.36585617 38.33829498 0.00000000
v 53.36585617 38.33829498 0.89999998
v 53.27654648 38.69483566 0.00000000
v 53.27654648 38.69483566 0.89999998
v 53.22261429 39.05841446 0.00000000
v 53.22261429 39.05841446 0.89999998
v 53.20457840 39.42553329 0.00000000
v 53.20457840 39.42553329 0.89999998
v 53.22261429 39.79264832 0.00000000
v 53.22261429 39.79264832 0.89999998
v 53.27654648 40.15622711 0.00000000
v 53.27654648 40.15622711 0.89999998
v 53.36585617 40.51277161 0.00000000
v 53.36585617 40.51277161 0.89999998
v 53.48968124 40.85884476 0.00000000
v 53.48968124 40.85884476 0.89999998
v 53.64683151 41.19111252 0.00000000
v 53.64683151 41.19111252 0.89999998
v 53.79629135 41.44046783 0.00000000
v 53.79629135 41.44046783 0.89999998
v 53.45500183 41.30411530 0.00000000
v 53.45500183 41.30411530 0.89999998
v 51.80028152 40.60097122 0.00000000
v 51.80028152 40.60097122 0.89999998
v 50.16122437 39.86205673 0.00000000
v 50.16122437 39.86205673 0.89999998
v 48.53860092 39.08771896 0.00000000
v 48.53860092 39.08771896 0.89999998
v 46.93317795 38.27832031 0.00000000
v 46.93317795 38.27832031 0.89999998
v 45.34571075 37.43424988 0.00000000
v 45.34571075 37.43424988 0.89999998
v 44.69514847 37.06999969 0.00000000
v 44.69514847 37.06999969 0.89999998
v 49.36859131 37.06999969 0.00000000
v 49.36859131 37.06999969 0.89999998
v 49.51196671 37.06295776 0.00000000
v 49.51196671 37.06295776 0.89999998
v 49.66247177 37.04063034 0.00000000
v 49.66247177 37.04063034 0.89999998
v 49.81006241 37.00366211 0.00000000
v 49.81006241 37.00366211 0.89999998
v 49.95331955 36.95240402 0.00000000
v 49.95331955 36.95240402 0.89999998
v 50.09086227 36.88735199 0.00000000
v 50.09086227 36.88735199 0.89999998
v 50.22136688 36.80912781 0.00000000
v 50.22136688 36.80912781 0.89999998
v 50.34357834 36.71849060 0.00000000
v 50.34357834 36.71849060 0.89999998
v 50.45631409 36.61631393 0.00000000
v 50.45631409 36.61631393 0.89999998
v 50.55849075 36.50357819 0.00000000
v 50.55849075 36.50357819 0.89999998
v 50.64912796 36.38136673 0.00000000
v 50.64912796 36.38136673 0.89999998
v 50.72734833 36.25086212 0.00000000
v 50.72734833 36.25086212 0.89999998
v 50.79240417 36.11331940 0.00000000
v 50.79240417 36.11331940 0.89999998
v 50.84366226 35.97006226 0.00000000
v 50.84366226 35.97006226 0.89999998
v 50.88063049 35.82247162 0.00000000
v 50.88063049 35.82247162 0.89999998
v 50.90295792 35.67196655 0.00000000
v 50.90295792 35.67196655 0.89999998
v 50.90999985 35.52859116 0.00000000
v 50.90999985 35.52859116 0.89999998
v 50.90999985 26.35736465 0.00000000
v 50.90999985 26.35736465 0.89999998
v 50.90295792 26.21398926 0.00000000
v 50.90295792 26.21398926 0.89999998
v 50.88063049 26.06348419 0.00000000
v 50.88063049 26.06348419 0.89999998
v 50.84366226 25.91589355 0.00000000
v 50.84366226 25.91589355 0.89999998
v 50.79240417 25.77263641 0.00000000
v 50.79240417 25.77263641 0.89999998
v 50.72734833 25.63509369 0.00000000
v 50.72734833 25.63509369 0.89999998
v 50.64912796 25.50458908 0.00000000
v 50.64912796 25.50458908 0.89999998
v 50.55849075 25.38237953 0.00000000
v 50.55849075 25.38237953 0.89999998
v 50.45631409 25.26964378 0.00000000
v 50.45631409 25.26964378 0.89999998
v 50.34357834 25.16746521 0.00000000
v 50.34357834 25.16746521 0.89999998
v 50.22136688 25.07682800 0.00000000
v 50.22136688 25.07682800 0.89999998
v 50.09086227 24.99860764 0.00000000
v 50.09086227 24.99860764 0.89999998
v 49.95331955 24.93355370 0.00000000
v 49.95331955 24.93355370 0.89999998
v 49.81006241 24.88229561 0.00000000
v 49.81006241 24.88229561 0.89999998
v 49.66247177 24.84532547 0.00000000
v 49.66247177 24.84532547 0.89999998
v 49.51196671 24.82300186 0.00000000
v 49.51196671 24.82300186 0.89999998
v 49.36859131 24.81595802 0.00000000
v 49.36859131 24.81595802 0.89999998
v 47.00477600 24.81595802 0.00000000
v 47.00477600 24.81595802 0.89999998
v 47.04227448 24.71115494 0.00000000
v 47.04227448 24.71115494 0.89999998
v 47.07447433 24.58260345 0.00000000
v 47.07447433 24.58260345 0.89999998
v 47.09391785 24.45151329 0.00000000
v 47.09391785 24.45151329 0.89999998
v 47.09999847 24.32774162 0.00000000
v 47.09999847 24.32774162 0.89999998
v 47.09999847 21.60842896 0.00000000
v 47.09999847 21.60842896 0.89999998
v 47.09391785 21.48465729 0.00000000
v 47.09391785 21.48465729 0.89999998
v 47.07447433 21.35356712 0.00000000
v 47.07447433 21.35356712 0.89999998
v 47.04227448 21.22501373 0.00000000
v 47.04227448 21.22501373 0.89999998
v 46.99762726 21.10023689 0.00000000
v 46.99762726 21.10023689 0.89999998
v 46.94096756 20.98043633 0.00000000
v 46.94096756 20.98043633 0.89999998
v 46.87283325 20.86676788 0.00000000
v 46.87283325 20.86676788 0.89999998
v 46.79389191 20.76032257 0.00000000
v 46.79389191 20.76032257 0.89999998
v 46.70489120 20.66212845 0.00000000
v 46.70489120 20.66212845 0.89999998
v 46.60669708 20.57313156 0.00000000
v 46.60669708 20.57313156 0.89999998
v 46.50025558 20.49418640 0.00000000
v 46.50025558 20.49418640 0.89999998
v 46.38658524 20.42605591 0.00000000
v 46.38658524 20.42605591 0.89999998
v 46.26678467 20.36939430 0.00000000
v 46.26678467 20.36939430 0.89999998
v 46.14200592 20.32474709 0.00000000
v 46.14200592 20.32474709 0.89999998
v 46.01345444 20.29254723 0.00000000
v 46.01345444 20.29254723 0.89999998
v 45.88236618 20.27310181 0.00000000
v 45.88236618 20.27310181 0.89999998
v 45.75859070 20.26702118 0.00000000
v 45.75859070 20.26702118 0.89999998
v 11.19140816 20.26702118 0.00000000
v 11.19140816 20.26702118 0.89999998
v 11.06763554 20.27310181 0.00000000
v 11.06763554 20.27310181 0.89999998
v 10.93654537 20.29254723 0.00000000
v 10.93654537 20.29254723 0.89999998
v 10.80799294 20.32474709 0.00000000
v 10.80799294 20.32474709 0.89999998
v 10.68321609 20.36939430 0.00000000
v 10.68321609 20.36939430 0.89999998
v 10.56341553 20.42605591 0.00000000
v 10.56341553 20.42605591 0.89999998
v 10.44974613 20.49418640 0.00000000
v 10.44974613 20.49418640 0.89999998
v 10.34330082 20.57313156 0.00000000
v 10.34330082 20.57313156 0.89999998
v 10.24510765 20.66212845 0.00000000
v 10.24510765 20.66212845 0.89999998
v 10.15610981 20.76032257 0.00000000
v 10.15610981 20.76032257 0.89999998
v 10.07716465 20.86676788 0.00000000
v 10.07716465 20.86676788 0.89999998
v 10.00903416 20.98043633 0.00000000
v 10.00903416 20.98043633 0.89999998
v 9.95237255 21.10023689 0.00000000
v 9.95237255 21.10023689 0.89999998
v 9.90772629 21.22501373 0.00000000
v 9.90772629 21.22501373 0.89999998
v 9.87552547 21.35356712 0.00000000
v 9.87552547 21.35356712 0.89999998
v 9.85608101 21.48465729 0.00000000
v 9.85608101 21.48465729 0.89999998
v 9.85000038 21.60842896 0.00000000
v 9.85000038 21.60842896 0.89999998
v 9.85000038 24.32774162 0.00000000
v 9.85000038 24.32774162 0.89999998
v 9.85608101 24.45151329 0.00000000
v 9.85608101 24.45151329 0.89999998
v 9.87552547 24.58260345 0.00000000
v 9.87552547 24.58260345 0.89999998
v 9.90772629 24.71115494 0.00000000
v 9.90772629 24.71115494 0.89999998
v 9.95237255 24.83593369 0.00000000
v 9.95237255 24.83593369 0.89999998
v 10.00903416 24.95573425 0.00000000
v 10.00903416 24.95573425 0.89999998
v 10.07716465 25.06940269 0.00000000
v 10.07716465 25.06940269 0.89999998
v 10.15610981 25.17584801 0.00000000
v 10.15610981 25.17584801 0.89999998
v 10.24510765 25.27404213 0.00000000
v 10.24510765 25.27404213 0.89999998
v 10.34330082 25.36303902 0.00000000
v 10.34330082 25.36303902 0.89999998
v 10.44974613 25.44198418 0.00000000
v 10.44974613 25.44198418 0.89999998
v 10.56341553 25.51011467 0.00000000
v 10.56341553 25.51011467 0.89999998
v 10.68321609 25.56677628 0.00000000
v 10.68321609 25.56677628 0.89999998
v 10.80799294 25.61142159 0.00000000
v 10.80799294 25.61142159 0.89999998
v 10.93654537 25.64362335 0.00000000
v 10.93654537 25.64362335 0.89999998
v 11.06763554 25.66306877 0.00000000
v 11.06763554 25.66306877 0.89999998
v 11.19140816 25.66914940 0.00000000
v 11.19140816 25.66914940 0.89999998
v 15.72654247 25.66914940 0.00000000
v 15.72654247 25.66914940 0.89999998
v 15.67759705 25.77263641 0.00000000
v 15.67759705 25.77263641 0.89999998
v 15.62633896 25.91589355 0.00000000
v 15.62633896 25.91589355 0.89999998
v 15.58936882 26.06348419 0.00000000
v 15.58936882 26.06348419 0.89999998
v 15.56704330 26.21398926 0.00000000
v 15.56704330 26.21398926 0.89999998
v 15.56000042 26.35736465 0.00000000
v 15.56000042 26.35736465 0.89999998
v 15.56000042 34.19998550 0.00000000
v 15.56000042 34.19998550 0.89999998
v 12.98196316 36.79608154 0.00000000
v 12.98196316 36.79608154 0.89999998
v 14.81946945 38.58159256 0.00000000
v 14.81946945 38.58159256 0.89999998
v 16.43905449 40.08835983 0.00000000
v 16.43905449 40.08835983 0.89999998
v 18.09098053 41.55959702 0.00000000
v 18.09098053 41.55959702 0.89999998
v 19.77446938 42.99461365 0.00000000
v 19.77446938 42.99461365 0.89999998
v 21.48872757 44.39272690 0.00000000
v 21.48872757 44.39272690 0.89999998
v 23.23294449 45.75328064 0.00000000
v 23.23294449 45.75328064 0.89999998
v 25.00629807 47.07563400 0.00000000
v 25.00629807 47.07563400 0.89999998
v 26.80795288 48.35916138 0.00000000
v 26.80795288 48.35916138 0.89999998
v 28.63706017 49.60326004 0.00000000
v 28.63706017 49.60326004 0.89999998
v 30.49275208 50.80733490 0.00000000
v 30.49275208 50.80733490 0.89999998
v 32.37415695 51.97082901 0.00000000
v 32.37415695 51.97082901 0.89999998
v 34.28038788 53.09318542 0.00000000
v 34.28038788 53.09318542 0.89999998
v 36.21054459 54.17388153 0.00000000
v 36.21054459 54.17388153 0.89999998
v 38.16371536 55.21239853 0.00000000
v 38.16371536 55.21239853 0.89999998
v 40.13898087 56.20825577 0.00000000
v 40.13898087 56.20825577 0.89999998
v 42.13541031 57.16098022 0.00000000
v 42.13541031 57.16098022 0.89999998
v 44.15205765 58.07011795 0.00000000
v 44.15205765 58.07011795 0.89999998
v 46.18797302 58.93524551 0.00000000
v 46.18797302 58.93524551 0.89999998
v 48.24219894 59.75595093 0.00000000
v 48.24219894 59.75595093 0.89999998
v 50.31376266 60.53185272 0.00000000
v 50.31376266 60.53185272 0.89999998
v 52.40169144 61.26258087 0.00000000
v 52.40169144 61.26258087 0.89999998
v 54.50499725 61.94778824 0.00000000
v 54.50499725 61.94778824 0.89999998
v 56.62268448 62.58715820 0.00000000
v 56.62268448 62.58715820 0.89999998
v 58.75376129 63.18038177 0.00000000
v 58.75376129 63.18038177 0.89999998
v 60.89722061 63.72718811 0.00000000
v 60.89722061 63.72718811 0.89999998
v 63.05204773 64.22731018 0.00000000
v 63.05204773 64.22731018 0.89999998
v 65.21722412 64.68051910 0.00000000
v 65.21722412 64.68051910 0.89999998
v 67.39173889 65.08659363 0.00000000
v 67.39173889 65.08659363 0.89999998
v 69.57456207 65.44534302 0.00000000
v 69.57456207 65.44534302 0.89999998
v 71.76465607 65.75660706 0.00000000
v 71.76465607 65.75660706 0.89999998
v 73.96099091 66.02023315 0.00000000
v 73.96099091 66.02023315 0.89999998
v 76.16253662 66.23609924 0.00000000
v 76.16253662 66.23609924 0.89999998
v 78.36825562 66.40409851 0.00000000
v 78.36825562 66.40409851 0.89999998
v 80.57709503 66.52415466 0.00000000
v 80.57709503 66.52415466 0.89999998
v 82.78802490 66.59621429 0.00000000
v 82.78802490 66.59621429 0.89999998
v 85.00000000 66.62023163 0.00000000
v 85.00000000 66.62023163 0.89999998
v 87.21197510 66.59621429 0.00000000
v 87.21197510 66.59621429 0.89999998
v 89.42290497 66.52415466 0.00000000
v 89.42290497 66.52415466 0.89999998
v 91.63174438 66.40409851 0.00000000
v 91.63174438 66.40409851 0.89999998
v 93.83746338 66.23609924 0.00000000
v 93.83746338 66.23609924 0.89999998
v 96.03900909 66.02023315 0.00000000
v 96.03900909 66.02023315 0.89999998
v 98.23534393 65.75660706 0.00000000
v 98.23534393 65.75660706 0.89999998
v 100.42543793 65.44534302 0.00000000
v 100.42543793 65.44534302 0.89999998
v 102.60826111 65.08659363 0.00000000
v 102.60826111 65.08659363 0.89999998
v 104.78277588 64.68051910 0.00000000
v 104.78277588 64.68051910 0.89999998
v 106.94795227 64.22731018 0.00000000
v 106.94795227 64.22731018 0.89999998
v 109.10278320 63.72718811 0.00000000
v 109.10278320 63.72718811 0.89999998
v 111.24623871 63.18038177 0.00000000
v 111.24623871 63.18038177 0.89999998
v 113.37731171 62.58715820 0.00000000
v 113.37731171 62.58715820 0.89999998
v 115.49500275 61.94778824 0.00000000
v 115.49500275 61.94778824 0.89999998
v 117.59830475 61.26258087 0.00000000
v 117.59830475 61.26258087 0.89999998
v 119.68623352 60.53185272 0.00000000
v 119.68623352 60.53185272 0.89999998
v 121.75779724 59.75595093 0.00000000
v 121.75779724 59.75595093 0.89999998
v 123.81202698 58.93524551 0.00000000
v 123.81202698 58.93524551 0.89999998
v 125.84794617 58.07011795 0.00000000
v 125.84794617 58.07011795 0.89999998
v 127.86459351 57.16098022 0.00000000
v 127.86459351 57.16098022 0.89999998
v 129.86102295 56.20825577 0.00000000
v 129.86102295 56.20825577 0.89999998
v 131.83628845 55.21239853 0.00000000
v 131.83628845 55.21239853 0.89999998
v 133.78945923 54.17388153 0.00000000
v 133.78945923 54.17388153 0.89999998
v 135.71960449 53.09318542 0.00000000
v 135.71960449 53.09318542 0.89999998
v 137.62583923 51.97082901 0.00000000
v 137.62583923 51.97082901 0.89999998
v 139.50724792 50.80733490 0.00000000
v 139.50724792 50.80733490 0.89999998
v 141.36294556 49.60326004 0.00000000
v 141.36294556 49.60326004 0.89999998
v 143.19204712 48.35916138 0.00000000
v 143.19204712 48.35916138 0.89999998
v 144.99369812 47.07563400 0.00000000
v 144.99369812 47.07563400 0.89999998
v 146.76705933 45.75328064 0.00000000
v 146.76705933 45.75328064 0.89999998
v 148.51127625 44.39272690 0.00000000
v 148.51127625 44.39272690 0.89999998
v 150.22552490 42.99461365 0.00000000
v 150.22552490 42.99461365 0.89999998
v 151.90901184 41.55959702 0.00000000
v 151.90901184 41.55959702 0.89999998
v 153.56094360 40.08835983 0.00000000
v 153.56094360 40.08835983 0.89999998
v 155.18052673 38.58159256 0.00000000
v 155.18052673 38.58159256 0.89999998
v 157.01803589 36.79608154 0.00000000
v 157.01803589 36.79608154 0.89999998
v 155.92889404 35.69931412 0.00000000
v 155.92889404 35.69931412 0.89999998
v 155.94062805 35.65247345 0.00000000
v 155.94062805 35.65247345 0.89999998
v 155.96295166 35.50196838 0.00000000
v 155.96295166 35.50196838 0.89999998
v 155.97000122 35.35859299 0.00000000
v 155.97000122 35.35859299 0.89999998
v 155.97000122 26.35736465 0.00000000
v 155.97000122 26.35736465 0.89999998
v 155.96295166 26.21398926 0.00000000
v 155.96295166 26.21398926 0.89999998
v 155.94062805 26.06348419 0.00000000
v 155.94062805 26.06348419 0.89999998
v 155.90365601 25.91589355 0.00000000
v 155.90365601 25.91589355 0.89999998
v 155.85240173 25.77263641 0.00000000
v 155.85240173 25.77263641 0.89999998
v 155.80345154 25.66914940 0.00000000
v 155.80345154 25.66914940 0.89999998
v 157.95858765 25.66914940 0.00000000
v 157.95858765 25.66914940 0.89999998
v 158.08236694 25.66306877 0.00000000
v 158.08236694 25.66306877 0.89999998
v 158.21345520 25.64362335 0.00000000
v 158.21345520 25.64362335 0.89999998
v 158.34201050 25.61142159 0.00000000
v 158.34201050 25.61142159 0.89999998
v 158.46678162 25.56677628 0.00000000
v 158.46678162 25.56677628 0.89999998
v 158.58657837 25.51011467 0.00000000
v 158.58657837 25.51011467 0.89999998
v 158.70025635 25.44198418 0.00000000
v 158.70025635 25.44198418 0.89999998
v 158.80670166 25.36303902 0.00000000
v 158.80670166 25.36303902 0.89999998
v 158.90489197 25.27404213 0.00000000
v 158.90489197 25.27404213 0.89999998
v 158.99389648 25.17584801 0.00000000
v 158.99389648 25.17584801 0.89999998
v 159.07283020 25.06940269 0.00000000
v 159.07283020 25.06940269 0.89999998
v 159.14096069 24.95573425 0.00000000
v 159.14096069 24.95573425 0.89999998
v 159.19763184 24.83593369 0.00000000
v 159.19763184 24.83593369 0.89999998
v 159.24227905 24.71115494 0.00000000
v 159.24227905 24.71115494 0.89999998
v 159.27447510 24.58260345 0.00000000
v 159.27447510 24.58260345 0.89999998
v 159.29391479 24.45151329 0.00000000
v 159.29391479 24.45151329 0.89999998
v 159.30000305 24.32774162 0.00000000
v 159.30000305 24.32774162 0.89999998
v 159.30000305 21.81702042 0.00000000
v 159.30000305 21.81702042 0.89999998
v 160.17979431 21.81702042 0.00000000
v 160.17979431 21.81702042 0.89999998
v 160.51013184 21.80079269 0.00000000
v 160.51013184 21.80079269 0.89999998
v 160.83728027 21.75226402 0.00000000
v 160.83728027 21.75226402 0.89999998
v 161.15811157 21.67190170 0.00000000
v 161.15811157 21.67190170 0.89999998
v 161.46951294 21.56047821 0.00000000
v 161.46951294 21.56047821 0.89999998
v 161.76849365 21.41907120 0.00000000
v 161.76849365 21.41907120 0.89999998
v 162.05216980 21.24903870 0.00000000
v 162.05216980 21.24903870 0.89999998
v 162.31782532 21.05201912 0.00000000
v 162.31782532 21.05201912 0.89999998
v 162.56288147 20.82990837 0.00000000
v 162.56288147 20.82990837 0.89999998
v 162.60499573 20.78344536 0.00000000
v 162.60499573 20.78344536 0.89999998
v 162.64710999 20.82990837 0.00000000
v 162.64710999 20.82990837 0.89999998
v 162.89216614 21.05201912 0.00000000
v 162.89216614 21.05201912 0.89999998
v 163.15782166 21.24903870 0.00000000
v 163.15782166 21.24903870 0.89999998
v 163.44151306 21.41907120 0.00000000
v 163.44151306 21.41907120 0.89999998
v 163.74049377 21.56047821 0.00000000
v 163.74049377 21.56047821 0.89999998
v 164.05189514 21.67190170 0.00000000
v 164.05189514 21.67190170 0.89999998
v 164.37271118 21.75226402 0.00000000
v 164.37271118 21.75226402 0.89999998
v 164.69987488 21.80079269 0.00000000
v 164.69987488 21.80079269 0.89999998
v 165.03021240 21.81702042 0.00000000
v 165.03021240 21.81702042 0.89999998
v 166.49000549 21.81702042 0.00000000
v 166.49000549 21.81702042 0.89999998
v 166.49000549 29.93297958 0.00000000
v 166.49000549 29.93297958 0.89999998
v 163.77409363 29.93297958 0.00000000
v 163.77409363 29.93297958 0.89999998
v 162.02009583 31.99276352 0.00000000
v 162.02009583 31.99276352 0.89999998
v 160.35864258 33.85017395 0.00000000
v 160.35864258 33.85017395 0.89999998
v 158.65240479 35.66653442 0.00000000
v 158.65240479 35.66653442 0.89999998
v 156.90242004 37.44076538 0.00000000
v 156.90242004 37.44076538 0.89999998
v 155.10968018 39.17181015 0.00000000
v 155.10968018 39.17181015 0.89999998
v 153.27529907 40.85864639 0.00000000
v 153.27529907 40.85864639 0.89999998
v 151.40034485 42.50026703 0.00000000
v 151.40034485 42.50026703 0.89999998
v 149.48591614 44.09569550 0.00000000
v 149.48591614 44.09569550 0.89999998
v 147.53318787 45.64398575 0.00000000
v 147.53318787 45.64398575 0.89999998
v 145.54328918 47.14421844 0.00000000
v 145.54328918 47.14421844 0.89999998
v 143.51741028 48.59550095 0.00000000
v 143.51741028 48.59550095 0.89999998
v 141.45675659 49.99697113 0.00000000
v 141.45675659 49.99697113 0.89999998
v 139.36256409 51.34779358 0.00000000
v 139.36256409 51.34779358 0.89999998
v 137.23606873 52.64717102 0.00000000
v 137.23606873 52.64717102 0.89999998
v 135.07852173 53.89432907 0.00000000
v 135.07852173 53.89432907 0.89999998
v 132.89122009 55.08852386 0.00000000
v 132.89122009 55.08852386 0.89999998
v 130.67546082 56.22904968 0.00000000
v 130.67546082 56.22904968 0.89999998
v 128.43255615 57.31522369 0.00000000
v 128.43255615 57.31522369 0.89999998
v 126.16384125 58.34640503 0.00000000
v 126.16384125 58.34640503 0.89999998
v 123.87066650 59.32198334 0.00000000
v 123.87066650 59.32198334 0.89999998
v 121.55439758 60.24137115 0.00000000
v 121.55439758 60.24137115 0.89999998
v 119.21640778 61.10402679 0.00000000
v 119.21640778 61.10402679 0.89999998
v 116.85807800 61.90943527 0.00000000
v 116.85807800 61.90943527 0.89999998
v 114.48081970 62.65712357 0.00000000
v 114.48081970 62.65712357 0.89999998
v 112.08604431 63.34664154 0.00000000
v 112.08604431 63.34664154 0.89999998
v 109.67517090 63.97758102 0.00000000
v 109.67517090 63.97758102 0.89999998
v 107.24963379 64.54956818 0.00000000
v 107.24963379 64.54956818 0.89999998
v 104.81088257 65.06226349 0.00000000
v 104.81088257 65.06226349 0.89999998
v 102.36035156 65.51535797 0.00000000
v 102.36035156 65.51535797 0.89999998
v 99.89950562 65.90858459 0.00000000
v 99.89950562 65.90858459 0.89999998
v 97.42980194 66.24171448 0.00000000
v 97.42980194 66.24171448 0.89999998
v 94.95272064 66.51454926 0.00000000
v 94.95272064 66.51454926 0.89999998
v 92.46971893 66.72691345 0.00000000
v 92.46971893 66.72691345 0.89999998
v 89.98227692 66.87870026 0.00000000
v 89.98227692 66.87870026 0.89999998
v 87.49188232 66.96980286 0.00000000
v 87.49188232 66.96980286 0.89999998
v 85.00000000 67.00018311 0.00000000
v 85.00000000 67.00018311 0.89999998
v 82.50811768 66.96980286 0.00000000
v 82.50811768 66.96980286 0.89999998
v 80.01772308 66.87870026 0.00000000
v 80.01772308 66.87870026 0.89999998
v 77.53028107 66.72691345 0.00000000
v 77.53028107 66.72691345 0.89999998
v 75.04727936 66.51454926 0.00000000
v 75.04727936 66.51454926 0.89999998
v 72.57019806 66.24171448 0.00000000
v 72.57019806 66.24171448 0.89999998
v 70.10049438 65.90858459 0.00000000
v 70.10049438 65.90858459 0.89999998
v 67.63964844 65.51535797 0.00000000
v 67.63964844 65.51535797 0.89999998
v 65.18911743 65.06226349 0.00000000
v 65.18911743 65.06226349 0.89999998
v 62.75036240 64.54956818 0.00000000
v 62.75036240 64.54956818 0.89999998
v 60.32482910 63.97758102 0.00000000
v 60.32482910 63.97758102 0.89999998
v 57.91395569 63.34664154 0.00000000
v 57.91395569 63.34664154 0.89999998
v 55.51918030 62.65712357 0.00000000
v 55.51918030 62.65712357 0.89999998
v 53.14192200 61.90943527 0.00000000
v 53.14192200 61.90943527 0.89999998
v 50.78359604 61.10402679 0.00000000
v 50.78359604 61.10402679 0.89999998
v 48.44560242 60.24137115 0.00000000
v 48.44560242 60.24137115 0.89999998
v 46.12932968 59.32198334 0.00000000
v 46.12932968 59.32198334 0.89999998
v 43.83615494 58.34640503 0.00000000
v 43.83615494 58.34640503 0.89999998
v 41.56744385 57.31522369 0.00000000
v 41.56744385 57.31522369 0.89999998
v 39.32454300 56.22904968 0.00000000
v 39.32454300 56.22904968 0.89999998
v 37.10877991 55.08852386 0.00000000
v 37.10877991 55.08852386 0.89999998
v 34.92148209 53.89432907 0.00000000
v 34.92148209 53.89432907 0.89999998
v 32.76393890 52.64717102 0.00000000
v 32.76393890 52.64717102 0.89999998
v 30.63743591 51.34779358 0.00000000
v 30.63743591 51.34779358 0.89999998
v 28.54323769 49.99697113 0.00000000
v 28.54323769 49.99697113 0.89999998
v 26.48258972 48.59550095 0.00000000
v 26.48258972 48.59550095 0.89999998
v 24.45671463 47.14421844 0.00000000
v 24.45671463 47.14421844 0.89999998
v 22.46681786 45.64398575 0.00000000
v 22.46681786 45.64398575 0.89999998
v 20.51407814 44.09569550 0.00000000
v 20.51407814 44.09569550 0.89999998
v 18.59966087 42.50026703 0.00000000
v 18.59966087 42.50026703 0.89999998
v 16.72470093 40.85864639 0.00000000
v 16.72470093 40.85864639 0.89999998
v 14.89031315 39.17181015 0.00000000
v 14.89031315 39.17181015 0.89999998
v 13.09758663 37.44076538 0.00000000
v 13.09758663 37.44076538 0.89999998
v 11.34758854 35.66653442 0.00000000
v 11.34758854 35.66653442 0.89999998
v 9.64135647 33.85017395 0.00000000
v 9.64135647 33.85017395 0.89999998
v 7.97990656 31.99276352 0.00000000
v 7.97990656 31.99276352 0.89999998
v 6.22591066 29.93297958 0.00000000
v 6.22591066 29.93297958 0.89999998
v 3.50999999 29.93297958 0.00000000
v 3.50999999 29.93297958 0.89999998
v 3.50999999 3.50999999 0.00000000
v 3.50999999 3.50999999 0.89999998
v 4.48823166 3.50999999 0.00000000
v 4.48823166 3.50999999 0.89999998
v 4.51798677 3.59315920 0.00000000
v 4.51798677 3.59315920 0.89999998
v 4.58302212 3.73066497 0.00000000
v 4.58302212 3.73066497 0.89999998
v 4.66122198 3.86113381 0.00000000
v 4.66122198 3.86113381 0.89999998
v 4.75183392 3.98330951 0.00000000
v 4.75183392 3.98330951 0.89999998
v 4.85398436 4.09601545 0.00000000
v 4.85398436 4.09601545 0.89999998
v 4.96669054 4.19816637 0.00000000
v 4.96669054 4.19816637 0.89999998
v 5.08886623 4.28877783 0.00000000
v 5.08886623 4.28877783 0.89999998
v 5.21933508 4.36697817 0.00000000
v 5.21933508 4.36697817 0.89999998
v 5.35684061 4.43201351 0.00000000
v 5.35684061 4.43201351 0.89999998
v 5.50005865 4.48325729 0.00000000
v 5.50005865 4.48325729 0.89999998
v 5.64761019 4.52021742 0.00000000
v 5.64761019 4.52021742 0.89999998
v 5.79807329 4.54253626 0.00000000
v 5.79807329 4.54253626 0.89999998
v 5.94999981 4.55000019 0.00000000
v 5.94999981 4.55000019 0.89999998
v 6.10192680 4.54253626 0.00000000
v 6.10192680 4.54253626 0.89999998
v 6.25238991 4.52021742 0.00000000
v 6.25238991 4.52021742 0.89999998
v 6.39994144 4.48325729 0.00000000
v 6.39994144 4.48325729 0.89999998
v 6.54315948 4.43201351 0.00000000
v 6.54315948 4.43201351 0.89999998
v 6.68066502 4.36697817 0.00000000
v 6.68066502 4.36697817 0.89999998
v 6.81113386 4.28877783 0.00000000
v 6.81113386 4.28877783 0.89999998
v 6.93330956 4.19816637 0.00000000
v 6.93330956 4.19816637 0.89999998
v 7.04601574 4.09601545 0.00000000
v 7.04601574 4.09601545 0.89999998
v 7.14816618 3.98330951 0.00000000
v 7.14816618 3.98330951 0.89999998
v 7.23877811 3.86113381 0.00000000
v 7.23877811 3.86113381 0.89999998
v 7.31697798 3.73066497 0.00000000
v 7.31697798 3.73066497 0.89999998
v 7.38201332 3.59315920 0.00000000
v 7.38201332 3.59315920 0.89999998
v 7.41176796 3.50999999 0.00000000
v 7.41176796 3.50999999 0.89999998
v 162.58822632 3.50999999 0.00000000
v 162.58822632 3.50999999 0.89999998
v 162.61798096 3.59315920 0.00000000
v 162.61798096 3.59315920 0.89999998
v 162.68302917 3.73066497 0.00000000
v 162.68302917 3.73066497 0.89999998
v 162.76121521 3.86113381 0.00000000
v 162.76121521 3.86113381 0.89999998
v 162.85183716 3.98330951 0.00000000
v 162.85183716 3.98330951 0.89999998
v 162.95397949 4.09601545 0.00000000
v 162.95397949 4.09601545 0.89999998
v 163.06669617 4.19816637 0.00000000
v 163.06669617 4.19816637 0.89999998
v 163.18887329 4.28877783 0.00000000
v 163.18887329 4.28877783 0.89999998
v 163.31933594 4.36697817 0.00000000
v 163.31933594 4.36697817 0.89999998
v 163.45684814 4.43201351 0.00000000
v 163.45684814 4.43201351 0.89999998
v 163.60005188 4.48325729 0.00000000
v 163.60005188 4.48325729 0.89999998
v 163.74760437 4.52021742 0.00000000
v 163.74760437 4.52021742 0.89999998
v 163.89807129 4.54253626 0.00000000
v 163.89807129 4.54253626 0.89999998
v 164.05000305 4.55000019 0.00000000
v 164.05000305 4.55000019 0.89999998
v 164.20191956 4.54253626 0.00000000
v 164.20191956 4.54253626 0.89999998
v 164.35238647 4.52021742 0.00000000
v 164.35238647 4.52021742 0.89999998
v 164.49993896 4.48325729 0.00000000
v 164.49993896 4.48325729 0.89999998
v 164.64315796 4.43201351 0.00000000
v 164.64315796 4.43201351 0.89999998
v 164.78067017 4.36697817 0.00000000
v 164.78067017 4.36697817 0.89999998
v 164.91113281 4.28877783 0.00000000
v 164.91113281 4.28877783 0.89999998
v 165.03330994 4.19816637 0.00000000
v 165.03330994 4.19816637 0.89999998
v 165.14601135 4.09601545 0.00000000
v 165.14601135 4.09601545 0.89999998
v 165.24816895 3.98330951 0.00000000
v 165.24816895 3.98330951 0.89999998
v 165.33877563 3.86113381 0.00000000
v 165.33877563 3.86113381 0.89999998
v 165.41697693 3.73066497 0.00000000
v 165.41697693 3.73066497 0.89999998
v 165.48200989 3.59315920 0.00000000
v 165.48200989 3.59315920 0.89999998
v 165.51176453 3.50999999 0.00000000
v 165.51176453 3.50999999 0.89999998
v 166.49000549 3.50999999 0.00000000
v 166.49000549 3.50999999 0.89999998
v 67.16763306 21.35820770 0.00000000
v 67.16763306 21.35820770 0.89999998
v 67.29140472 21.35212708 0.00000000
v 67.29140472 21.35212708 0.89999998
v 67.03654480 21.37765312 0.00000000
v 67.03654480 21.37765312 0.89999998
v 66.90798950 21.40985489 0.00000000
v 66.90798950 21.40985489 0.89999998
v 66.78321838 21.45450020 0.00000000
v 66.78321838 21.45450020 0.89999998
v 66.66341400 21.51116180 0.00000000
v 66.66341400 21.51116180 0.89999998
v 66.54974365 21.57929230 0.00000000
v 66.54974365 21.57929230 0.89999998
v 66.44329834 21.65823746 0.00000000
v 66.44329834 21.65823746 0.89999998
v 66.34510803 21.74723434 0.00000000
v 66.34510803 21.74723434 0.89999998
v 66.25611115 21.84542847 0.00000000
v 66.25611115 21.84542847 0.89999998
v 66.17716217 21.95187378 0.00000000
v 66.17716217 21.95187378 0.89999998
v 66.10903168 22.06554222 0.00000000
v 66.10903168 22.06554222 0.89999998
v 66.05237579 22.18534279 0.00000000
v 66.05237579 22.18534279 0.89999998
v 66.00772858 22.31012154 0.00000000
v 66.00772858 22.31012154 0.89999998
v 65.97552490 22.43867302 0.00000000
v 65.97552490 22.43867302 0.89999998
v 65.95607758 22.56976318 0.00000000
v 65.95607758 22.56976318 0.89999998
v 65.94999695 22.69353485 0.00000000
v 65.94999695 22.69353485 0.89999998
v 65.94999695 29.24688911 0.00000000
v 65.94999695 29.24688911 0.89999998
v 65.95607758 29.37066269 0.00000000
v 65.95607758 29.37066269 0.89999998
v 65.97552490 29.50175285 0.00000000
v 65.97552490 29.50175285 0.89999998
v 66.00772858 29.63030434 0.00000000
v 66.00772858 29.63030434 0.89999998
v 66.05237579 29.75508118 0.00000000
v 66.05237579 29.75508118 0.89999998
v 66.10903168 29.87488174 0.00000000
v 66.10903168 29.87488174 0.89999998
v 66.17716217 29.98855209 0.00000000
v 66.17716217 29.98855209 0.89999998
v 66.25611115 30.09499741 0.00000000
v 66.25611115 30.09499741 0.89999998
v 66.34510803 30.19318962 0.00000000
v 66.34510803 30.19318962 0.89999998
v 66.44329834 30.28218842 0.00000000
v 66.44329834 30.28218842 0.89999998
v 66.54974365 30.36113358 0.00000000
v 66.54974365 30.36113358 0.89999998
v 66.66341400 30.42926407 0.00000000
v 66.66341400 30.42926407 0.89999998
v 66.78321838 30.48592567 0.00000000
v 66.78321838 30.48592567 0.89999998
v 66.90798950 30.53057098 0.00000000
v 66.90798950 30.53057098 0.89999998
v 67.03654480 30.56277275 0.00000000
v 67.03654480 30.56277275 0.89999998
v 67.16763306 30.58221817 0.00000000
v 67.16763306 30.58221817 0.89999998
v 67.29140472 30.58829880 0.00000000
v 67.29140472 30.58829880 0.89999998
v 101.00859070 30.58829880 0.00000000
v 101.00859070 30.58829880 0.89999998
v 101.13236237 30.58221817 0.00000000
v 101.13236237 30.58221817 0.89999998
v 101.26345062 30.56277275 0.00000000
v 101.26345062 30.56277275 0.89999998
v 101.39200592 30.53057098 0.00000000
v 101.39200592 30.53057098 0.89999998
v 101.51678467 30.48592567 0.00000000
v 101.51678467 30.48592567 0.89999998
v 101.63658142 30.42926407 0.00000000
v 101.63658142 30.42926407 0.89999998
v 101.75025177 30.36113358 0.00000000
v 101.75025177 30.36113358 0.89999998
v 101.85669708 30.28218842 0.00000000
v 101.85669708 30.28218842 0.89999998
v 101.95489502 30.19318962 0.00000000
v 101.95489502 30.19318962 0.89999998
v 102.04389191 30.09499741 0.00000000
v 102.04389191 30.09499741 0.89999998
v 102.12283325 29.98855209 0.00000000
v 102.12283325 29.98855209 0.89999998
v 102.19096375 29.87488174 0.00000000
v 102.19096375 29.87488174 0.89999998
v 102.24762726 29.75508118 0.00000000
v 102.24762726 29.75508118 0.89999998
v 102.29227448 29.63030434 0.00000000
v 102.29227448 29.63030434 0.89999998
v 102.32447052 29.50175285 0.00000000
v 102.32447052 29.50175285 0.89999998
v 102.34391785 29.37066269 0.00000000
v 102.34391785 29.37066269 0.89999998
v 102.34999847 29.24688911 0.00000000
v 102.34999847 29.24688911 0.89999998
v 102.34999847 22.69353485 0.00000000
v 102.34999847 22.69353485 0.89999998
v 102.34391785 22.56976318 0.00000000
v 102.34391785 22.56976318 0.89999998
v 102.32447052 22.43867302 0.00000000
v 102.32447052 22.43867302 0.89999998
v 102.29227448 22.31012154 0.00000000
v 102.29227448 22.31012154 0.89999998
v 102.24762726 22.18534279 0.00000000
v 102.24762726 22.18534279 0.89999998
v 102.19096375 22.06554222 0.00000000
v 102.19096375 22.06554222 0.89999998
v 102.12283325 21.95187378 0.00000000
v 102.12283325 21.95187378 0.89999998
v 102.04389191 21.84542847 0.00000000
v 102.04389191 21.84542847 0.89999998
v 101.95489502 21.74723434 0.00000000
v 101.95489502 21.74723434 0.89999998
v 101.85669708 21.65823746 0.00000000
v 101.85669708 21.65823746 0.89999998
v 101.75025177 21.57929230 0.00000000
v 101.75025177 21.57929230 0.89999998
v 101.63658142 21.51116180 0.00000000
v 101.63658142 21.51116180 0.89999998
v 101.51678467 21.45450020 0.00000000
v 101.51678467 21.45450020 0.89999998
v 101.39200592 21.40985489 0.00000000
v 101.39200592 21.40985489 0.89999998
v 101.26345062 21.37765312 0.00000000
v 101.26345062 21.37765312 0.89999998
v 101.13236237 21.35820770 0.00000000
v 101.13236237 21.35820770 0.89999998
v 101.00859070 21.35212708 0.00000000
v 101.00859070 21.35212708 0.89999998
v 5.64761019 25.86276245 0.00000000
v 5.64761019 25.86276245 0.89999998
v 5.79807329 25.84044266 0.00000000
v 5.79807329 25.84044266 0.89999998
v 5.50005865 25.89972115 0.00000000
v 5.50005865 25.89972115 0.89999998
v 5.35684061 25.95096588 0.00000000
v 5.35684061 25.95096588 0.89999998
v 5.21933508 26.01600075 0.00000000
v 5.21933508 26.01600075 0.89999998
v 5.08886623 26.09420013 0.00000000
v 5.08886623 26.09420013 0.89999998
v 4.96669054 26.18481255 0.00000000
v 4.96669054 26.18481255 0.89999998
v 4.85398436 26.28696251 0.00000000
v 4.85398436 26.28696251 0.89999998
v 4.75183392 26.39966965 0.00000000
v 4.75183392 26.39966965 0.89999998
v 4.66122198 26.52184486 0.00000000
v 4.66122198 26.52184486 0.89999998
v 4.58302212 26.65231323 0.00000000
v 4.58302212 26.65231323 0.89999998
v 4.51798677 26.78981972 0.00000000
v 4.51798677 26.78981972 0.89999998
v 4.46674252 26.93303680 0.00000000
v 4.46674252 26.93303680 0.89999998
v 4.42978287 27.08058929 0.00000000
v 4.42978287 27.08058929 0.89999998
v 4.40746355 27.23105240 0.00000000
v 4.40746355 27.23105240 0.89999998
v 4.40000010 27.38297844 0.00000000
v 4.40000010 27.38297844 0.89999998
v 4.40746355 27.53490448 0.00000000
v 4.40746355 27.53490448 0.89999998
v 4.42978287 27.68536949 0.00000000
v 4.42978287 27.68536949 0.89999998
v 4.46674252 27.83292007 0.00000000
v 4.46674252 27.83292007 0.89999998
v 4.51798677 27.97613716 0.00000000
v 4.51798677 27.97613716 0.89999998
v 4.58302212 28.11364365 0.00000000
v 4.58302212 28.11364365 0.89999998
v 4.66122198 28.24411201 0.00000000
v 4.66122198 28.24411201 0.89999998
v 4.75183392 28.36628914 0.00000000
v 4.75183392 28.36628914 0.89999998
v 4.85398436 28.47899437 0.00000000
v 4.85398436 28.47899437 0.89999998
v 4.96669054 28.58114433 0.00000000
v 4.96669054 28.58114433 0.89999998
v 5.08886623 28.67175674 0.00000000
v 5.08886623 28.67175674 0.89999998
v 5.21933508 28.74995613 0.00000000
v 5.21933508 28.74995613 0.89999998
v 5.35684061 28.81499290 0.00000000
v 5.35684061 28.81499290 0.89999998
v 5.50005865 28.86623573 0.00000000
v 5.50005865 28.86623573 0.89999998
v 5.64761019 28.90319633 0.00000000
v 5.64761019 28.90319633 0.89999998
v 5.79807329 28.92551422 0.00000000
v 5.79807329 28.92551422 0.89999998
v 5.94999981 28.93297958 0.00000000
v 5.94999981 28.93297958 0.89999998
v 6.10192680 28.92551422 0.00000000
v 6.10192680 28.92551422 0.89999998
v 6.25238991 28.90319633 0.00000000
v 6.25238991 28.90319633 0.89999998
v 6.39994144 28.86623573 0.00000000
v 6.39994144 28.86623573 0.89999998
v 6.54315948 28.81499290 0.00000000
v 6.54315948 28.81499290 0.89999998
v 6.68066502 28.74995613 0.00000000
v 6.68066502 28.74995613 0.89999998
v 6.81113386 28.67175674 0.00000000
v 6.81113386 28.67175674 0.89999998
v 6.93330956 28.58114433 0.00000000
v 6.93330956 28.58114433 0.89999998
v 7.04601574 28.47899437 0.00000000
v 7.04601574 28.47899437 0.89999998
v 7.14816618 28.36628914 0.00000000
v 7.14816618 28.36628914 0.89999998
v 7.23877811 28.24411201 0.00000000
v 7.23877811 28.24411201 0.89999998
v 7.31697798 28.11364365 0.00000000
v 7.31697798 28.11364365 0.89999998
v 7.38201332 27.97613716 0.00000000
v 7.38201332 27.97613716 0.89999998
v 7.43325758 27.83292007 0.00000000
v 7.43325758 27.83292007 0.89999998
v 7.47021723 27.68536949 0.00000000
v 7.47021723 27.68536949 0.89999998
v 7.49253654 27.53490448 0.00000000
v 7.49253654 27.53490448 0.89999998
v 7.50000000 27.38297844 0.00000000
v 7.50000000 27.38297844 0.89999998
v 7.49253654 27.23105240 0.00000000
v 7.49253654 27.23105240 0.89999998
v 7.47021723 27.08058929 0.00000000
v 7.47021723 27.08058929 0.89999998
v 7.43325758 26.93303680 0.00000000
v 7.43325758 26.93303680 0.89999998
v 7.38201332 26.78981972 0.00000000
v 7.38201332 26.78981972 0.89999998
v 7.31697798 26.65231323 0.00000000
v 7.31697798 26.65231323 0.89999998
v 7.23877811 26.52184486 0.00000000
v 7.23877811 26.52184486 0.89999998
v 7.14816618 26.39966965 0.00000000
v 7.14816618 26.39966965 0.89999998
v 7.04601574 26.28696251 0.00000000
v 7.04601574 26.28696251 0.89999998
v 6.93330956 26.18481255 0.00000000
v 6.93330956 26.18481255 0.89999998
v 6.81113386 26.09420013 0.00000000
v 6.81113386 26.09420013 0.89999998
v 6.68066502 26.01600075 0.00000000
v 6.68066502 26.01600075 0.89999998
v 6.54315948 25.95096588 0.00000000
v 6.54315948 25.95096588 0.89999998
v 6.39994144 25.89972115 0.00000000
v 6.39994144 25.89972115 0.89999998
v 6.25238991 25.86276245 0.00000000
v 6.25238991 25.86276245 0.89999998
v 6.10192680 25.84044266 0.00000000
v 6.10192680 25.84044266 0.89999998
v 5.94999981 25.83297920 0.00000000
v 5.94999981 25.83297920 0.89999998
v 163.74760437 25.86276245 0.00000000
v 163.74760437 25.86276245 0.89999998
v 163.89807129 25.84044266 0.00000000
v 163.89807129 25.84044266 0.89999998
v 163.60005188 25.89972115 0.00000000
v 163.60005188 25.89972115 0.89999998
v 163.45684814 25.95096588 0.00000000
v 163.45684814 25.95096588 0.89999998
v 163.31933594 26.01600075 0.00000000
v 163.31933594 26.01600075 0.89999998
v 163.18887329 26.09420013 0.00000000
v 163.18887329 26.09420013 0.89999998
v 163.06669617 26.18481255 0.00000000
v 163.06669617 26.18481255 0.89999998
v 162.95397949 26.28696251 0.00000000
v 162.95397949 26.28696251 0.89999998
v 162.85183716 26.39966965 0.00000000
v 162.85183716 26.39966965 0.89999998
v 162.76121521 26.52184486 0.00000000
v 162.76121521 26.52184486 0.89999998
v 162.68302917 26.65231323 0.00000000
v 162.68302917 26.65231323 0.89999998
v 162.61798096 26.78981972 0.00000000
v 162.61798096 26.78981972 0.89999998
v 162.56674194 26.93303680 0.00000000
v 162.56674194 26.93303680 0.89999998
v 162.52978516 27.08058929 0.00000000
v 162.52978516 27.08058929 0.89999998
v 162.50746155 27.23105240 0.00000000
v 162.50746155 27.23105240 0.89999998
v 162.50000000 27.38297844 0.00000000
v 162.50000000 27.38297844 0.89999998
v 162.50746155 27.53490448 0.00000000
v 162.50746155 27.53490448 0.89999998
v 162.52978516 27.68536949 0.00000000
v 162.52978516 27.68536949 0.89999998
v 162.56674194 27.83292007 0.00000000
v 162.56674194 27.83292007 0.89999998
v 162.61798096 27.97613716 0.00000000
v 162.61798096 27.97613716 0.89999998
v 162.68302917 28.11364365 0.00000000
v 162.68302917 28.11364365 0.89999998
v 162.76121521 28.24411201 0.00000000
v 162.76121521 28.24411201 0.89999998
v 162.85183716 28.36628914 0.00000000
v 162.85183716 28.36628914 0.89999998
v 162.95397949 28.47899437 0.00000000
v 162.95397949 28.47899437 0.89999998
v 163.06669617 28.58114433 0.00000000
v 163.06669617 28.58114433 0.89999998
v 163.18887329 28.67175674 0.00000000
v 163.18887329 28.67175674 0.89999998
v 163.31933594 28.74995613 0.00000000
v 163.31933594 28.74995613 0.89999998
v 163.45684814 28.81499290 0.00000000
v 163.45684814 28.81499290 0.89999998
v 163.60005188 28.86623573 0.00000000
v 163.60005188 28.86623573 0.89999998
v 163.74760437 28.90319633 0.00000000
v 163.74760437 28.90319633 0.89999998
v 163.89807129 28.92551422 0.00000000
v 163.89807129 28.92551422 0.89999998
v 164.05000305 28.93297958 0.00000000
v 164.05000305 28.93297958 0.89999998
v 164.20191956 28.92551422 0.00000000
v 164.20191956 28.92551422 0.89999998
v 164.35238647 28.90319633 0.00000000
v 164.35238647 28.90319633 0.89999998
v 164.49993896 28.86623573 0.00000000
v 164.49993896 28.86623573 0.89999998
v 164.64315796 28.81499290 0.00000000
v 164.64315796 28.81499290 0.89999998
v 164.78067017 28.74995613 0.00000000
v 164.78067017 28.74995613 0.89999998
v 164.91113281 28.67175674 0.00000000
v 164.91113281 28.67175674 0.89999998
v 165.03330994 28.58114433 0.00000000
v 165.03330994 28.58114433 0.89999998
v 165.14601135 28.47899437 0.00000000
v 165.14601135 28.47899437 0.89999998
v 165.24816895 28.36628914 0.00000000
v 165.24816895 28.36628914 0.89999998
v 165.33877563 28.24411201 0.00000000
v 165.33877563 28.24411201 0.89999998
v 165.41697693 28.11364365 0.00000000
v 165.41697693 28.11364365 0.89999998
v 165.48200989 27.97613716 0.00000000
v 165.48200989 27.97613716 0.89999998
v 165.53326416 27.83292007 0.00000000
v 165.53326416 27.83292007 0.89999998
v 165.57022095 27.68536949 0.00000000
v 165.57022095 27.68536949 0.89999998
v 165.59252930 27.53490448 0.00000000
v 165.59252930 27.53490448 0.89999998
v 165.60000610 27.38297844 0.00000000
v 165.60000610 27.38297844 0.89999998
v 165.59252930 27.23105240 0.00000000
v 165.59252930 27.23105240 0.89999998
v 165.57022095 27.08058929 0.00000000
v 165.57022095 27.08058929 0.89999998
v 165.53326416 26.93303680 0.00000000
v 165.53326416 26.93303680 0.89999998
v 165.48200989 26.78981972 0.00000000
v 165.48200989 26.78981972 0.89999998
v 165.41697693 26.65231323 0.00000000
v 165.41697693 26.65231323 0.89999998
v 165.33877563 26.52184486 0.00000000
v 165.33877563 26.52184486 0.89999998
v 165.24816895 26.39966965 0.00000000
v 165.24816895 26.39966965 0.89999998
v 165.14601135 26.28696251 0.00000000
v 165.14601135 26.28696251 0.89999998
v 165.03330994 26.18481255 0.00000000
v 165.03330994 26.18481255 0.89999998
v 164.91113281 26.09420013 0.00000000
v 164.91113281 26.09420013 0.89999998
v 164.78067017 26.01600075 0.00000000
v 164.78067017 26.01600075 0.89999998
v 164.64315796 25.95096588 0.00000000
v 164.64315796 25.95096588 0.89999998
v 164.49993896 25.89972115 0.00000000
v 164.49993896 25.89972115 0.89999998
v 164.35238647 25.86276245 0.00000000
v 164.35238647 25.86276245 0.89999998
v 164.20191956 25.84044266 0.00000000
v 164.20191956 25.84044266 0.89999998
v 164.05000305 25.83297920 0.00000000
v 164.05000305 25.83297920 0.89999998
v 90.39004517 47.37452698 0.00000000
v 90.43269348 47.37127686 0.89999998
v 90.43269348 47.37127686 0.00000000
v 90.39004517 47.37452698 0.89999998
v 88.59477234 47.47210312 0.00000000
v 88.59477234 47.47210312 0.89999998
v 86.79781342 47.53066635 0.00000000
v 86.79781342 47.53066635 0.89999998
v 85.00000000 47.55019379 0.00000000
v 85.00000000 47.55019379 0.89999998
v 83.20218658 47.53066635 0.00000000
v 83.20218658 47.53066635 0.89999998
v 81.40522766 47.47210312 0.00000000
v 81.40522766 47.47210312 0.89999998
v 79.60995483 47.37452698 0.00000000
v 79.60995483 47.37452698 0.89999998
v 79.56730652 47.37127686 0.00000000
v 79.56730652 47.37127686 0.89999998
f 1 2 3
f 1 4 2
f 5 4 1
f 5 6 4
f 7 6 5
f 7 8 6
f 9 8 7
f 9 10 8
f 11 10 9
f 11 12 10
f 13 12 11
f 13 14 12
f 15 14 13
f 15 16 14
f 17 16 15
f 17 18 16
f 19 18 17
f 19 20 18
f 21 20 19
f 21 22 20
f 23 22 21
f 23 24 22
f 25 24 23
f 25 26 24
f 27 26 25
f 27 28 26
f 29 28 27
f 29 30 28
f 31 30 29
f 31 32 30
f 33 32 31
f 33 34 32
f 35 34 33
f 35 36 34
f 37 36 35
f 37 38 36
f 39 38 37
f 39 40 38
f 41 40 39
f 41 42 40
f 43 42 41
f 43 44 42
f 45 44 43
f 45 46 44
f 47 46 45
f 47 48 46
f 49 48 47
f 49 50 48
f 51 50 49
f 51 52 50
f 53 52 51
f 53 54 52
f 55 54 53
f 55 56 54
f 57 56 55
f 57 58 56
f 59 58 57
f 59 60 58
f 61 60 59
f 61 62 60
f 63 62 61
f 63 64 62
f 65 64 63
f 65 66 64
f 67 66 65
f 67 68 66
f 69 68 67
f 69 70 68
f 71 70 69
f 71 72 70
f 73 72 71
f 73 74 72
f 75 74 73
f 75 76 74
f 77 76 75
f 77 78 76
f 79 78 77
f 79 80 78
f 81 80 79
f 81 82 80
f 83 82 81
f 83 84 82
f 85 84 83
f 85 86 84
f 87 86 85
f 87 88 86
f 89 88 87
f 89 90 88
f 91 90 89
f 91 92 90
f 93 92 91
f 93 94 92
f 95 94 93
f 95 96 94
f 97 96 95
f 97 98 96
f 99 98 97
f 99 100 98
f 101 100 99
f 101 102 100
f 103 102 101
f 103 104 102
f 105 104 103
f 105 106 104
f 107 106 105
f 107 108 106
f 109 108 107
f 109 110 108
f 111 110 109
f 111 112 110
f 113 112 111
f 113 114 112
f 115 114 113
f 115 116 114
f 117 116 115
f 117 118 116
f 119 118 117
f 119 120 118
f 121 120 119
f 121 122 120
f 123 122 121
f 123 124 122
f 125 124 123
f 125 126 124
f 127 126 125
f 127 128 126
f 129 128 127
f 129 130 128
f 131 130 129
f 131 132 130
f 133 132 131
f 133 134 132
f 135 134 133
f 135 136 134
f 137 136 135
f 137 138 136
f 139 138 137
f 139 140 138
f 141 140 139
f 141 142 140
f 143 142 141
f 143 144 142
f 145 144 143
f 145 146 144
f 147 146 145
f 147 148 146
f 149 148 147
f 149 150 148
f 151 150 149
f 151 152 150
f 153 152 151
f 153 154 152
f 155 154 153
f 155 156 154
f 157 156 155
f 157 158 156
f 159 158 157
f 159 160 158
f 161 160 159
f 161 162 160
f 163 162 161
f 163 164 162
f 165 164 163
f 165 166 164
f 167 166 165
f 167 168 166
f 169 168 167
f 169 170 168
f 171 170 169
f 171 172 170
f 173 172 171
f 173 174 172
f 175 174 173
f 175 176 174
f 177 176 175
f 177 178 176
f 179 178 177
f 179 180 178
f 181 180 179
f 181 182 180
f 183 182 181
f 183 184 182
f 185 184 183
f 185 186 184
f 187 186 185
f 187 188 186
f 189 188 187
f 189 190 188
f 191 190 189
f 191 192 190
f 193 192 191
f 193 194 192
f 195 194 193
f 195 196 194
f 197 196 195
f 197 198 196
f 199 198 197
f 199 200 198
f 201 200 199
f 201 202 200
f 203 202 201
f 203 204 202
f 205 204 203
f 205 206 204
f 207 206 205
f 207 208 206
f 209 208 207
f 209 210 208
f 211 210 209
f 211 212 210
f 213 212 211
f 213 214 212
f 215 214 213
f 215 216 214
f 217 216 215
f 217 218 216
f 219 218 217
f 219 220 218
f 221 220 219
f 221 222 220
f 223 222 221
f 223 224 222
f 225 224 223
f 225 226 224
f 227 226 225
f 227 228 226
f 229 228 227
f 229 230 228
f 231 230 229
f 231 232 230
f 233 232 231
f 233 234 232
f 235 234 233
f 235 236 234
f 237 236 235
f 237 238 236
f 239 238 237
f 239 240 238
f 241 240 239
f 241 242 240
f 243 242 241
f 243 244 242
f 245 244 243
f 245 246 244
f 247 246 245
f 247 248 246
f 249 248 247
f 249 250 248
f 251 250 249
f 251 252 250
f 253 252 251
f 253 254 252
f 255 254 253
f 255 256 254
f 257 256 255
f 257 258 256
f 259 258 257
f 259 260 258
f 261 260 259
f 261 262 260
f 263 262 261
f 263 264 262
f 265 264 263
f 265 266 264
f 267 266 265
f 267 268 266
f 269 268 267
f 269 270 268
f 271 270 269
f 271 272 270
f 273 272 271
f 273 274 272
f 275 274 273
f 275 276 274
f 277 276 275
f 277 278 276
f 279 278 277
f 279 280 278
f 281 280 279
f 281 282 280
f 283 282 281
f 283 284 282
f 285 284 283
f 285 286 284
f 287 286 285
f 287 288 286
f 289 288 287
f 289 290 288
f 291 290 289
f 291 292 290
f 293 292 291
f 293 294 292
f 295 294 293
f 295 296 294
f 297 296 295
f 297 298 296
f 299 298 297
f 299 300 298
f 301 300 299
f 301 302 300
f 303 302 301
f 303 304 302
f 305 304 303
f 305 306 304
f 307 306 305
f 307 308 306
f 309 308 307
f 309 310 308
f 311 310 309
f 311 312 310
f 313 312 311
f 313 314 312
f 315 314 313
f 315 316 314
f 317 316 315
f 317 318 316
f 319 318 317
f 319 320 318
f 321 320 319
f 321 322 320
f 323 322 321
f 323 324 322
f 325 324 323
f 325 326 324
f 327 326 325
f 327 328 326
f 329 328 327
f 329 330 328
f 331 330 329
f 331 332 330
f 333 332 331
f 333 334 332
f 335 334 333
f 335 336 334
f 337 336 335
f 337 338 336
f 339 338 337
f 339 340 338
f 341 340 339
f 341 342 340
f 343 342 341
f 343 344 342
f 345 344 343
f 345 346 344
f 347 346 345
f 347 348 346
f 349 348 347
f 349 350 348
f 351 350 349
f 351 352 350
f 353 352 351
f 353 354 352
f 355 354 353
f 355 356 354
f 357 356 355
f 357 358 356
f 359 358 357
f 359 360 358
f 361 360 359
f 361 362 360
f 363 362 361
f 363 364 362
f 365 364 363
f 365 366 364
f 367 366 365
f 367 368 366
f 369 368 367
f 369 370 368
f 371 370 369
f 371 372 370
f 373 372 371
f 373 374 372
f 375 374 373
f 375 376 374
f 377 376 375
f 377 378 376
f 379 378 377
f 379 380 378
f 381 380 379
f 381 382 380
f 383 382 381
f 383 384 382
f 385 384 383
f 385 386 384
f 387 386 385
f 387 388 386
f 389 388 387
f 389 390 388
f 391 390 389
f 391 392 390
f 393 392 391
f 393 394 392
f 395 394 393
f 395 396 394
f 397 396 395
f 397 398 396
f 399 398 397
f 399 400 398
f 401 400 399
f 401 402 400
f 403 402 401
f 403 404 402
f 405 404 403
f 405 406 404
f 407 406 405
f 407 408 406
f 409 408 407
f 409 410 408
f 411 410 409
f 411 412 410
f 413 412 411
f 413 414 412
f 415 414 413
f 415 416 414
f 417 416 415
f 417 418 416
f 419 418 417
f 419 420 418
f 421 420 419
f 421 422 420
f 423 422 421
f 423 424 422
f 425 424 423
f 425 426 424
f 427 426 425
f 427 428 426
f 429 428 427
f 429 430 428
f 431 430 429
f 431 432 430
f 433 432 431
f 433 434 432
f 435 434 433
f 435 436 434
f 437 436 435
f 437 438 436
f 439 438 437
f 439 440 438
f 441 440 439
f 441 442 440
f 443 442 441
f 443 444 442
f 445 444 443
f 445 446 444
f 447 446 445
f 447 448 446
f 449 448 447
f 449 450 448
f 451 450 449
f 451 452 450
f 453 452 451
f 453 454 452
f 455 454 453
f 455 456 454
f 457 456 455
f 457 458 456
f 459 458 457
f 459 460 458
f 461 460 459
f 461 462 460
f 463 462 461
f 463 464 462
f 465 464 463
f 465 466 464
f 467 466 465
f 467 468 466
f 469 468 467
f 469 470 468
f 471 470 469
f 471 472 470
f 473 472 471
f 473 474 472
f 475 474 473
f 475 476 474
f 477 476 475
f 477 478 476
f 479 478 477
f 479 480 478
f 481 480 479
f 481 482 480
f 483 482 481
f 483 484 482
f 485 484 483
f 485 486 484
f 487 486 485
f 487 488 486
f 489 488 487
f 489 490 488
f 491 490 489
f 491 492 490
f 493 492 491
f 493 494 492
f 495 494 493
f 495 496 494
f 497 496 495
f 497 498 496
f 499 498 497
f 499 500 498
f 501 500 499
f 501 502 500
f 503 502 501
f 503 504 502
f 505 504 503
f 505 506 504
f 507 506 505
f 507 508 506
f 509 508 507
f 509 510 508
f 511 510 509
f 511 512 510
f 513 512 511
f 513 514 512
f 515 514 513
f 515 516 514
f 517 516 515
f 517 518 516
f 519 518 517
f 519 520 518
f 521 520 519
f 521 522 520
f 523 522 521
f 523 524 522
f 525 524 523
f 525 526 524
f 527 526 525
f 527 528 526
f 529 528 527
f 529 530 528
f 531 530 529
f 531 532 530
f 533 532 531
f 533 534 532
f 535 534 533
f 535 536 534
f 537 536 535
f 537 538 536
f 539 538 537
f 539 540 538
f 541 540 539
f 541 542 540
f 543 542 541
f 543 544 542
f 545 544 543
f 545 546 544
f 547 546 545
f 547 548 546
f 549 548 547
f 549 550 548
f 551 550 549
f 551 552 550
f 553 552 551
f 553 554 552
f 555 554 553
f 555 556 554
f 557 556 555
f 557 558 556
f 559 558 557
f 559 560 558
f 561 560 559
f 561 562 560
f 563 562 561
f 563 564 562
f 565 564 563
f 565 566 564
f 567 566 565
f 567 568 566
f 569 568 567
f 569 570 568
f 571 570 569
f 571 572 570
f 573 572 571
f 573 574 572
f 575 574 573
f 575 576 574
f 577 576 575
f 577 578 576
f 579 578 577
f 579 580 578
f 581 580 579
f 581 582 580
f 583 582 581
f 583 584 582
f 585 584 583
f 585 586 584
f 587 586 585
f 587 588 586
f 589 588 587
f 589 590 588
f 591 590 589
f 591 592 590
f 593 592 591
f 593 594 592
f 595 594 593
f 595 596 594
f 597 596 595
f 597 598 596
f 599 598 597
f 599 600 598
f 601 600 599
f 601 602 600
f 603 602 601
f 603 604 602
f 605 604 603
f 605 606 604
f 607 606 605
f 607 608 606
f 609 608 607
f 609 610 608
f 611 610 609
f 611 612 610
f 613 612 611
f 613 614 612
f 615 614 613
f 615 616 614
f 617 616 615
f 617 618 616
f 619 618 617
f 619 620 618
f 621 620 619
f 621 622 620
f 623 622 621
f 623 624 622
f 625 624 623
f 625 626 624
f 627 626 625
f 627 628 626
f 629 628 627
f 629 630 628
f 631 630 629
f 631 632 630
f 633 632 631
f 633 634 632
f 635 634 633
f 635 636 634
f 637 636 635
f 637 638 636
f 639 638 637
f 639 640 638
f 641 640 639
f 641 642 640
f 643 642 641
f 643 644 642
f 645 644 643
f 645 646 644
f 647 646 645
f 647 648 646
f 649 648 647
f 649 650 648
f 651 650 649
f 651 652 650
f 653 652 651
f 653 654 652
f 655 654 653
f 655 656 654
f 657 656 655
f 657 658 656
f 659 658 657
f 659 660 658
f 661 660 659
f 661 662 660
f 663 662 661
f 663 664 662
f 665 664 663
f 665 666 664
f 667 666 665
f 667 668 666
f 669 668 667
f 669 670 668
f 671 670 669
f 671 672 670
f 673 672 671
f 673 674 672
f 675 674 673
f 675 676 674
f 677 676 675
f 677 678 676
f 679 678 677
f 679 680 678
f 681 680 679
f 681 682 680
f 683 682 681
f 683 684 682
f 685 684 683
f 685 686 684
f 687 686 685
f 687 688 686
f 689 688 687
f 689 690 688
f 691 690 689
f 691 692 690
f 693 692 691
f 693 694 692
f 695 694 693
f 695 696 694
f 697 696 695
f 697 698 696
f 699 698 697
f 699 700 698
f 701 700 699
f 701 702 700
f 703 702 701
f 703 704 702
f 705 704 703
f 705 706 704
f 707 706 705
f 707 708 706
f 709 708 707
f 709 710 708
f 711 710 709
f 711 712 710
f 713 712 711
f 713 714 712
f 715 714 713
f 715 716 714
f 717 716 715
f 717 718 716
f 719 718 717
f 719 720 718
f 721 720 719
f 721 722 720
f 723 722 721
f 723 724 722
f 725 724 723
f 725 726 724
f 727 726 725
f 727 728 726
f 729 728 727
f 729 730 728
f 731 730 729
f 731 732 730
f 733 732 731
f 733 734 732
f 735 734 733
f 735 736 734
f 737 736 735
f 737 738 736
f 739 738 737
f 739 740 738
f 741 740 739
f 741 742 740
f 743 742 741
f 743 744 742
f 745 744 743
f 745 746 744
f 747 746 745
f 747 748 746
f 749 748 747
f 749 750 748
f 751 750 749
f 751 752 750
f 753 752 751
f 753 754 752
f 755 754 753
f 755 756 754
f 757 756 755
f 757 758 756
f 759 758 757
f 759 760 758
f 761 760 759
f 761 762 760
f 763 762 761
f 763 764 762
f 765 764 763
f 765 766 764
f 767 766 765
f 767 768 766
f 769 768 767
f 769 770 768
f 771 770 769
f 771 772 770
f 773 772 771
f 773 774 772
f 775 774 773
f 775 776 774
f 777 776 775
f 777 778 776
f 779 778 777
f 779 780 778
f 781 780 779
f 781 782 780
f 783 782 781
f 783 784 782
f 785 784 783
f 785 786 784
f 787 786 785
f 787 788 786
f 789 788 787
f 789 790 788
f 791 790 789
f 791 792 790
f 793 792 791
f 793 794 792
f 795 794 793
f 795 796 794
f 797 796 795
f 797 798 796
f 799 798 797
f 799 800 798
f 801 800 799
f 801 802 800
f 803 802 801
f 803 804 802
f 805 804 803
f 805 806 804
f 807 806 805
f 807 808 806
f 809 808 807
f 809 810 808
f 811 810 809
f 811 812 810
f 813 812 811
f 813 814 812
f 815 814 813
f 815 816 814
f 817 816 815
f 817 818 816
f 819 818 817
f 819 820 818
f 821 820 819
f 821 822 820
f 823 822 821
f 823 824 822
f 825 824 823
f 825 826 824
f 827 826 825
f 827 828 826
f 829 828 827
f 829 830 828
f 831 830 829
f 831 832 830
f 833 832 831
f 833 834 832
f 835 834 833
f 835 836 834
f 837 836 835
f 837 838 836
f 839 838 837
f 839 840 838
f 841 840 839
f 841 842 840
f 843 842 841
f 843 844 842
f 845 844 843
f 845 846 844
f 847 846 845
f 847 848 846
f 849 848 847
f 849 850 848
f 851 850 849
f 851 852 850
f 853 852 851
f 853 854 852
f 855 854 853
f 855 856 854
f 857 856 855
f 857 858 856
f 859 858 857
f 859 860 858
f 861 860 859
f 861 862 860
f 863 862 861
f 863 864 862
f 865 864 863
f 865 866 864
f 867 866 865
f 867 868 866
f 869 868 867
f 869 870 868
f 871 870 869
f 871 872 870
f 873 872 871
f 873 874 872
f 875 874 873
f 875 876 874
f 877 876 875
f 877 878 876
f 879 878 877
f 879 880 878
f 881 880 879
f 881 882 880
f 883 882 881
f 883 884 882
f 885 884 883
f 885 886 884
f 887 886 885
f 887 888 886
f 889 888 887
f 889 890 888
f 891 890 889
f 891 892 890
f 893 892 891
f 893 894 892
f 895 894 893
f 895 896 894
f 897 896 895
f 897 898 896
f 899 898 897
f 899 900 898
f 901 900 899
f 901 902 900
f 903 902 901
f 903 904 902
f 905 904 903
f 905 906 904
f 907 906 905
f 907 908 906
f 909 908 907
f 909 910 908
f 911 910 909
f 911 912 910
f 913 912 911
f 913 914 912
f 915 914 913
f 915 916 914
f 917 916 915
f 917 918 916
f 919 918 917
f 919 920 918
f 921 920 919
f 921 922 920
f 923 922 921
f 923 924 922
f 925 924 923
f 925 926 924
f 927 926 925
f 927 928 926
f 929 928 927
f 929 930 928
f 931 930 929
f 931 932 930
f 933 932 931
f 933 934 932
f 935 934 933
f 935 936 934
f 937 936 935
f 937 938 936
f 939 938 937
f 939 940 938
f 941 940 939
f 941 942 940
f 943 942 941
f 943 944 942
f 945 944 943
f 945 946 944
f 947 946 945
f 947 948 946
f 949 948 947
f 949 950 948
f 951 950 949
f 951 952 950
f 953 952 951
f 953 954 952
f 955 954 953
f 955 956 954
f 957 956 955
f 957 958 956
f 959 958 957
f 959 960 958
f 961 960 959
f 961 962 960
f 963 962 961
f 963 964 962
f 965 964 963
f 965 966 964
f 967 966 965
f 967 968 966
f 969 968 967
f 969 970 968
f 971 970 969
f 971 972 970
f 973 972 971
f 973 974 972
f 975 974 973
f 975 976 974
f 977 976 975
f 977 978 976
f 979 978 977
f 979 980 978
f 981 980 979
f 981 982 980
f 983 982 981
f 983 984 982
f 985 984 983
f 985 986 984
f 987 986 985
f 987 988 986
f 989 988 987
f 989 990 988
f 991 990 989
f 991 992 990
f 993 992 991
f 993 994 992
f 995 994 993
f 995 996 994
f 997 996 995
f 997 998 996
f 999 998 997
f 999 1000 998
f 1001 1000 999
f 1001 1002 1000
f 1003 1002 1001
f 1003 1004 1002
f 1005 1004 1003
f 1005 1006 1004
f 1007 1006 1005
f 1007 1008 1006
f 1009 1008 1007
f 1009 1010 1008
f 1011 1010 1009
f 1011 1012 1010
f 1013 1012 1011
f 1013 1014 1012
f 1015 1014 1013
f 1015 1016 1014
f 1017 1016 1015
f 1017 1018 1016
f 1019 1018 1017
f 1019 1020 1018
f 1021 1020 1019
f 1021 1022 1020
f 1023 1022 1021
f 1023 1024 1022
f 1025 1024 1023
f 1025 1026 1024
f 1027 1026 1025
f 1027 1028 1026
f 1029 1028 1027
f 1029 1030 1028
f 1031 1030 1029
f 1031 1032 1030
f 1033 1032 1031
f 1033 1034 1032
f 1035 1034 1033
f 1035 1036 1034
f 1037 1036 1035
f 1037 1038 1036
f 1039 1038 1037
f 1039 1040 1038
f 1041 1040 1039
f 1041 1042 1040
f 1043 1042 1041
f 1043 1044 1042
f 1045 1044 1043
f 1045 1046 1044
f 1047 1046 1045
f 1047 1048 1046
f 1049 1048 1047
f 1049 1050 1048
f 1051 1050 1049
f 1051 1052 1050
f 1053 1052 1051
f 1053 1054 1052
f 1055 1054 1053
f 1055 1056 1054
f 1057 1056 1055
f 1057 1058 1056
f 1059 1058 1057
f 1059 1060 1058
f 1061 1060 1059
f 1061 1062 1060
f 1063 1062 1061
f 1063 1064 1062
f 1065 1064 1063
f 1065 1066 1064
f 1067 1066 1065
f 1067 1068 1066
f 1069 1068 1067
f 1069 1070 1068
f 1071 1070 1069
f 1071 1072 1070
f 1073 1072 1071
f 1073 1074 1072
f 1075 1074 1073
f 1075 1076 1074
f 1077 1076 1075
f 1077 1078 1076
f 1079 1078 1077
f 1079 1080 1078
f 1081 1080 1079
f 1081 1082 1080
f 1083 1082 1081
f 1083 1084 1082
f 1085 1084 1083
f 1085 1086 1084
f 1087 1086 1085
f 1087 1088 1086
f 1089 1088 1087
f 1089 1090 1088
f 1091 1090 1089
f 1091 1092 1090
f 1093 1092 1091
f 1093 1094 1092
f 1095 1094 1093
f 1095 1096 1094
f 1097 1096 1095
f 1097 1098 1096
f 1099 1098 1097
f 1099 1100 1098
f 1101 1100 1099
f 1101 1102 1100
f 1103 1102 1101
f 1103 1104 1102
f 1105 1104 1103
f 1105 1106 1104
f 1107 1106 1105
f 1107 1108 1106
f 1109 1108 1107
f 1109 1110 1108
f 1111 1110 1109
f 1111 1112 1110
f 1113 1112 1111
f 1113 1114 1112
f 1115 1114 1113
f 1115 1116 1114
f 1117 1116 1115
f 1117 1118 1116
f 1119 1118 1117
f 1119 1120 1118
f 1121 1120 1119
f 1121 1122 1120
f 1123 1122 1121
f 1123 1124 1122
f 1125 1124 1123
f 1125 1126 1124
f 1127 1126 1125
f 1127 1128 1126
f 1129 1128 1127
f 1129 1130 1128
f 1131 1130 1129
f 1131 1132 1130
f 1133 1132 1131
f 1133 1134 1132
f 1135 1134 1133
f 1135 1136 1134
f 1137 1136 1135
f 1137 1138 1136
f 1139 1138 1137
f 1139 1140 1138
f 1141 1140 1139
f 1141 1142 1140
f 1143 1142 1141
f 1143 1144 1142
f 1145 1144 1143
f 1145 1146 1144
f 1147 1146 1145
f 1147 1148 1146
f 1149 1148 1147
f 1149 1150 1148
f 1151 1150 1149
f 1151 1152 1150
f 1153 1152 1151
f 1153 1154 1152
f 1155 1154 1153
f 1155 1156 1154
f 1157 1156 1155
f 1157 1158 1156
f 1159 1158 1157
f 1159 1160 1158
f 1161 1160 1159
f 1161 1162 1160
f 1163 1162 1161
f 1163 1164 1162
f 1165 1164 1163
f 1165 1166 1164
f 1167 1166 1165
f 1167 1168 1166
f 1169 1168 1167
f 1169 1170 1168
f 1171 1170 1169
f 1171 1172 1170
f 1173 1172 1171
f 1173 1174 1172
f 1175 1174 1173
f 1175 1176 1174
f 1177 1176 1175
f 1177 1178 1176
f 1179 1178 1177
f 1179 1180 1178
f 1181 1180 1179
f 1181 1182 1180
f 1183 1182 1181
f 1183 1184 1182
f 1185 1184 1183
f 1185 1186 1184
f 1187 1186 1185
f 1187 1188 1186
f 1189 1188 1187
f 1189 1190 1188
f 1191 1190 1189
f 1191 1192 1190
f 1193 1192 1191
f 1193 1194 1192
f 1195 1194 1193
f 1195 1196 1194
f 1197 1196 1195
f 1197 1198 1196
f 1199 1198 1197
f 1199 1200 1198
f 1201 1200 1199
f 1201 1202 1200
f 1203 1202 1201
f 1203 1204 1202
f 1205 1204 1203
f 1205 1206 1204
f 1207 1206 1205
f 1207 1208 1206
f 1209 1208 1207
f 1209 1210 1208
f 1211 1210 1209
f 1211 1212 1210
f 1213 1212 1211
f 1213 1214 1212
f 1215 1214 1213
f 1215 1216 1214
f 1217 1216 1215
f 1217 1218 1216
f 1219 1218 1217
f 1219 1220 1218
f 1221 1220 1219
f 1221 1222 1220
f 1223 1222 1221
f 1223 1224 1222
f 1225 1224 1223
f 1225 1226 1224
f 1227 1226 1225
f 1227 1228 1226
f 1229 1228 1227
f 1229 1230 1228
f 1231 1230 1229
f 1231 1232 1230
f 1233 1232 1231
f 1233 1234 1232
f 1235 1234 1233
f 1235 1236 1234
f 1237 1236 1235
f 1237 1238 1236
f 1239 1238 1237
f 1239 1240 1238
f 1241 1240 1239
f 1241 1242 1240
f 1243 1242 1241
f 1243 1244 1242
f 1245 1244 1243
f 1245 1246 1244
f 1247 1246 1245
f 1247 1248 1246
f 1249 1248 1247
f 1249 1250 1248
f 1251 1250 1249
f 1251 1252 1250
f 1253 1252 1251
f 1253 1254 1252
f 1255 1254 1253
f 1255 1256 1254
f 1257 1256 1255
f 1257 1258 1256
f 1259 1258 1257
f 1259 1260 1258
f 1261 1260 1259
f 1261 1262 1260
f 1263 1262 1261
f 1263 1264 1262
f 1265 1264 1263
f 1265 1266 1264
f 1267 1266 1265
f 1267 1268 1266
f 1269 1268 1267
f 1269 1270 1268
f 1271 1270 1269
f 1271 1272 1270
f 1273 1272 1271
f 1273 1274 1272
f 1275 1274 1273
f 1275 1276 1274
f 1277 1276 1275
f 1277 1278 1276
f 1279 1278 1277
f 1279 1280 1278
f 1281 1280 1279
f 1281 1282 1280
f 1283 1282 1281
f 1283 1284 1282
f 1285 1284 1283
f 1285 1286 1284
f 1287 1286 1285
f 1287 1288 1286
f 1289 1288 1287
f 1289 1290 1288
f 1291 1290 1289
f 1291 1292 1290
f 1293 1292 1291
f 1293 1294 1292
f 1295 1294 1293
f 1295 1296 1294
f 1297 1296 1295
f 1297 1298 1296
f 1299 1298 1297
f 1299 1300 1298
f 1301 1300 1299
f 1301 1302 1300
f 1303 1302 1301
f 1303 1304 1302
f 1305 1304 1303
f 1305 1306 1304
f 1307 1306 1305
f 1307 1308 1306
f 1309 1308 1307
f 1309 1310 1308
f 1311 1310 1309
f 1311 1312 1310
f 1313 1312 1311
f 1313 1314 1312
f 1315 1314 1313
f 1315 1316 1314
f 1317 1316 1315
f 1317 1318 1316
f 1319 1318 1317
f 1319 1320 1318
f 1321 1320 1319
f 1321 1322 1320
f 1323 1322 1321
f 1323 1324 1322
f 1325 1324 1323
f 1325 1326 1324
f 1327 1326 1325
f 1327 1328 1326
f 1329 1328 1327
f 1329 1330 1328
f 1331 1330 1329
f 1331 1332 1330
f 1333 1332 1331
f 1333 1334 1332
f 1335 1334 1333
f 1335 1336 1334
f 1337 1336 1335
f 1337 1338 1336
f 1339 1338 1337
f 1339 1340 1338
f 1341 1340 1339
f 1341 1342 1340
f 1343 1342 1341
f 1343 1344 1342
f 1345 1344 1343
f 1345 1346 1344
f 1347 1346 1345
f 1347 1348 1346
f 1349 1348 1347
f 1349 1350 1348
f 1351 1350 1349
f 1351 1352 1350
f 1353 1352 1351
f 1353 1354 1352
f 1355 1354 1353
f 1355 1356 1354
f 1357 1356 1355
f 1357 1358 1356
f 1359 1358 1357
f 1359 1360 1358
f 1361 1360 1359
f 1361 1362 1360
f 1363 1362 1361
f 1363 1364 1362
f 1365 1364 1363
f 1365 1366 1364
f 1367 1366 1365
f 1367 1368 1366
f 1369 1368 1367
f 1369 1370 1368
f 1371 1370 1369
f 1371 1372 1370
f 1373 1372 1371
f 1373 1374 1372
f 1375 1374 1373
f 1375 1376 1374
f 1377 1376 1375
f 1377 1378 1376
f 1379 1378 1377
f 1379 1380 1378
f 1381 1380 1379
f 1381 1382 1380
f 1383 1382 1381
f 1383 1384 1382
f 1385 1384 1383
f 1385 1386 1384
f 1387 1386 1385
f 1387 1388 1386
f 1389 1388 1387
f 1389 1390 1388
f 1391 1390 1389
f 1391 1392 1390
f 1393 1392 1391
f 1393 1394 1392
f 1395 1394 1393
f 1395 1396 1394
f 1397 1396 1395
f 1397 1398 1396
f 1399 1398 1397
f 1399 1400 1398
f 1401 1400 1399
f 1401 1402 1400
f 1403 1402 1401
f 1403 1404 1402
f 1405 1404 1403
f 1405 1406 1404
f 1407 1406 1405
f 1407 1408 1406
f 1409 1408 1407
f 1409 1410 1408
f 1411 1410 1409
f 1411 1412 1410
f 1413 1412 1411
f 1413 1414 1412
f 1415 1414 1413
f 1415 1416 1414
f 1417 1416 1415
f 1417 1418 1416
f 1419 1418 1417
f 1419 1420 1418
f 1421 1420 1419
f 1421 1422 1420
f 1423 1422 1421
f 1423 1424 1422
f 1425 1424 1423
f 1425 1426 1424
f 1427 1426 1425
f 1427 1428 1426
f 1429 1428 1427
f 1429 1430 1428
f 1431 1430 1429
f 1431 1432 1430
f 1433 1432 1431
f 1433 1434 1432
f 1435 1434 1433
f 1435 1436 1434
f 1437 1436 1435
f 1437 1438 1436
f 1439 1438 1437
f 1439 1440 1438
f 1441 1440 1439
f 1441 1442 1440
f 1443 1442 1441
f 1443 1444 1442
f 1445 1444 1443
f 1445 1446 1444
f 1447 1446 1445
f 1447 1448 1446
f 1449 1448 1447
f 1449 1450 1448
f 1451 1450 1449
f 1451 1452 1450
f 1453 1452 1451
f 1453 1454 1452
f 1455 1454 1453
f 1455 1456 1454
f 1457 1456 1455
f 1457 1458 1456
f 1459 1458 1457
f 1459 1460 1458
f 1461 1460 1459
f 1461 1462 1460
f 1463 1462 1461
f 1463 1464 1462
f 1465 1464 1463
f 1465 1466 1464
f 1467 1466 1465
f 1467 1468 1466
f 1469 1468 1467
f 1469 1470 1468
f 1471 1470 1469
f 1471 1472 1470
f 1473 1472 1471
f 1473 1474 1472
f 1475 1474 1473
f 1475 1476 1474
f 1477 1476 1475
f 1477 1478 1476
f 3 1478 1477
f 3 2 1478
f 1479 1480 1481
f 1482 1481 1480
f 1483 1484 1479
f 1480 1479 1484
f 1485 1486 1483
f 1484 1483 1486
f 1487 1488 1485
f 1486 1485 1488
f 1489 1490 1487
f 1488 1487 1490
f 1491 1492 1489
f 1490 1489 1492
f 1493 1494 1491
f 1492 1491 1494
f 1495 1496 1493
f 1494 1493 1496
f 1497 1498 1495
f 1496 1495 1498
f 1499 1500 1497
f 1498 1497 1500
f 1501 1502 1499
f 1500 1499 1502
f 1503 1504 1501
f 1502 1501 1504
f 1505 1506 1503
f 1504 1503 1506
f 1507 1508 1505
f 1506 1505 1508
f 1509 1510 1507
f 1508 1507 1510
f 1511 1512 1509
f 1510 1509 1512
f 1513 1514 1511
f 1512 1511 1514
f 1515 1516 1513
f 1514 1513 1516
f 1517 1518 1515
f 1516 1515 1518
f 1519 1520 1517
f 1518 1517 1520
f 1521 1522 1519
f 1520 1519 1522
f 1523 1524 1521
f 1522 1521 1524
f 1525 1526 1523
f 1524 1523 1526
f 1527 1528 1525
f 1526 1525 1528
f 1529 1530 1527
f 1528 1527 1530
f 1531 1532 1529
f 1530 1529 1532
f 1533 1534 1531
f 1532 1531 1534
f 1535 1536 1533
f 1534 1533 1536
f 1537 1538 1535
f 1536 1535 1538
f 1539 1540 1537
f 1538 1537 1540
f 1541 1542 1539
f 1540 1539 1542
f 1543 1544 1541
f 1542 1541 1544
f 1545 1546 1543
f 1544 1543 1546
f 1547 1548 1545
f 1546 1545 1548
f 1549 1550 1547
f 1548 1547 1550
f 1551 1552 1549
f 1550 1549 1552
f 1553 1554 1551
f 1552 1551 1554
f 1555 1556 1553
f 1554 1553 1556
f 1557 1558 1555
f 1556 1555 1558
f 1559 1560 1557
f 1558 1557 1560
f 1561 1562 1559
f 1560 1559 1562
f 1563 1564 1561
f 1562 1561 1564
f 1565 1566 1563
f 1564 1563 1566
f 1567 1568 1565
f 1566 1565 1568
f 1569 1570 1567
f 1568 1567 1570
f 1571 1572 1569
f 1570 1569 1572
f 1573 1574 1571
f 1572 1571 1574
f 1575 1576 1573
f 1574 1573 1576
f 1577 1578 1575
f 1576 1575 1578
f 1579 1580 1577
f 1578 1577 1580
f 1581 1582 1579
f 1580 1579 1582
f 1583 1584 1581
f 1582 1581 1584
f 1585 1586 1583
f 1584 1583 1586
f 1587 1588 1585
f 1586 1585 1588
f 1589 1590 1587
f 1588 1587 1590
f 1591 1592 1589
f 1590 1589 1592
f 1593 1594 1591
f 1592 1591 1594
f 1595 1596 1593
f 1594 1593 1596
f 1597 1598 1595
f 1596 1595 1598
f 1599 1600 1597
f 1598 1597 1600
f 1601 1602 1599
f 1600 1599 1602
f 1603 1604 1601
f 1602 1601 1604
f 1605 1606 1603
f 1604 1603 1606
f 1607 1608 1605
f 1606 1605 1608
f 1609 1610 1607
f 1608 1607 1610
f 1611 1612 1609
f 1610 1609 1612
f 1613 1614 1611
f 1612 1611 1614
f 1481 1482 1613
f 1614 1613 1482
f 1615 1616 1617
f 1618 1617 1616
f 1619 1620 1615
f 1616 1615 1620
f 1621 1622 1619
f 1620 1619 1622
f 1623 1624 1621
f 1622 1621 1624
f 1625 1626 1623
f 1624 1623 1626
f 1627 1628 1625
f 1626 1625 1628
f 1629 1630 1627
f 1628 1627 1630
f 1631 1632 1629
f 1630 1629 1632
f 1633 1634 1631
f 1632 1631 1634
f 1635 1636 1633
f 1634 1633 1636
f 1637 1638 1635
f 1636 1635 1638
f 1639 1640 1637
f 1638 1637 1640
f 1641 1642 1639
f 1640 1639 1642
f 1643 1644 1641
f 1642 1641 1644
f 1645 1646 1643
f 1644 1643 1646
f 1647 1648 1645
f 1646 1645 1648
f 1649 1650 1647
f 1648 1647 1650
f 1651 1652 1649
f 1650 1649 1652
f 1653 1654 1651
f 1652 1651 1654
f 1655 1656 1653
f 1654 1653 1656
f 1657 1658 1655
f 1656 1655 1658
f 1659 1660 1657
f 1658 1657 1660
f 1661 1662 1659
f 1660 1659 1662
f 1663 1664 1661
f 1662 1661 1664
f 1665 1666 1663
f 1664 1663 1666
f 1667 1668 1665
f 1666 1665 1668
f 1669 1670 1667
f 1668 1667 1670
f 1671 1672 1669
f 1670 1669 1672
f 1673 1674 1671
f 1672 1671 1674
f 1675 1676 1673
f 1674 1673 1676
f 1677 1678 1675
f 1676 1675 1678
f 1679 1680 1677
f 1678 1677 1680
f 1681 1682 1679
f 1680 1679 1682
f 1683 1684 1681
f 1682 1681 1684
f 1685 1686 1683
f 1684 1683 1686
f 1687 1688 1685
f 1686 1685 1688
f 1689 1690 1687
f 1688 1687 1690
f 1691 1692 1689
f 1690 1689 1692
f 1693 1694 1691
f 1692 1691 1694
f 1695 1696 1693
f 1694 1693 1696
f 1697 1698 1695
f 1696 1695 1698
f 1699 1700 1697
f 1698 1697 1700
f 1701 1702 1699
f 1700 1699 1702
f 1703 1704 1701
f 1702 1701 1704
f 1705 1706 1703
f 1704 1703 1706
f 1707 1708 1705
f 1706 1705 1708
f 1709 1710 1707
f 1708 1707 1710
f 1711 1712 1709
f 1710 1709 1712
f 1713 1714 1711
f 1712 1711 1714
f 1715 1716 1713
f 1714 1713 1716
f 1717 1718 1715
f 1716 1715 1718
f 1719 1720 1717
f 1718 1717 1720
f 1721 1722 1719
f 1720 1719 1722
f 1723 1724 1721
f 1722 1721 1724
f 1725 1726 1723
f 1724 1723 1726
f 1727 1728 1725
f 1726 1725 1728
f 1729 1730 1727
f 1728 1727 1730
f 1731 1732 1729
f 1730 1729 1732
f 1733 1734 1731
f 1732 1731 1734
f 1735 1736 1733
f 1734 1733 1736
f 1737 1738 1735
f 1736 1735 1738
f 1739 1740 1737
f 1738 1737 1740
f 1741 1742 1739
f 1740 1739 1742
f 1617 1618 1741
f 1742 1741 1618
f 1743 1744 1745
f 1746 1745 1744
f 1747 1748 1743
f 1744 1743 1748
f 1749 1750 1747
f 1748 1747 1750
f 1751 1752 1749
f 1750 1749 1752
f 1753 1754 1751
f 1752 1751 1754
f 1755 1756 1753
f 1754 1753 1756
f 1757 1758 1755
f 1756 1755 1758
f 1759 1760 1757
f 1758 1757 1760
f 1761 1762 1759
f 1760 1759 1762
f 1763 1764 1761
f 1762 1761 1764
f 1765 1766 1763
f 1764 1763 1766
f 1767 1768 1765
f 1766 1765 1768
f 1769 1770 1767
f 1768 1767 1770
f 1771 1772 1769
f 1770 1769 1772
f 1773 1774 1771
f 1772 1771 1774
f 1775 1776 1773
f 1774 1773 1776
f 1777 1778 1775
f 1776 1775 1778
f 1779 1780 1777
f 1778 1777 1780
f 1781 1782 1779
f 1780 1779 1782
f 1783 1784 1781
f 1782 1781 1784
f 1785 1786 1783
f 1784 1783 1786
f 1787 1788 1785
f 1786 1785 1788
f 1789 1790 1787
f 1788 1787 1790
f 1791 1792 1789
f 1790 1789 1792
f 1793 1794 1791
f 1792 1791 1794
f 1795 1796 1793
f 1794 1793 1796
f 1797 1798 1795
f 1796 1795 1798
f 1799 1800 1797
f 1798 1797 1800
f 1801 1802 1799
f 1800 1799 1802
f 1803 1804 1801
f 1802 1801 1804
f 1805 1806 1803
f 1804 1803 1806
f 1807 1808 1805
f 1806 1805 1808
f 1809 1810 1807
f 1808 1807 1810
f 1811 1812 1809
f 1810 1809 1812
f 1813 1814 1811
f 1812 1811 1814
f 1815 1816 1813
f 1814 1813 1816
f 1817 1818 1815
f 1816 1815 1818
f 1819 1820 1817
f 1818 1817 1820
f 1821 1822 1819
f 1820 1819 1822
f 1823 1824 1821
f 1822 1821 1824
f 1825 1826 1823
f 1824 1823 1826
f 1827 1828 1825
f 1826 1825 1828
f 1829 1830 1827
f 1828 1827 1830
f 1831 1832 1829
f 1830 1829 1832
f 1833 1834 1831
f 1832 1831 1834
f 1835 1836 1833
f 1834 1833 1836
f 1837 1838 1835
f 1836 1835 1838
f 1839 1840 1837
f 1838 1837 1840
f 1841 1842 1839
f 1840 1839 1842
f 1843 1844 1841
f 1842 1841 1844
f 1845 1846 1843
f 1844 1843 1846
f 1847 1848 1845
f 1846 1845 1848
f 1849 1850 1847
f 1848 1847 1850
f 1851 1852 1849
f 1850 1849 1852
f 1853 1854 1851
f 1852 1851 1854
f 1855 1856 1853
f 1854 1853 1856
f 1857 1858 1855
f 1856 1855 1858
f 1859 1860 1857
f 1858 1857 1860
f 1861 1862 1859
f 1860 1859 1862
f 1863 1864 1861
f 1862 1861 1864
f 1865 1866 1863
f 1864 1863 1866
f 1867 1868 1865
f 1866 1865 1868
f 1869 1870 1867
f 1868 1867 1870
f 1745 1746 1869
f 1870 1869 1746
f 1871 1872 1873
f 1871 1874 1872
f 1875 1874 1871
f 1875 1876 1874
f 1877 1876 1875
f 1877 1878 1876
f 1879 1878 1877
f 1879 1880 1878
f 1881 1880 1879
f 1881 1882 1880
f 1883 1882 1881
f 1883 1884 1882
f 1885 1884 1883
f 1885 1886 1884
f 1887 1886 1885
f 1887 1888 1886
f 1873 1888 1887
f 1873 1872 1888
f 764 766 768
f 304 306 308
f 302 304 308
f 460 462 464
f 1194 1196 1198
f 20 22 24
f 1174 1176 1178
f 358 360 362
f 356 358 362
f 354 356 362
f 352 354 362
f 578 580 582
f 576 578 582
f 574 576 582
f 848 850 852
f 848 852 854
f 848 854 856
f 960 962 964
f 960 964 966
f 960 966 968
f 960 968 970
f 350 352 362
f 660 662 664
f 660 664 666
f 1138 1140 1142
f 1136 1138 1142
f 1134 1136 1142
f 1132 1134 1142
f 660 666 668
f 960 970 972
f 762 764 768
f 848 856 858
f 458 460 464
f 394 396 1580
f 394 1580 1582
f 392 394 1582
f 390 392 1582
f 388 390 1582
f 564 566 568
f 562 564 568
f 560 562 568
f 386 388 1582
f 658 660 668
f 658 668 670
f 658 670 672
f 658 672 674
f 848 858 860
f 1130 1132 1142
f 386 1582 1584
f 572 574 582
f 762 768 770
f 760 762 770
f 758 760 770
f 756 758 770
f 1476 1478 2
f 1474 1476 2
f 1472 1474 2
f 1470 1472 2
f 1468 1470 2
f 1466 1468 2
f 1464 1466 2
f 1462 1464 2
f 1460 1462 2
f 1458 1460 2
f 1456 1458 2
f 1456 2 4
f 1454 1456 4
f 1452 1454 4
f 1452 4 6
f 1450 1452 6
f 1450 6 8
f 1448 1450 8
f 1446 1448 8
f 1446 8 10
f 384 386 1584
f 1444 1446 10
f 1444 10 12
f 384 1584 1586
f 314 316 318
f 312 314 318
f 1128 1130 1142
f 1128 1142 1144
f 60 62 64
f 58 60 64
f 56 58 64
f 54 56 64
f 52 54 64
f 50 52 64
f 48 50 64
f 46 48 64
f 44 46 64
f 558 560 568
f 456 458 464
f 1368 1370 1372
f 470 472 474
f 470 474 476
f 470 476 478
f 470 478 480
f 42 44 64
f 1442 1444 12
f 1128 1144 1146
f 470 480 482
f 382 384 1586
f 1174 1178 1180
f 302 308 310
f 300 302 310
f 648 650 652
f 382 1586 1588
f 1442 12 14
f 348 350 362
f 1440 1442 14
f 960 972 1710
f 958 960 1710
f 956 958 1710
f 954 956 1710
f 952 954 1710
f 950 952 1710
f 950 1710 1712
f 948 950 1712
f 948 1712 1714
f 946 948 1714
f 946 1714 1716
f 944 946 1716
f 942 944 1716
f 942 1716 1718
f 940 942 1718
f 940 1718 1720
f 938 940 1720
f 938 1720 1722
f 936 938 1722
f 936 1722 1724
f 934 936 1724
f 934 1724 1726
f 932 934 1726
f 932 1726 1728
f 930 932 1728
f 930 1728 1730
f 928 930 1730
f 40 42 64
f 380 382 1588
f 754 756 770
f 754 770 772
f 752 754 772
f 750 752 772
f 1128 1146 1148
f 570 572 582
f 658 674 676
f 656 658 676
f 656 676 678
f 656 678 680
f 928 1730 1732
f 926 928 1732
f 926 1732 1734
f 926 1734 1736
f 926 1736 1738
f 1580 396 398
f 1580 398 400
f 1580 400 402
f 380 1588 1590
f 1580 402 404
f 1578 1580 404
f 1368 1372 1374
f 1440 14 16
f 1438 1440 16
f 1578 404 406
f 346 348 362
f 1576 1578 406
f 1120 1122 1124
f 1574 1576 406
f 926 1738 1740
f 378 380 1590
f 1572 1574 406
f 1710 972 974
f 558 568 570
f 556 558 570
f 554 556 570
f 554 570 582
f 552 554 582
f 550 552 582
f 548 550 582
f 546 548 582
f 544 546 582
f 542 544 582
f 540 542 582
f 538 540 582
f 536 538 582
f 534 536 582
f 532 534 582
f 530 532 582
f 528 530 582
f 526 528 582
f 526 582 584
f 524 526 584
f 524 584 586
f 1570 1572 406
f 1708 1710 974
f 1128 1148 1150
f 1836 1838 1218
f 1834 1836 1218
f 1832 1834 1218
f 1830 1832 1218
f 1828 1830 1218
f 1826 1828 1218
f 1824 1826 1218
f 1822 1824 1218
f 1820 1822 1218
f 1818 1820 1218
f 1816 1818 1218
f 1814 1816 1218
f 1568 1570 406
f 1706 1708 974
f 1216 1218 1838
f 1216 1838 1840
f 1216 1840 1842
f 1216 1842 1844
f 1216 1844 1846
f 1216 1846 1848
f 1216 1848 1850
f 1216 1850 1852
f 1216 1852 1854
f 1216 1854 1856
f 1216 1856 1858
f 1216 1858 1860
f 1214 1216 1860
f 1214 1860 1862
f 1214 1862 1864
f 1214 1864 1866
f 1212 1214 1866
f 1212 1866 1868
f 1210 1212 1868
f 1210 1868 1870
f 1210 1870 1746
f 1208 1210 1746
f 1208 1746 1744
f 1206 1208 1744
f 1206 1744 1748
f 1206 1748 1750
f 1204 1206 1750
f 1204 1750 1752
f 1202 1204 1752
f 1202 1752 1754
f 468 470 482
f 468 482 484
f 468 484 486
f 468 486 488
f 456 464 466
f 454 456 466
f 452 454 466
f 450 452 466
f 448 450 466
f 448 466 468
f 446 448 468
f 444 446 468
f 442 444 468
f 440 442 468
f 440 468 488
f 438 440 488
f 436 438 488
f 434 436 488
f 434 488 490
f 432 434 490
f 432 490 492
f 430 432 492
f 430 492 494
f 428 430 494
f 428 494 496
f 426 428 496
f 426 496 498
f 424 426 498
f 424 498 500
f 422 424 500
f 422 500 502
f 420 422 502
f 420 502 504
f 418 420 504
f 418 504 506
f 416 418 506
f 1174 1180 1182
f 1566 1568 406
f 748 750 772
f 1704 1706 974
f 648 652 654
f 378 1590 1592
f 1566 406 408
f 1564 1566 408
f 1702 1704 974
f 656 680 682
f 1202 1754 1756
f 1200 1202 1756
f 522 524 586
f 522 586 588
f 1436 1438 16
f 1436 16 18
f 298 300 310
f 298 310 312
f 1564 408 410
f 1814 1218 1220
f 1812 1814 1220
f 1810 1812 1220
f 1808 1810 1220
f 1806 1808 1220
f 1804 1806 1220
f 1802 1804 1220
f 1800 1802 1220
f 1798 1800 1220
f 1798 1220 1222
f 1796 1798 1222
f 1794 1796 1222
f 1792 1794 1222
f 1790 1792 1222
f 1788 1790 1222
f 1700 1702 974
f 344 346 362
f 1564 410 412
f 416 506 508
f 414 416 508
f 376 378 1592
f 846 848 860
f 1698 1700 974
f 1120 1124 1126
f 296 298 312
f 1562 1564 412
f 926 1740 1742
f 748 772 774
f 746 748 774
f 744 746 774
f 1696 1698 974
f 1128 1150 1152
f 654 656 682
f 654 682 684
f 648 654 684
f 648 684 686
f 648 686 688
f 648 688 690
f 648 690 692
f 648 692 694
f 648 694 696
f 648 696 698
f 648 698 700
f 648 700 702
f 648 702 704
f 648 704 706
f 648 706 708
f 648 708 710
f 648 710 712
f 646 648 712
f 646 712 714
f 644 646 714
f 1562 412 414
f 1562 414 508
f 1562 508 510
f 1562 510 512
f 1562 512 514
f 1562 514 516
f 1562 516 518
f 1562 518 520
f 1562 520 522
f 1560 1562 522
f 1558 1560 522
f 1556 1558 522
f 1200 1756 1758
f 376 1592 1594
f 1786 1788 1222
f 1694 1696 974
f 1434 1436 18
f 522 588 590
f 642 644 714
f 642 714 716
f 1692 1694 974
f 1434 18 20
f 1434 20 24
f 1434 24 26
f 1434 26 28
f 1434 28 30
f 1434 30 32
f 1434 32 34
f 1434 34 36
f 1434 36 38
f 1434 38 40
f 1434 40 64
f 1434 64 66
f 1434 66 68
f 1434 68 70
f 1434 70 72
f 1432 1434 72
f 1430 1432 72
f 1430 72 74
f 1428 1430 74
f 1428 74 76
f 1426 1428 76
f 1426 76 78
f 1424 1426 78
f 1424 78 80
f 1424 80 82
f 1424 82 84
f 1424 84 86
f 1424 86 88
f 1368 1374 1376
f 1198 1200 1758
f 1194 1198 1758
f 1192 1194 1758
f 1190 1192 1758
f 1188 1190 1758
f 1186 1188 1758
f 1184 1186 1758
f 1182 1184 1758
f 1174 1182 1758
f 1172 1174 1758
f 1170 1172 1758
f 1170 1758 1760
f 1168 1170 1760
f 1168 1760 1762
f 1166 1168 1762
f 1166 1762 1764
f 1164 1166 1764
f 1164 1764 1766
f 1162 1164 1766
f 1162 1766 1768
f 1160 1162 1768
f 1160 1768 1770
f 1158 1160 1770
f 1158 1770 1772
f 1156 1158 1772
f 1156 1772 1774
f 1154 1156 1774
f 1154 1774 1776
f 1152 1154 1776
f 1152 1776 1778
f 1152 1778 1780
f 342 344 362
f 374 376 1594
f 130 132 134
f 130 134 136
f 130 136 138
f 130 138 140
f 130 140 142
f 128 130 142
f 126 128 142
f 126 142 144
f 124 126 144
f 122 124 144
f 122 144 146
f 120 122 146
f 118 120 146
f 250 252 254
f 248 250 254
f 246 248 254
f 244 246 254
f 242 244 254
f 242 254 256
f 242 256 258
f 240 242 258
f 240 258 260
f 240 260 262
f 238 240 262
f 238 262 264
f 238 264 266
f 1690 1692 974
f 1554 1556 522
f 778 780 782
f 776 778 782
f 774 776 782
f 774 782 784
f 774 784 786
f 744 774 786
f 744 786 788
f 744 788 790
f 744 790 792
f 744 792 794
f 744 794 796
f 744 796 798
f 744 798 800
f 744 800 802
f 744 802 804
f 744 804 806
f 742 744 806
f 742 806 808
f 742 808 810
f 740 742 810
f 740 810 812
f 738 740 812
f 738 812 814
f 738 814 816
f 736 738 816
f 734 736 816
f 732 734 816
f 730 732 816
f 728 730 816
f 726 728 816
f 724 726 816
f 722 724 816
f 720 722 816
f 718 720 816
f 118 146 148
f 116 118 148
f 236 238 266
f 236 266 268
f 844 846 860
f 1688 1690 974
f 926 1742 1618
f 374 1594 1596
f 640 642 716
f 1686 1688 974
f 1424 88 90
f 522 590 592
f 1784 1786 1222
f 1120 1126 1128
f 1120 1128 1152
f 1684 1686 974
f 640 716 718
f 640 718 816
f 638 640 816
f 636 638 816
f 634 636 816
f 634 816 818
f 632 634 818
f 632 818 820
f 630 632 820
f 630 820 822
f 628 630 822
f 628 822 824
f 626 628 824
f 626 824 826
f 624 626 826
f 924 926 1618
f 372 374 1596
f 624 826 828
f 1682 1684 974
f 340 342 362
f 1152 1780 1782
f 1552 1554 522
f 924 1618 1616
f 622 624 828
f 372 1596 1598
f 1680 1682 974
f 114 116 148
f 236 268 270
f 114 148 150
f 234 236 270
f 842 844 860
f 842 860 862
f 1368 1376 1378
f 294 296 312
f 522 592 594
f 1424 90 92
f 922 924 1616
f 370 372 1598
f 1782 1784 1222
f 1152 1782 1222
f 1152 1222 1224
f 1152 1224 1226
f 1120 1152 1226
f 1120 1226 1228
f 1118 1120 1228
f 1118 1228 1230
f 1116 1118 1230
f 1116 1230 1232
f 1114 1116 1232
f 1114 1232 1234
f 1112 1114 1234
f 1112 1234 1236
f 1110 1112 1236
f 1110 1236 1238
f 1108 1110 1238
f 1108 1238 1240
f 1106 1108 1240
f 1106 1240 1242
f 1104 1106 1242
f 1104 1242 1244
f 1102 1104 1244
f 1100 1102 1244
f 1100 1244 1246
f 1098 1100 1246
f 1098 1246 1248
f 1096 1098 1248
f 1096 1248 1250
f 1094 1096 1250
f 1094 1250 1252
f 1092 1094 1252
f 1092 1252 1254
f 1090 1092 1254
f 1090 1254 1256
f 1088 1090 1256
f 1088 1256 1258
f 1086 1088 1258
f 1086 1258 1260
f 1084 1086 1260
f 1082 1084 1260
f 1082 1260 1262
f 1080 1082 1262
f 1080 1262 1264
f 1078 1080 1264
f 1078 1264 1266
f 1076 1078 1266
f 1076 1266 1268
f 1074 1076 1268
f 1074 1268 1270
f 1072 1074 1270
f 1072 1270 1272
f 1070 1072 1272
f 1070 1272 1274
f 1068 1070 1274
f 1068 1274 1276
f 1066 1068 1276
f 1064 1066 1276
f 1064 1276 1278
f 1062 1064 1278
f 1062 1278 1280
f 1060 1062 1280
f 1060 1280 1282
f 1058 1060 1282
f 1058 1282 1284
f 1056 1058 1284
f 1056 1284 1286
f 1054 1056 1286
f 1054 1286 1288
f 1052 1054 1288
f 1052 1288 1290
f 1050 1052 1290
f 1050 1290 1292
f 1048 1050 1292
f 1046 1048 1292
f 1046 1292 1294
f 1044 1046 1294
f 1044 1294 1296
f 1042 1044 1296
f 1042 1296 1298
f 1040 1042 1298
f 1040 1298 1300
f 1038 1040 1300
f 1038 1300 1302
f 1036 1038 1302
f 1036 1302 1304
f 1034 1036 1304
f 1034 1304 1306
f 1032 1034 1306
f 1032 1306 1308
f 1030 1032 1308
f 1028 1030 1308
f 1028 1308 1310
f 1026 1028 1310
f 1026 1310 1312
f 1024 1026 1312
f 1024 1312 1314
f 1022 1024 1314
f 1022 1314 1316
f 1020 1022 1316
f 1020 1316 1318
f 1018 1020 1318
f 1018 1318 1320
f 1016 1018 1320
f 1016 1320 1322
f 1014 1016 1322
f 1014 1322 1324
f 1012 1014 1324
f 1010 1012 1324
f 1010 1324 1326
f 1008 1010 1326
f 1008 1326 1328
f 1006 1008 1328
f 1006 1328 1330
f 1004 1006 1330
f 1004 1330 1332
f 1002 1004 1332
f 1002 1332 1334
f 1000 1002 1334
f 1000 1334 1336
f 998 1000 1336
f 998 1336 1338
f 996 998 1338
f 996 1338 1340
f 994 996 1340
f 994 1340 1342
f 992 994 1342
f 990 992 1342
f 990 1342 1344
f 988 990 1344
f 988 1344 1346
f 986 988 1346
f 986 1346 1348
f 984 986 1348
f 984 1348 1350
f 982 984 1350
f 982 1350 1352
f 980 982 1352
f 980 1352 1354
f 978 980 1354
f 978 1354 1356
f 976 978 1356
f 976 1356 1358
f 974 976 1358
f 974 1358 1360
f 974 1360 1362
f 1680 974 1362
f 1680 1362 1364
f 1678 1680 1364
f 1676 1678 1364
f 1676 1364 1366
f 1674 1676 1366
f 1672 1674 1366
f 1670 1672 1366
f 1668 1670 1366
f 1666 1668 1366
f 1664 1666 1366
f 1662 1664 1366
f 1660 1662 1366
f 1658 1660 1366
f 1656 1658 1366
f 1654 1656 1366
f 1652 1654 1366
f 1650 1652 1366
f 622 828 830
f 112 114 150
f 234 270 272
f 338 340 362
f 1550 1552 522
f 620 622 830
f 922 1616 1620
f 370 1598 1600
f 840 842 862
f 840 862 864
f 1648 1650 1366
f 522 594 596
f 920 922 1620
f 1424 92 94
f 368 370 1600
f 620 830 832
f 232 234 272
f 232 272 274
f 112 150 152
f 110 112 152
f 336 338 362
f 1548 1550 522
f 618 620 832
f 368 1600 1602
f 920 1620 1622
f 1368 1378 1380
f 838 840 864
f 838 864 866
f 1420 1422 1424
f 1418 1420 1424
f 1416 1418 1424
f 1414 1416 1424
f 1412 1414 1424
f 1410 1412 1424
f 1408 1410 1424
f 1406 1408 1424
f 1404 1406 1424
f 292 294 312
f 522 596 598
f 918 920 1622
f 366 368 1602
f 618 832 834
f 1424 94 96
f 232 274 276
f 108 110 152
f 1646 1648 1366
f 336 362 364
f 108 152 154
f 230 232 276
f 334 336 364
f 1404 1424 96
f 1404 96 98
f 1404 98 100
f 1404 100 102
f 1404 102 104
f 1404 104 106
f 1404 106 108
f 1404 108 154
f 1404 154 156
f 1404 156 158
f 1404 158 160
f 1404 160 162
f 1404 162 164
f 1404 164 166
f 1404 166 168
f 1402 1404 168
f 1402 168 170
f 1400 1402 170
f 1398 1400 170
f 1398 170 172
f 1396 1398 172
f 1394 1396 172
f 1394 172 174
f 1392 1394 174
f 1390 1392 174
f 1390 174 176
f 1388 1390 176
f 1386 1388 176
f 1386 176 178
f 1384 1386 178
f 1384 178 180
f 1382 1384 180
f 1380 1382 180
f 1368 1380 180
f 1368 180 182
f 1368 182 184
f 1368 184 186
f 1368 186 188
f 616 618 834
f 366 1602 1604
f 918 1622 1624
f 836 838 866
f 836 866 868
f 230 276 278
f 916 918 1624
f 522 598 600
f 364 366 1604
f 334 364 1604
f 332 334 1604
f 330 332 1604
f 328 330 1604
f 328 1604 1606
f 326 328 1606
f 326 1606 1608
f 616 834 836
f 616 836 868
f 616 868 870
f 616 870 872
f 616 872 874
f 616 874 876
f 324 326 1608
f 1368 188 190
f 1366 1368 190
f 1366 190 192
f 1366 192 194
f 1646 1366 194
f 1646 194 196
f 1646 196 198
f 1644 1646 198
f 1644 198 200
f 1644 200 202
f 1644 202 204
f 1642 1644 204
f 1640 1642 204
f 1638 1640 204
f 1638 204 206
f 1636 1638 206
f 1634 1636 206
f 1634 206 208
f 1632 1634 208
f 1632 208 210
f 1630 1632 210
f 1628 1630 210
f 1628 210 212
f 1626 1628 212
f 1624 1626 212
f 1624 212 214
f 1624 214 216
f 1624 216 218
f 1624 218 220
f 916 1624 220
f 914 916 220
f 914 220 222
f 912 914 222
f 910 912 222
f 908 910 222
f 908 222 224
f 906 908 224
f 904 906 224
f 902 904 224
f 900 902 224
f 898 900 224
f 898 224 226
f 896 898 226
f 894 896 226
f 324 1608 1610
f 616 876 878
f 228 230 278
f 290 292 312
f 228 278 280
f 522 600 602
f 1548 522 602
f 1548 602 604
f 1548 604 606
f 1548 606 608
f 1548 608 610
f 1548 610 612
f 1548 612 614
f 1546 1548 614
f 1546 614 616
f 1544 1546 616
f 1542 1544 616
f 1540 1542 616
f 1538 1540 616
f 1536 1538 616
f 1536 616 878
f 1534 1536 878
f 1532 1534 878
f 1530 1532 878
f 1528 1530 878
f 1526 1528 878
f 1524 1526 878
f 1522 1524 878
f 1520 1522 878
f 1518 1520 878
f 1516 1518 878
f 1514 1516 878
f 1512 1514 878
f 1510 1512 878
f 1508 1510 878
f 1506 1508 878
f 1504 1506 878
f 1502 1504 878
f 1500 1502 878
f 1498 1500 878
f 1496 1498 878
f 1494 1496 878
f 1492 1494 878
f 1490 1492 878
f 1490 878 880
f 1488 1490 880
f 1488 880 882
f 1486 1488 882
f 1486 882 884
f 1484 1486 884
f 1484 884 886
f 322 324 1610
f 1480 1484 886
f 1480 886 888
f 322 1610 1612
f 226 228 280
f 894 226 280
f 894 280 282
f 894 282 284
f 288 290 312
f 288 312 318
f 286 288 318
f 286 318 320
f 286 320 322
f 1482 1480 888
f 1482 888 890
f 894 284 286
f 892 894 286
f 892 286 322
f 890 892 322
f 1482 890 322
f 1614 1482 322
f 1614 322 1612
f 1888 1872 1874
f 1888 1874 1876
f 1886 1888 1876
f 1886 1876 1878
f 1884 1886 1878
f 1880 1882 1884
f 1880 1884 1878
f 767 765 763
f 307 305 303
f 307 303 301
f 463 461 459
f 1197 1195 1193
f 23 21 19
f 1177 1175 1173
f 361 359 357
f 361 357 355
f 361 355 353
f 361 353 351
f 581 579 577
f 581 577 575
f 581 575 573
f 851 849 847
f 853 851 847
f 855 853 847
f 963 961 959
f 965 963 959
f 967 965 959
f 969 967 959
f 361 351 349
f 663 661 659
f 665 663 659
f 1141 1139 1137
f 1141 1137 1135
f 1141 1135 1133
f 1141 1133 1131
f 667 665 659
f 971 969 959
f 767 763 761
f 857 855 847
f 463 459 457
f 1579 395 393
f 1581 1579 393
f 1581 393 391
f 1581 391 389
f 1581 389 387
f 567 565 563
f 567 563 561
f 567 561 559
f 1581 387 385
f 667 659 657
f 669 667 657
f 671 669 657
f 673 671 657
f 859 857 847
f 1141 1131 1129
f 1583 1581 385
f 581 573 571
f 769 767 761
f 769 761 759
f 769 759 757
f 769 757 755
f 3 1477 1475
f 3 1475 1473
f 3 1473 1471
f 3 1471 1469
f 3 1469 1467
f 3 1467 1465
f 3 1465 1463
f 3 1463 1461
f 3 1461 1459
f 3 1459 1457
f 3 1457 1455
f 1 3 1455
f 1 1455 1453
f 1 1453 1451
f 5 1 1451
f 5 1451 1449
f 7 5 1449
f 7 1449 1447
f 7 1447 1445
f 9 7 1445
f 1583 385 383
f 9 1445 1443
f 11 9 1443
f 1585 1583 383
f 317 315 313
f 317 313 311
f 1141 1129 1127
f 1143 1141 1127
f 63 61 59
f 63 59 57
f 63 57 55
f 63 55 53
f 63 53 51
f 63 51 49
f 63 49 47
f 63 47 45
f 63 45 43
f 567 559 557
f 463 457 455
f 1371 1369 1367
f 473 471 469
f 475 473 469
f 477 475 469
f 479 477 469
f 63 43 41
f 11 1443 1441
f 1145 1143 1127
f 481 479 469
f 1585 383 381
f 1179 1177 1173
f 309 307 301
f 309 301 299
f 651 649 647
f 1587 1585 381
f 13 11 1441
f 361 349 347
f 13 1441 1439
f 1709 971 959
f 1709 959 957
f 1709 957 955
f 1709 955 953
f 1709 953 951
f 1709 951 949
f 1711 1709 949
f 1711 949 947
f 1713 1711 947
f 1713 947 945
f 1715 1713 945
f 1715 945 943
f 1715 943 941
f 1717 1715 941
f 1717 941 939
f 1719 1717 939
f 1719 939 937
f 1721 1719 937
f 1721 937 935
f 1723 1721 935
f 1723 935 933
f 1725 1723 933
f 1725 933 931
f 1727 1725 931
f 1727 931 929
f 1729 1727 929
f 1729 929 927
f 63 41 39
f 1587 381 379
f 769 755 753
f 771 769 753
f 771 753 751
f 771 751 749
f 1147 1145 1127
f 581 571 569
f 675 673 657
f 675 657 655
f 677 675 655
f 679 677 655
f 1731 1729 927
f 1731 927 925
f 1733 1731 925
f 1735 1733 925
f 1737 1735 925
f 397 395 1579
f 399 397 1579
f 401 399 1579
f 1589 1587 379
f 403 401 1579
f 403 1579 1577
f 1373 1371 1367
f 15 13 1439
f 15 1439 1437
f 405 403 1577
f 361 347 345
f 405 1577 1575
f 1123 1121 1119
f 405 1575 1573
f 1739 1737 925
f 1589 379 377
f 405 1573 1571
f 973 971 1709
f 569 567 557
f 569 557 555
f 569 555 553
f 581 569 553
f 581 553 551
f 581 551 549
f 581 549 547
f 581 547 545
f 581 545 543
f 581 543 541
f 581 541 539
f 581 539 537
f 581 537 535
f 581 535 533
f 581 533 531
f 581 531 529
f 581 529 527
f 581 527 525
f 583 581 525
f 583 525 523
f 585 583 523
f 405 1571 1569
f 973 1709 1707
f 1149 1147 1127
f 1217 1837 1835
f 1217 1835 1833
f 1217 1833 1831
f 1217 1831 1829
f 1217 1829 1827
f 1217 1827 1825
f 1217 1825 1823
f 1217 1823 1821
f 1217 1821 1819
f 1217 1819 1817
f 1217 1817 1815
f 1217 1815 1813
f 405 1569 1567
f 973 1707 1705
f 1837 1217 1215
f 1839 1837 1215
f 1841 1839 1215
f 1843 1841 1215
f 1845 1843 1215
f 1847 1845 1215
f 1849 1847 1215
f 1851 1849 1215
f 1853 1851 1215
f 1855 1853 1215
f 1857 1855 1215
f 1859 1857 1215
f 1859 1215 1213
f 1861 1859 1213
f 1863 1861 1213
f 1865 1863 1213
f 1865 1213 1211
f 1867 1865 1211
f 1867 1211 1209
f 1869 1867 1209
f 1745 1869 1209
f 1745 1209 1207
f 1743 1745 1207
f 1743 1207 1205
f 1747 1743 1205
f 1749 1747 1205
f 1749 1205 1203
f 1751 1749 1203
f 1751 1203 1201
f 1753 1751 1201
f 481 469 467
f 483 481 467
f 485 483 467
f 487 485 467
f 465 463 455
f 465 455 453
f 465 453 451
f 465 451 449
f 465 449 447
f 467 465 447
f 467 447 445
f 467 445 443
f 467 443 441
f 467 441 439
f 487 467 439
f 487 439 437
f 487 437 435
f 487 435 433
f 489 487 433
f 489 433 431
f 491 489 431
f 491 431 429
f 493 491 429
f 493 429 427
f 495 493 427
f 495 427 425
f 497 495 425
f 497 425 423
f 499 497 423
f 499 423 421
f 501 499 421
f 501 421 419
f 503 501 419
f 503 419 417
f 505 503 417
f 505 417 415
f 1181 1179 1173
f 405 1567 1565
f 771 749 747
f 973 1705 1703
f 653 651 647
f 1591 1589 377
f 407 405 1565
f 407 1565 1563
f 973 1703 1701
f 681 679 655
f 1755 1753 1201
f 1755 1201 1199
f 585 523 521
f 587 585 521
f 15 1437 1435
f 17 15 1435
f 309 299 297
f 311 309 297
f 409 407 1563
f 1219 1217 1813
f 1219 1813 1811
f 1219 1811 1809
f 1219 1809 1807
f 1219 1807 1805
f 1219 1805 1803
f 1219 1803 1801
f 1219 1801 1799
f 1219 1799 1797
f 1221 1219 1797
f 1221 1797 1795
f 1221 1795 1793
f 1221 1793 1791
f 1221 1791 1789
f 1221 1789 1787
f 973 1701 1699
f 361 345 343
f 411 409 1563
f 507 505 415
f 507 415 413
f 1591 377 375
f 859 847 845
f 973 1699 1697
f 1125 1123 1119
f 311 297 295
f 411 1563 1561
f 1741 1739 925
f 773 771 747
f 773 747 745
f 773 745 743
f 973 1697 1695
f 1151 1149 1127
f 681 655 653
f 683 681 653
f 683 653 647
f 685 683 647
f 687 685 647
f 689 687 647
f 691 689 647
f 693 691 647
f 695 693 647
f 697 695 647
f 699 697 647
f 701 699 647
f 703 701 647
f 705 703 647
f 707 705 647
f 709 707 647
f 711 709 647
f 711 647 645
f 713 711 645
f 713 645 643
f 413 411 1561
f 507 413 1561
f 509 507 1561
f 511 509 1561
f 513 511 1561
f 515 513 1561
f 517 515 1561
f 519 517 1561
f 521 519 1561
f 521 1561 1559
f 521 1559 1557
f 521 1557 1555
f 1757 1755 1199
f 1593 1591 375
f 1221 1787 1785
f 973 1695 1693
f 17 1435 1433
f 589 587 521
f 713 643 641
f 715 713 641
f 973 1693 1691
f 19 17 1433
f 23 19 1433
f 25 23 1433
f 27 25 1433
f 29 27 1433
f 31 29 1433
f 33 31 1433
f 35 33 1433
f 37 35 1433
f 39 37 1433
f 63 39 1433
f 65 63 1433
f 67 65 1433
f 69 67 1433
f 71 69 1433
f 71 1433 1431
f 71 1431 1429
f 73 71 1429
f 73 1429 1427
f 75 73 1427
f 75 1427 1425
f 77 75 1425
f 77 1425 1423
f 79 77 1423
f 81 79 1423
f 83 81 1423
f 85 83 1423
f 87 85 1423
f 1375 1373 1367
f 1757 1199 1197
f 1757 1197 1193
f 1757 1193 1191
f 1757 1191 1189
f 1757 1189 1187
f 1757 1187 1185
f 1757 1185 1183
f 1757 1183 1181
f 1757 1181 1173
f 1757 1173 1171
f 1757 1171 1169
f 1759 1757 1169
f 1759 1169 1167
f 1761 1759 1167
f 1761 1167 1165
f 1763 1761 1165
f 1763 1165 1163
f 1765 1763 1163
f 1765 1163 1161
f 1767 1765 1161
f 1767 1161 1159
f 1769 1767 1159
f 1769 1159 1157
f 1771 1769 1157
f 1771 1157 1155
f 1773 1771 1155
f 1773 1155 1153
f 1775 1773 1153
f 1775 1153 1151
f 1777 1775 1151
f 1779 1777 1151
f 361 343 341
f 1593 375 373
f 133 131 129
f 135 133 129
f 137 135 129
f 139 137 129
f 141 139 129
f 141 129 127
f 141 127 125
f 143 141 125
f 143 125 123
f 143 123 121
f 145 143 121
f 145 121 119
f 145 119 117
f 253 251 249
f 253 249 247
f 253 247 245
f 253 245 243
f 253 243 241
f 255 253 241
f 257 255 241
f 257 241 239
f 259 257 239
f 261 259 239
f 261 239 237
f 263 261 237
f 265 263 237
f 973 1691 1689
f 521 1555 1553
f 781 779 777
f 781 777 775
f 781 775 773
f 783 781 773
f 785 783 773
f 785 773 743
f 787 785 743
f 789 787 743
f 791 789 743
f 793 791 743
f 795 793 743
f 797 795 743
f 799 797 743
f 801 799 743
f 803 801 743
f 805 803 743
f 805 743 741
f 807 805 741
f 809 807 741
f 809 741 739
f 811 809 739
f 811 739 737
f 813 811 737
f 815 813 737
f 815 737 735
f 815 735 733
f 815 733 731
f 815 731 729
f 815 729 727
f 815 727 725
f 815 725 723
f 815 723 721
f 815 721 719
f 815 719 717
f 147 145 117
f 147 117 115
f 265 237 235
f 267 265 235
f 859 845 843
f 973 1689 1687
f 1617 1741 925
f 1595 1593 373
f 715 641 639
f 973 1687 1685
f 89 87 1423
f 591 589 521
f 1221 1785 1783
f 1127 1125 1119
f 1151 1127 1119
f 973 1685 1683
f 717 715 639
f 815 717 639
f 815 639 637
f 815 637 635
f 815 635 633
f 817 815 633
f 817 633 631
f 819 817 631
f 819 631 629
f 821 819 629
f 821 629 627
f 823 821 627
f 823 627 625
f 825 823 625
f 825 625 623
f 1617 925 923
f 1595 373 371
f 827 825 623
f 973 1683 1681
f 361 341 339
f 1781 1779 1151
f 521 1553 1551
f 1615 1617 923
f 827 623 621
f 1597 1595 371
f 973 1681 1679
f 147 115 113
f 269 267 235
f 149 147 113
f 269 235 233
f 859 843 841
f 861 859 841
f 1377 1375 1367
f 311 295 293
f 593 591 521
f 91 89 1423
f 1615 923 921
f 1597 371 369
f 1221 1783 1781
f 1221 1781 1151
f 1223 1221 1151
f 1225 1223 1151
f 1225 1151 1119
f 1227 1225 1119
f 1227 1119 1117
f 1229 1227 1117
f 1229 1117 1115
f 1231 1229 1115
f 1231 1115 1113
f 1233 1231 1113
f 1233 1113 1111
f 1235 1233 1111
f 1235 1111 1109
f 1237 1235 1109
f 1237 1109 1107
f 1239 1237 1107
f 1239 1107 1105
f 1241 1239 1105
f 1241 1105 1103
f 1243 1241 1103
f 1243 1103 1101
f 1243 1101 1099
f 1245 1243 1099
f 1245 1099 1097
f 1247 1245 1097
f 1247 1097 1095
f 1249 1247 1095
f 1249 1095 1093
f 1251 1249 1093
f 1251 1093 1091
f 1253 1251 1091
f 1253 1091 1089
f 1255 1253 1089
f 1255 1089 1087
f 1257 1255 1087
f 1257 1087 1085
f 1259 1257 1085
f 1259 1085 1083
f 1259 1083 1081
f 1261 1259 1081
f 1261 1081 1079
f 1263 1261 1079
f 1263 1079 1077
f 1265 1263 1077
f 1265 1077 1075
f 1267 1265 1075
f 1267 1075 1073
f 1269 1267 1073
f 1269 1073 1071
f 1271 1269 1071
f 1271 1071 1069
f 1273 1271 1069
f 1273 1069 1067
f 1275 1273 1067
f 1275 1067 1065
f 1275 1065 1063
f 1277 1275 1063
f 1277 1063 1061
f 1279 1277 1061
f 1279 1061 1059
f 1281 1279 1059
f 1281 1059 1057
f 1283 1281 1057
f 1283 1057 1055
f 1285 1283 1055
f 1285 1055 1053
f 1287 1285 1053
f 1287 1053 1051
f 1289 1287 1051
f 1289 1051 1049
f 1291 1289 1049
f 1291 1049 1047
f 1291 1047 1045
f 1293 1291 1045
f 1293 1045 1043
f 1295 1293 1043
f 1295 1043 1041
f 1297 1295 1041
f 1297 1041 1039
f 1299 1297 1039
f 1299 1039 1037
f 1301 1299 1037
f 1301 1037 1035
f 1303 1301 1035
f 1303 1035 1033
f 1305 1303 1033
f 1305 1033 1031
f 1307 1305 1031
f 1307 1031 1029
f 1307 1029 1027
f 1309 1307 1027
f 1309 1027 1025
f 1311 1309 1025
f 1311 1025 1023
f 1313 1311 1023
f 1313 1023 1021
f 1315 1313 1021
f 1315 1021 1019
f 1317 1315 1019
f 1317 1019 1017
f 1319 1317 1017
f 1319 1017 1015
f 1321 1319 1015
f 1321 1015 1013
f 1323 1321 1013
f 1323 1013 1011
f 1323 1011 1009
f 1325 1323 1009
f 1325 1009 1007
f 1327 1325 1007
f 1327 1007 1005
f 1329 1327 1005
f 1329 1005 1003
f 1331 1329 1003
f 1331 1003 1001
f 1333 1331 1001
f 1333 1001 999
f 1335 1333 999
f 1335 999 997
f 1337 1335 997
f 1337 997 995
f 1339 1337 995
f 1339 995 993
f 1341 1339 993
f 1341 993 991
f 1341 991 989
f 1343 1341 989
f 1343 989 987
f 1345 1343 987
f 1345 987 985
f 1347 1345 985
f 1347 985 983
f 1349 1347 983
f 1349 983 981
f 1351 1349 981
f 1351 981 979
f 1353 1351 979
f 1353 979 977
f 1355 1353 977
f 1355 977 975
f 1357 1355 975
f 1357 975 973
f 1359 1357 973
f 1361 1359 973
f 1361 973 1679
f 1363 1361 1679
f 1363 1679 1677
f 1363 1677 1675
f 1365 1363 1675
f 1365 1675 1673
f 1365 1673 1671
f 1365 1671 1669
f 1365 1669 1667
f 1365 1667 1665
f 1365 1665 1663
f 1365 1663 1661
f 1365 1661 1659
f 1365 1659 1657
f 1365 1657 1655
f 1365 1655 1653
f 1365 1653 1651
f 1365 1651 1649
f 829 827 621
f 149 113 111
f 271 269 233
f 361 339 337
f 521 1551 1549
f 829 621 619
f 1619 1615 921
f 1599 1597 369
f 861 841 839
f 863 861 839
f 1365 1649 1647
f 595 593 521
f 1619 921 919
f 93 91 1423
f 1599 369 367
f 831 829 619
f 271 233 231
f 273 271 231
f 151 149 111
f 151 111 109
f 361 337 335
f 521 1549 1547
f 831 619 617
f 1601 1599 367
f 1621 1619 919
f 1379 1377 1367
f 863 839 837
f 865 863 837
f 1423 1421 1419
f 1423 1419 1417
f 1423 1417 1415
f 1423 1415 1413
f 1423 1413 1411
f 1423 1411 1409
f 1423 1409 1407
f 1423 1407 1405
f 1423 1405 1403
f 311 293 291
f 597 595 521
f 1621 919 917
f 1601 367 365
f 833 831 617
f 95 93 1423
f 275 273 231
f 151 109 107
f 1365 1647 1645
f 363 361 335
f 153 151 107
f 275 231 229
f 363 335 333
f 95 1423 1403
f 97 95 1403
f 99 97 1403
f 101 99 1403
f 103 101 1403
f 105 103 1403
f 107 105 1403
f 153 107 1403
f 155 153 1403
f 157 155 1403
f 159 157 1403
f 161 159 1403
f 163 161 1403
f 165 163 1403
f 167 165 1403
f 167 1403 1401
f 169 167 1401
f 169 1401 1399
f 169 1399 1397
f 171 169 1397
f 171 1397 1395
f 171 1395 1393
f 173 171 1393
f 173 1393 1391
f 173 1391 1389
f 175 173 1389
f 175 1389 1387
f 175 1387 1385
f 177 175 1385
f 177 1385 1383
f 179 177 1383
f 179 1383 1381
f 179 1381 1379
f 179 1379 1367
f 181 179 1367
f 183 181 1367
f 185 183 1367
f 187 185 1367
f 833 617 615
f 1603 1601 365
f 1623 1621 917
f 865 837 835
f 867 865 835
f 277 275 229
f 1623 917 915
f 599 597 521
f 1603 365 363
f 1603 363 333
f 1603 333 331
f 1603 331 329
f 1603 329 327
f 1605 1603 327
f 1605 327 325
f 1607 1605 325
f 835 833 615
f 867 835 615
f 869 867 615
f 871 869 615
f 873 871 615
f 875 873 615
f 1607 325 323
f 189 187 1367
f 189 1367 1365
f 191 189 1365
f 193 191 1365
f 193 1365 1645
f 195 193 1645
f 197 195 1645
f 197 1645 1643
f 199 197 1643
f 201 199 1643
f 203 201 1643
f 203 1643 1641
f 203 1641 1639
f 203 1639 1637
f 205 203 1637
f 205 1637 1635
f 205 1635 1633
f 207 205 1633
f 207 1633 1631
f 209 207 1631
f 209 1631 1629
f 209 1629 1627
f 211 209 1627
f 211 1627 1625
f 211 1625 1623
f 213 211 1623
f 215 213 1623
f 217 215 1623
f 219 217 1623
f 219 1623 915
f 219 915 913
f 221 219 913
f 221 913 911
f 221 911 909
f 221 909 907
f 223 221 907
f 223 907 905
f 223 905 903
f 223 903 901
f 223 901 899
f 223 899 897
f 225 223 897
f 225 897 895
f 225 895 893
f 1609 1607 323
f 877 875 615
f 277 229 227
f 311 291 289
f 279 277 227
f 601 599 521
f 601 521 1547
f 603 601 1547
f 605 603 1547
f 607 605 1547
f 609 607 1547
f 611 609 1547
f 613 611 1547
f 613 1547 1545
f 615 613 1545
f 615 1545 1543
f 615 1543 1541
f 615 1541 1539
f 615 1539 1537
f 615 1537 1535
f 877 615 1535
f 877 1535 1533
f 877 1533 1531
f 877 1531 1529
f 877 1529 1527
f 877 1527 1525
f 877 1525 1523
f 877 1523 1521
f 877 1521 1519
f 877 1519 1517
f 877 1517 1515
f 877 1515 1513
f 877 1513 1511
f 877 1511 1509
f 877 1509 1507
f 877 1507 1505
f 877 1505 1503
f 877 1503 1501
f 877 1501 1499
f 877 1499 1497
f 877 1497 1495
f 877 1495 1493
f 877 1493 1491
f 877 1491 1489
f 879 877 1489
f 879 1489 1487
f 881 879 1487
f 881 1487 1485
f 883 881 1485
f 883 1485 1483
f 885 883 1483
f 1609 323 321
f 885 1483 1479
f 887 885 1479
f 1611 1609 321
f 279 227 225
f 279 225 893
f 281 279 893
f 283 281 893
f 311 289 287
f 317 311 287
f 317 287 285
f 319 317 285
f 321 319 285
f 887 1479 1481
f 889 887 1481
f 285 283 893
f 285 893 891
f 321 285 891
f 321 891 889
f 321 889 1481
f 321 1481 1613
f 1611 321 1613
f 1871 1873 1887
f 1875 1871 1887
f 1875 1887 1885
f 1877 1875 1885
f 1877 1885 1883
f 1883 1881 1879
f 1877 1883 1879

