ISO-10303-21;
HEADER;
FILE_DESCRIPTION(('replace-face cleaned mesh - faceted PLACEHOLDER, not parametric CAD, not a verified AP1 drop-in'),'2;1');
FILE_NAME('backlight.step','2026-09-13T15:09:48Z',('s2000-ap1-digital-dash'),(''),'cad/replace_face/mesh_export.py','s2000-ap1-digital-dash','');
FILE_SCHEMA(('CONFIG_CONTROL_DESIGN'));
ENDSEC;
DATA;
#1=APPLICATION_CONTEXT('configuration controlled 3d designs of mechanical parts and assemblies');
#2=APPLICATION_PROTOCOL_DEFINITION('international standard','config_control_design',1994,#1);
#3=PRODUCT_CONTEXT('',#1,'mechanical');
#4=PRODUCT('backlight','backlight','PLACEHOLDER faceted mesh - OpenSCAD remains source of truth',(#3));
#5=PRODUCT_DEFINITION_FORMATION('','',#4);
#6=PRODUCT_DEFINITION_CONTEXT('part definition',#1,'design');
#7=PRODUCT_DEFINITION('design','',#5,#6);
#8=PRODUCT_RELATED_PRODUCT_CATEGORY('part',$,(#4));
#9=PRODUCT_DEFINITION_SHAPE('','',#7);
#10=(LENGTH_UNIT()NAMED_UNIT(*)SI_UNIT(.MILLI.,.METRE.));
#11=(NAMED_UNIT(*)PLANE_ANGLE_UNIT()SI_UNIT($,.RADIAN.));
#12=(NAMED_UNIT(*)SI_UNIT($,.STERADIAN.)SOLID_ANGLE_UNIT());
#13=UNCERTAINTY_MEASURE_WITH_UNIT(LENGTH_MEASURE(1.E-6),#10,'distance_accuracy_value','confusion accuracy');
#14=(GEOMETRIC_REPRESENTATION_CONTEXT(3)GLOBAL_UNCERTAINTY_ASSIGNED_CONTEXT((#13))GLOBAL_UNIT_ASSIGNED_CONTEXT((#10,#11,#12))REPRESENTATION_CONTEXT('Context #1','3D Context with UNIT and UNCERTAINTY'));
#20=CARTESIAN_POINT('',(0.7,-2.,0.));
#21=CARTESIAN_POINT('',(4.8,3.,0.));
#22=CARTESIAN_POINT('',(4.805538,2.88728,0.));
#23=CARTESIAN_POINT('',(5.509914,1.937539,0.));
#24=CARTESIAN_POINT('',(5.616173,1.899519,0.));
#25=CARTESIAN_POINT('',(5.725646,1.872097,0.));
#26=CARTESIAN_POINT('',(5.83728,1.855538,0.));
#27=CARTESIAN_POINT('',(5.220448,2.111038,0.));
#28=CARTESIAN_POINT('',(5.311094,2.04381,0.));
#29=CARTESIAN_POINT('',(5.061038,2.270448,0.));
#30=CARTESIAN_POINT('',(5.136827,2.186827,0.));
#31=CARTESIAN_POINT('',(4.99381,2.361094,0.));
#32=CARTESIAN_POINT('',(4.887538,2.559914,0.));
#33=CARTESIAN_POINT('',(4.935791,2.457894,0.));
#34=CARTESIAN_POINT('',(5.407894,1.98579,0.));
#35=CARTESIAN_POINT('',(4.849519,2.666173,0.));
#36=CARTESIAN_POINT('',(4.822097,2.775646,0.));
#37=CARTESIAN_POINT('',(-2.,-2.,0.));
#38=CARTESIAN_POINT('',(0.7,32.38298,0.));
#39=CARTESIAN_POINT('',(1.978093,-15.337189,0.));
#40=CARTESIAN_POINT('',(2.254164,-15.541936,0.));
#41=CARTESIAN_POINT('',(1.978093,-15.337189,12.));
#42=CARTESIAN_POINT('',(1.287851,-14.575624,0.));
#43=CARTESIAN_POINT('',(1.492599,-14.851694,0.));
#44=CARTESIAN_POINT('',(1.287851,-14.575624,12.));
#45=CARTESIAN_POINT('',(1.723421,-15.106366,0.));
#46=CARTESIAN_POINT('',(1.492599,-14.851694,12.));
#47=CARTESIAN_POINT('',(1.723421,-15.106366,12.));
#48=CARTESIAN_POINT('',(2.548975,-15.718638,0.));
#49=CARTESIAN_POINT('',(2.859685,-15.865594,0.));
#50=CARTESIAN_POINT('',(2.548975,-15.718638,12.));
#51=CARTESIAN_POINT('',(2.254164,-15.541936,12.));
#52=CARTESIAN_POINT('',(3.183303,-15.981386,0.));
#53=CARTESIAN_POINT('',(2.859685,-15.865594,12.));
#54=CARTESIAN_POINT('',(3.516713,-16.064901,0.));
#55=CARTESIAN_POINT('',(3.183303,-15.981386,12.));
#56=CARTESIAN_POINT('',(1.111148,-14.280813,12.));
#57=CARTESIAN_POINT('',(1.111148,-14.280813,0.));
#58=CARTESIAN_POINT('',(0.964193,-13.970102,12.));
#59=CARTESIAN_POINT('',(0.964193,-13.970102,0.));
#60=CARTESIAN_POINT('',(0.848401,-13.646483,12.));
#61=CARTESIAN_POINT('',(0.848401,-13.646483,0.));
#62=CARTESIAN_POINT('',(0.764886,-13.313074,12.));
#63=CARTESIAN_POINT('',(0.764886,-13.313074,0.));
#64=CARTESIAN_POINT('',(0.714453,-12.973083,0.));
#65=CARTESIAN_POINT('',(0.714453,-12.973083,12.));
#66=CARTESIAN_POINT('',(0.7,-12.678885,12.));
#67=CARTESIAN_POINT('',(0.7,-12.678885,0.));
#68=CARTESIAN_POINT('',(3.856704,-16.115334,0.));
#69=CARTESIAN_POINT('',(3.516713,-16.064901,12.));
#70=CARTESIAN_POINT('',(4.150903,-16.129787,0.));
#71=CARTESIAN_POINT('',(3.856704,-16.115334,12.));
#72=CARTESIAN_POINT('',(0.7,-2.,12.));
#73=CARTESIAN_POINT('',(-2.,-2.,12.));
#74=CARTESIAN_POINT('',(4.805538,27.27026,0.));
#75=CARTESIAN_POINT('',(4.805538,3.11272,0.));
#76=CARTESIAN_POINT('',(4.822097,27.158625,0.));
#77=CARTESIAN_POINT('',(4.822097,3.224354,0.));
#78=CARTESIAN_POINT('',(4.849519,27.04915,0.));
#79=CARTESIAN_POINT('',(4.849519,3.333827,0.));
#80=CARTESIAN_POINT('',(4.887538,26.942892,0.));
#81=CARTESIAN_POINT('',(4.887538,3.440086,0.));
#82=CARTESIAN_POINT('',(4.935791,26.840872,0.));
#83=CARTESIAN_POINT('',(4.935791,3.542106,0.));
#84=CARTESIAN_POINT('',(4.99381,26.744074,0.));
#85=CARTESIAN_POINT('',(4.99381,3.638906,0.));
#86=CARTESIAN_POINT('',(5.061038,26.653427,0.));
#87=CARTESIAN_POINT('',(5.061038,3.729552,0.));
#88=CARTESIAN_POINT('',(5.136827,26.569805,0.));
#89=CARTESIAN_POINT('',(5.136827,3.813173,0.));
#90=CARTESIAN_POINT('',(5.220448,26.494017,0.));
#91=CARTESIAN_POINT('',(5.220448,3.888962,0.));
#92=CARTESIAN_POINT('',(5.311094,26.426788,0.));
#93=CARTESIAN_POINT('',(5.311094,3.95619,0.));
#94=CARTESIAN_POINT('',(5.407894,26.368769,0.));
#95=CARTESIAN_POINT('',(5.407894,4.014209,0.));
#96=CARTESIAN_POINT('',(5.509914,26.320517,0.));
#97=CARTESIAN_POINT('',(5.509914,4.062461,0.));
#98=CARTESIAN_POINT('',(5.616173,26.282497,0.));
#99=CARTESIAN_POINT('',(5.616173,4.100482,0.));
#100=CARTESIAN_POINT('',(5.725646,26.255075,0.));
#101=CARTESIAN_POINT('',(5.725646,4.127903,0.));
#102=CARTESIAN_POINT('',(5.83728,26.238516,0.));
#103=CARTESIAN_POINT('',(5.83728,4.144463,0.));
#104=CARTESIAN_POINT('',(5.95,26.232979,0.));
#105=CARTESIAN_POINT('',(5.95,4.15,0.));
#106=CARTESIAN_POINT('',(6.06272,26.238516,0.));
#107=CARTESIAN_POINT('',(6.06272,4.144463,0.));
#108=CARTESIAN_POINT('',(6.174354,26.255075,0.));
#109=CARTESIAN_POINT('',(6.174354,4.127903,0.));
#110=CARTESIAN_POINT('',(6.283827,26.282497,0.));
#111=CARTESIAN_POINT('',(6.283827,4.100482,0.));
#112=CARTESIAN_POINT('',(6.390086,26.320517,0.));
#113=CARTESIAN_POINT('',(6.390086,4.062461,0.));
#114=CARTESIAN_POINT('',(6.492106,26.368769,0.));
#115=CARTESIAN_POINT('',(6.492106,4.014209,0.));
#116=CARTESIAN_POINT('',(6.588906,3.95619,0.));
#117=CARTESIAN_POINT('',(6.679552,26.494017,0.));
#118=CARTESIAN_POINT('',(6.679552,3.888962,0.));
#119=CARTESIAN_POINT('',(6.763173,26.569805,0.));
#120=CARTESIAN_POINT('',(6.763173,3.813173,0.));
#121=CARTESIAN_POINT('',(6.838962,26.653427,0.));
#122=CARTESIAN_POINT('',(6.838962,3.729552,0.));
#123=CARTESIAN_POINT('',(6.588906,26.426788,0.));
#124=CARTESIAN_POINT('',(-2.,32.38298,0.));
#125=CARTESIAN_POINT('',(4.8,27.382978,0.));
#126=CARTESIAN_POINT('',(4.805538,27.495699,0.));
#127=CARTESIAN_POINT('',(4.822097,27.607332,0.));
#128=CARTESIAN_POINT('',(4.849519,27.716806,0.));
#129=CARTESIAN_POINT('',(4.887538,27.823065,0.));
#130=CARTESIAN_POINT('',(4.935791,27.925085,0.));
#131=CARTESIAN_POINT('',(4.99381,28.021885,0.));
#132=CARTESIAN_POINT('',(5.061038,28.112532,0.));
#133=CARTESIAN_POINT('',(5.136827,28.196152,0.));
#134=CARTESIAN_POINT('',(5.220448,28.27194,0.));
#135=CARTESIAN_POINT('',(5.311094,28.339169,0.));
#136=CARTESIAN_POINT('',(5.407894,28.397188,0.));
#137=CARTESIAN_POINT('',(5.509914,28.44544,0.));
#138=CARTESIAN_POINT('',(5.616173,28.483459,0.));
#139=CARTESIAN_POINT('',(5.725646,28.510881,0.));
#140=CARTESIAN_POINT('',(5.83728,28.527441,0.));
#141=CARTESIAN_POINT('',(5.95,28.532978,0.));
#142=CARTESIAN_POINT('',(6.06272,28.527441,0.));
#143=CARTESIAN_POINT('',(6.174354,28.510881,0.));
#144=CARTESIAN_POINT('',(6.283827,28.483459,0.));
#145=CARTESIAN_POINT('',(-2.,32.38298,12.));
#146=CARTESIAN_POINT('',(0.7,32.38298,12.));
#147=CARTESIAN_POINT('',(165.849091,-16.129787,0.));
#148=CARTESIAN_POINT('',(93.,-16.129787,1.6));
#149=CARTESIAN_POINT('',(77.,-16.129787,1.6));
#150=CARTESIAN_POINT('',(5.95,1.85,0.));
#151=CARTESIAN_POINT('',(6.06272,1.855538,0.));
#152=CARTESIAN_POINT('',(6.174354,1.872097,0.));
#153=CARTESIAN_POINT('',(6.283827,1.899519,0.));
#154=CARTESIAN_POINT('',(6.390086,1.937539,0.));
#155=CARTESIAN_POINT('',(6.492106,1.98579,0.));
#156=CARTESIAN_POINT('',(6.588906,2.04381,0.));
#157=CARTESIAN_POINT('',(6.679552,2.111038,0.));
#158=CARTESIAN_POINT('',(6.763173,2.186827,0.));
#159=CARTESIAN_POINT('',(6.838962,2.270448,0.));
#160=CARTESIAN_POINT('',(6.90619,2.361094,0.));
#161=CARTESIAN_POINT('',(6.96421,2.457894,0.));
#162=CARTESIAN_POINT('',(7.012462,2.559914,0.));
#163=CARTESIAN_POINT('',(7.050481,2.666173,0.));
#164=CARTESIAN_POINT('',(7.077903,2.775646,0.));
#165=CARTESIAN_POINT('',(7.094462,2.88728,0.));
#166=CARTESIAN_POINT('',(7.1,3.,0.));
#167=CARTESIAN_POINT('',(7.094462,3.11272,0.));
#168=CARTESIAN_POINT('',(7.077903,3.224354,0.));
#169=CARTESIAN_POINT('',(7.050481,3.333827,0.));
#170=CARTESIAN_POINT('',(7.012462,3.440086,0.));
#171=CARTESIAN_POINT('',(70.,-16.129787,3.4));
#172=CARTESIAN_POINT('',(6.96421,3.542106,0.));
#173=CARTESIAN_POINT('',(6.90619,3.638906,0.));
#174=CARTESIAN_POINT('',(77.,-16.129787,3.4));
#175=CARTESIAN_POINT('',(70.,-16.129787,9.));
#176=CARTESIAN_POINT('',(6.90619,26.744074,0.));
#177=CARTESIAN_POINT('',(6.96421,26.840872,0.));
#178=CARTESIAN_POINT('',(7.012462,26.942892,0.));
#179=CARTESIAN_POINT('',(7.050481,27.04915,0.));
#180=CARTESIAN_POINT('',(7.077903,27.158625,0.));
#181=CARTESIAN_POINT('',(7.094462,27.27026,0.));
#182=CARTESIAN_POINT('',(7.1,27.382978,0.));
#183=CARTESIAN_POINT('',(7.094462,27.495699,0.));
#184=CARTESIAN_POINT('',(7.077903,27.607332,0.));
#185=CARTESIAN_POINT('',(7.050481,27.716806,0.));
#186=CARTESIAN_POINT('',(7.012462,27.823065,0.));
#187=CARTESIAN_POINT('',(6.96421,27.925085,0.));
#188=CARTESIAN_POINT('',(6.90619,28.021885,0.));
#189=CARTESIAN_POINT('',(6.390086,28.44544,0.));
#190=CARTESIAN_POINT('',(6.838962,28.112532,0.));
#191=CARTESIAN_POINT('',(6.763173,28.196152,0.));
#192=CARTESIAN_POINT('',(6.679552,28.27194,0.));
#193=CARTESIAN_POINT('',(6.492106,28.397188,0.));
#194=CARTESIAN_POINT('',(6.588906,28.339169,0.));
#195=CARTESIAN_POINT('',(0.7,85.01931,0.));
#196=CARTESIAN_POINT('',(4.150903,-16.129787,12.));
#197=CARTESIAN_POINT('',(-0.35,-0.35,12.));
#198=CARTESIAN_POINT('',(-0.35,30.732979,12.));
#199=CARTESIAN_POINT('',(7.625231,30.732979,12.));
#200=CARTESIAN_POINT('',(165.849091,-16.129787,12.));
#201=CARTESIAN_POINT('',(0.7,85.01931,12.));
#202=CARTESIAN_POINT('',(0.714453,85.313507,12.));
#203=CARTESIAN_POINT('',(0.714453,85.313507,0.));
#204=CARTESIAN_POINT('',(0.764886,85.653496,12.));
#205=CARTESIAN_POINT('',(0.764886,85.653496,0.));
#206=CARTESIAN_POINT('',(0.848401,85.986908,12.));
#207=CARTESIAN_POINT('',(0.848401,85.986908,0.));
#208=CARTESIAN_POINT('',(0.964193,86.310532,12.));
#209=CARTESIAN_POINT('',(0.964193,86.310532,0.));
#210=CARTESIAN_POINT('',(1.111148,86.621239,12.));
#211=CARTESIAN_POINT('',(1.111148,86.621239,0.));
#212=CARTESIAN_POINT('',(1.287851,86.916046,12.));
#213=CARTESIAN_POINT('',(1.287851,86.916046,0.));
#214=CARTESIAN_POINT('',(1.492599,87.192116,12.));
#215=CARTESIAN_POINT('',(1.492599,87.192116,0.));
#216=CARTESIAN_POINT('',(1.723421,87.446793,12.));
#217=CARTESIAN_POINT('',(1.723421,87.446793,0.));
#218=CARTESIAN_POINT('',(1.978093,87.677612,12.));
#219=CARTESIAN_POINT('',(1.978093,87.677612,0.));
#220=CARTESIAN_POINT('',(2.254164,87.882362,12.));
#221=CARTESIAN_POINT('',(2.254164,87.882362,0.));
#222=CARTESIAN_POINT('',(2.548975,88.059067,12.));
#223=CARTESIAN_POINT('',(2.548975,88.059067,0.));
#224=CARTESIAN_POINT('',(2.859685,88.206017,12.));
#225=CARTESIAN_POINT('',(2.859685,88.206017,0.));
#226=CARTESIAN_POINT('',(3.183304,88.321815,12.));
#227=CARTESIAN_POINT('',(3.183304,88.321815,0.));
#228=CARTESIAN_POINT('',(3.516713,88.405327,12.));
#229=CARTESIAN_POINT('',(3.516713,88.405327,0.));
#230=CARTESIAN_POINT('',(3.856704,88.455757,12.));
#231=CARTESIAN_POINT('',(3.856704,88.455757,0.));
#232=CARTESIAN_POINT('',(4.150903,88.470215,12.));
#233=CARTESIAN_POINT('',(4.150903,88.470215,0.));
#234=CARTESIAN_POINT('',(8.850747,32.79686,12.));
#235=CARTESIAN_POINT('',(10.245304,34.996716,12.));
#236=CARTESIAN_POINT('',(11.703393,37.154984,12.));
#237=CARTESIAN_POINT('',(13.223775,39.269836,12.));
#238=CARTESIAN_POINT('',(14.805157,41.339466,12.));
#239=CARTESIAN_POINT('',(16.446196,43.362125,12.));
#240=CARTESIAN_POINT('',(18.145498,45.336086,12.));
#241=CARTESIAN_POINT('',(19.901617,47.259674,12.));
#242=CARTESIAN_POINT('',(21.713062,49.131256,12.));
#243=CARTESIAN_POINT('',(23.578293,50.949242,12.));
#244=CARTESIAN_POINT('',(25.495724,52.712082,12.));
#245=CARTESIAN_POINT('',(27.463726,54.418282,12.));
#246=CARTESIAN_POINT('',(29.480627,56.066391,12.));
#247=CARTESIAN_POINT('',(40.237244,63.388329,12.));
#248=CARTESIAN_POINT('',(42.510189,64.660286,12.));
#249=CARTESIAN_POINT('',(31.544712,57.655006,12.));
#250=CARTESIAN_POINT('',(33.654228,59.182777,12.));
#251=CARTESIAN_POINT('',(35.807381,60.648411,12.));
#252=CARTESIAN_POINT('',(38.002342,62.050659,12.));
#253=CARTESIAN_POINT('',(44.819248,65.86544,12.));
#254=CARTESIAN_POINT('',(47.162453,67.002785,12.));
#255=CARTESIAN_POINT('',(49.537815,68.071335,12.));
#256=CARTESIAN_POINT('',(51.943314,69.07019,12.));
#257=CARTESIAN_POINT('',(54.376911,69.998505,12.));
#258=CARTESIAN_POINT('',(56.836529,70.855492,12.));
#259=CARTESIAN_POINT('',(59.320087,71.640411,12.));
#260=CARTESIAN_POINT('',(165.849091,88.470215,12.));
#261=CARTESIAN_POINT('',(61.825466,72.3526,12.));
#262=CARTESIAN_POINT('',(64.35054,72.991463,12.));
#263=CARTESIAN_POINT('',(66.893166,73.556442,12.));
#264=CARTESIAN_POINT('',(69.45118,74.047073,12.));
#265=CARTESIAN_POINT('',(72.022408,74.462921,12.));
#266=CARTESIAN_POINT('',(74.604668,74.80365,12.));
#267=CARTESIAN_POINT('',(77.195763,75.068962,12.));
#268=CARTESIAN_POINT('',(79.793488,75.258629,12.));
#269=CARTESIAN_POINT('',(82.395638,75.372498,12.));
#270=CARTESIAN_POINT('',(85.,75.410461,12.));
#271=CARTESIAN_POINT('',(87.604362,75.372498,12.));
#272=CARTESIAN_POINT('',(90.206512,75.258629,12.));
#273=CARTESIAN_POINT('',(92.804237,75.068962,12.));
#274=CARTESIAN_POINT('',(95.395332,74.80365,12.));
#275=CARTESIAN_POINT('',(97.977592,74.462921,12.));
#276=CARTESIAN_POINT('',(100.,-16.129787,3.4));
#277=CARTESIAN_POINT('',(93.,-16.129787,3.4));
#278=CARTESIAN_POINT('',(166.143295,-16.115334,0.));
#279=CARTESIAN_POINT('',(166.483292,-16.064901,0.));
#280=CARTESIAN_POINT('',(166.816696,-15.981386,0.));
#281=CARTESIAN_POINT('',(167.14032,-15.865594,0.));
#282=CARTESIAN_POINT('',(167.451019,-15.718638,0.));
#283=CARTESIAN_POINT('',(167.745834,-15.541936,0.));
#284=CARTESIAN_POINT('',(168.021912,-15.337189,0.));
#285=CARTESIAN_POINT('',(168.276581,-15.106366,0.));
#286=CARTESIAN_POINT('',(168.507401,-14.851694,0.));
#287=CARTESIAN_POINT('',(168.712143,-14.575624,0.));
#288=CARTESIAN_POINT('',(168.888855,-14.280813,0.));
#289=CARTESIAN_POINT('',(169.035812,-13.970102,0.));
#290=CARTESIAN_POINT('',(169.151596,-13.646483,0.));
#291=CARTESIAN_POINT('',(169.235107,-13.313074,0.));
#292=CARTESIAN_POINT('',(169.285553,-12.973083,0.));
#293=CARTESIAN_POINT('',(169.300003,-12.678885,0.));
#294=CARTESIAN_POINT('',(169.300003,-2.,0.));
#295=CARTESIAN_POINT('',(163.507889,1.98579,0.));
#296=CARTESIAN_POINT('',(163.093811,2.361094,0.));
#297=CARTESIAN_POINT('',(163.161041,2.270448,0.));
#298=CARTESIAN_POINT('',(162.987534,2.559914,0.));
#299=CARTESIAN_POINT('',(163.035797,2.457894,0.));
#300=CARTESIAN_POINT('',(162.949524,2.666173,0.));
#301=CARTESIAN_POINT('',(163.411087,2.04381,0.));
#302=CARTESIAN_POINT('',(163.236832,2.186827,0.));
#303=CARTESIAN_POINT('',(163.32045,2.111038,0.));
#304=CARTESIAN_POINT('',(162.922104,2.775646,0.));
#305=CARTESIAN_POINT('',(162.899994,3.,0.));
#306=CARTESIAN_POINT('',(162.905533,2.88728,0.));
#307=CARTESIAN_POINT('',(163.609909,1.937539,0.));
#308=CARTESIAN_POINT('',(163.716171,1.899519,0.));
#309=CARTESIAN_POINT('',(163.825653,1.872097,0.));
#310=CARTESIAN_POINT('',(163.937286,1.855538,0.));
#311=CARTESIAN_POINT('',(164.050003,1.85,0.));
#312=CARTESIAN_POINT('',(164.16272,1.855538,0.));
#313=CARTESIAN_POINT('',(164.274353,1.872097,0.));
#314=CARTESIAN_POINT('',(164.383835,1.899519,0.));
#315=CARTESIAN_POINT('',(164.490082,1.937539,0.));
#316=CARTESIAN_POINT('',(164.592102,1.98579,0.));
#317=CARTESIAN_POINT('',(164.688904,2.04381,0.));
#318=CARTESIAN_POINT('',(164.779556,2.111038,0.));
#319=CARTESIAN_POINT('',(164.863174,2.186827,0.));
#320=CARTESIAN_POINT('',(164.938965,2.270448,0.));
#321=CARTESIAN_POINT('',(165.006195,2.361094,0.));
#322=CARTESIAN_POINT('',(165.064209,2.457894,0.));
#323=CARTESIAN_POINT('',(165.112457,2.559914,0.));
#324=CARTESIAN_POINT('',(165.150482,2.666173,0.));
#325=CARTESIAN_POINT('',(165.177902,2.775646,0.));
#326=CARTESIAN_POINT('',(165.194458,2.88728,0.));
#327=CARTESIAN_POINT('',(165.177902,3.224354,0.));
#328=CARTESIAN_POINT('',(165.150482,3.333827,0.));
#329=CARTESIAN_POINT('',(165.194458,3.11272,0.));
#330=CARTESIAN_POINT('',(165.112457,3.440086,0.));
#331=CARTESIAN_POINT('',(165.064209,3.542106,0.));
#332=CARTESIAN_POINT('',(165.006195,3.638906,0.));
#333=CARTESIAN_POINT('',(164.938965,3.729552,0.));
#334=CARTESIAN_POINT('',(165.199997,3.,0.));
#335=CARTESIAN_POINT('',(164.779556,26.494017,0.));
#336=CARTESIAN_POINT('',(172.,32.38298,0.));
#337=CARTESIAN_POINT('',(172.,-2.,0.));
#338=CARTESIAN_POINT('',(166.143295,-16.115334,12.));
#339=CARTESIAN_POINT('',(166.483292,-16.064901,12.));
#340=CARTESIAN_POINT('',(166.816696,-15.981386,12.));
#341=CARTESIAN_POINT('',(167.14032,-15.865594,12.));
#342=CARTESIAN_POINT('',(167.451019,-15.718638,12.));
#343=CARTESIAN_POINT('',(167.745834,-15.541936,12.));
#344=CARTESIAN_POINT('',(168.021912,-15.337189,12.));
#345=CARTESIAN_POINT('',(168.276581,-15.106366,12.));
#346=CARTESIAN_POINT('',(168.507401,-14.851694,12.));
#347=CARTESIAN_POINT('',(168.712143,-14.575624,12.));
#348=CARTESIAN_POINT('',(168.888855,-14.280813,12.));
#349=CARTESIAN_POINT('',(169.035812,-13.970102,12.));
#350=CARTESIAN_POINT('',(169.151596,-13.646483,12.));
#351=CARTESIAN_POINT('',(169.235107,-13.313074,12.));
#352=CARTESIAN_POINT('',(169.285553,-12.973083,12.));
#353=CARTESIAN_POINT('',(169.300003,-12.678885,12.));
#354=CARTESIAN_POINT('',(169.300003,-2.,12.));
#355=CARTESIAN_POINT('',(172.,-2.,12.));
#356=CARTESIAN_POINT('',(162.905533,27.27026,0.));
#357=CARTESIAN_POINT('',(162.905533,3.11272,0.));
#358=CARTESIAN_POINT('',(162.922104,27.158625,0.));
#359=CARTESIAN_POINT('',(162.922104,3.224354,0.));
#360=CARTESIAN_POINT('',(162.949524,27.04915,0.));
#361=CARTESIAN_POINT('',(162.949524,3.333827,0.));
#362=CARTESIAN_POINT('',(162.987534,26.942892,0.));
#363=CARTESIAN_POINT('',(162.987534,3.440086,0.));
#364=CARTESIAN_POINT('',(163.035797,26.840872,0.));
#365=CARTESIAN_POINT('',(163.035797,3.542106,0.));
#366=CARTESIAN_POINT('',(163.093811,26.744074,0.));
#367=CARTESIAN_POINT('',(163.093811,3.638906,0.));
#368=CARTESIAN_POINT('',(163.161041,26.653427,0.));
#369=CARTESIAN_POINT('',(163.161041,3.729552,0.));
#370=CARTESIAN_POINT('',(163.236832,26.569805,0.));
#371=CARTESIAN_POINT('',(163.236832,3.813173,0.));
#372=CARTESIAN_POINT('',(163.32045,26.494017,0.));
#373=CARTESIAN_POINT('',(163.32045,3.888962,0.));
#374=CARTESIAN_POINT('',(163.411087,26.426788,0.));
#375=CARTESIAN_POINT('',(163.411087,3.95619,0.));
#376=CARTESIAN_POINT('',(163.507889,26.368769,0.));
#377=CARTESIAN_POINT('',(163.507889,4.014209,0.));
#378=CARTESIAN_POINT('',(163.609909,26.320517,0.));
#379=CARTESIAN_POINT('',(163.609909,4.062461,0.));
#380=CARTESIAN_POINT('',(163.716171,26.282497,0.));
#381=CARTESIAN_POINT('',(163.716171,4.100482,0.));
#382=CARTESIAN_POINT('',(163.825653,26.255075,0.));
#383=CARTESIAN_POINT('',(163.825653,4.127903,0.));
#384=CARTESIAN_POINT('',(163.937286,26.238516,0.));
#385=CARTESIAN_POINT('',(163.937286,4.144463,0.));
#386=CARTESIAN_POINT('',(164.050003,26.232979,0.));
#387=CARTESIAN_POINT('',(164.050003,4.15,0.));
#388=CARTESIAN_POINT('',(164.16272,26.238516,0.));
#389=CARTESIAN_POINT('',(164.16272,4.144463,0.));
#390=CARTESIAN_POINT('',(164.274353,26.255075,0.));
#391=CARTESIAN_POINT('',(164.274353,4.127903,0.));
#392=CARTESIAN_POINT('',(164.383835,26.282497,0.));
#393=CARTESIAN_POINT('',(164.383835,4.100482,0.));
#394=CARTESIAN_POINT('',(164.490082,26.320517,0.));
#395=CARTESIAN_POINT('',(164.490082,4.062461,0.));
#396=CARTESIAN_POINT('',(164.863174,3.813173,0.));
#397=CARTESIAN_POINT('',(164.688904,3.95619,0.));
#398=CARTESIAN_POINT('',(164.779556,3.888962,0.));
#399=CARTESIAN_POINT('',(164.592102,26.368769,0.));
#400=CARTESIAN_POINT('',(164.592102,4.014209,0.));
#401=CARTESIAN_POINT('',(164.688904,26.426788,0.));
#402=CARTESIAN_POINT('',(162.899994,27.382978,0.));
#403=CARTESIAN_POINT('',(164.863174,26.569805,0.));
#404=CARTESIAN_POINT('',(164.938965,26.653427,0.));
#405=CARTESIAN_POINT('',(165.006195,26.744074,0.));
#406=CARTESIAN_POINT('',(165.064209,26.840872,0.));
#407=CARTESIAN_POINT('',(165.112457,26.942892,0.));
#408=CARTESIAN_POINT('',(165.150482,27.04915,0.));
#409=CARTESIAN_POINT('',(165.177902,27.158625,0.));
#410=CARTESIAN_POINT('',(165.194458,27.27026,0.));
#411=CARTESIAN_POINT('',(165.199997,27.382978,0.));
#412=CARTESIAN_POINT('',(165.194458,27.495699,0.));
#413=CARTESIAN_POINT('',(169.300003,32.38298,0.));
#414=CARTESIAN_POINT('',(165.177902,27.607332,0.));
#415=CARTESIAN_POINT('',(165.150482,27.716806,0.));
#416=CARTESIAN_POINT('',(165.112457,27.823065,0.));
#417=CARTESIAN_POINT('',(165.064209,27.925085,0.));
#418=CARTESIAN_POINT('',(164.863174,28.196152,0.));
#419=CARTESIAN_POINT('',(164.779556,28.27194,0.));
#420=CARTESIAN_POINT('',(164.938965,28.112532,0.));
#421=CARTESIAN_POINT('',(165.006195,28.021885,0.));
#422=CARTESIAN_POINT('',(163.507889,28.397188,0.));
#423=CARTESIAN_POINT('',(163.411087,28.339169,0.));
#424=CARTESIAN_POINT('',(163.609909,28.44544,0.));
#425=CARTESIAN_POINT('',(163.716171,28.483459,0.));
#426=CARTESIAN_POINT('',(163.825653,28.510881,0.));
#427=CARTESIAN_POINT('',(163.937286,28.527441,0.));
#428=CARTESIAN_POINT('',(164.050003,28.532978,0.));
#429=CARTESIAN_POINT('',(164.16272,28.527441,0.));
#430=CARTESIAN_POINT('',(164.274353,28.510881,0.));
#431=CARTESIAN_POINT('',(164.383835,28.483459,0.));
#432=CARTESIAN_POINT('',(164.688904,28.339169,0.));
#433=CARTESIAN_POINT('',(164.592102,28.397188,0.));
#434=CARTESIAN_POINT('',(164.490082,28.44544,0.));
#435=CARTESIAN_POINT('',(172.,32.38298,12.));
#436=CARTESIAN_POINT('',(100.,-16.129787,9.));
#437=CARTESIAN_POINT('',(170.350006,-0.35,12.));
#438=CARTESIAN_POINT('',(169.300003,32.38298,12.));
#439=CARTESIAN_POINT('',(170.350006,30.732979,12.));
#440=CARTESIAN_POINT('',(162.374771,30.732979,12.));
#441=CARTESIAN_POINT('',(161.149246,32.79686,12.));
#442=CARTESIAN_POINT('',(159.7547,34.996716,12.));
#443=CARTESIAN_POINT('',(162.905533,27.495699,0.));
#444=CARTESIAN_POINT('',(162.922104,27.607332,0.));
#445=CARTESIAN_POINT('',(162.949524,27.716806,0.));
#446=CARTESIAN_POINT('',(162.987534,27.823065,0.));
#447=CARTESIAN_POINT('',(163.035797,27.925085,0.));
#448=CARTESIAN_POINT('',(163.093811,28.021885,0.));
#449=CARTESIAN_POINT('',(163.161041,28.112532,0.));
#450=CARTESIAN_POINT('',(163.236832,28.196152,0.));
#451=CARTESIAN_POINT('',(163.32045,28.27194,0.));
#452=CARTESIAN_POINT('',(165.849091,88.470215,0.));
#453=CARTESIAN_POINT('',(169.300003,85.01931,0.));
#454=CARTESIAN_POINT('',(169.235107,85.653496,0.));
#455=CARTESIAN_POINT('',(169.285553,85.313507,0.));
#456=CARTESIAN_POINT('',(169.151596,85.986908,0.));
#457=CARTESIAN_POINT('',(169.035812,86.310532,0.));
#458=CARTESIAN_POINT('',(168.888855,86.621239,0.));
#459=CARTESIAN_POINT('',(168.021912,87.677612,0.));
#460=CARTESIAN_POINT('',(168.276581,87.446793,0.));
#461=CARTESIAN_POINT('',(168.507401,87.192116,0.));
#462=CARTESIAN_POINT('',(168.712143,86.916046,0.));
#463=CARTESIAN_POINT('',(166.143295,88.455757,0.));
#464=CARTESIAN_POINT('',(166.816696,88.321815,0.));
#465=CARTESIAN_POINT('',(167.14032,88.206017,0.));
#466=CARTESIAN_POINT('',(166.483292,88.405327,0.));
#467=CARTESIAN_POINT('',(167.451019,88.059067,0.));
#468=CARTESIAN_POINT('',(167.745834,87.882362,0.));
#469=CARTESIAN_POINT('',(166.143295,88.455757,12.));
#470=CARTESIAN_POINT('',(166.483292,88.405327,12.));
#471=CARTESIAN_POINT('',(169.300003,85.01931,12.));
#472=CARTESIAN_POINT('',(169.285553,85.313507,12.));
#473=CARTESIAN_POINT('',(169.235107,85.653496,12.));
#474=CARTESIAN_POINT('',(169.151596,85.986908,12.));
#475=CARTESIAN_POINT('',(169.035812,86.310532,12.));
#476=CARTESIAN_POINT('',(168.888855,86.621239,12.));
#477=CARTESIAN_POINT('',(166.816696,88.321815,12.));
#478=CARTESIAN_POINT('',(167.14032,88.206017,12.));
#479=CARTESIAN_POINT('',(167.745834,87.882362,12.));
#480=CARTESIAN_POINT('',(167.451019,88.059067,12.));
#481=CARTESIAN_POINT('',(168.276581,87.446793,12.));
#482=CARTESIAN_POINT('',(168.507401,87.192116,12.));
#483=CARTESIAN_POINT('',(168.712143,86.916046,12.));
#484=CARTESIAN_POINT('',(168.021912,87.677612,12.));
#485=CARTESIAN_POINT('',(100.54882,74.047073,12.));
#486=CARTESIAN_POINT('',(103.106834,73.556442,12.));
#487=CARTESIAN_POINT('',(105.64946,72.991463,12.));
#488=CARTESIAN_POINT('',(108.17453,72.3526,12.));
#489=CARTESIAN_POINT('',(110.679916,71.640411,12.));
#490=CARTESIAN_POINT('',(156.77623,39.269836,12.));
#491=CARTESIAN_POINT('',(158.2966,37.154984,12.));
#492=CARTESIAN_POINT('',(148.286942,49.131256,12.));
#493=CARTESIAN_POINT('',(150.098389,47.259674,12.));
#494=CARTESIAN_POINT('',(153.553802,43.362125,12.));
#495=CARTESIAN_POINT('',(155.194839,41.339466,12.));
#496=CARTESIAN_POINT('',(151.854507,45.336086,12.));
#497=CARTESIAN_POINT('',(118.056686,69.07019,12.));
#498=CARTESIAN_POINT('',(120.462189,68.071335,12.));
#499=CARTESIAN_POINT('',(122.837547,67.002785,12.));
#500=CARTESIAN_POINT('',(125.180756,65.86544,12.));
#501=CARTESIAN_POINT('',(136.345764,59.182777,12.));
#502=CARTESIAN_POINT('',(138.455292,57.655006,12.));
#503=CARTESIAN_POINT('',(140.519379,56.066391,12.));
#504=CARTESIAN_POINT('',(142.53627,54.418282,12.));
#505=CARTESIAN_POINT('',(131.99765,62.050659,12.));
#506=CARTESIAN_POINT('',(134.192612,60.648411,12.));
#507=CARTESIAN_POINT('',(129.762756,63.388329,12.));
#508=CARTESIAN_POINT('',(127.489807,64.660286,12.));
#509=CARTESIAN_POINT('',(113.163467,70.855492,12.));
#510=CARTESIAN_POINT('',(115.623093,69.998505,12.));
#511=CARTESIAN_POINT('',(144.504272,52.712082,12.));
#512=CARTESIAN_POINT('',(146.421707,50.949242,12.));
#513=CARTESIAN_POINT('',(-0.35,-0.35,10.));
#514=CARTESIAN_POINT('',(2.7,-0.35,10.08));
#515=CARTESIAN_POINT('',(2.7,-0.35,10.));
#516=CARTESIAN_POINT('',(-0.35,30.732979,10.));
#517=CARTESIAN_POINT('',(2.7,30.732979,10.));
#518=CARTESIAN_POINT('',(2.7,30.732979,10.08));
#519=CARTESIAN_POINT('',(7.625231,30.732979,10.08));
#520=CARTESIAN_POINT('',(8.850747,32.79686,10.08));
#521=CARTESIAN_POINT('',(10.245304,34.996716,10.08));
#522=CARTESIAN_POINT('',(167.300003,-0.35,10.08));
#523=CARTESIAN_POINT('',(11.703393,37.154984,10.08));
#524=CARTESIAN_POINT('',(13.223775,39.269836,10.08));
#525=CARTESIAN_POINT('',(14.805157,41.339466,10.08));
#526=CARTESIAN_POINT('',(16.446196,43.362125,10.08));
#527=CARTESIAN_POINT('',(18.145498,45.336086,10.08));
#528=CARTESIAN_POINT('',(19.901617,47.259674,10.08));
#529=CARTESIAN_POINT('',(21.713062,49.131256,10.08));
#530=CARTESIAN_POINT('',(23.578293,50.949242,10.08));
#531=CARTESIAN_POINT('',(25.495724,52.712082,10.08));
#532=CARTESIAN_POINT('',(27.463726,54.418282,10.08));
#533=CARTESIAN_POINT('',(29.480627,56.066391,10.08));
#534=CARTESIAN_POINT('',(31.544712,57.655006,10.08));
#535=CARTESIAN_POINT('',(33.654228,59.182777,10.08));
#536=CARTESIAN_POINT('',(35.807381,60.648411,10.08));
#537=CARTESIAN_POINT('',(38.002342,62.050659,10.08));
#538=CARTESIAN_POINT('',(40.237244,63.388329,10.08));
#539=CARTESIAN_POINT('',(42.510189,64.660286,10.08));
#540=CARTESIAN_POINT('',(44.819248,65.86544,10.08));
#541=CARTESIAN_POINT('',(47.162453,67.002785,10.08));
#542=CARTESIAN_POINT('',(49.537815,68.071335,10.08));
#543=CARTESIAN_POINT('',(51.943314,69.07019,10.08));
#544=CARTESIAN_POINT('',(54.376911,69.998505,10.08));
#545=CARTESIAN_POINT('',(56.836529,70.855492,10.08));
#546=CARTESIAN_POINT('',(59.320087,71.640411,10.08));
#547=CARTESIAN_POINT('',(61.825466,72.3526,10.08));
#548=CARTESIAN_POINT('',(64.35054,72.991463,10.08));
#549=CARTESIAN_POINT('',(66.893166,73.556442,10.08));
#550=CARTESIAN_POINT('',(69.45118,74.047073,10.08));
#551=CARTESIAN_POINT('',(72.022408,74.462921,10.08));
#552=CARTESIAN_POINT('',(74.604668,74.80365,10.08));
#553=CARTESIAN_POINT('',(77.195763,75.068962,10.08));
#554=CARTESIAN_POINT('',(79.793488,75.258629,10.08));
#555=CARTESIAN_POINT('',(82.395638,75.372498,10.08));
#556=CARTESIAN_POINT('',(85.,75.410461,10.08));
#557=CARTESIAN_POINT('',(167.300003,-0.35,10.));
#558=CARTESIAN_POINT('',(170.350006,-0.35,10.));
#559=CARTESIAN_POINT('',(167.300003,30.732979,10.));
#560=CARTESIAN_POINT('',(170.350006,30.732979,10.));
#561=CARTESIAN_POINT('',(167.300003,30.732979,10.08));
#562=CARTESIAN_POINT('',(161.149246,32.79686,10.08));
#563=CARTESIAN_POINT('',(159.7547,34.996716,10.08));
#564=CARTESIAN_POINT('',(158.2966,37.154984,10.08));
#565=CARTESIAN_POINT('',(162.374771,30.732979,10.08));
#566=CARTESIAN_POINT('',(87.604362,75.372498,10.08));
#567=CARTESIAN_POINT('',(90.206512,75.258629,10.08));
#568=CARTESIAN_POINT('',(92.804237,75.068962,10.08));
#569=CARTESIAN_POINT('',(95.395332,74.80365,10.08));
#570=CARTESIAN_POINT('',(97.977592,74.462921,10.08));
#571=CARTESIAN_POINT('',(100.54882,74.047073,10.08));
#572=CARTESIAN_POINT('',(103.106834,73.556442,10.08));
#573=CARTESIAN_POINT('',(105.64946,72.991463,10.08));
#574=CARTESIAN_POINT('',(108.17453,72.3526,10.08));
#575=CARTESIAN_POINT('',(110.679916,71.640411,10.08));
#576=CARTESIAN_POINT('',(115.623093,69.998505,10.08));
#577=CARTESIAN_POINT('',(113.163467,70.855492,10.08));
#578=CARTESIAN_POINT('',(118.056686,69.07019,10.08));
#579=CARTESIAN_POINT('',(120.462189,68.071335,10.08));
#580=CARTESIAN_POINT('',(122.837547,67.002785,10.08));
#581=CARTESIAN_POINT('',(127.489807,64.660286,10.08));
#582=CARTESIAN_POINT('',(125.180756,65.86544,10.08));
#583=CARTESIAN_POINT('',(148.286942,49.131256,10.08));
#584=CARTESIAN_POINT('',(150.098389,47.259674,10.08));
#585=CARTESIAN_POINT('',(134.192612,60.648411,10.08));
#586=CARTESIAN_POINT('',(131.99765,62.050659,10.08));
#587=CARTESIAN_POINT('',(136.345764,59.182777,10.08));
#588=CARTESIAN_POINT('',(138.455292,57.655006,10.08));
#589=CARTESIAN_POINT('',(140.519379,56.066391,10.08));
#590=CARTESIAN_POINT('',(142.53627,54.418282,10.08));
#591=CARTESIAN_POINT('',(144.504272,52.712082,10.08));
#592=CARTESIAN_POINT('',(146.421707,50.949242,10.08));
#593=CARTESIAN_POINT('',(155.194839,41.339466,10.08));
#594=CARTESIAN_POINT('',(153.553802,43.362125,10.08));
#595=CARTESIAN_POINT('',(156.77623,39.269836,10.08));
#596=CARTESIAN_POINT('',(151.854507,45.336086,10.08));
#597=CARTESIAN_POINT('',(129.762756,63.388329,10.08));
#598=CARTESIAN_POINT('',(3.366645,-13.876991,6.4));
#599=CARTESIAN_POINT('',(3.366645,-13.876991,10.08));
#600=CARTESIAN_POINT('',(3.492905,-13.952669,6.4));
#601=CARTESIAN_POINT('',(3.13934,-13.690448,6.4));
#602=CARTESIAN_POINT('',(3.13934,-13.690448,10.08));
#603=CARTESIAN_POINT('',(3.24841,-13.789303,6.4));
#604=CARTESIAN_POINT('',(3.24841,-13.789303,10.08));
#605=CARTESIAN_POINT('',(2.76459,-13.065214,6.4));
#606=CARTESIAN_POINT('',(2.728822,-12.922422,6.4));
#607=CARTESIAN_POINT('',(2.728822,-12.922422,10.08));
#608=CARTESIAN_POINT('',(3.040484,-13.581377,6.4));
#609=CARTESIAN_POINT('',(3.040484,-13.581377,10.08));
#610=CARTESIAN_POINT('',(2.952796,-13.463142,6.4));
#611=CARTESIAN_POINT('',(2.952796,-13.463142,10.08));
#612=CARTESIAN_POINT('',(2.877118,-13.336883,6.4));
#613=CARTESIAN_POINT('',(2.877118,-13.336883,10.08));
#614=CARTESIAN_POINT('',(2.814181,-13.203813,6.4));
#615=CARTESIAN_POINT('',(2.814181,-13.203813,10.08));
#616=CARTESIAN_POINT('',(2.76459,-13.065214,10.08));
#617=CARTESIAN_POINT('',(2.707223,-12.776813,6.4));
#618=CARTESIAN_POINT('',(2.707223,-12.776813,10.08));
#619=CARTESIAN_POINT('',(2.7,-12.629787,6.4));
#620=CARTESIAN_POINT('',(2.7,-12.629787,10.08));
#621=CARTESIAN_POINT('',(3.907365,-14.100965,6.4));
#622=CARTESIAN_POINT('',(3.907365,-14.100965,10.08));
#623=CARTESIAN_POINT('',(4.052974,-14.122564,6.4));
#624=CARTESIAN_POINT('',(4.052974,-14.122564,10.08));
#625=CARTESIAN_POINT('',(4.2,-14.129787,6.4));
#626=CARTESIAN_POINT('',(3.625975,-14.015607,6.4));
#627=CARTESIAN_POINT('',(3.492905,-13.952669,10.08));
#628=CARTESIAN_POINT('',(3.625975,-14.015607,10.08));
#629=CARTESIAN_POINT('',(3.764573,-14.065198,6.4));
#630=CARTESIAN_POINT('',(3.764573,-14.065198,10.08));
#631=CARTESIAN_POINT('',(4.2,-14.129787,10.08));
#632=CARTESIAN_POINT('',(70.,-14.129787,6.4));
#633=CARTESIAN_POINT('',(4.7,-12.129787,6.4));
#634=CARTESIAN_POINT('',(2.728822,85.262848,6.4));
#635=CARTESIAN_POINT('',(2.707223,85.117241,6.4));
#636=CARTESIAN_POINT('',(2.952796,85.803566,6.4));
#637=CARTESIAN_POINT('',(3.040484,85.921806,6.4));
#638=CARTESIAN_POINT('',(2.877118,85.677307,6.4));
#639=CARTESIAN_POINT('',(2.814181,85.544235,6.4));
#640=CARTESIAN_POINT('',(2.76459,85.40564,6.4));
#641=CARTESIAN_POINT('',(3.13934,86.030876,6.4));
#642=CARTESIAN_POINT('',(3.366645,86.217415,6.4));
#643=CARTESIAN_POINT('',(3.24841,86.12973,6.4));
#644=CARTESIAN_POINT('',(2.7,84.970215,6.4));
#645=CARTESIAN_POINT('',(3.764573,86.405624,6.4));
#646=CARTESIAN_POINT('',(3.907365,86.441391,6.4));
#647=CARTESIAN_POINT('',(4.052974,86.46299,6.4));
#648=CARTESIAN_POINT('',(3.492905,86.293098,6.4));
#649=CARTESIAN_POINT('',(3.625975,86.356033,6.4));
#650=CARTESIAN_POINT('',(4.7,84.470215,6.4));
#651=CARTESIAN_POINT('',(2.7,84.970215,10.08));
#652=CARTESIAN_POINT('',(70.,-13.749787,6.4));
#653=CARTESIAN_POINT('',(100.,-13.749787,6.4));
#654=CARTESIAN_POINT('',(70.,-14.129787,9.));
#655=CARTESIAN_POINT('',(100.,-14.129787,9.));
#656=CARTESIAN_POINT('',(4.2,86.470215,6.4));
#657=CARTESIAN_POINT('',(4.2,86.470215,10.08));
#658=CARTESIAN_POINT('',(2.707223,85.117241,10.08));
#659=CARTESIAN_POINT('',(2.728822,85.262848,10.08));
#660=CARTESIAN_POINT('',(2.76459,85.40564,10.08));
#661=CARTESIAN_POINT('',(2.814181,85.544235,10.08));
#662=CARTESIAN_POINT('',(2.877118,85.677307,10.08));
#663=CARTESIAN_POINT('',(2.952796,85.803566,10.08));
#664=CARTESIAN_POINT('',(3.040484,85.921806,10.08));
#665=CARTESIAN_POINT('',(3.13934,86.030876,10.08));
#666=CARTESIAN_POINT('',(3.24841,86.12973,10.08));
#667=CARTESIAN_POINT('',(3.366645,86.217415,10.08));
#668=CARTESIAN_POINT('',(3.492905,86.293098,10.08));
#669=CARTESIAN_POINT('',(3.625975,86.356033,10.08));
#670=CARTESIAN_POINT('',(3.764573,86.405624,10.08));
#671=CARTESIAN_POINT('',(3.907365,86.441391,10.08));
#672=CARTESIAN_POINT('',(4.052974,86.46299,10.08));
#673=CARTESIAN_POINT('',(165.300003,84.470215,6.4));
#674=CARTESIAN_POINT('',(165.800003,86.470215,10.08));
#675=CARTESIAN_POINT('',(165.300003,-12.129787,6.4));
#676=CARTESIAN_POINT('',(100.,-14.129787,6.4));
#677=CARTESIAN_POINT('',(165.800003,-14.129787,6.4));
#678=CARTESIAN_POINT('',(165.800003,-14.129787,10.08));
#679=CARTESIAN_POINT('',(165.947021,-14.122564,6.4));
#680=CARTESIAN_POINT('',(165.947021,-14.122564,10.08));
#681=CARTESIAN_POINT('',(166.092636,-14.100965,6.4));
#682=CARTESIAN_POINT('',(166.092636,-14.100965,10.08));
#683=CARTESIAN_POINT('',(166.235428,-14.065198,6.4));
#684=CARTESIAN_POINT('',(166.235428,-14.065198,10.08));
#685=CARTESIAN_POINT('',(166.374023,-14.015607,6.4));
#686=CARTESIAN_POINT('',(166.374023,-14.015607,10.08));
#687=CARTESIAN_POINT('',(166.507095,-13.952669,6.4));
#688=CARTESIAN_POINT('',(166.507095,-13.952669,10.08));
#689=CARTESIAN_POINT('',(166.633362,-13.876991,6.4));
#690=CARTESIAN_POINT('',(166.633362,-13.876991,10.08));
#691=CARTESIAN_POINT('',(166.751587,-13.789303,6.4));
#692=CARTESIAN_POINT('',(166.751587,-13.789303,10.08));
#693=CARTESIAN_POINT('',(166.860657,-13.690448,6.4));
#694=CARTESIAN_POINT('',(166.860657,-13.690448,10.08));
#695=CARTESIAN_POINT('',(166.959518,-13.581377,6.4));
#696=CARTESIAN_POINT('',(166.959518,-13.581377,10.08));
#697=CARTESIAN_POINT('',(167.047211,-13.463142,6.4));
#698=CARTESIAN_POINT('',(167.047211,-13.463142,10.08));
#699=CARTESIAN_POINT('',(167.122879,-13.336883,6.4));
#700=CARTESIAN_POINT('',(167.122879,-13.336883,10.08));
#701=CARTESIAN_POINT('',(167.185822,-13.203813,6.4));
#702=CARTESIAN_POINT('',(167.185822,-13.203813,10.08));
#703=CARTESIAN_POINT('',(167.235413,-13.065214,6.4));
#704=CARTESIAN_POINT('',(167.235413,-13.065214,10.08));
#705=CARTESIAN_POINT('',(167.271179,-12.922422,6.4));
#706=CARTESIAN_POINT('',(167.271179,-12.922422,10.08));
#707=CARTESIAN_POINT('',(167.29277,-12.776813,6.4));
#708=CARTESIAN_POINT('',(167.29277,-12.776813,10.08));
#709=CARTESIAN_POINT('',(167.300003,-12.629787,6.4));
#710=CARTESIAN_POINT('',(167.300003,-12.629787,10.08));
#711=CARTESIAN_POINT('',(165.800003,86.470215,6.4));
#712=CARTESIAN_POINT('',(165.947021,86.46299,6.4));
#713=CARTESIAN_POINT('',(166.092636,86.441391,6.4));
#714=CARTESIAN_POINT('',(166.235428,86.405624,6.4));
#715=CARTESIAN_POINT('',(166.374023,86.356033,6.4));
#716=CARTESIAN_POINT('',(166.507095,86.293098,6.4));
#717=CARTESIAN_POINT('',(166.633362,86.217415,6.4));
#718=CARTESIAN_POINT('',(166.751587,86.12973,6.4));
#719=CARTESIAN_POINT('',(166.860657,86.030876,6.4));
#720=CARTESIAN_POINT('',(166.959518,85.921806,6.4));
#721=CARTESIAN_POINT('',(167.047211,85.803566,6.4));
#722=CARTESIAN_POINT('',(167.122879,85.677307,6.4));
#723=CARTESIAN_POINT('',(167.185822,85.544235,6.4));
#724=CARTESIAN_POINT('',(167.235413,85.40564,6.4));
#725=CARTESIAN_POINT('',(167.271179,85.262848,6.4));
#726=CARTESIAN_POINT('',(167.29277,85.117241,6.4));
#727=CARTESIAN_POINT('',(167.300003,84.970215,6.4));
#728=CARTESIAN_POINT('',(167.300003,84.970215,10.08));
#729=CARTESIAN_POINT('',(166.235428,86.405624,10.08));
#730=CARTESIAN_POINT('',(166.374023,86.356033,10.08));
#731=CARTESIAN_POINT('',(166.507095,86.293098,10.08));
#732=CARTESIAN_POINT('',(165.947021,86.46299,10.08));
#733=CARTESIAN_POINT('',(166.092636,86.441391,10.08));
#734=CARTESIAN_POINT('',(167.29277,85.117241,10.08));
#735=CARTESIAN_POINT('',(167.235413,85.40564,10.08));
#736=CARTESIAN_POINT('',(167.185822,85.544235,10.08));
#737=CARTESIAN_POINT('',(167.122879,85.677307,10.08));
#738=CARTESIAN_POINT('',(167.047211,85.803566,10.08));
#739=CARTESIAN_POINT('',(166.959518,85.921806,10.08));
#740=CARTESIAN_POINT('',(167.271179,85.262848,10.08));
#741=CARTESIAN_POINT('',(166.751587,86.12973,10.08));
#742=CARTESIAN_POINT('',(166.860657,86.030876,10.08));
#743=CARTESIAN_POINT('',(166.633362,86.217415,10.08));
#744=CARTESIAN_POINT('',(4.7,-12.129787,1.6));
#745=CARTESIAN_POINT('',(4.849519,2.666173,1.6));
#746=CARTESIAN_POINT('',(4.822097,2.775646,1.6));
#747=CARTESIAN_POINT('',(4.805538,2.88728,1.6));
#748=CARTESIAN_POINT('',(4.8,3.,1.6));
#749=CARTESIAN_POINT('',(5.311094,2.04381,1.6));
#750=CARTESIAN_POINT('',(5.220448,2.111038,1.6));
#751=CARTESIAN_POINT('',(5.616173,1.899519,1.6));
#752=CARTESIAN_POINT('',(5.509914,1.937539,1.6));
#753=CARTESIAN_POINT('',(5.407894,1.98579,1.6));
#754=CARTESIAN_POINT('',(5.725646,1.872097,1.6));
#755=CARTESIAN_POINT('',(5.83728,1.855538,1.6));
#756=CARTESIAN_POINT('',(5.136827,2.186827,1.6));
#757=CARTESIAN_POINT('',(5.061038,2.270448,1.6));
#758=CARTESIAN_POINT('',(4.99381,2.361094,1.6));
#759=CARTESIAN_POINT('',(4.935791,2.457894,1.6));
#760=CARTESIAN_POINT('',(4.887538,2.559914,1.6));
#761=CARTESIAN_POINT('',(5.95,1.85,1.6));
#762=CARTESIAN_POINT('',(6.06272,1.855538,1.6));
#763=CARTESIAN_POINT('',(6.174354,1.872097,1.6));
#764=CARTESIAN_POINT('',(6.283827,1.899519,1.6));
#765=CARTESIAN_POINT('',(6.390086,1.937539,1.6));
#766=CARTESIAN_POINT('',(6.492106,1.98579,1.6));
#767=CARTESIAN_POINT('',(4.8,27.382978,1.6));
#768=CARTESIAN_POINT('',(4.805538,3.11272,1.6));
#769=CARTESIAN_POINT('',(4.822097,3.224354,1.6));
#770=CARTESIAN_POINT('',(4.805538,27.27026,1.6));
#771=CARTESIAN_POINT('',(4.849519,3.333827,1.6));
#772=CARTESIAN_POINT('',(4.822097,27.158625,1.6));
#773=CARTESIAN_POINT('',(4.887538,3.440086,1.6));
#774=CARTESIAN_POINT('',(4.849519,27.04915,1.6));
#775=CARTESIAN_POINT('',(4.935791,3.542106,1.6));
#776=CARTESIAN_POINT('',(4.887538,26.942892,1.6));
#777=CARTESIAN_POINT('',(4.99381,3.638906,1.6));
#778=CARTESIAN_POINT('',(4.935791,26.840872,1.6));
#779=CARTESIAN_POINT('',(5.061038,3.729552,1.6));
#780=CARTESIAN_POINT('',(4.99381,26.744074,1.6));
#781=CARTESIAN_POINT('',(5.136827,3.813173,1.6));
#782=CARTESIAN_POINT('',(5.061038,26.653427,1.6));
#783=CARTESIAN_POINT('',(5.220448,3.888962,1.6));
#784=CARTESIAN_POINT('',(5.136827,26.569805,1.6));
#785=CARTESIAN_POINT('',(5.311094,3.95619,1.6));
#786=CARTESIAN_POINT('',(5.220448,26.494017,1.6));
#787=CARTESIAN_POINT('',(5.407894,4.014209,1.6));
#788=CARTESIAN_POINT('',(5.311094,26.426788,1.6));
#789=CARTESIAN_POINT('',(5.509914,4.062461,1.6));
#790=CARTESIAN_POINT('',(5.407894,26.368769,1.6));
#791=CARTESIAN_POINT('',(5.616173,4.100482,1.6));
#792=CARTESIAN_POINT('',(5.509914,26.320517,1.6));
#793=CARTESIAN_POINT('',(5.725646,4.127903,1.6));
#794=CARTESIAN_POINT('',(5.616173,26.282497,1.6));
#795=CARTESIAN_POINT('',(5.83728,4.144463,1.6));
#796=CARTESIAN_POINT('',(5.725646,26.255075,1.6));
#797=CARTESIAN_POINT('',(5.95,4.15,1.6));
#798=CARTESIAN_POINT('',(5.83728,26.238516,1.6));
#799=CARTESIAN_POINT('',(6.06272,4.144463,1.6));
#800=CARTESIAN_POINT('',(5.95,26.232979,1.6));
#801=CARTESIAN_POINT('',(6.174354,4.127903,1.6));
#802=CARTESIAN_POINT('',(6.06272,26.238516,1.6));
#803=CARTESIAN_POINT('',(6.283827,4.100482,1.6));
#804=CARTESIAN_POINT('',(6.174354,26.255075,1.6));
#805=CARTESIAN_POINT('',(6.390086,4.062461,1.6));
#806=CARTESIAN_POINT('',(6.283827,26.282497,1.6));
#807=CARTESIAN_POINT('',(6.492106,4.014209,1.6));
#808=CARTESIAN_POINT('',(6.390086,26.320517,1.6));
#809=CARTESIAN_POINT('',(6.588906,3.95619,1.6));
#810=CARTESIAN_POINT('',(6.492106,26.368769,1.6));
#811=CARTESIAN_POINT('',(6.679552,3.888962,1.6));
#812=CARTESIAN_POINT('',(6.588906,26.426788,1.6));
#813=CARTESIAN_POINT('',(6.763173,3.813173,1.6));
#814=CARTESIAN_POINT('',(6.838962,3.729552,1.6));
#815=CARTESIAN_POINT('',(6.763173,26.569805,1.6));
#816=CARTESIAN_POINT('',(6.679552,26.494017,1.6));
#817=CARTESIAN_POINT('',(7.1,3.,1.6));
#818=CARTESIAN_POINT('',(7.077903,27.158625,1.6));
#819=CARTESIAN_POINT('',(7.094462,3.11272,1.6));
#820=CARTESIAN_POINT('',(7.077903,3.224354,1.6));
#821=CARTESIAN_POINT('',(7.050481,27.04915,1.6));
#822=CARTESIAN_POINT('',(7.050481,3.333827,1.6));
#823=CARTESIAN_POINT('',(7.012462,26.942892,1.6));
#824=CARTESIAN_POINT('',(7.012462,3.440086,1.6));
#825=CARTESIAN_POINT('',(6.96421,3.542106,1.6));
#826=CARTESIAN_POINT('',(6.96421,26.840872,1.6));
#827=CARTESIAN_POINT('',(6.90619,26.744074,1.6));
#828=CARTESIAN_POINT('',(6.90619,3.638906,1.6));
#829=CARTESIAN_POINT('',(6.838962,26.653427,1.6));
#830=CARTESIAN_POINT('',(4.7,84.470215,1.6));
#831=CARTESIAN_POINT('',(165.300003,-12.129787,1.6));
#832=CARTESIAN_POINT('',(165.300003,84.470215,1.6));
#833=CARTESIAN_POINT('',(6.588906,2.04381,1.6));
#834=CARTESIAN_POINT('',(6.679552,2.111038,1.6));
#835=CARTESIAN_POINT('',(6.763173,2.186827,1.6));
#836=CARTESIAN_POINT('',(6.838962,2.270448,1.6));
#837=CARTESIAN_POINT('',(6.90619,2.361094,1.6));
#838=CARTESIAN_POINT('',(6.96421,2.457894,1.6));
#839=CARTESIAN_POINT('',(7.012462,2.559914,1.6));
#840=CARTESIAN_POINT('',(7.050481,2.666173,1.6));
#841=CARTESIAN_POINT('',(7.077903,2.775646,1.6));
#842=CARTESIAN_POINT('',(7.094462,2.88728,1.6));
#843=CARTESIAN_POINT('',(4.805538,27.495699,1.6));
#844=CARTESIAN_POINT('',(4.822097,27.607332,1.6));
#845=CARTESIAN_POINT('',(4.849519,27.716806,1.6));
#846=CARTESIAN_POINT('',(4.887538,27.823065,1.6));
#847=CARTESIAN_POINT('',(4.935791,27.925085,1.6));
#848=CARTESIAN_POINT('',(4.99381,28.021885,1.6));
#849=CARTESIAN_POINT('',(5.061038,28.112532,1.6));
#850=CARTESIAN_POINT('',(5.136827,28.196152,1.6));
#851=CARTESIAN_POINT('',(5.220448,28.27194,1.6));
#852=CARTESIAN_POINT('',(5.311094,28.339169,1.6));
#853=CARTESIAN_POINT('',(5.407894,28.397188,1.6));
#854=CARTESIAN_POINT('',(5.509914,28.44544,1.6));
#855=CARTESIAN_POINT('',(5.616173,28.483459,1.6));
#856=CARTESIAN_POINT('',(5.725646,28.510881,1.6));
#857=CARTESIAN_POINT('',(5.83728,28.527441,1.6));
#858=CARTESIAN_POINT('',(5.95,28.532978,1.6));
#859=CARTESIAN_POINT('',(6.06272,28.527441,1.6));
#860=CARTESIAN_POINT('',(7.094462,27.27026,1.6));
#861=CARTESIAN_POINT('',(7.1,27.382978,1.6));
#862=CARTESIAN_POINT('',(7.094462,27.495699,1.6));
#863=CARTESIAN_POINT('',(7.077903,27.607332,1.6));
#864=CARTESIAN_POINT('',(7.050481,27.716806,1.6));
#865=CARTESIAN_POINT('',(7.012462,27.823065,1.6));
#866=CARTESIAN_POINT('',(6.96421,27.925085,1.6));
#867=CARTESIAN_POINT('',(6.283827,28.483459,1.6));
#868=CARTESIAN_POINT('',(6.174354,28.510881,1.6));
#869=CARTESIAN_POINT('',(6.390086,28.44544,1.6));
#870=CARTESIAN_POINT('',(6.588906,28.339169,1.6));
#871=CARTESIAN_POINT('',(6.492106,28.397188,1.6));
#872=CARTESIAN_POINT('',(6.763173,28.196152,1.6));
#873=CARTESIAN_POINT('',(6.838962,28.112532,1.6));
#874=CARTESIAN_POINT('',(6.679552,28.27194,1.6));
#875=CARTESIAN_POINT('',(6.90619,28.021885,1.6));
#876=CARTESIAN_POINT('',(162.949524,2.666173,1.6));
#877=CARTESIAN_POINT('',(162.922104,2.775646,1.6));
#878=CARTESIAN_POINT('',(162.905533,2.88728,1.6));
#879=CARTESIAN_POINT('',(162.899994,3.,1.6));
#880=CARTESIAN_POINT('',(162.905533,3.11272,1.6));
#881=CARTESIAN_POINT('',(162.987534,26.942892,1.6));
#882=CARTESIAN_POINT('',(162.949524,27.04915,1.6));
#883=CARTESIAN_POINT('',(162.922104,27.158625,1.6));
#884=CARTESIAN_POINT('',(162.905533,27.27026,1.6));
#885=CARTESIAN_POINT('',(162.899994,27.382978,1.6));
#886=CARTESIAN_POINT('',(163.093811,2.361094,1.6));
#887=CARTESIAN_POINT('',(163.035797,2.457894,1.6));
#888=CARTESIAN_POINT('',(162.987534,2.559914,1.6));
#889=CARTESIAN_POINT('',(163.411087,2.04381,1.6));
#890=CARTESIAN_POINT('',(163.32045,2.111038,1.6));
#891=CARTESIAN_POINT('',(163.507889,1.98579,1.6));
#892=CARTESIAN_POINT('',(163.609909,1.937539,1.6));
#893=CARTESIAN_POINT('',(163.825653,1.872097,1.6));
#894=CARTESIAN_POINT('',(163.716171,1.899519,1.6));
#895=CARTESIAN_POINT('',(163.937286,1.855538,1.6));
#896=CARTESIAN_POINT('',(164.050003,1.85,1.6));
#897=CARTESIAN_POINT('',(164.16272,1.855538,1.6));
#898=CARTESIAN_POINT('',(163.236832,2.186827,1.6));
#899=CARTESIAN_POINT('',(163.161041,2.270448,1.6));
#900=CARTESIAN_POINT('',(164.274353,1.872097,1.6));
#901=CARTESIAN_POINT('',(164.383835,1.899519,1.6));
#902=CARTESIAN_POINT('',(164.490082,1.937539,1.6));
#903=CARTESIAN_POINT('',(164.592102,1.98579,1.6));
#904=CARTESIAN_POINT('',(164.688904,2.04381,1.6));
#905=CARTESIAN_POINT('',(164.779556,2.111038,1.6));
#906=CARTESIAN_POINT('',(164.863174,2.186827,1.6));
#907=CARTESIAN_POINT('',(164.938965,2.270448,1.6));
#908=CARTESIAN_POINT('',(165.006195,2.361094,1.6));
#909=CARTESIAN_POINT('',(165.064209,2.457894,1.6));
#910=CARTESIAN_POINT('',(165.112457,2.559914,1.6));
#911=CARTESIAN_POINT('',(165.150482,2.666173,1.6));
#912=CARTESIAN_POINT('',(165.177902,2.775646,1.6));
#913=CARTESIAN_POINT('',(165.194458,2.88728,1.6));
#914=CARTESIAN_POINT('',(165.199997,3.,1.6));
#915=CARTESIAN_POINT('',(162.922104,3.224354,1.6));
#916=CARTESIAN_POINT('',(162.949524,3.333827,1.6));
#917=CARTESIAN_POINT('',(162.987534,3.440086,1.6));
#918=CARTESIAN_POINT('',(163.035797,3.542106,1.6));
#919=CARTESIAN_POINT('',(163.093811,3.638906,1.6));
#920=CARTESIAN_POINT('',(163.035797,26.840872,1.6));
#921=CARTESIAN_POINT('',(163.161041,3.729552,1.6));
#922=CARTESIAN_POINT('',(163.093811,26.744074,1.6));
#923=CARTESIAN_POINT('',(163.236832,3.813173,1.6));
#924=CARTESIAN_POINT('',(163.161041,26.653427,1.6));
#925=CARTESIAN_POINT('',(163.32045,3.888962,1.6));
#926=CARTESIAN_POINT('',(163.236832,26.569805,1.6));
#927=CARTESIAN_POINT('',(163.411087,3.95619,1.6));
#928=CARTESIAN_POINT('',(163.32045,26.494017,1.6));
#929=CARTESIAN_POINT('',(163.507889,4.014209,1.6));
#930=CARTESIAN_POINT('',(163.411087,26.426788,1.6));
#931=CARTESIAN_POINT('',(163.609909,4.062461,1.6));
#932=CARTESIAN_POINT('',(163.507889,26.368769,1.6));
#933=CARTESIAN_POINT('',(163.716171,4.100482,1.6));
#934=CARTESIAN_POINT('',(163.609909,26.320517,1.6));
#935=CARTESIAN_POINT('',(163.825653,4.127903,1.6));
#936=CARTESIAN_POINT('',(163.716171,26.282497,1.6));
#937=CARTESIAN_POINT('',(163.937286,4.144463,1.6));
#938=CARTESIAN_POINT('',(163.825653,26.255075,1.6));
#939=CARTESIAN_POINT('',(164.050003,4.15,1.6));
#940=CARTESIAN_POINT('',(163.937286,26.238516,1.6));
#941=CARTESIAN_POINT('',(164.16272,4.144463,1.6));
#942=CARTESIAN_POINT('',(164.050003,26.232979,1.6));
#943=CARTESIAN_POINT('',(164.274353,4.127903,1.6));
#944=CARTESIAN_POINT('',(164.16272,26.238516,1.6));
#945=CARTESIAN_POINT('',(164.383835,4.100482,1.6));
#946=CARTESIAN_POINT('',(164.274353,26.255075,1.6));
#947=CARTESIAN_POINT('',(164.490082,4.062461,1.6));
#948=CARTESIAN_POINT('',(164.383835,26.282497,1.6));
#949=CARTESIAN_POINT('',(165.177902,3.224354,1.6));
#950=CARTESIAN_POINT('',(165.150482,27.04915,1.6));
#951=CARTESIAN_POINT('',(165.150482,3.333827,1.6));
#952=CARTESIAN_POINT('',(165.112457,26.942892,1.6));
#953=CARTESIAN_POINT('',(165.112457,3.440086,1.6));
#954=CARTESIAN_POINT('',(165.194458,3.11272,1.6));
#955=CARTESIAN_POINT('',(165.177902,27.158625,1.6));
#956=CARTESIAN_POINT('',(164.592102,4.014209,1.6));
#957=CARTESIAN_POINT('',(164.688904,3.95619,1.6));
#958=CARTESIAN_POINT('',(164.592102,26.368769,1.6));
#959=CARTESIAN_POINT('',(164.863174,3.813173,1.6));
#960=CARTESIAN_POINT('',(164.779556,26.494017,1.6));
#961=CARTESIAN_POINT('',(164.779556,3.888962,1.6));
#962=CARTESIAN_POINT('',(164.688904,26.426788,1.6));
#963=CARTESIAN_POINT('',(164.490082,26.320517,1.6));
#964=CARTESIAN_POINT('',(165.006195,3.638906,1.6));
#965=CARTESIAN_POINT('',(164.938965,26.653427,1.6));
#966=CARTESIAN_POINT('',(164.938965,3.729552,1.6));
#967=CARTESIAN_POINT('',(165.064209,3.542106,1.6));
#968=CARTESIAN_POINT('',(165.006195,26.744074,1.6));
#969=CARTESIAN_POINT('',(164.863174,26.569805,1.6));
#970=CARTESIAN_POINT('',(165.064209,26.840872,1.6));
#971=CARTESIAN_POINT('',(165.194458,27.27026,1.6));
#972=CARTESIAN_POINT('',(165.199997,27.382978,1.6));
#973=CARTESIAN_POINT('',(162.905533,27.495699,1.6));
#974=CARTESIAN_POINT('',(162.922104,27.607332,1.6));
#975=CARTESIAN_POINT('',(162.949524,27.716806,1.6));
#976=CARTESIAN_POINT('',(162.987534,27.823065,1.6));
#977=CARTESIAN_POINT('',(163.035797,27.925085,1.6));
#978=CARTESIAN_POINT('',(163.093811,28.021885,1.6));
#979=CARTESIAN_POINT('',(165.150482,27.716806,1.6));
#980=CARTESIAN_POINT('',(165.112457,27.823065,1.6));
#981=CARTESIAN_POINT('',(165.064209,27.925085,1.6));
#982=CARTESIAN_POINT('',(163.161041,28.112532,1.6));
#983=CARTESIAN_POINT('',(163.236832,28.196152,1.6));
#984=CARTESIAN_POINT('',(163.32045,28.27194,1.6));
#985=CARTESIAN_POINT('',(163.411087,28.339169,1.6));
#986=CARTESIAN_POINT('',(163.507889,28.397188,1.6));
#987=CARTESIAN_POINT('',(163.609909,28.44544,1.6));
#988=CARTESIAN_POINT('',(163.716171,28.483459,1.6));
#989=CARTESIAN_POINT('',(163.825653,28.510881,1.6));
#990=CARTESIAN_POINT('',(163.937286,28.527441,1.6));
#991=CARTESIAN_POINT('',(164.050003,28.532978,1.6));
#992=CARTESIAN_POINT('',(164.16272,28.527441,1.6));
#993=CARTESIAN_POINT('',(164.274353,28.510881,1.6));
#994=CARTESIAN_POINT('',(164.383835,28.483459,1.6));
#995=CARTESIAN_POINT('',(164.592102,28.397188,1.6));
#996=CARTESIAN_POINT('',(164.688904,28.339169,1.6));
#997=CARTESIAN_POINT('',(164.490082,28.44544,1.6));
#998=CARTESIAN_POINT('',(164.779556,28.27194,1.6));
#999=CARTESIAN_POINT('',(164.863174,28.196152,1.6));
#1000=CARTESIAN_POINT('',(165.006195,28.021885,1.6));
#1001=CARTESIAN_POINT('',(164.938965,28.112532,1.6));
#1002=CARTESIAN_POINT('',(165.194458,27.495699,1.6));
#1003=CARTESIAN_POINT('',(165.177902,27.607332,1.6));
#1004=CARTESIAN_POINT('',(70.,-13.749787,3.4));
#1005=CARTESIAN_POINT('',(77.,-13.749787,3.4));
#1006=CARTESIAN_POINT('',(93.,-13.749787,3.4));
#1007=CARTESIAN_POINT('',(100.,-13.749787,3.4));
#1008=CARTESIAN_POINT('',(77.,-13.749787,1.6));
#1009=CARTESIAN_POINT('',(93.,-13.749787,1.6));
#1010=CARTESIAN_POINT('',(0.7,-2.,0.));
#1011=DIRECTION('',(0.,0.,-1.));
#1012=DIRECTION('',(0.63408,0.773268,0.));
#1013=AXIS2_PLACEMENT_3D('',#1010,#1011,#1012);
#1014=PLANE('',#1013);
#1015=POLY_LOOP('',(#20,#21,#22));
#1016=FACE_OUTER_BOUND('',#1015,.T.);
#1017=FACE_SURFACE('',(#1016),#1014,.T.);
#1018=CARTESIAN_POINT('',(0.7,-2.,0.));
#1019=DIRECTION('',(0.,0.,-1.));
#1020=DIRECTION('',(0.773787,0.633445,0.));
#1021=AXIS2_PLACEMENT_3D('',#1018,#1019,#1020);
#1022=PLANE('',#1021);
#1023=POLY_LOOP('',(#20,#23,#24));
#1024=FACE_OUTER_BOUND('',#1023,.T.);
#1025=FACE_SURFACE('',(#1024),#1022,.T.);
#1026=CARTESIAN_POINT('',(0.7,-2.,0.));
#1027=DIRECTION('',(0.,0.,-1.));
#1028=DIRECTION('',(0.78346,0.621442,0.));
#1029=AXIS2_PLACEMENT_3D('',#1026,#1027,#1028);
#1030=PLANE('',#1029);
#1031=POLY_LOOP('',(#20,#24,#25));
#1032=FACE_OUTER_BOUND('',#1031,.T.);
#1033=FACE_SURFACE('',(#1032),#1030,.T.);
#1034=CARTESIAN_POINT('',(0.7,-2.,0.));
#1035=DIRECTION('',(0.,0.,-1.));
#1036=DIRECTION('',(0.79215,0.610326,0.));
#1037=AXIS2_PLACEMENT_3D('',#1034,#1035,#1036);
#1038=PLANE('',#1037);
#1039=POLY_LOOP('',(#20,#25,#26));
#1040=FACE_OUTER_BOUND('',#1039,.T.);
#1041=FACE_SURFACE('',(#1040),#1038,.T.);
#1042=CARTESIAN_POINT('',(0.7,-2.,0.));
#1043=DIRECTION('',(0.,0.,-1.));
#1044=DIRECTION('',(0.739815,0.672811,0.));
#1045=AXIS2_PLACEMENT_3D('',#1042,#1043,#1044);
#1046=PLANE('',#1045);
#1047=POLY_LOOP('',(#20,#27,#28));
#1048=FACE_OUTER_BOUND('',#1047,.T.);
#1049=FACE_SURFACE('',(#1048),#1046,.T.);
#1050=CARTESIAN_POINT('',(0.7,-2.,0.));
#1051=DIRECTION('',(0.,0.,-1.));
#1052=DIRECTION('',(0.714489,0.699647,0.));
#1053=AXIS2_PLACEMENT_3D('',#1050,#1051,#1052);
#1054=PLANE('',#1053);
#1055=POLY_LOOP('',(#20,#29,#30));
#1056=FACE_OUTER_BOUND('',#1055,.T.);
#1057=FACE_SURFACE('',(#1056),#1054,.T.);
#1058=CARTESIAN_POINT('',(0.7,-2.,0.));
#1059=DIRECTION('',(0.,0.,-1.));
#1060=DIRECTION('',(0.7273,0.686319,0.));
#1061=AXIS2_PLACEMENT_3D('',#1058,#1059,#1060);
#1062=PLANE('',#1061);
#1063=POLY_LOOP('',(#20,#30,#27));
#1064=FACE_OUTER_BOUND('',#1063,.T.);
#1065=FACE_SURFACE('',(#1064),#1062,.T.);
#1066=CARTESIAN_POINT('',(0.7,-2.,0.));
#1067=DIRECTION('',(0.,0.,-1.));
#1068=DIRECTION('',(0.701588,0.712582,0.));
#1069=AXIS2_PLACEMENT_3D('',#1066,#1067,#1068);
#1070=PLANE('',#1069);
#1071=POLY_LOOP('',(#20,#31,#29));
#1072=FACE_OUTER_BOUND('',#1071,.T.);
#1073=FACE_SURFACE('',(#1072),#1070,.T.);
#1074=CARTESIAN_POINT('',(0.7,-2.,0.));
#1075=DIRECTION('',(0.,0.,-1.));
#1076=DIRECTION('',(0.676393,0.736541,0.));
#1077=AXIS2_PLACEMENT_3D('',#1074,#1075,#1076);
#1078=PLANE('',#1077);
#1079=POLY_LOOP('',(#20,#32,#33));
#1080=FACE_OUTER_BOUND('',#1079,.T.);
#1081=FACE_SURFACE('',(#1080),#1078,.T.);
#1082=CARTESIAN_POINT('',(0.7,-2.,0.));
#1083=DIRECTION('',(0.,0.,-1.));
#1084=DIRECTION('',(0.688817,0.724935,0.));
#1085=AXIS2_PLACEMENT_3D('',#1082,#1083,#1084);
#1086=PLANE('',#1085);
#1087=POLY_LOOP('',(#20,#33,#31));
#1088=FACE_OUTER_BOUND('',#1087,.T.);
#1089=FACE_SURFACE('',(#1088),#1086,.T.);
#1090=CARTESIAN_POINT('',(0.7,-2.,0.));
#1091=DIRECTION('',(0.,0.,-1.));
#1092=DIRECTION('',(0.751841,0.659345,0.));
#1093=AXIS2_PLACEMENT_3D('',#1090,#1091,#1092);
#1094=PLANE('',#1093);
#1095=POLY_LOOP('',(#20,#28,#34));
#1096=FACE_OUTER_BOUND('',#1095,.T.);
#1097=FACE_SURFACE('',(#1096),#1094,.T.);
#1098=CARTESIAN_POINT('',(0.7,-2.,0.));
#1099=DIRECTION('',(0.,0.,-1.));
#1100=DIRECTION('',(0.763211,0.646149,0.));
#1101=AXIS2_PLACEMENT_3D('',#1098,#1099,#1100);
#1102=PLANE('',#1101);
#1103=POLY_LOOP('',(#20,#34,#23));
#1104=FACE_OUTER_BOUND('',#1103,.T.);
#1105=FACE_SURFACE('',(#1104),#1102,.T.);
#1106=CARTESIAN_POINT('',(0.7,-2.,0.));
#1107=DIRECTION('',(0.,0.,-1.));
#1108=DIRECTION('',(0.664526,0.747265,0.));
#1109=AXIS2_PLACEMENT_3D('',#1106,#1107,#1108);
#1110=PLANE('',#1109);
#1111=POLY_LOOP('',(#20,#35,#32));
#1112=FACE_OUTER_BOUND('',#1111,.T.);
#1113=FACE_SURFACE('',(#1112),#1110,.T.);
#1114=CARTESIAN_POINT('',(0.7,-2.,0.));
#1115=DIRECTION('',(0.,0.,-1.));
#1116=DIRECTION('',(0.643213,0.765688,0.));
#1117=AXIS2_PLACEMENT_3D('',#1114,#1115,#1116);
#1118=PLANE('',#1117);
#1119=POLY_LOOP('',(#20,#22,#36));
#1120=FACE_OUTER_BOUND('',#1119,.T.);
#1121=FACE_SURFACE('',(#1120),#1118,.T.);
#1122=CARTESIAN_POINT('',(0.7,-2.,0.));
#1123=DIRECTION('',(0.,0.,-1.));
#1124=DIRECTION('',(0.653409,0.757005,0.));
#1125=AXIS2_PLACEMENT_3D('',#1122,#1123,#1124);
#1126=PLANE('',#1125);
#1127=POLY_LOOP('',(#20,#36,#35));
#1128=FACE_OUTER_BOUND('',#1127,.T.);
#1129=FACE_SURFACE('',(#1128),#1126,.T.);
#1130=CARTESIAN_POINT('',(-2.,-2.,0.));
#1131=DIRECTION('',(0.,0.,-1.));
#1132=DIRECTION('',(0.078286,0.996931,0.));
#1133=AXIS2_PLACEMENT_3D('',#1130,#1131,#1132);
#1134=PLANE('',#1133);
#1135=POLY_LOOP('',(#37,#38,#20));
#1136=FACE_OUTER_BOUND('',#1135,.T.);
#1137=FACE_SURFACE('',(#1136),#1134,.T.);
#1138=CARTESIAN_POINT('',(1.978093,-15.337189,0.));
#1139=DIRECTION('',(-0.595698,-0.803209,0.));
#1140=DIRECTION('',(0.803209,-0.595698,0.));
#1141=AXIS2_PLACEMENT_3D('',#1138,#1139,#1140);
#1142=PLANE('',#1141);
#1143=POLY_LOOP('',(#39,#40,#41));
#1144=FACE_OUTER_BOUND('',#1143,.T.);
#1145=FACE_SURFACE('',(#1144),#1142,.T.);
#1146=CARTESIAN_POINT('',(1.287851,-14.575624,0.));
#1147=DIRECTION('',(-0.803207,-0.5957,0.));
#1148=DIRECTION('',(0.5957,-0.803207,0.));
#1149=AXIS2_PLACEMENT_3D('',#1146,#1147,#1148);
#1150=PLANE('',#1149);
#1151=POLY_LOOP('',(#42,#43,#44));
#1152=FACE_OUTER_BOUND('',#1151,.T.);
#1153=FACE_SURFACE('',(#1152),#1150,.T.);
#1154=CARTESIAN_POINT('',(1.723421,-15.106366,0.));
#1155=DIRECTION('',(-0.74095,-0.67156,0.));
#1156=DIRECTION('',(-0.019227,0.021214,0.99959));
#1157=AXIS2_PLACEMENT_3D('',#1154,#1155,#1156);
#1158=PLANE('',#1157);
#1159=POLY_LOOP('',(#45,#46,#43));
#1160=FACE_OUTER_BOUND('',#1159,.T.);
#1161=FACE_SURFACE('',(#1160),#1158,.T.);
#1162=CARTESIAN_POINT('',(1.978093,-15.337189,0.));
#1163=DIRECTION('',(-0.67156,-0.74095,0.));
#1164=DIRECTION('',(-0.021214,0.019227,0.99959));
#1165=AXIS2_PLACEMENT_3D('',#1162,#1163,#1164);
#1166=PLANE('',#1165);
#1167=POLY_LOOP('',(#39,#47,#45));
#1168=FACE_OUTER_BOUND('',#1167,.T.);
#1169=FACE_SURFACE('',(#1168),#1166,.T.);
#1170=CARTESIAN_POINT('',(2.548975,-15.718638,0.));
#1171=DIRECTION('',(-0.427556,-0.903989,0.));
#1172=DIRECTION('',(0.903989,-0.427556,0.));
#1173=AXIS2_PLACEMENT_3D('',#1170,#1171,#1172);
#1174=PLANE('',#1173);
#1175=POLY_LOOP('',(#48,#49,#50));
#1176=FACE_OUTER_BOUND('',#1175,.T.);
#1177=FACE_SURFACE('',(#1176),#1174,.T.);
#1178=CARTESIAN_POINT('',(2.254164,-15.541936,0.));
#1179=DIRECTION('',(-0.514103,-0.857729,0.));
#1180=DIRECTION('',(0.857729,-0.514103,0.));
#1181=AXIS2_PLACEMENT_3D('',#1178,#1179,#1180);
#1182=PLANE('',#1181);
#1183=POLY_LOOP('',(#40,#48,#51));
#1184=FACE_OUTER_BOUND('',#1183,.T.);
#1185=FACE_SURFACE('',(#1184),#1182,.T.);
#1186=CARTESIAN_POINT('',(2.859685,-15.865594,0.));
#1187=DIRECTION('',(-0.336889,-0.941544,0.));
#1188=DIRECTION('',(0.941544,-0.336889,0.));
#1189=AXIS2_PLACEMENT_3D('',#1186,#1187,#1188);
#1190=PLANE('',#1189);
#1191=POLY_LOOP('',(#49,#52,#53));
#1192=FACE_OUTER_BOUND('',#1191,.T.);
#1193=FACE_SURFACE('',(#1192),#1190,.T.);
#1194=CARTESIAN_POINT('',(3.183303,-15.981386,0.));
#1195=DIRECTION('',(-0.242981,-0.970031,0.));
#1196=DIRECTION('',(0.970031,-0.242981,0.));
#1197=AXIS2_PLACEMENT_3D('',#1194,#1195,#1196);
#1198=PLANE('',#1197);
#1199=POLY_LOOP('',(#52,#54,#55));
#1200=FACE_OUTER_BOUND('',#1199,.T.);
#1201=FACE_SURFACE('',(#1200),#1198,.T.);
#1202=CARTESIAN_POINT('',(1.287851,-14.575624,0.));
#1203=DIRECTION('',(-0.857729,-0.514103,0.));
#1204=DIRECTION('',(-0.014719,0.024557,0.99959));
#1205=AXIS2_PLACEMENT_3D('',#1202,#1203,#1204);
#1206=PLANE('',#1205);
#1207=POLY_LOOP('',(#42,#56,#57));
#1208=FACE_OUTER_BOUND('',#1207,.T.);
#1209=FACE_SURFACE('',(#1208),#1206,.T.);
#1210=CARTESIAN_POINT('',(1.111148,-14.280813,0.));
#1211=DIRECTION('',(-0.903989,-0.427555,0.));
#1212=DIRECTION('',(-0.012241,0.025882,0.99959));
#1213=AXIS2_PLACEMENT_3D('',#1210,#1211,#1212);
#1214=PLANE('',#1213);
#1215=POLY_LOOP('',(#57,#58,#59));
#1216=FACE_OUTER_BOUND('',#1215,.T.);
#1217=FACE_SURFACE('',(#1216),#1214,.T.);
#1218=CARTESIAN_POINT('',(0.964193,-13.970102,0.));
#1219=DIRECTION('',(-0.941544,-0.336889,0.));
#1220=DIRECTION('',(-0.009645,0.026957,0.99959));
#1221=AXIS2_PLACEMENT_3D('',#1218,#1219,#1220);
#1222=PLANE('',#1221);
#1223=POLY_LOOP('',(#59,#60,#61));
#1224=FACE_OUTER_BOUND('',#1223,.T.);
#1225=FACE_SURFACE('',(#1224),#1222,.T.);
#1226=CARTESIAN_POINT('',(0.848401,-13.646483,0.));
#1227=DIRECTION('',(-0.970031,-0.242981,0.));
#1228=DIRECTION('',(-0.006957,0.027773,0.99959));
#1229=AXIS2_PLACEMENT_3D('',#1226,#1227,#1228);
#1230=PLANE('',#1229);
#1231=POLY_LOOP('',(#61,#62,#63));
#1232=FACE_OUTER_BOUND('',#1231,.T.);
#1233=FACE_SURFACE('',(#1232),#1230,.T.);
#1234=CARTESIAN_POINT('',(0.714453,-12.973083,0.));
#1235=DIRECTION('',(-0.989177,-0.14673,0.));
#1236=DIRECTION('',(0.14673,-0.989177,0.));
#1237=AXIS2_PLACEMENT_3D('',#1234,#1235,#1236);
#1238=PLANE('',#1237);
#1239=POLY_LOOP('',(#64,#63,#65));
#1240=FACE_OUTER_BOUND('',#1239,.T.);
#1241=FACE_SURFACE('',(#1240),#1238,.T.);
#1242=CARTESIAN_POINT('',(0.714453,-12.973083,0.));
#1243=DIRECTION('',(-0.998795,-0.049068,0.));
#1244=DIRECTION('',(-0.001204,0.024509,0.999699));
#1245=AXIS2_PLACEMENT_3D('',#1242,#1243,#1244);
#1246=PLANE('',#1245);
#1247=POLY_LOOP('',(#64,#66,#67));
#1248=FACE_OUTER_BOUND('',#1247,.T.);
#1249=FACE_SURFACE('',(#1248),#1246,.T.);
#1250=CARTESIAN_POINT('',(3.516713,-16.064901,0.));
#1251=DIRECTION('',(-0.146729,-0.989177,0.));
#1252=DIRECTION('',(0.989177,-0.146729,0.));
#1253=AXIS2_PLACEMENT_3D('',#1250,#1251,#1252);
#1254=PLANE('',#1253);
#1255=POLY_LOOP('',(#54,#68,#69));
#1256=FACE_OUTER_BOUND('',#1255,.T.);
#1257=FACE_SURFACE('',(#1256),#1254,.T.);
#1258=CARTESIAN_POINT('',(3.856704,-16.115334,0.));
#1259=DIRECTION('',(-0.04907,-0.998795,0.));
#1260=DIRECTION('',(0.998795,-0.04907,0.));
#1261=AXIS2_PLACEMENT_3D('',#1258,#1259,#1260);
#1262=PLANE('',#1261);
#1263=POLY_LOOP('',(#68,#70,#71));
#1264=FACE_OUTER_BOUND('',#1263,.T.);
#1265=FACE_SURFACE('',(#1264),#1262,.T.);
#1266=CARTESIAN_POINT('',(0.7,-12.678885,0.));
#1267=DIRECTION('',(-1.,0.,0.));
#1268=DIRECTION('',(0.,0.664789,0.747032));
#1269=AXIS2_PLACEMENT_3D('',#1266,#1267,#1268);
#1270=PLANE('',#1269);
#1271=POLY_LOOP('',(#67,#72,#20));
#1272=FACE_OUTER_BOUND('',#1271,.T.);
#1273=FACE_SURFACE('',(#1272),#1270,.T.);
#1274=CARTESIAN_POINT('',(-2.,-2.,0.));
#1275=DIRECTION('',(0.,-1.,0.));
#1276=DIRECTION('',(1.,0.,0.));
#1277=AXIS2_PLACEMENT_3D('',#1274,#1275,#1276);
#1278=PLANE('',#1277);
#1279=POLY_LOOP('',(#37,#20,#73));
#1280=FACE_OUTER_BOUND('',#1279,.T.);
#1281=FACE_SURFACE('',(#1280),#1278,.T.);
#1282=CARTESIAN_POINT('',(0.7,-2.,0.));
#1283=DIRECTION('',(0.,0.,-1.));
#1284=DIRECTION('',(0.,1.,0.));
#1285=AXIS2_PLACEMENT_3D('',#1282,#1283,#1284);
#1286=PLANE('',#1285);
#1287=POLY_LOOP('',(#20,#38,#21));
#1288=FACE_OUTER_BOUND('',#1287,.T.);
#1289=FACE_SURFACE('',(#1288),#1286,.T.);
#1290=CARTESIAN_POINT('',(4.8,3.,0.));
#1291=DIRECTION('',(0.,0.,-1.));
#1292=DIRECTION('',(0.000228,1.,0.));
#1293=AXIS2_PLACEMENT_3D('',#1290,#1291,#1292);
#1294=PLANE('',#1293);
#1295=POLY_LOOP('',(#21,#74,#75));
#1296=FACE_OUTER_BOUND('',#1295,.T.);
#1297=FACE_SURFACE('',(#1296),#1294,.T.);
#1298=CARTESIAN_POINT('',(4.805538,3.11272,0.));
#1299=DIRECTION('',(0.,0.,-1.));
#1300=DIRECTION('',(0.000689,1.,0.));
#1301=AXIS2_PLACEMENT_3D('',#1298,#1299,#1300);
#1302=PLANE('',#1301);
#1303=POLY_LOOP('',(#75,#76,#77));
#1304=FACE_OUTER_BOUND('',#1303,.T.);
#1305=FACE_SURFACE('',(#1304),#1302,.T.);
#1306=CARTESIAN_POINT('',(4.822097,3.224354,0.));
#1307=DIRECTION('',(0.,0.,-1.));
#1308=DIRECTION('',(0.001151,0.999999,0.));
#1309=AXIS2_PLACEMENT_3D('',#1306,#1307,#1308);
#1310=PLANE('',#1309);
#1311=POLY_LOOP('',(#77,#78,#79));
#1312=FACE_OUTER_BOUND('',#1311,.T.);
#1313=FACE_SURFACE('',(#1312),#1310,.T.);
#1314=CARTESIAN_POINT('',(4.849519,3.333827,0.));
#1315=DIRECTION('',(0.,0.,-1.));
#1316=DIRECTION('',(0.00161,0.999999,0.));
#1317=AXIS2_PLACEMENT_3D('',#1314,#1315,#1316);
#1318=PLANE('',#1317);
#1319=POLY_LOOP('',(#79,#80,#81));
#1320=FACE_OUTER_BOUND('',#1319,.T.);
#1321=FACE_SURFACE('',(#1320),#1318,.T.);
#1322=CARTESIAN_POINT('',(4.887538,3.440086,0.));
#1323=DIRECTION('',(0.,0.,-1.));
#1324=DIRECTION('',(0.002062,0.999998,0.));
#1325=AXIS2_PLACEMENT_3D('',#1322,#1323,#1324);
#1326=PLANE('',#1325);
#1327=POLY_LOOP('',(#81,#82,#83));
#1328=FACE_OUTER_BOUND('',#1327,.T.);
#1329=FACE_SURFACE('',(#1328),#1326,.T.);
#1330=CARTESIAN_POINT('',(4.935791,3.542106,0.));
#1331=DIRECTION('',(0.,0.,-1.));
#1332=DIRECTION('',(0.002501,0.999997,0.));
#1333=AXIS2_PLACEMENT_3D('',#1330,#1331,#1332);
#1334=PLANE('',#1333);
#1335=POLY_LOOP('',(#83,#84,#85));
#1336=FACE_OUTER_BOUND('',#1335,.T.);
#1337=FACE_SURFACE('',(#1336),#1334,.T.);
#1338=CARTESIAN_POINT('',(4.99381,3.638906,0.));
#1339=DIRECTION('',(0.,0.,-1.));
#1340=DIRECTION('',(0.002921,0.999996,0.));
#1341=AXIS2_PLACEMENT_3D('',#1338,#1339,#1340);
#1342=PLANE('',#1341);
#1343=POLY_LOOP('',(#85,#86,#87));
#1344=FACE_OUTER_BOUND('',#1343,.T.);
#1345=FACE_SURFACE('',(#1344),#1342,.T.);
#1346=CARTESIAN_POINT('',(5.061038,3.729552,0.));
#1347=DIRECTION('',(0.,0.,-1.));
#1348=DIRECTION('',(0.003318,0.999994,0.));
#1349=AXIS2_PLACEMENT_3D('',#1346,#1347,#1348);
#1350=PLANE('',#1349);
#1351=POLY_LOOP('',(#87,#88,#89));
#1352=FACE_OUTER_BOUND('',#1351,.T.);
#1353=FACE_SURFACE('',(#1352),#1350,.T.);
#1354=CARTESIAN_POINT('',(5.136827,3.813173,0.));
#1355=DIRECTION('',(0.,0.,-1.));
#1356=DIRECTION('',(0.003687,0.999993,0.));
#1357=AXIS2_PLACEMENT_3D('',#1354,#1355,#1356);
#1358=PLANE('',#1357);
#1359=POLY_LOOP('',(#89,#90,#91));
#1360=FACE_OUTER_BOUND('',#1359,.T.);
#1361=FACE_SURFACE('',(#1360),#1358,.T.);
#1362=CARTESIAN_POINT('',(5.220448,3.888962,0.));
#1363=DIRECTION('',(0.,0.,-1.));
#1364=DIRECTION('',(0.004022,0.999992,0.));
#1365=AXIS2_PLACEMENT_3D('',#1362,#1363,#1364);
#1366=PLANE('',#1365);
#1367=POLY_LOOP('',(#91,#92,#93));
#1368=FACE_OUTER_BOUND('',#1367,.T.);
#1369=FACE_SURFACE('',(#1368),#1366,.T.);
#1370=CARTESIAN_POINT('',(5.311094,3.95619,0.));
#1371=DIRECTION('',(0.,0.,-1.));
#1372=DIRECTION('',(0.004319,0.999991,0.));
#1373=AXIS2_PLACEMENT_3D('',#1370,#1371,#1372);
#1374=PLANE('',#1373);
#1375=POLY_LOOP('',(#93,#94,#95));
#1376=FACE_OUTER_BOUND('',#1375,.T.);
#1377=FACE_SURFACE('',(#1376),#1374,.T.);
#1378=CARTESIAN_POINT('',(5.407894,4.014209,0.));
#1379=DIRECTION('',(0.,0.,-1.));
#1380=DIRECTION('',(0.004574,0.99999,0.));
#1381=AXIS2_PLACEMENT_3D('',#1378,#1379,#1380);
#1382=PLANE('',#1381);
#1383=POLY_LOOP('',(#95,#96,#97));
#1384=FACE_OUTER_BOUND('',#1383,.T.);
#1385=FACE_SURFACE('',(#1384),#1382,.T.);
#1386=CARTESIAN_POINT('',(5.509914,4.062461,0.));
#1387=DIRECTION('',(0.,0.,-1.));
#1388=DIRECTION('',(0.004782,0.999989,0.));
#1389=AXIS2_PLACEMENT_3D('',#1386,#1387,#1388);
#1390=PLANE('',#1389);
#1391=POLY_LOOP('',(#97,#98,#99));
#1392=FACE_OUTER_BOUND('',#1391,.T.);
#1393=FACE_SURFACE('',(#1392),#1390,.T.);
#1394=CARTESIAN_POINT('',(5.616173,4.100482,0.));
#1395=DIRECTION('',(0.,0.,-1.));
#1396=DIRECTION('',(0.004941,0.999988,0.));
#1397=AXIS2_PLACEMENT_3D('',#1394,#1395,#1396);
#1398=PLANE('',#1397);
#1399=POLY_LOOP('',(#99,#100,#101));
#1400=FACE_OUTER_BOUND('',#1399,.T.);
#1401=FACE_SURFACE('',(#1400),#1398,.T.);
#1402=CARTESIAN_POINT('',(5.725646,4.127903,0.));
#1403=DIRECTION('',(0.,0.,-1.));
#1404=DIRECTION('',(0.005049,0.999987,0.));
#1405=AXIS2_PLACEMENT_3D('',#1402,#1403,#1404);
#1406=PLANE('',#1405);
#1407=POLY_LOOP('',(#101,#102,#103));
#1408=FACE_OUTER_BOUND('',#1407,.T.);
#1409=FACE_SURFACE('',(#1408),#1406,.T.);
#1410=CARTESIAN_POINT('',(5.83728,4.144463,0.));
#1411=DIRECTION('',(0.,0.,-1.));
#1412=DIRECTION('',(0.005103,0.999987,0.));
#1413=AXIS2_PLACEMENT_3D('',#1410,#1411,#1412);
#1414=PLANE('',#1413);
#1415=POLY_LOOP('',(#103,#104,#105));
#1416=FACE_OUTER_BOUND('',#1415,.T.);
#1417=FACE_SURFACE('',(#1416),#1414,.T.);
#1418=CARTESIAN_POINT('',(5.95,4.15,0.));
#1419=DIRECTION('',(0.,0.,-1.));
#1420=DIRECTION('',(0.005103,0.999987,0.));
#1421=AXIS2_PLACEMENT_3D('',#1418,#1419,#1420);
#1422=PLANE('',#1421);
#1423=POLY_LOOP('',(#105,#106,#107));
#1424=FACE_OUTER_BOUND('',#1423,.T.);
#1425=FACE_SURFACE('',(#1424),#1422,.T.);
#1426=CARTESIAN_POINT('',(6.06272,4.144463,0.));
#1427=DIRECTION('',(0.,0.,-1.));
#1428=DIRECTION('',(0.005049,0.999987,0.));
#1429=AXIS2_PLACEMENT_3D('',#1426,#1427,#1428);
#1430=PLANE('',#1429);
#1431=POLY_LOOP('',(#107,#108,#109));
#1432=FACE_OUTER_BOUND('',#1431,.T.);
#1433=FACE_SURFACE('',(#1432),#1430,.T.);
#1434=CARTESIAN_POINT('',(6.174354,4.127903,0.));
#1435=DIRECTION('',(0.,0.,-1.));
#1436=DIRECTION('',(0.004941,0.999988,0.));
#1437=AXIS2_PLACEMENT_3D('',#1434,#1435,#1436);
#1438=PLANE('',#1437);
#1439=POLY_LOOP('',(#109,#110,#111));
#1440=FACE_OUTER_BOUND('',#1439,.T.);
#1441=FACE_SURFACE('',(#1440),#1438,.T.);
#1442=CARTESIAN_POINT('',(6.283827,4.100482,0.));
#1443=DIRECTION('',(0.,0.,-1.));
#1444=DIRECTION('',(0.004782,0.999989,0.));
#1445=AXIS2_PLACEMENT_3D('',#1442,#1443,#1444);
#1446=PLANE('',#1445);
#1447=POLY_LOOP('',(#111,#112,#113));
#1448=FACE_OUTER_BOUND('',#1447,.T.);
#1449=FACE_SURFACE('',(#1448),#1446,.T.);
#1450=CARTESIAN_POINT('',(6.390086,4.062461,0.));
#1451=DIRECTION('',(0.,0.,-1.));
#1452=DIRECTION('',(0.004574,0.99999,0.));
#1453=AXIS2_PLACEMENT_3D('',#1450,#1451,#1452);
#1454=PLANE('',#1453);
#1455=POLY_LOOP('',(#113,#114,#115));
#1456=FACE_OUTER_BOUND('',#1455,.T.);
#1457=FACE_SURFACE('',(#1456),#1454,.T.);
#1458=CARTESIAN_POINT('',(6.588906,3.95619,0.));
#1459=DIRECTION('',(0.,0.,-1.));
#1460=DIRECTION('',(0.004022,0.999992,0.));
#1461=AXIS2_PLACEMENT_3D('',#1458,#1459,#1460);
#1462=PLANE('',#1461);
#1463=POLY_LOOP('',(#116,#117,#118));
#1464=FACE_OUTER_BOUND('',#1463,.T.);
#1465=FACE_SURFACE('',(#1464),#1462,.T.);
#1466=CARTESIAN_POINT('',(6.679552,3.888962,0.));
#1467=DIRECTION('',(0.,0.,-1.));
#1468=DIRECTION('',(0.003687,0.999993,0.));
#1469=AXIS2_PLACEMENT_3D('',#1466,#1467,#1468);
#1470=PLANE('',#1469);
#1471=POLY_LOOP('',(#118,#119,#120));
#1472=FACE_OUTER_BOUND('',#1471,.T.);
#1473=FACE_SURFACE('',(#1472),#1470,.T.);
#1474=CARTESIAN_POINT('',(6.763173,3.813173,0.));
#1475=DIRECTION('',(0.,0.,-1.));
#1476=DIRECTION('',(0.003318,0.999994,0.));
#1477=AXIS2_PLACEMENT_3D('',#1474,#1475,#1476);
#1478=PLANE('',#1477);
#1479=POLY_LOOP('',(#120,#121,#122));
#1480=FACE_OUTER_BOUND('',#1479,.T.);
#1481=FACE_SURFACE('',(#1480),#1478,.T.);
#1482=CARTESIAN_POINT('',(6.492106,4.014209,0.));
#1483=DIRECTION('',(0.,0.,-1.));
#1484=DIRECTION('',(0.004319,0.999991,0.));
#1485=AXIS2_PLACEMENT_3D('',#1482,#1483,#1484);
#1486=PLANE('',#1485);
#1487=POLY_LOOP('',(#115,#123,#116));
#1488=FACE_OUTER_BOUND('',#1487,.T.);
#1489=FACE_SURFACE('',(#1488),#1486,.T.);
#1490=CARTESIAN_POINT('',(-2.,-2.,0.));
#1491=DIRECTION('',(0.,0.,-1.));
#1492=DIRECTION('',(0.,1.,0.));
#1493=AXIS2_PLACEMENT_3D('',#1490,#1491,#1492);
#1494=PLANE('',#1493);
#1495=POLY_LOOP('',(#37,#124,#38));
#1496=FACE_OUTER_BOUND('',#1495,.T.);
#1497=FACE_SURFACE('',(#1496),#1494,.T.);
#1498=CARTESIAN_POINT('',(0.7,32.38298,0.));
#1499=DIRECTION('',(0.,0.,-1.));
#1500=DIRECTION('',(0.634079,-0.773268,0.));
#1501=AXIS2_PLACEMENT_3D('',#1498,#1499,#1500);
#1502=PLANE('',#1501);
#1503=POLY_LOOP('',(#38,#125,#21));
#1504=FACE_OUTER_BOUND('',#1503,.T.);
#1505=FACE_SURFACE('',(#1504),#1502,.T.);
#1506=CARTESIAN_POINT('',(5.061038,3.729552,0.));
#1507=DIRECTION('',(0.,0.,-1.));
#1508=DIRECTION('',(0.,1.,0.));
#1509=AXIS2_PLACEMENT_3D('',#1506,#1507,#1508);
#1510=PLANE('',#1509);
#1511=POLY_LOOP('',(#87,#86,#88));
#1512=FACE_OUTER_BOUND('',#1511,.T.);
#1513=FACE_SURFACE('',(#1512),#1510,.T.);
#1514=CARTESIAN_POINT('',(5.136827,3.813173,0.));
#1515=DIRECTION('',(0.,0.,-1.));
#1516=DIRECTION('',(0.,1.,0.));
#1517=AXIS2_PLACEMENT_3D('',#1514,#1515,#1516);
#1518=PLANE('',#1517);
#1519=POLY_LOOP('',(#89,#88,#90));
#1520=FACE_OUTER_BOUND('',#1519,.T.);
#1521=FACE_SURFACE('',(#1520),#1518,.T.);
#1522=CARTESIAN_POINT('',(5.220448,3.888962,0.));
#1523=DIRECTION('',(0.,0.,-1.));
#1524=DIRECTION('',(0.,1.,0.));
#1525=AXIS2_PLACEMENT_3D('',#1522,#1523,#1524);
#1526=PLANE('',#1525);
#1527=POLY_LOOP('',(#91,#90,#92));
#1528=FACE_OUTER_BOUND('',#1527,.T.);
#1529=FACE_SURFACE('',(#1528),#1526,.T.);
#1530=CARTESIAN_POINT('',(5.407894,4.014209,0.));
#1531=DIRECTION('',(0.,0.,-1.));
#1532=DIRECTION('',(0.,1.,0.));
#1533=AXIS2_PLACEMENT_3D('',#1530,#1531,#1532);
#1534=PLANE('',#1533);
#1535=POLY_LOOP('',(#95,#94,#96));
#1536=FACE_OUTER_BOUND('',#1535,.T.);
#1537=FACE_SURFACE('',(#1536),#1534,.T.);
#1538=CARTESIAN_POINT('',(5.311094,3.95619,0.));
#1539=DIRECTION('',(0.,0.,-1.));
#1540=DIRECTION('',(0.,1.,0.));
#1541=AXIS2_PLACEMENT_3D('',#1538,#1539,#1540);
#1542=PLANE('',#1541);
#1543=POLY_LOOP('',(#93,#92,#94));
#1544=FACE_OUTER_BOUND('',#1543,.T.);
#1545=FACE_SURFACE('',(#1544),#1542,.T.);
#1546=CARTESIAN_POINT('',(5.509914,4.062461,0.));
#1547=DIRECTION('',(0.,0.,-1.));
#1548=DIRECTION('',(0.,1.,0.));
#1549=AXIS2_PLACEMENT_3D('',#1546,#1547,#1548);
#1550=PLANE('',#1549);
#1551=POLY_LOOP('',(#97,#96,#98));
#1552=FACE_OUTER_BOUND('',#1551,.T.);
#1553=FACE_SURFACE('',(#1552),#1550,.T.);
#1554=CARTESIAN_POINT('',(5.616173,4.100482,0.));
#1555=DIRECTION('',(0.,0.,-1.));
#1556=DIRECTION('',(0.,1.,0.));
#1557=AXIS2_PLACEMENT_3D('',#1554,#1555,#1556);
#1558=PLANE('',#1557);
#1559=POLY_LOOP('',(#99,#98,#100));
#1560=FACE_OUTER_BOUND('',#1559,.T.);
#1561=FACE_SURFACE('',(#1560),#1558,.T.);
#1562=CARTESIAN_POINT('',(5.725646,4.127903,0.));
#1563=DIRECTION('',(0.,0.,-1.));
#1564=DIRECTION('',(0.,1.,0.));
#1565=AXIS2_PLACEMENT_3D('',#1562,#1563,#1564);
#1566=PLANE('',#1565);
#1567=POLY_LOOP('',(#101,#100,#102));
#1568=FACE_OUTER_BOUND('',#1567,.T.);
#1569=FACE_SURFACE('',(#1568),#1566,.T.);
#1570=CARTESIAN_POINT('',(5.83728,4.144463,0.));
#1571=DIRECTION('',(0.,0.,-1.));
#1572=DIRECTION('',(0.,1.,0.));
#1573=AXIS2_PLACEMENT_3D('',#1570,#1571,#1572);
#1574=PLANE('',#1573);
#1575=POLY_LOOP('',(#103,#102,#104));
#1576=FACE_OUTER_BOUND('',#1575,.T.);
#1577=FACE_SURFACE('',(#1576),#1574,.T.);
#1578=CARTESIAN_POINT('',(5.95,4.15,0.));
#1579=DIRECTION('',(0.,0.,-1.));
#1580=DIRECTION('',(0.,1.,0.));
#1581=AXIS2_PLACEMENT_3D('',#1578,#1579,#1580);
#1582=PLANE('',#1581);
#1583=POLY_LOOP('',(#105,#104,#106));
#1584=FACE_OUTER_BOUND('',#1583,.T.);
#1585=FACE_SURFACE('',(#1584),#1582,.T.);
#1586=CARTESIAN_POINT('',(6.06272,4.144463,0.));
#1587=DIRECTION('',(0.,0.,-1.));
#1588=DIRECTION('',(0.,1.,0.));
#1589=AXIS2_PLACEMENT_3D('',#1586,#1587,#1588);
#1590=PLANE('',#1589);
#1591=POLY_LOOP('',(#107,#106,#108));
#1592=FACE_OUTER_BOUND('',#1591,.T.);
#1593=FACE_SURFACE('',(#1592),#1590,.T.);
#1594=CARTESIAN_POINT('',(4.849519,3.333827,0.));
#1595=DIRECTION('',(0.,0.,-1.));
#1596=DIRECTION('',(0.,1.,0.));
#1597=AXIS2_PLACEMENT_3D('',#1594,#1595,#1596);
#1598=PLANE('',#1597);
#1599=POLY_LOOP('',(#79,#78,#80));
#1600=FACE_OUTER_BOUND('',#1599,.T.);
#1601=FACE_SURFACE('',(#1600),#1598,.T.);
#1602=CARTESIAN_POINT('',(4.887538,3.440086,0.));
#1603=DIRECTION('',(0.,0.,-1.));
#1604=DIRECTION('',(0.,1.,0.));
#1605=AXIS2_PLACEMENT_3D('',#1602,#1603,#1604);
#1606=PLANE('',#1605);
#1607=POLY_LOOP('',(#81,#80,#82));
#1608=FACE_OUTER_BOUND('',#1607,.T.);
#1609=FACE_SURFACE('',(#1608),#1606,.T.);
#1610=CARTESIAN_POINT('',(4.935791,3.542106,0.));
#1611=DIRECTION('',(0.,0.,-1.));
#1612=DIRECTION('',(0.,1.,0.));
#1613=AXIS2_PLACEMENT_3D('',#1610,#1611,#1612);
#1614=PLANE('',#1613);
#1615=POLY_LOOP('',(#83,#82,#84));
#1616=FACE_OUTER_BOUND('',#1615,.T.);
#1617=FACE_SURFACE('',(#1616),#1614,.T.);
#1618=CARTESIAN_POINT('',(4.805538,3.11272,0.));
#1619=DIRECTION('',(0.,0.,-1.));
#1620=DIRECTION('',(0.,1.,0.));
#1621=AXIS2_PLACEMENT_3D('',#1618,#1619,#1620);
#1622=PLANE('',#1621);
#1623=POLY_LOOP('',(#75,#74,#76));
#1624=FACE_OUTER_BOUND('',#1623,.T.);
#1625=FACE_SURFACE('',(#1624),#1622,.T.);
#1626=CARTESIAN_POINT('',(4.822097,3.224354,0.));
#1627=DIRECTION('',(0.,0.,-1.));
#1628=DIRECTION('',(0.,1.,0.));
#1629=AXIS2_PLACEMENT_3D('',#1626,#1627,#1628);
#1630=PLANE('',#1629);
#1631=POLY_LOOP('',(#77,#76,#78));
#1632=FACE_OUTER_BOUND('',#1631,.T.);
#1633=FACE_SURFACE('',(#1632),#1630,.T.);
#1634=CARTESIAN_POINT('',(4.99381,3.638906,0.));
#1635=DIRECTION('',(0.,0.,-1.));
#1636=DIRECTION('',(0.,1.,0.));
#1637=AXIS2_PLACEMENT_3D('',#1634,#1635,#1636);
#1638=PLANE('',#1637);
#1639=POLY_LOOP('',(#85,#84,#86));
#1640=FACE_OUTER_BOUND('',#1639,.T.);
#1641=FACE_SURFACE('',(#1640),#1638,.T.);
#1642=CARTESIAN_POINT('',(4.8,3.,0.));
#1643=DIRECTION('',(0.,0.,-1.));
#1644=DIRECTION('',(0.,1.,0.));
#1645=AXIS2_PLACEMENT_3D('',#1642,#1643,#1644);
#1646=PLANE('',#1645);
#1647=POLY_LOOP('',(#21,#125,#74));
#1648=FACE_OUTER_BOUND('',#1647,.T.);
#1649=FACE_SURFACE('',(#1648),#1646,.T.);
#1650=CARTESIAN_POINT('',(6.174354,4.127903,0.));
#1651=DIRECTION('',(0.,0.,-1.));
#1652=DIRECTION('',(0.,1.,0.));
#1653=AXIS2_PLACEMENT_3D('',#1650,#1651,#1652);
#1654=PLANE('',#1653);
#1655=POLY_LOOP('',(#109,#108,#110));
#1656=FACE_OUTER_BOUND('',#1655,.T.);
#1657=FACE_SURFACE('',(#1656),#1654,.T.);
#1658=CARTESIAN_POINT('',(6.283827,4.100482,0.));
#1659=DIRECTION('',(0.,0.,-1.));
#1660=DIRECTION('',(0.,1.,0.));
#1661=AXIS2_PLACEMENT_3D('',#1658,#1659,#1660);
#1662=PLANE('',#1661);
#1663=POLY_LOOP('',(#111,#110,#112));
#1664=FACE_OUTER_BOUND('',#1663,.T.);
#1665=FACE_SURFACE('',(#1664),#1662,.T.);
#1666=CARTESIAN_POINT('',(6.390086,4.062461,0.));
#1667=DIRECTION('',(0.,0.,-1.));
#1668=DIRECTION('',(0.,1.,0.));
#1669=AXIS2_PLACEMENT_3D('',#1666,#1667,#1668);
#1670=PLANE('',#1669);
#1671=POLY_LOOP('',(#113,#112,#114));
#1672=FACE_OUTER_BOUND('',#1671,.T.);
#1673=FACE_SURFACE('',(#1672),#1670,.T.);
#1674=CARTESIAN_POINT('',(6.492106,4.014209,0.));
#1675=DIRECTION('',(0.,0.,-1.));
#1676=DIRECTION('',(0.,1.,0.));
#1677=AXIS2_PLACEMENT_3D('',#1674,#1675,#1676);
#1678=PLANE('',#1677);
#1679=POLY_LOOP('',(#115,#114,#123));
#1680=FACE_OUTER_BOUND('',#1679,.T.);
#1681=FACE_SURFACE('',(#1680),#1678,.T.);
#1682=CARTESIAN_POINT('',(6.588906,3.95619,0.));
#1683=DIRECTION('',(0.,0.,-1.));
#1684=DIRECTION('',(0.,1.,0.));
#1685=AXIS2_PLACEMENT_3D('',#1682,#1683,#1684);
#1686=PLANE('',#1685);
#1687=POLY_LOOP('',(#116,#123,#117));
#1688=FACE_OUTER_BOUND('',#1687,.T.);
#1689=FACE_SURFACE('',(#1688),#1686,.T.);
#1690=CARTESIAN_POINT('',(6.679552,3.888962,0.));
#1691=DIRECTION('',(0.,0.,-1.));
#1692=DIRECTION('',(0.,1.,0.));
#1693=AXIS2_PLACEMENT_3D('',#1690,#1691,#1692);
#1694=PLANE('',#1693);
#1695=POLY_LOOP('',(#118,#117,#119));
#1696=FACE_OUTER_BOUND('',#1695,.T.);
#1697=FACE_SURFACE('',(#1696),#1694,.T.);
#1698=CARTESIAN_POINT('',(6.763173,3.813173,0.));
#1699=DIRECTION('',(0.,0.,-1.));
#1700=DIRECTION('',(0.,1.,0.));
#1701=AXIS2_PLACEMENT_3D('',#1698,#1699,#1700);
#1702=PLANE('',#1701);
#1703=POLY_LOOP('',(#120,#119,#121));
#1704=FACE_OUTER_BOUND('',#1703,.T.);
#1705=FACE_SURFACE('',(#1704),#1702,.T.);
#1706=CARTESIAN_POINT('',(0.7,32.38298,0.));
#1707=DIRECTION('',(0.,0.,-1.));
#1708=DIRECTION('',(0.643212,-0.765688,0.));
#1709=AXIS2_PLACEMENT_3D('',#1706,#1707,#1708);
#1710=PLANE('',#1709);
#1711=POLY_LOOP('',(#38,#126,#125));
#1712=FACE_OUTER_BOUND('',#1711,.T.);
#1713=FACE_SURFACE('',(#1712),#1710,.T.);
#1714=CARTESIAN_POINT('',(0.7,32.38298,0.));
#1715=DIRECTION('',(0.,0.,-1.));
#1716=DIRECTION('',(0.653409,-0.757005,0.));
#1717=AXIS2_PLACEMENT_3D('',#1714,#1715,#1716);
#1718=PLANE('',#1717);
#1719=POLY_LOOP('',(#38,#127,#126));
#1720=FACE_OUTER_BOUND('',#1719,.T.);
#1721=FACE_SURFACE('',(#1720),#1718,.T.);
#1722=CARTESIAN_POINT('',(0.7,32.38298,0.));
#1723=DIRECTION('',(0.,0.,-1.));
#1724=DIRECTION('',(0.664526,-0.747265,0.));
#1725=AXIS2_PLACEMENT_3D('',#1722,#1723,#1724);
#1726=PLANE('',#1725);
#1727=POLY_LOOP('',(#38,#128,#127));
#1728=FACE_OUTER_BOUND('',#1727,.T.);
#1729=FACE_SURFACE('',(#1728),#1726,.T.);
#1730=CARTESIAN_POINT('',(0.7,32.38298,0.));
#1731=DIRECTION('',(0.,0.,-1.));
#1732=DIRECTION('',(0.676393,-0.736541,0.));
#1733=AXIS2_PLACEMENT_3D('',#1730,#1731,#1732);
#1734=PLANE('',#1733);
#1735=POLY_LOOP('',(#38,#129,#128));
#1736=FACE_OUTER_BOUND('',#1735,.T.);
#1737=FACE_SURFACE('',(#1736),#1734,.T.);
#1738=CARTESIAN_POINT('',(0.7,32.38298,0.));
#1739=DIRECTION('',(0.,0.,-1.));
#1740=DIRECTION('',(0.688817,-0.724935,0.));
#1741=AXIS2_PLACEMENT_3D('',#1738,#1739,#1740);
#1742=PLANE('',#1741);
#1743=POLY_LOOP('',(#38,#130,#129));
#1744=FACE_OUTER_BOUND('',#1743,.T.);
#1745=FACE_SURFACE('',(#1744),#1742,.T.);
#1746=CARTESIAN_POINT('',(0.7,32.38298,0.));
#1747=DIRECTION('',(0.,0.,-1.));
#1748=DIRECTION('',(0.701588,-0.712582,0.));
#1749=AXIS2_PLACEMENT_3D('',#1746,#1747,#1748);
#1750=PLANE('',#1749);
#1751=POLY_LOOP('',(#38,#131,#130));
#1752=FACE_OUTER_BOUND('',#1751,.T.);
#1753=FACE_SURFACE('',(#1752),#1750,.T.);
#1754=CARTESIAN_POINT('',(0.7,32.38298,0.));
#1755=DIRECTION('',(0.,0.,-1.));
#1756=DIRECTION('',(0.714489,-0.699647,0.));
#1757=AXIS2_PLACEMENT_3D('',#1754,#1755,#1756);
#1758=PLANE('',#1757);
#1759=POLY_LOOP('',(#38,#132,#131));
#1760=FACE_OUTER_BOUND('',#1759,.T.);
#1761=FACE_SURFACE('',(#1760),#1758,.T.);
#1762=CARTESIAN_POINT('',(0.7,32.38298,0.));
#1763=DIRECTION('',(0.,0.,-1.));
#1764=DIRECTION('',(0.7273,-0.68632,0.));
#1765=AXIS2_PLACEMENT_3D('',#1762,#1763,#1764);
#1766=PLANE('',#1765);
#1767=POLY_LOOP('',(#38,#133,#132));
#1768=FACE_OUTER_BOUND('',#1767,.T.);
#1769=FACE_SURFACE('',(#1768),#1766,.T.);
#1770=CARTESIAN_POINT('',(0.7,32.38298,0.));
#1771=DIRECTION('',(0.,0.,-1.));
#1772=DIRECTION('',(0.739814,-0.672811,0.));
#1773=AXIS2_PLACEMENT_3D('',#1770,#1771,#1772);
#1774=PLANE('',#1773);
#1775=POLY_LOOP('',(#38,#134,#133));
#1776=FACE_OUTER_BOUND('',#1775,.T.);
#1777=FACE_SURFACE('',(#1776),#1774,.T.);
#1778=CARTESIAN_POINT('',(0.7,32.38298,0.));
#1779=DIRECTION('',(0.,0.,-1.));
#1780=DIRECTION('',(0.751841,-0.659345,0.));
#1781=AXIS2_PLACEMENT_3D('',#1778,#1779,#1780);
#1782=PLANE('',#1781);
#1783=POLY_LOOP('',(#38,#135,#134));
#1784=FACE_OUTER_BOUND('',#1783,.T.);
#1785=FACE_SURFACE('',(#1784),#1782,.T.);
#1786=CARTESIAN_POINT('',(0.7,32.38298,0.));
#1787=DIRECTION('',(0.,0.,-1.));
#1788=DIRECTION('',(0.763211,-0.646149,0.));
#1789=AXIS2_PLACEMENT_3D('',#1786,#1787,#1788);
#1790=PLANE('',#1789);
#1791=POLY_LOOP('',(#38,#136,#135));
#1792=FACE_OUTER_BOUND('',#1791,.T.);
#1793=FACE_SURFACE('',(#1792),#1790,.T.);
#1794=CARTESIAN_POINT('',(0.7,32.38298,0.));
#1795=DIRECTION('',(0.,0.,-1.));
#1796=DIRECTION('',(0.773787,-0.633446,0.));
#1797=AXIS2_PLACEMENT_3D('',#1794,#1795,#1796);
#1798=PLANE('',#1797);
#1799=POLY_LOOP('',(#38,#137,#136));
#1800=FACE_OUTER_BOUND('',#1799,.T.);
#1801=FACE_SURFACE('',(#1800),#1798,.T.);
#1802=CARTESIAN_POINT('',(0.7,32.38298,0.));
#1803=DIRECTION('',(0.,0.,-1.));
#1804=DIRECTION('',(0.78346,-0.621442,0.));
#1805=AXIS2_PLACEMENT_3D('',#1802,#1803,#1804);
#1806=PLANE('',#1805);
#1807=POLY_LOOP('',(#38,#138,#137));
#1808=FACE_OUTER_BOUND('',#1807,.T.);
#1809=FACE_SURFACE('',(#1808),#1806,.T.);
#1810=CARTESIAN_POINT('',(0.7,32.38298,0.));
#1811=DIRECTION('',(0.,0.,-1.));
#1812=DIRECTION('',(0.79215,-0.610326,0.));
#1813=AXIS2_PLACEMENT_3D('',#1810,#1811,#1812);
#1814=PLANE('',#1813);
#1815=POLY_LOOP('',(#38,#139,#138));
#1816=FACE_OUTER_BOUND('',#1815,.T.);
#1817=FACE_SURFACE('',(#1816),#1814,.T.);
#1818=CARTESIAN_POINT('',(0.7,32.38298,0.));
#1819=DIRECTION('',(0.,0.,-1.));
#1820=DIRECTION('',(0.799807,-0.600257,0.));
#1821=AXIS2_PLACEMENT_3D('',#1818,#1819,#1820);
#1822=PLANE('',#1821);
#1823=POLY_LOOP('',(#38,#140,#139));
#1824=FACE_OUTER_BOUND('',#1823,.T.);
#1825=FACE_SURFACE('',(#1824),#1822,.T.);
#1826=CARTESIAN_POINT('',(0.7,32.38298,0.));
#1827=DIRECTION('',(0.,0.,-1.));
#1828=DIRECTION('',(0.806405,-0.591364,0.));
#1829=AXIS2_PLACEMENT_3D('',#1826,#1827,#1828);
#1830=PLANE('',#1829);
#1831=POLY_LOOP('',(#38,#141,#140));
#1832=FACE_OUTER_BOUND('',#1831,.T.);
#1833=FACE_SURFACE('',(#1832),#1830,.T.);
#1834=CARTESIAN_POINT('',(0.7,32.38298,0.));
#1835=DIRECTION('',(0.,0.,-1.));
#1836=DIRECTION('',(0.811938,-0.583744,0.));
#1837=AXIS2_PLACEMENT_3D('',#1834,#1835,#1836);
#1838=PLANE('',#1837);
#1839=POLY_LOOP('',(#38,#142,#141));
#1840=FACE_OUTER_BOUND('',#1839,.T.);
#1841=FACE_SURFACE('',(#1840),#1838,.T.);
#1842=CARTESIAN_POINT('',(0.7,32.38298,0.));
#1843=DIRECTION('',(0.,0.,-1.));
#1844=DIRECTION('',(0.816416,-0.577464,0.));
#1845=AXIS2_PLACEMENT_3D('',#1842,#1843,#1844);
#1846=PLANE('',#1845);
#1847=POLY_LOOP('',(#38,#143,#142));
#1848=FACE_OUTER_BOUND('',#1847,.T.);
#1849=FACE_SURFACE('',(#1848),#1846,.T.);
#1850=CARTESIAN_POINT('',(0.7,32.38298,0.));
#1851=DIRECTION('',(0.,0.,-1.));
#1852=DIRECTION('',(0.819863,-0.57256,0.));
#1853=AXIS2_PLACEMENT_3D('',#1850,#1851,#1852);
#1854=PLANE('',#1853);
#1855=POLY_LOOP('',(#38,#144,#143));
#1856=FACE_OUTER_BOUND('',#1855,.T.);
#1857=FACE_SURFACE('',(#1856),#1854,.T.);
#1858=CARTESIAN_POINT('',(-2.,-2.,0.));
#1859=DIRECTION('',(-1.,0.,0.));
#1860=DIRECTION('',(0.,0.944149,0.329517));
#1861=AXIS2_PLACEMENT_3D('',#1858,#1859,#1860);
#1862=PLANE('',#1861);
#1863=POLY_LOOP('',(#37,#145,#124));
#1864=FACE_OUTER_BOUND('',#1863,.T.);
#1865=FACE_SURFACE('',(#1864),#1862,.T.);
#1866=CARTESIAN_POINT('',(-2.,32.38298,0.));
#1867=DIRECTION('',(0.,1.,0.));
#1868=DIRECTION('',(0.219512,0.,0.97561));
#1869=AXIS2_PLACEMENT_3D('',#1866,#1867,#1868);
#1870=PLANE('',#1869);
#1871=POLY_LOOP('',(#124,#146,#38));
#1872=FACE_OUTER_BOUND('',#1871,.T.);
#1873=FACE_SURFACE('',(#1872),#1870,.T.);
#1874=CARTESIAN_POINT('',(1.723421,-15.106366,0.));
#1875=DIRECTION('',(0.,0.,-1.));
#1876=DIRECTION('',(-0.67156,0.74095,0.));
#1877=AXIS2_PLACEMENT_3D('',#1874,#1875,#1876);
#1878=PLANE('',#1877);
#1879=POLY_LOOP('',(#45,#43,#147));
#1880=FACE_OUTER_BOUND('',#1879,.T.);
#1881=FACE_SURFACE('',(#1880),#1878,.T.);
#1882=CARTESIAN_POINT('',(1.287851,-14.575624,0.));
#1883=DIRECTION('',(0.,0.,-1.));
#1884=DIRECTION('',(-0.514103,0.857729,0.));
#1885=AXIS2_PLACEMENT_3D('',#1882,#1883,#1884);
#1886=PLANE('',#1885);
#1887=POLY_LOOP('',(#42,#57,#147));
#1888=FACE_OUTER_BOUND('',#1887,.T.);
#1889=FACE_SURFACE('',(#1888),#1886,.T.);
#1890=CARTESIAN_POINT('',(1.287851,-14.575624,0.));
#1891=DIRECTION('',(0.,0.,-1.));
#1892=DIRECTION('',(0.999955,-0.009444,0.));
#1893=AXIS2_PLACEMENT_3D('',#1890,#1891,#1892);
#1894=PLANE('',#1893);
#1895=POLY_LOOP('',(#42,#147,#43));
#1896=FACE_OUTER_BOUND('',#1895,.T.);
#1897=FACE_SURFACE('',(#1896),#1894,.T.);
#1898=CARTESIAN_POINT('',(1.111148,-14.280813,0.));
#1899=DIRECTION('',(0.,0.,-1.));
#1900=DIRECTION('',(-0.427555,0.903989,0.));
#1901=AXIS2_PLACEMENT_3D('',#1898,#1899,#1900);
#1902=PLANE('',#1901);
#1903=POLY_LOOP('',(#57,#59,#147));
#1904=FACE_OUTER_BOUND('',#1903,.T.);
#1905=FACE_SURFACE('',(#1904),#1902,.T.);
#1906=CARTESIAN_POINT('',(0.964193,-13.970102,0.));
#1907=DIRECTION('',(0.,0.,-1.));
#1908=DIRECTION('',(-0.336889,0.941544,0.));
#1909=AXIS2_PLACEMENT_3D('',#1906,#1907,#1908);
#1910=PLANE('',#1909);
#1911=POLY_LOOP('',(#59,#61,#147));
#1912=FACE_OUTER_BOUND('',#1911,.T.);
#1913=FACE_SURFACE('',(#1912),#1910,.T.);
#1914=CARTESIAN_POINT('',(2.254164,-15.541936,0.));
#1915=DIRECTION('',(0.,0.,-1.));
#1916=DIRECTION('',(0.999994,-0.003593,0.));
#1917=AXIS2_PLACEMENT_3D('',#1914,#1915,#1916);
#1918=PLANE('',#1917);
#1919=POLY_LOOP('',(#40,#147,#48));
#1920=FACE_OUTER_BOUND('',#1919,.T.);
#1921=FACE_SURFACE('',(#1920),#1918,.T.);
#1922=CARTESIAN_POINT('',(2.548975,-15.718638,0.));
#1923=DIRECTION('',(0.,0.,-1.));
#1924=DIRECTION('',(0.999997,-0.002518,0.));
#1925=AXIS2_PLACEMENT_3D('',#1922,#1923,#1924);
#1926=PLANE('',#1925);
#1927=POLY_LOOP('',(#48,#147,#49));
#1928=FACE_OUTER_BOUND('',#1927,.T.);
#1929=FACE_SURFACE('',(#1928),#1926,.T.);
#1930=CARTESIAN_POINT('',(1.978093,-15.337189,0.));
#1931=DIRECTION('',(0.,0.,-1.));
#1932=DIRECTION('',(-0.74095,0.67156,0.));
#1933=AXIS2_PLACEMENT_3D('',#1930,#1931,#1932);
#1934=PLANE('',#1933);
#1935=POLY_LOOP('',(#39,#45,#147));
#1936=FACE_OUTER_BOUND('',#1935,.T.);
#1937=FACE_SURFACE('',(#1936),#1934,.T.);
#1938=CARTESIAN_POINT('',(1.978093,-15.337189,0.));
#1939=DIRECTION('',(0.,0.,-1.));
#1940=DIRECTION('',(0.999988,-0.004837,0.));
#1941=AXIS2_PLACEMENT_3D('',#1938,#1939,#1940);
#1942=PLANE('',#1941);
#1943=POLY_LOOP('',(#39,#147,#40));
#1944=FACE_OUTER_BOUND('',#1943,.T.);
#1945=FACE_SURFACE('',(#1944),#1942,.T.);
#1946=CARTESIAN_POINT('',(2.859685,-15.865594,0.));
#1947=DIRECTION('',(0.,0.,-1.));
#1948=DIRECTION('',(0.999999,-0.001621,0.));
#1949=AXIS2_PLACEMENT_3D('',#1946,#1947,#1948);
#1950=PLANE('',#1949);
#1951=POLY_LOOP('',(#49,#147,#52));
#1952=FACE_OUTER_BOUND('',#1951,.T.);
#1953=FACE_SURFACE('',(#1952),#1950,.T.);
#1954=CARTESIAN_POINT('',(3.183303,-15.981386,0.));
#1955=DIRECTION('',(0.,0.,-1.));
#1956=DIRECTION('',(1.,-0.000912,0.));
#1957=AXIS2_PLACEMENT_3D('',#1954,#1955,#1956);
#1958=PLANE('',#1957);
#1959=POLY_LOOP('',(#52,#147,#54));
#1960=FACE_OUTER_BOUND('',#1959,.T.);
#1961=FACE_SURFACE('',(#1960),#1958,.T.);
#1962=CARTESIAN_POINT('',(3.516713,-16.064901,0.));
#1963=DIRECTION('',(0.,0.,-1.));
#1964=DIRECTION('',(1.,-0.0004,0.));
#1965=AXIS2_PLACEMENT_3D('',#1962,#1963,#1964);
#1966=PLANE('',#1965);
#1967=POLY_LOOP('',(#54,#147,#68));
#1968=FACE_OUTER_BOUND('',#1967,.T.);
#1969=FACE_SURFACE('',(#1968),#1966,.T.);
#1970=CARTESIAN_POINT('',(0.714453,-12.973083,0.));
#1971=DIRECTION('',(0.,0.,-1.));
#1972=DIRECTION('',(-0.049068,0.998795,0.));
#1973=AXIS2_PLACEMENT_3D('',#1970,#1971,#1972);
#1974=PLANE('',#1973);
#1975=POLY_LOOP('',(#64,#67,#147));
#1976=FACE_OUTER_BOUND('',#1975,.T.);
#1977=FACE_SURFACE('',(#1976),#1974,.T.);
#1978=CARTESIAN_POINT('',(0.848401,-13.646483,0.));
#1979=DIRECTION('',(0.,0.,-1.));
#1980=DIRECTION('',(-0.242981,0.970031,0.));
#1981=AXIS2_PLACEMENT_3D('',#1978,#1979,#1980);
#1982=PLANE('',#1981);
#1983=POLY_LOOP('',(#61,#63,#147));
#1984=FACE_OUTER_BOUND('',#1983,.T.);
#1985=FACE_SURFACE('',(#1984),#1982,.T.);
#1986=CARTESIAN_POINT('',(0.714453,-12.973083,0.));
#1987=DIRECTION('',(0.,0.,-1.));
#1988=DIRECTION('',(0.999817,-0.019112,0.));
#1989=AXIS2_PLACEMENT_3D('',#1986,#1987,#1988);
#1990=PLANE('',#1989);
#1991=POLY_LOOP('',(#64,#147,#63));
#1992=FACE_OUTER_BOUND('',#1991,.T.);
#1993=FACE_SURFACE('',(#1992),#1990,.T.);
#1994=CARTESIAN_POINT('',(0.7,-12.678885,0.));
#1995=DIRECTION('',(0.,0.,-1.));
#1996=DIRECTION('',(0.,1.,0.));
#1997=AXIS2_PLACEMENT_3D('',#1994,#1995,#1996);
#1998=PLANE('',#1997);
#1999=POLY_LOOP('',(#67,#20,#147));
#2000=FACE_OUTER_BOUND('',#1999,.T.);
#2001=FACE_SURFACE('',(#2000),#1998,.T.);
#2002=CARTESIAN_POINT('',(3.856704,-16.115334,0.));
#2003=DIRECTION('',(0.,0.,-1.));
#2004=DIRECTION('',(1.,-0.000089,0.));
#2005=AXIS2_PLACEMENT_3D('',#2002,#2003,#2004);
#2006=PLANE('',#2005);
#2007=POLY_LOOP('',(#68,#147,#70));
#2008=FACE_OUTER_BOUND('',#2007,.T.);
#2009=FACE_SURFACE('',(#2008),#2006,.T.);
#2010=CARTESIAN_POINT('',(4.150903,-16.129787,0.));
#2011=DIRECTION('',(0.,-1.,0.));
#2012=DIRECTION('',(0.999838,0.,0.018005));
#2013=AXIS2_PLACEMENT_3D('',#2010,#2011,#2012);
#2014=PLANE('',#2013);
#2015=POLY_LOOP('',(#70,#148,#149));
#2016=FACE_OUTER_BOUND('',#2015,.T.);
#2017=FACE_SURFACE('',(#2016),#2014,.T.);
#2018=CARTESIAN_POINT('',(0.7,-2.,0.));
#2019=DIRECTION('',(0.,0.,-1.));
#2020=DIRECTION('',(0.799807,0.600257,0.));
#2021=AXIS2_PLACEMENT_3D('',#2018,#2019,#2020);
#2022=PLANE('',#2021);
#2023=POLY_LOOP('',(#20,#26,#147));
#2024=FACE_OUTER_BOUND('',#2023,.T.);
#2025=FACE_SURFACE('',(#2024),#2022,.T.);
#2026=CARTESIAN_POINT('',(165.849091,-16.129787,0.));
#2027=DIRECTION('',(0.,0.,-1.));
#2028=DIRECTION('',(-0.993742,0.111697,0.));
#2029=AXIS2_PLACEMENT_3D('',#2026,#2027,#2028);
#2030=PLANE('',#2029);
#2031=POLY_LOOP('',(#147,#26,#150));
#2032=FACE_OUTER_BOUND('',#2031,.T.);
#2033=FACE_SURFACE('',(#2032),#2030,.T.);
#2034=CARTESIAN_POINT('',(165.849091,-16.129787,0.));
#2035=DIRECTION('',(0.,0.,-1.));
#2036=DIRECTION('',(-0.993737,0.11174,0.));
#2037=AXIS2_PLACEMENT_3D('',#2034,#2035,#2036);
#2038=PLANE('',#2037);
#2039=POLY_LOOP('',(#147,#150,#151));
#2040=FACE_OUTER_BOUND('',#2039,.T.);
#2041=FACE_SURFACE('',(#2040),#2038,.T.);
#2042=CARTESIAN_POINT('',(165.849091,-16.129787,0.));
#2043=DIRECTION('',(0.,0.,-1.));
#2044=DIRECTION('',(-0.993725,0.111852,0.));
#2045=AXIS2_PLACEMENT_3D('',#2042,#2043,#2044);
#2046=PLANE('',#2045);
#2047=POLY_LOOP('',(#147,#151,#152));
#2048=FACE_OUTER_BOUND('',#2047,.T.);
#2049=FACE_SURFACE('',(#2048),#2046,.T.);
#2050=CARTESIAN_POINT('',(165.849091,-16.129787,0.));
#2051=DIRECTION('',(0.,0.,-1.));
#2052=DIRECTION('',(-0.993705,0.112031,0.));
#2053=AXIS2_PLACEMENT_3D('',#2050,#2051,#2052);
#2054=PLANE('',#2053);
#2055=POLY_LOOP('',(#147,#152,#153));
#2056=FACE_OUTER_BOUND('',#2055,.T.);
#2057=FACE_SURFACE('',(#2056),#2054,.T.);
#2058=CARTESIAN_POINT('',(165.849091,-16.129787,0.));
#2059=DIRECTION('',(0.,0.,-1.));
#2060=DIRECTION('',(-0.993677,0.112276,0.));
#2061=AXIS2_PLACEMENT_3D('',#2058,#2059,#2060);
#2062=PLANE('',#2061);
#2063=POLY_LOOP('',(#147,#153,#154));
#2064=FACE_OUTER_BOUND('',#2063,.T.);
#2065=FACE_SURFACE('',(#2064),#2062,.T.);
#2066=CARTESIAN_POINT('',(165.849091,-16.129787,0.));
#2067=DIRECTION('',(0.,0.,-1.));
#2068=DIRECTION('',(-0.993642,0.112584,0.));
#2069=AXIS2_PLACEMENT_3D('',#2066,#2067,#2068);
#2070=PLANE('',#2069);
#2071=POLY_LOOP('',(#147,#154,#155));
#2072=FACE_OUTER_BOUND('',#2071,.T.);
#2073=FACE_SURFACE('',(#2072),#2070,.T.);
#2074=CARTESIAN_POINT('',(165.849091,-16.129787,0.));
#2075=DIRECTION('',(0.,0.,-1.));
#2076=DIRECTION('',(-0.9936,0.112952,0.));
#2077=AXIS2_PLACEMENT_3D('',#2074,#2075,#2076);
#2078=PLANE('',#2077);
#2079=POLY_LOOP('',(#147,#155,#156));
#2080=FACE_OUTER_BOUND('',#2079,.T.);
#2081=FACE_SURFACE('',(#2080),#2078,.T.);
#2082=CARTESIAN_POINT('',(165.849091,-16.129787,0.));
#2083=DIRECTION('',(0.,0.,-1.));
#2084=DIRECTION('',(-0.993552,0.113377,0.));
#2085=AXIS2_PLACEMENT_3D('',#2082,#2083,#2084);
#2086=PLANE('',#2085);
#2087=POLY_LOOP('',(#147,#156,#157));
#2088=FACE_OUTER_BOUND('',#2087,.T.);
#2089=FACE_SURFACE('',(#2088),#2086,.T.);
#2090=CARTESIAN_POINT('',(165.849091,-16.129787,0.));
#2091=DIRECTION('',(0.,0.,-1.));
#2092=DIRECTION('',(-0.993497,0.113855,0.));
#2093=AXIS2_PLACEMENT_3D('',#2090,#2091,#2092);
#2094=PLANE('',#2093);
#2095=POLY_LOOP('',(#147,#157,#158));
#2096=FACE_OUTER_BOUND('',#2095,.T.);
#2097=FACE_SURFACE('',(#2096),#2094,.T.);
#2098=CARTESIAN_POINT('',(165.849091,-16.129787,0.));
#2099=DIRECTION('',(0.,0.,-1.));
#2100=DIRECTION('',(-0.993437,0.114381,0.));
#2101=AXIS2_PLACEMENT_3D('',#2098,#2099,#2100);
#2102=PLANE('',#2101);
#2103=POLY_LOOP('',(#147,#158,#159));
#2104=FACE_OUTER_BOUND('',#2103,.T.);
#2105=FACE_SURFACE('',(#2104),#2102,.T.);
#2106=CARTESIAN_POINT('',(165.849091,-16.129787,0.));
#2107=DIRECTION('',(0.,0.,-1.));
#2108=DIRECTION('',(-0.993371,0.11495,0.));
#2109=AXIS2_PLACEMENT_3D('',#2106,#2107,#2108);
#2110=PLANE('',#2109);
#2111=POLY_LOOP('',(#147,#159,#160));
#2112=FACE_OUTER_BOUND('',#2111,.T.);
#2113=FACE_SURFACE('',(#2112),#2110,.T.);
#2114=CARTESIAN_POINT('',(165.849091,-16.129787,0.));
#2115=DIRECTION('',(0.,0.,-1.));
#2116=DIRECTION('',(-0.993301,0.115557,0.));
#2117=AXIS2_PLACEMENT_3D('',#2114,#2115,#2116);
#2118=PLANE('',#2117);
#2119=POLY_LOOP('',(#147,#160,#161));
#2120=FACE_OUTER_BOUND('',#2119,.T.);
#2121=FACE_SURFACE('',(#2120),#2118,.T.);
#2122=CARTESIAN_POINT('',(165.849091,-16.129787,0.));
#2123=DIRECTION('',(0.,0.,-1.));
#2124=DIRECTION('',(-0.993226,0.116196,0.));
#2125=AXIS2_PLACEMENT_3D('',#2122,#2123,#2124);
#2126=PLANE('',#2125);
#2127=POLY_LOOP('',(#147,#161,#162));
#2128=FACE_OUTER_BOUND('',#2127,.T.);
#2129=FACE_SURFACE('',(#2128),#2126,.T.);
#2130=CARTESIAN_POINT('',(165.849091,-16.129787,0.));
#2131=DIRECTION('',(0.,0.,-1.));
#2132=DIRECTION('',(-0.993148,0.11686,0.));
#2133=AXIS2_PLACEMENT_3D('',#2130,#2131,#2132);
#2134=PLANE('',#2133);
#2135=POLY_LOOP('',(#147,#162,#163));
#2136=FACE_OUTER_BOUND('',#2135,.T.);
#2137=FACE_SURFACE('',(#2136),#2134,.T.);
#2138=CARTESIAN_POINT('',(165.849091,-16.129787,0.));
#2139=DIRECTION('',(0.,0.,-1.));
#2140=DIRECTION('',(-0.993068,0.117543,0.));
#2141=AXIS2_PLACEMENT_3D('',#2138,#2139,#2140);
#2142=PLANE('',#2141);
#2143=POLY_LOOP('',(#147,#163,#164));
#2144=FACE_OUTER_BOUND('',#2143,.T.);
#2145=FACE_SURFACE('',(#2144),#2142,.T.);
#2146=CARTESIAN_POINT('',(165.849091,-16.129787,0.));
#2147=DIRECTION('',(0.,0.,-1.));
#2148=DIRECTION('',(-0.992985,0.118238,0.));
#2149=AXIS2_PLACEMENT_3D('',#2146,#2147,#2148);
#2150=PLANE('',#2149);
#2151=POLY_LOOP('',(#147,#164,#165));
#2152=FACE_OUTER_BOUND('',#2151,.T.);
#2153=FACE_SURFACE('',(#2152),#2150,.T.);
#2154=CARTESIAN_POINT('',(165.849091,-16.129787,0.));
#2155=DIRECTION('',(0.,0.,-1.));
#2156=DIRECTION('',(-0.992902,0.118939,0.));
#2157=AXIS2_PLACEMENT_3D('',#2154,#2155,#2156);
#2158=PLANE('',#2157);
#2159=POLY_LOOP('',(#147,#165,#166));
#2160=FACE_OUTER_BOUND('',#2159,.T.);
#2161=FACE_SURFACE('',(#2160),#2158,.T.);
#2162=CARTESIAN_POINT('',(165.849091,-16.129787,0.));
#2163=DIRECTION('',(0.,0.,-1.));
#2164=DIRECTION('',(-0.992818,0.119638,0.));
#2165=AXIS2_PLACEMENT_3D('',#2162,#2163,#2164);
#2166=PLANE('',#2165);
#2167=POLY_LOOP('',(#147,#166,#167));
#2168=FACE_OUTER_BOUND('',#2167,.T.);
#2169=FACE_SURFACE('',(#2168),#2166,.T.);
#2170=CARTESIAN_POINT('',(165.849091,-16.129787,0.));
#2171=DIRECTION('',(0.,0.,-1.));
#2172=DIRECTION('',(-0.992734,0.120328,0.));
#2173=AXIS2_PLACEMENT_3D('',#2170,#2171,#2172);
#2174=PLANE('',#2173);
#2175=POLY_LOOP('',(#147,#167,#168));
#2176=FACE_OUTER_BOUND('',#2175,.T.);
#2177=FACE_SURFACE('',(#2176),#2174,.T.);
#2178=CARTESIAN_POINT('',(165.849091,-16.129787,0.));
#2179=DIRECTION('',(0.,0.,-1.));
#2180=DIRECTION('',(-0.992652,0.121004,0.));
#2181=AXIS2_PLACEMENT_3D('',#2178,#2179,#2180);
#2182=PLANE('',#2181);
#2183=POLY_LOOP('',(#147,#168,#169));
#2184=FACE_OUTER_BOUND('',#2183,.T.);
#2185=FACE_SURFACE('',(#2184),#2182,.T.);
#2186=CARTESIAN_POINT('',(165.849091,-16.129787,0.));
#2187=DIRECTION('',(0.,0.,-1.));
#2188=DIRECTION('',(-0.992572,0.121658,0.));
#2189=AXIS2_PLACEMENT_3D('',#2186,#2187,#2188);
#2190=PLANE('',#2189);
#2191=POLY_LOOP('',(#147,#169,#170));
#2192=FACE_OUTER_BOUND('',#2191,.T.);
#2193=FACE_SURFACE('',(#2192),#2190,.T.);
#2194=CARTESIAN_POINT('',(4.150903,-16.129787,0.));
#2195=DIRECTION('',(0.,-1.,0.));
#2196=DIRECTION('',(0.999759,0.,0.021958));
#2197=AXIS2_PLACEMENT_3D('',#2194,#2195,#2196);
#2198=PLANE('',#2197);
#2199=POLY_LOOP('',(#70,#149,#171));
#2200=FACE_OUTER_BOUND('',#2199,.T.);
#2201=FACE_SURFACE('',(#2200),#2198,.T.);
#2202=CARTESIAN_POINT('',(165.849091,-16.129787,0.));
#2203=DIRECTION('',(0.,0.,-1.));
#2204=DIRECTION('',(-0.992495,0.122283,0.));
#2205=AXIS2_PLACEMENT_3D('',#2202,#2203,#2204);
#2206=PLANE('',#2205);
#2207=POLY_LOOP('',(#147,#170,#172));
#2208=FACE_OUTER_BOUND('',#2207,.T.);
#2209=FACE_SURFACE('',(#2208),#2206,.T.);
#2210=CARTESIAN_POINT('',(165.849091,-16.129787,0.));
#2211=DIRECTION('',(0.,0.,-1.));
#2212=DIRECTION('',(-0.992422,0.122874,0.));
#2213=AXIS2_PLACEMENT_3D('',#2210,#2211,#2212);
#2214=PLANE('',#2213);
#2215=POLY_LOOP('',(#147,#172,#173));
#2216=FACE_OUTER_BOUND('',#2215,.T.);
#2217=FACE_SURFACE('',(#2216),#2214,.T.);
#2218=CARTESIAN_POINT('',(165.849091,-16.129787,0.));
#2219=DIRECTION('',(0.,0.,-1.));
#2220=DIRECTION('',(-0.992354,0.123425,0.));
#2221=AXIS2_PLACEMENT_3D('',#2218,#2219,#2220);
#2222=PLANE('',#2221);
#2223=POLY_LOOP('',(#147,#173,#122));
#2224=FACE_OUTER_BOUND('',#2223,.T.);
#2225=FACE_SURFACE('',(#2224),#2222,.T.);
#2226=CARTESIAN_POINT('',(165.849091,-16.129787,0.));
#2227=DIRECTION('',(0.,0.,-1.));
#2228=DIRECTION('',(-0.992291,0.123931,0.));
#2229=AXIS2_PLACEMENT_3D('',#2226,#2227,#2228);
#2230=PLANE('',#2229);
#2231=POLY_LOOP('',(#147,#122,#121));
#2232=FACE_OUTER_BOUND('',#2231,.T.);
#2233=FACE_SURFACE('',(#2232),#2230,.T.);
#2234=CARTESIAN_POINT('',(77.,-16.129787,3.4));
#2235=DIRECTION('',(0.,-1.,0.));
#2236=DIRECTION('',(-1.,0.,0.));
#2237=AXIS2_PLACEMENT_3D('',#2234,#2235,#2236);
#2238=PLANE('',#2237);
#2239=POLY_LOOP('',(#174,#171,#149));
#2240=FACE_OUTER_BOUND('',#2239,.T.);
#2241=FACE_SURFACE('',(#2240),#2238,.T.);
#2242=CARTESIAN_POINT('',(4.150903,-16.129787,0.));
#2243=DIRECTION('',(0.,-1.,0.));
#2244=DIRECTION('',(0.99867,0.,0.051565));
#2245=AXIS2_PLACEMENT_3D('',#2242,#2243,#2244);
#2246=PLANE('',#2245);
#2247=POLY_LOOP('',(#70,#171,#175));
#2248=FACE_OUTER_BOUND('',#2247,.T.);
#2249=FACE_SURFACE('',(#2248),#2246,.T.);
#2250=CARTESIAN_POINT('',(0.7,32.38298,0.));
#2251=DIRECTION('',(0.,0.,-1.));
#2252=DIRECTION('',(0.959461,-0.281843,0.));
#2253=AXIS2_PLACEMENT_3D('',#2250,#2251,#2252);
#2254=PLANE('',#2253);
#2255=POLY_LOOP('',(#38,#147,#144));
#2256=FACE_OUTER_BOUND('',#2255,.T.);
#2257=FACE_SURFACE('',(#2256),#2254,.T.);
#2258=CARTESIAN_POINT('',(165.849091,-16.129787,0.));
#2259=DIRECTION('',(0.,0.,-1.));
#2260=DIRECTION('',(-0.965657,0.259819,0.));
#2261=AXIS2_PLACEMENT_3D('',#2258,#2259,#2260);
#2262=PLANE('',#2261);
#2263=POLY_LOOP('',(#147,#121,#176));
#2264=FACE_OUTER_BOUND('',#2263,.T.);
#2265=FACE_SURFACE('',(#2264),#2262,.T.);
#2266=CARTESIAN_POINT('',(165.849091,-16.129787,0.));
#2267=DIRECTION('',(0.,0.,-1.));
#2268=DIRECTION('',(-0.965491,0.260435,0.));
#2269=AXIS2_PLACEMENT_3D('',#2266,#2267,#2268);
#2270=PLANE('',#2269);
#2271=POLY_LOOP('',(#147,#176,#177));
#2272=FACE_OUTER_BOUND('',#2271,.T.);
#2273=FACE_SURFACE('',(#2272),#2270,.T.);
#2274=CARTESIAN_POINT('',(165.849091,-16.129787,0.));
#2275=DIRECTION('',(0.,0.,-1.));
#2276=DIRECTION('',(-0.965319,0.261072,0.));
#2277=AXIS2_PLACEMENT_3D('',#2274,#2275,#2276);
#2278=PLANE('',#2277);
#2279=POLY_LOOP('',(#147,#177,#178));
#2280=FACE_OUTER_BOUND('',#2279,.T.);
#2281=FACE_SURFACE('',(#2280),#2278,.T.);
#2282=CARTESIAN_POINT('',(165.849091,-16.129787,0.));
#2283=DIRECTION('',(0.,0.,-1.));
#2284=DIRECTION('',(-0.965143,0.261724,0.));
#2285=AXIS2_PLACEMENT_3D('',#2282,#2283,#2284);
#2286=PLANE('',#2285);
#2287=POLY_LOOP('',(#147,#178,#179));
#2288=FACE_OUTER_BOUND('',#2287,.T.);
#2289=FACE_SURFACE('',(#2288),#2286,.T.);
#2290=CARTESIAN_POINT('',(165.849091,-16.129787,0.));
#2291=DIRECTION('',(0.,0.,-1.));
#2292=DIRECTION('',(-0.964964,0.262383,0.));
#2293=AXIS2_PLACEMENT_3D('',#2290,#2291,#2292);
#2294=PLANE('',#2293);
#2295=POLY_LOOP('',(#147,#179,#180));
#2296=FACE_OUTER_BOUND('',#2295,.T.);
#2297=FACE_SURFACE('',(#2296),#2294,.T.);
#2298=CARTESIAN_POINT('',(165.849091,-16.129787,0.));
#2299=DIRECTION('',(0.,0.,-1.));
#2300=DIRECTION('',(-0.964784,0.263045,0.));
#2301=AXIS2_PLACEMENT_3D('',#2298,#2299,#2300);
#2302=PLANE('',#2301);
#2303=POLY_LOOP('',(#147,#180,#181));
#2304=FACE_OUTER_BOUND('',#2303,.T.);
#2305=FACE_SURFACE('',(#2304),#2302,.T.);
#2306=CARTESIAN_POINT('',(165.849091,-16.129787,0.));
#2307=DIRECTION('',(0.,0.,-1.));
#2308=DIRECTION('',(-0.964604,0.263702,0.));
#2309=AXIS2_PLACEMENT_3D('',#2306,#2307,#2308);
#2310=PLANE('',#2309);
#2311=POLY_LOOP('',(#147,#181,#182));
#2312=FACE_OUTER_BOUND('',#2311,.T.);
#2313=FACE_SURFACE('',(#2312),#2310,.T.);
#2314=CARTESIAN_POINT('',(165.849091,-16.129787,0.));
#2315=DIRECTION('',(0.,0.,-1.));
#2316=DIRECTION('',(-0.964428,0.264347,0.));
#2317=AXIS2_PLACEMENT_3D('',#2314,#2315,#2316);
#2318=PLANE('',#2317);
#2319=POLY_LOOP('',(#147,#182,#183));
#2320=FACE_OUTER_BOUND('',#2319,.T.);
#2321=FACE_SURFACE('',(#2320),#2318,.T.);
#2322=CARTESIAN_POINT('',(165.849091,-16.129787,0.));
#2323=DIRECTION('',(0.,0.,-1.));
#2324=DIRECTION('',(-0.964255,0.264976,0.));
#2325=AXIS2_PLACEMENT_3D('',#2322,#2323,#2324);
#2326=PLANE('',#2325);
#2327=POLY_LOOP('',(#147,#183,#184));
#2328=FACE_OUTER_BOUND('',#2327,.T.);
#2329=FACE_SURFACE('',(#2328),#2326,.T.);
#2330=CARTESIAN_POINT('',(165.849091,-16.129787,0.));
#2331=DIRECTION('',(0.,0.,-1.));
#2332=DIRECTION('',(-0.964089,0.26558,0.));
#2333=AXIS2_PLACEMENT_3D('',#2330,#2331,#2332);
#2334=PLANE('',#2333);
#2335=POLY_LOOP('',(#147,#184,#185));
#2336=FACE_OUTER_BOUND('',#2335,.T.);
#2337=FACE_SURFACE('',(#2336),#2334,.T.);
#2338=CARTESIAN_POINT('',(165.849091,-16.129787,0.));
#2339=DIRECTION('',(0.,0.,-1.));
#2340=DIRECTION('',(-0.96393,0.266155,0.));
#2341=AXIS2_PLACEMENT_3D('',#2338,#2339,#2340);
#2342=PLANE('',#2341);
#2343=POLY_LOOP('',(#147,#185,#186));
#2344=FACE_OUTER_BOUND('',#2343,.T.);
#2345=FACE_SURFACE('',(#2344),#2342,.T.);
#2346=CARTESIAN_POINT('',(165.849091,-16.129787,0.));
#2347=DIRECTION('',(0.,0.,-1.));
#2348=DIRECTION('',(-0.963781,0.266695,0.));
#2349=AXIS2_PLACEMENT_3D('',#2346,#2347,#2348);
#2350=PLANE('',#2349);
#2351=POLY_LOOP('',(#147,#186,#187));
#2352=FACE_OUTER_BOUND('',#2351,.T.);
#2353=FACE_SURFACE('',(#2352),#2350,.T.);
#2354=CARTESIAN_POINT('',(165.849091,-16.129787,0.));
#2355=DIRECTION('',(0.,0.,-1.));
#2356=DIRECTION('',(-0.963643,0.267194,0.));
#2357=AXIS2_PLACEMENT_3D('',#2354,#2355,#2356);
#2358=PLANE('',#2357);
#2359=POLY_LOOP('',(#147,#187,#188));
#2360=FACE_OUTER_BOUND('',#2359,.T.);
#2361=FACE_SURFACE('',(#2360),#2358,.T.);
#2362=CARTESIAN_POINT('',(165.849091,-16.129787,0.));
#2363=DIRECTION('',(0.,0.,-1.));
#2364=DIRECTION('',(-0.963079,0.269219,0.));
#2365=AXIS2_PLACEMENT_3D('',#2362,#2363,#2364);
#2366=PLANE('',#2365);
#2367=POLY_LOOP('',(#147,#189,#144));
#2368=FACE_OUTER_BOUND('',#2367,.T.);
#2369=FACE_SURFACE('',(#2368),#2366,.T.);
#2370=CARTESIAN_POINT('',(165.849091,-16.129787,0.));
#2371=DIRECTION('',(0.,0.,-1.));
#2372=DIRECTION('',(-0.963404,0.268054,0.));
#2373=AXIS2_PLACEMENT_3D('',#2370,#2371,#2372);
#2374=PLANE('',#2373);
#2375=POLY_LOOP('',(#147,#190,#191));
#2376=FACE_OUTER_BOUND('',#2375,.T.);
#2377=FACE_SURFACE('',(#2376),#2374,.T.);
#2378=CARTESIAN_POINT('',(165.849091,-16.129787,0.));
#2379=DIRECTION('',(0.,0.,-1.));
#2380=DIRECTION('',(-0.963306,0.268405,0.));
#2381=AXIS2_PLACEMENT_3D('',#2378,#2379,#2380);
#2382=PLANE('',#2381);
#2383=POLY_LOOP('',(#147,#191,#192));
#2384=FACE_OUTER_BOUND('',#2383,.T.);
#2385=FACE_SURFACE('',(#2384),#2382,.T.);
#2386=CARTESIAN_POINT('',(165.849091,-16.129787,0.));
#2387=DIRECTION('',(0.,0.,-1.));
#2388=DIRECTION('',(-0.96311,0.269109,0.));
#2389=AXIS2_PLACEMENT_3D('',#2386,#2387,#2388);
#2390=PLANE('',#2389);
#2391=POLY_LOOP('',(#147,#193,#189));
#2392=FACE_OUTER_BOUND('',#2391,.T.);
#2393=FACE_SURFACE('',(#2392),#2390,.T.);
#2394=CARTESIAN_POINT('',(165.849091,-16.129787,0.));
#2395=DIRECTION('',(0.,0.,-1.));
#2396=DIRECTION('',(-0.963158,0.268935,0.));
#2397=AXIS2_PLACEMENT_3D('',#2394,#2395,#2396);
#2398=PLANE('',#2397);
#2399=POLY_LOOP('',(#147,#194,#193));
#2400=FACE_OUTER_BOUND('',#2399,.T.);
#2401=FACE_SURFACE('',(#2400),#2398,.T.);
#2402=CARTESIAN_POINT('',(165.849091,-16.129787,0.));
#2403=DIRECTION('',(0.,0.,-1.));
#2404=DIRECTION('',(-0.963224,0.2687,0.));
#2405=AXIS2_PLACEMENT_3D('',#2402,#2403,#2404);
#2406=PLANE('',#2405);
#2407=POLY_LOOP('',(#147,#192,#194));
#2408=FACE_OUTER_BOUND('',#2407,.T.);
#2409=FACE_SURFACE('',(#2408),#2406,.T.);
#2410=CARTESIAN_POINT('',(165.849091,-16.129787,0.));
#2411=DIRECTION('',(0.,0.,-1.));
#2412=DIRECTION('',(-0.963517,0.267649,0.));
#2413=AXIS2_PLACEMENT_3D('',#2410,#2411,#2412);
#2414=PLANE('',#2413);
#2415=POLY_LOOP('',(#147,#188,#190));
#2416=FACE_OUTER_BOUND('',#2415,.T.);
#2417=FACE_SURFACE('',(#2416),#2414,.T.);
#2418=CARTESIAN_POINT('',(0.7,32.38298,0.));
#2419=DIRECTION('',(0.,0.,-1.));
#2420=DIRECTION('',(0.,1.,0.));
#2421=AXIS2_PLACEMENT_3D('',#2418,#2419,#2420);
#2422=PLANE('',#2421);
#2423=POLY_LOOP('',(#38,#195,#147));
#2424=FACE_OUTER_BOUND('',#2423,.T.);
#2425=FACE_SURFACE('',(#2424),#2422,.T.);
#2426=CARTESIAN_POINT('',(0.714453,-12.973083,0.));
#2427=DIRECTION('',(-0.998795,-0.049068,0.));
#2428=DIRECTION('',(0.,0.,1.));
#2429=AXIS2_PLACEMENT_3D('',#2426,#2427,#2428);
#2430=PLANE('',#2429);
#2431=POLY_LOOP('',(#64,#65,#66));
#2432=FACE_OUTER_BOUND('',#2431,.T.);
#2433=FACE_SURFACE('',(#2432),#2430,.T.);
#2434=CARTESIAN_POINT('',(1.723421,-15.106366,0.));
#2435=DIRECTION('',(-0.74095,-0.67156,0.));
#2436=DIRECTION('',(0.,0.,1.));
#2437=AXIS2_PLACEMENT_3D('',#2434,#2435,#2436);
#2438=PLANE('',#2437);
#2439=POLY_LOOP('',(#45,#47,#46));
#2440=FACE_OUTER_BOUND('',#2439,.T.);
#2441=FACE_SURFACE('',(#2440),#2438,.T.);
#2442=CARTESIAN_POINT('',(1.978093,-15.337189,0.));
#2443=DIRECTION('',(-0.67156,-0.74095,0.));
#2444=DIRECTION('',(0.,0.,1.));
#2445=AXIS2_PLACEMENT_3D('',#2442,#2443,#2444);
#2446=PLANE('',#2445);
#2447=POLY_LOOP('',(#39,#41,#47));
#2448=FACE_OUTER_BOUND('',#2447,.T.);
#2449=FACE_SURFACE('',(#2448),#2446,.T.);
#2450=CARTESIAN_POINT('',(1.492599,-14.851694,0.));
#2451=DIRECTION('',(-0.803207,-0.5957,0.));
#2452=DIRECTION('',(0.,0.,1.));
#2453=AXIS2_PLACEMENT_3D('',#2450,#2451,#2452);
#2454=PLANE('',#2453);
#2455=POLY_LOOP('',(#43,#46,#44));
#2456=FACE_OUTER_BOUND('',#2455,.T.);
#2457=FACE_SURFACE('',(#2456),#2454,.T.);
#2458=CARTESIAN_POINT('',(2.859685,-15.865594,0.));
#2459=DIRECTION('',(-0.427556,-0.903989,0.));
#2460=DIRECTION('',(0.,0.,1.));
#2461=AXIS2_PLACEMENT_3D('',#2458,#2459,#2460);
#2462=PLANE('',#2461);
#2463=POLY_LOOP('',(#49,#53,#50));
#2464=FACE_OUTER_BOUND('',#2463,.T.);
#2465=FACE_SURFACE('',(#2464),#2462,.T.);
#2466=CARTESIAN_POINT('',(2.254164,-15.541936,0.));
#2467=DIRECTION('',(-0.595698,-0.803209,0.));
#2468=DIRECTION('',(0.,0.,1.));
#2469=AXIS2_PLACEMENT_3D('',#2466,#2467,#2468);
#2470=PLANE('',#2469);
#2471=POLY_LOOP('',(#40,#51,#41));
#2472=FACE_OUTER_BOUND('',#2471,.T.);
#2473=FACE_SURFACE('',(#2472),#2470,.T.);
#2474=CARTESIAN_POINT('',(2.548975,-15.718638,0.));
#2475=DIRECTION('',(-0.514103,-0.857729,0.));
#2476=DIRECTION('',(0.,0.,1.));
#2477=AXIS2_PLACEMENT_3D('',#2474,#2475,#2476);
#2478=PLANE('',#2477);
#2479=POLY_LOOP('',(#48,#50,#51));
#2480=FACE_OUTER_BOUND('',#2479,.T.);
#2481=FACE_SURFACE('',(#2480),#2478,.T.);
#2482=CARTESIAN_POINT('',(3.183303,-15.981386,0.));
#2483=DIRECTION('',(-0.336889,-0.941544,0.));
#2484=DIRECTION('',(0.,0.,1.));
#2485=AXIS2_PLACEMENT_3D('',#2482,#2483,#2484);
#2486=PLANE('',#2485);
#2487=POLY_LOOP('',(#52,#55,#53));
#2488=FACE_OUTER_BOUND('',#2487,.T.);
#2489=FACE_SURFACE('',(#2488),#2486,.T.);
#2490=CARTESIAN_POINT('',(3.516713,-16.064901,0.));
#2491=DIRECTION('',(-0.242981,-0.970031,0.));
#2492=DIRECTION('',(0.,0.,1.));
#2493=AXIS2_PLACEMENT_3D('',#2490,#2491,#2492);
#2494=PLANE('',#2493);
#2495=POLY_LOOP('',(#54,#69,#55));
#2496=FACE_OUTER_BOUND('',#2495,.T.);
#2497=FACE_SURFACE('',(#2496),#2494,.T.);
#2498=CARTESIAN_POINT('',(1.287851,-14.575624,0.));
#2499=DIRECTION('',(-0.857729,-0.514103,0.));
#2500=DIRECTION('',(0.,0.,1.));
#2501=AXIS2_PLACEMENT_3D('',#2498,#2499,#2500);
#2502=PLANE('',#2501);
#2503=POLY_LOOP('',(#42,#44,#56));
#2504=FACE_OUTER_BOUND('',#2503,.T.);
#2505=FACE_SURFACE('',(#2504),#2502,.T.);
#2506=CARTESIAN_POINT('',(1.111148,-14.280813,0.));
#2507=DIRECTION('',(-0.903989,-0.427555,0.));
#2508=DIRECTION('',(0.,0.,1.));
#2509=AXIS2_PLACEMENT_3D('',#2506,#2507,#2508);
#2510=PLANE('',#2509);
#2511=POLY_LOOP('',(#57,#56,#58));
#2512=FACE_OUTER_BOUND('',#2511,.T.);
#2513=FACE_SURFACE('',(#2512),#2510,.T.);
#2514=CARTESIAN_POINT('',(0.964193,-13.970102,0.));
#2515=DIRECTION('',(-0.941544,-0.336889,0.));
#2516=DIRECTION('',(0.,0.,1.));
#2517=AXIS2_PLACEMENT_3D('',#2514,#2515,#2516);
#2518=PLANE('',#2517);
#2519=POLY_LOOP('',(#59,#58,#60));
#2520=FACE_OUTER_BOUND('',#2519,.T.);
#2521=FACE_SURFACE('',(#2520),#2518,.T.);
#2522=CARTESIAN_POINT('',(0.848401,-13.646483,0.));
#2523=DIRECTION('',(-0.970031,-0.242981,0.));
#2524=DIRECTION('',(0.,0.,1.));
#2525=AXIS2_PLACEMENT_3D('',#2522,#2523,#2524);
#2526=PLANE('',#2525);
#2527=POLY_LOOP('',(#61,#60,#62));
#2528=FACE_OUTER_BOUND('',#2527,.T.);
#2529=FACE_SURFACE('',(#2528),#2526,.T.);
#2530=CARTESIAN_POINT('',(0.764886,-13.313074,0.));
#2531=DIRECTION('',(-0.989177,-0.14673,0.));
#2532=DIRECTION('',(0.,0.,1.));
#2533=AXIS2_PLACEMENT_3D('',#2530,#2531,#2532);
#2534=PLANE('',#2533);
#2535=POLY_LOOP('',(#63,#62,#65));
#2536=FACE_OUTER_BOUND('',#2535,.T.);
#2537=FACE_SURFACE('',(#2536),#2534,.T.);
#2538=CARTESIAN_POINT('',(3.856704,-16.115334,0.));
#2539=DIRECTION('',(-0.146729,-0.989177,0.));
#2540=DIRECTION('',(0.,0.,1.));
#2541=AXIS2_PLACEMENT_3D('',#2538,#2539,#2540);
#2542=PLANE('',#2541);
#2543=POLY_LOOP('',(#68,#71,#69));
#2544=FACE_OUTER_BOUND('',#2543,.T.);
#2545=FACE_SURFACE('',(#2544),#2542,.T.);
#2546=CARTESIAN_POINT('',(4.150903,-16.129787,0.));
#2547=DIRECTION('',(-0.04907,-0.998795,0.));
#2548=DIRECTION('',(0.,0.,1.));
#2549=AXIS2_PLACEMENT_3D('',#2546,#2547,#2548);
#2550=PLANE('',#2549);
#2551=POLY_LOOP('',(#70,#196,#71));
#2552=FACE_OUTER_BOUND('',#2551,.T.);
#2553=FACE_SURFACE('',(#2552),#2550,.T.);
#2554=CARTESIAN_POINT('',(0.7,-12.678885,0.));
#2555=DIRECTION('',(-1.,0.,0.));
#2556=DIRECTION('',(0.,0.,1.));
#2557=AXIS2_PLACEMENT_3D('',#2554,#2555,#2556);
#2558=PLANE('',#2557);
#2559=POLY_LOOP('',(#67,#66,#72));
#2560=FACE_OUTER_BOUND('',#2559,.T.);
#2561=FACE_SURFACE('',(#2560),#2558,.T.);
#2562=CARTESIAN_POINT('',(0.7,-2.,0.));
#2563=DIRECTION('',(0.,-1.,0.));
#2564=DIRECTION('',(0.,0.,1.));
#2565=AXIS2_PLACEMENT_3D('',#2562,#2563,#2564);
#2566=PLANE('',#2565);
#2567=POLY_LOOP('',(#20,#72,#73));
#2568=FACE_OUTER_BOUND('',#2567,.T.);
#2569=FACE_SURFACE('',(#2568),#2566,.T.);
#2570=CARTESIAN_POINT('',(-2.,-2.,0.));
#2571=DIRECTION('',(-1.,0.,0.));
#2572=DIRECTION('',(0.,0.,1.));
#2573=AXIS2_PLACEMENT_3D('',#2570,#2571,#2572);
#2574=PLANE('',#2573);
#2575=POLY_LOOP('',(#37,#73,#145));
#2576=FACE_OUTER_BOUND('',#2575,.T.);
#2577=FACE_SURFACE('',(#2576),#2574,.T.);
#2578=CARTESIAN_POINT('',(4.150903,-16.129787,0.));
#2579=DIRECTION('',(0.,-1.,0.));
#2580=DIRECTION('',(0.990789,0.,0.135417));
#2581=AXIS2_PLACEMENT_3D('',#2578,#2579,#2580);
#2582=PLANE('',#2581);
#2583=POLY_LOOP('',(#70,#175,#196));
#2584=FACE_OUTER_BOUND('',#2583,.T.);
#2585=FACE_SURFACE('',(#2584),#2582,.T.);
#2586=CARTESIAN_POINT('',(-2.,-2.,12.));
#2587=DIRECTION('',(0.,0.,1.));
#2588=DIRECTION('',(1.,0.,0.));
#2589=AXIS2_PLACEMENT_3D('',#2586,#2587,#2588);
#2590=PLANE('',#2589);
#2591=POLY_LOOP('',(#73,#72,#197));
#2592=FACE_OUTER_BOUND('',#2591,.T.);
#2593=FACE_SURFACE('',(#2592),#2590,.T.);
#2594=CARTESIAN_POINT('',(-2.,-2.,12.));
#2595=DIRECTION('',(0.,0.,1.));
#2596=DIRECTION('',(0.707107,0.707107,0.));
#2597=AXIS2_PLACEMENT_3D('',#2594,#2595,#2596);
#2598=PLANE('',#2597);
#2599=POLY_LOOP('',(#73,#197,#198));
#2600=FACE_OUTER_BOUND('',#2599,.T.);
#2601=FACE_SURFACE('',(#2600),#2598,.T.);
#2602=CARTESIAN_POINT('',(-2.,32.38298,0.));
#2603=DIRECTION('',(0.,1.,0.));
#2604=DIRECTION('',(0.,0.,1.));
#2605=AXIS2_PLACEMENT_3D('',#2602,#2603,#2604);
#2606=PLANE('',#2605);
#2607=POLY_LOOP('',(#124,#145,#146));
#2608=FACE_OUTER_BOUND('',#2607,.T.);
#2609=FACE_SURFACE('',(#2608),#2606,.T.);
#2610=CARTESIAN_POINT('',(-2.,-2.,12.));
#2611=DIRECTION('',(0.,0.,1.));
#2612=DIRECTION('',(0.050344,0.998732,0.));
#2613=AXIS2_PLACEMENT_3D('',#2610,#2611,#2612);
#2614=PLANE('',#2613);
#2615=POLY_LOOP('',(#73,#198,#145));
#2616=FACE_OUTER_BOUND('',#2615,.T.);
#2617=FACE_SURFACE('',(#2616),#2614,.T.);
#2618=CARTESIAN_POINT('',(-2.,32.38298,12.));
#2619=DIRECTION('',(0.,0.,1.));
#2620=DIRECTION('',(0.707106,-0.707107,0.));
#2621=AXIS2_PLACEMENT_3D('',#2618,#2619,#2620);
#2622=PLANE('',#2621);
#2623=POLY_LOOP('',(#145,#198,#146));
#2624=FACE_OUTER_BOUND('',#2623,.T.);
#2625=FACE_SURFACE('',(#2624),#2622,.T.);
#2626=CARTESIAN_POINT('',(0.7,32.38298,12.));
#2627=DIRECTION('',(0.,0.,1.));
#2628=DIRECTION('',(-0.536875,-0.843662,0.));
#2629=AXIS2_PLACEMENT_3D('',#2626,#2627,#2628);
#2630=PLANE('',#2629);
#2631=POLY_LOOP('',(#146,#198,#199));
#2632=FACE_OUTER_BOUND('',#2631,.T.);
#2633=FACE_SURFACE('',(#2632),#2630,.T.);
#2634=CARTESIAN_POINT('',(1.723421,-15.106366,12.));
#2635=DIRECTION('',(0.,0.,1.));
#2636=DIRECTION('',(0.999981,-0.006235,0.));
#2637=AXIS2_PLACEMENT_3D('',#2634,#2635,#2636);
#2638=PLANE('',#2637);
#2639=POLY_LOOP('',(#47,#200,#46));
#2640=FACE_OUTER_BOUND('',#2639,.T.);
#2641=FACE_SURFACE('',(#2640),#2638,.T.);
#2642=CARTESIAN_POINT('',(1.287851,-14.575624,12.));
#2643=DIRECTION('',(0.,0.,1.));
#2644=DIRECTION('',(0.999955,-0.009444,0.));
#2645=AXIS2_PLACEMENT_3D('',#2642,#2643,#2644);
#2646=PLANE('',#2645);
#2647=POLY_LOOP('',(#44,#200,#56));
#2648=FACE_OUTER_BOUND('',#2647,.T.);
#2649=FACE_SURFACE('',(#2648),#2646,.T.);
#2650=CARTESIAN_POINT('',(1.287851,-14.575624,12.));
#2651=DIRECTION('',(0.,0.,1.));
#2652=DIRECTION('',(0.5957,-0.803207,0.));
#2653=AXIS2_PLACEMENT_3D('',#2650,#2651,#2652);
#2654=PLANE('',#2653);
#2655=POLY_LOOP('',(#44,#46,#200));
#2656=FACE_OUTER_BOUND('',#2655,.T.);
#2657=FACE_SURFACE('',(#2656),#2654,.T.);
#2658=CARTESIAN_POINT('',(1.111148,-14.280813,12.));
#2659=DIRECTION('',(0.,0.,1.));
#2660=DIRECTION('',(0.999937,-0.011223,0.));
#2661=AXIS2_PLACEMENT_3D('',#2658,#2659,#2660);
#2662=PLANE('',#2661);
#2663=POLY_LOOP('',(#56,#200,#58));
#2664=FACE_OUTER_BOUND('',#2663,.T.);
#2665=FACE_SURFACE('',(#2664),#2662,.T.);
#2666=CARTESIAN_POINT('',(0.964193,-13.970102,12.));
#2667=DIRECTION('',(0.,0.,1.));
#2668=DIRECTION('',(0.999914,-0.013097,0.));
#2669=AXIS2_PLACEMENT_3D('',#2666,#2667,#2668);
#2670=PLANE('',#2669);
#2671=POLY_LOOP('',(#58,#200,#60));
#2672=FACE_OUTER_BOUND('',#2671,.T.);
#2673=FACE_SURFACE('',(#2672),#2670,.T.);
#2674=CARTESIAN_POINT('',(2.254164,-15.541936,12.));
#2675=DIRECTION('',(0.,0.,1.));
#2676=DIRECTION('',(0.857729,-0.514103,0.));
#2677=AXIS2_PLACEMENT_3D('',#2674,#2675,#2676);
#2678=PLANE('',#2677);
#2679=POLY_LOOP('',(#51,#50,#200));
#2680=FACE_OUTER_BOUND('',#2679,.T.);
#2681=FACE_SURFACE('',(#2680),#2678,.T.);
#2682=CARTESIAN_POINT('',(2.548975,-15.718638,12.));
#2683=DIRECTION('',(0.,0.,1.));
#2684=DIRECTION('',(0.903989,-0.427556,0.));
#2685=AXIS2_PLACEMENT_3D('',#2682,#2683,#2684);
#2686=PLANE('',#2685);
#2687=POLY_LOOP('',(#50,#53,#200));
#2688=FACE_OUTER_BOUND('',#2687,.T.);
#2689=FACE_SURFACE('',(#2688),#2686,.T.);
#2690=CARTESIAN_POINT('',(1.978093,-15.337189,12.));
#2691=DIRECTION('',(0.,0.,1.));
#2692=DIRECTION('',(0.999988,-0.004837,0.));
#2693=AXIS2_PLACEMENT_3D('',#2690,#2691,#2692);
#2694=PLANE('',#2693);
#2695=POLY_LOOP('',(#41,#200,#47));
#2696=FACE_OUTER_BOUND('',#2695,.T.);
#2697=FACE_SURFACE('',(#2696),#2694,.T.);
#2698=CARTESIAN_POINT('',(1.978093,-15.337189,12.));
#2699=DIRECTION('',(0.,0.,1.));
#2700=DIRECTION('',(0.803209,-0.595698,0.));
#2701=AXIS2_PLACEMENT_3D('',#2698,#2699,#2700);
#2702=PLANE('',#2701);
#2703=POLY_LOOP('',(#41,#51,#200));
#2704=FACE_OUTER_BOUND('',#2703,.T.);
#2705=FACE_SURFACE('',(#2704),#2702,.T.);
#2706=CARTESIAN_POINT('',(2.859685,-15.865594,12.));
#2707=DIRECTION('',(0.,0.,1.));
#2708=DIRECTION('',(0.941544,-0.336889,0.));
#2709=AXIS2_PLACEMENT_3D('',#2706,#2707,#2708);
#2710=PLANE('',#2709);
#2711=POLY_LOOP('',(#53,#55,#200));
#2712=FACE_OUTER_BOUND('',#2711,.T.);
#2713=FACE_SURFACE('',(#2712),#2710,.T.);
#2714=CARTESIAN_POINT('',(3.183303,-15.981386,12.));
#2715=DIRECTION('',(0.,0.,1.));
#2716=DIRECTION('',(0.970031,-0.242981,0.));
#2717=AXIS2_PLACEMENT_3D('',#2714,#2715,#2716);
#2718=PLANE('',#2717);
#2719=POLY_LOOP('',(#55,#69,#200));
#2720=FACE_OUTER_BOUND('',#2719,.T.);
#2721=FACE_SURFACE('',(#2720),#2718,.T.);
#2722=CARTESIAN_POINT('',(3.516713,-16.064901,12.));
#2723=DIRECTION('',(0.,0.,1.));
#2724=DIRECTION('',(0.989177,-0.146729,0.));
#2725=AXIS2_PLACEMENT_3D('',#2722,#2723,#2724);
#2726=PLANE('',#2725);
#2727=POLY_LOOP('',(#69,#71,#200));
#2728=FACE_OUTER_BOUND('',#2727,.T.);
#2729=FACE_SURFACE('',(#2728),#2726,.T.);
#2730=CARTESIAN_POINT('',(0.714453,-12.973083,12.));
#2731=DIRECTION('',(0.,0.,1.));
#2732=DIRECTION('',(0.999817,-0.019112,0.));
#2733=AXIS2_PLACEMENT_3D('',#2730,#2731,#2732);
#2734=PLANE('',#2733);
#2735=POLY_LOOP('',(#65,#200,#66));
#2736=FACE_OUTER_BOUND('',#2735,.T.);
#2737=FACE_SURFACE('',(#2736),#2734,.T.);
#2738=CARTESIAN_POINT('',(0.848401,-13.646483,12.));
#2739=DIRECTION('',(0.,0.,1.));
#2740=DIRECTION('',(0.999887,-0.015049,0.));
#2741=AXIS2_PLACEMENT_3D('',#2738,#2739,#2740);
#2742=PLANE('',#2741);
#2743=POLY_LOOP('',(#60,#200,#62));
#2744=FACE_OUTER_BOUND('',#2743,.T.);
#2745=FACE_SURFACE('',(#2744),#2742,.T.);
#2746=CARTESIAN_POINT('',(0.714453,-12.973083,12.));
#2747=DIRECTION('',(0.,0.,1.));
#2748=DIRECTION('',(0.14673,-0.989177,0.));
#2749=AXIS2_PLACEMENT_3D('',#2746,#2747,#2748);
#2750=PLANE('',#2749);
#2751=POLY_LOOP('',(#65,#62,#200));
#2752=FACE_OUTER_BOUND('',#2751,.T.);
#2753=FACE_SURFACE('',(#2752),#2750,.T.);
#2754=CARTESIAN_POINT('',(0.7,-12.678885,12.));
#2755=DIRECTION('',(0.,0.,1.));
#2756=DIRECTION('',(0.999782,-0.020891,0.));
#2757=AXIS2_PLACEMENT_3D('',#2754,#2755,#2756);
#2758=PLANE('',#2757);
#2759=POLY_LOOP('',(#66,#200,#72));
#2760=FACE_OUTER_BOUND('',#2759,.T.);
#2761=FACE_SURFACE('',(#2760),#2758,.T.);
#2762=CARTESIAN_POINT('',(3.856704,-16.115334,12.));
#2763=DIRECTION('',(0.,0.,1.));
#2764=DIRECTION('',(0.998795,-0.04907,0.));
#2765=AXIS2_PLACEMENT_3D('',#2762,#2763,#2764);
#2766=PLANE('',#2765);
#2767=POLY_LOOP('',(#71,#196,#200));
#2768=FACE_OUTER_BOUND('',#2767,.T.);
#2769=FACE_SURFACE('',(#2768),#2766,.T.);
#2770=CARTESIAN_POINT('',(0.7,-2.,12.));
#2771=DIRECTION('',(0.,0.,1.));
#2772=DIRECTION('',(0.99636,-0.085246,0.));
#2773=AXIS2_PLACEMENT_3D('',#2770,#2771,#2772);
#2774=PLANE('',#2773);
#2775=POLY_LOOP('',(#72,#200,#197));
#2776=FACE_OUTER_BOUND('',#2775,.T.);
#2777=FACE_SURFACE('',(#2776),#2774,.T.);
#2778=CARTESIAN_POINT('',(4.150903,-16.129787,12.));
#2779=DIRECTION('',(0.,-1.,0.));
#2780=DIRECTION('',(0.998964,0.,-0.045512));
#2781=AXIS2_PLACEMENT_3D('',#2778,#2779,#2780);
#2782=PLANE('',#2781);
#2783=POLY_LOOP('',(#196,#175,#200));
#2784=FACE_OUTER_BOUND('',#2783,.T.);
#2785=FACE_SURFACE('',(#2784),#2782,.T.);
#2786=CARTESIAN_POINT('',(0.7,32.38298,0.));
#2787=DIRECTION('',(-1.,0.,0.));
#2788=DIRECTION('',(0.,0.974984,0.222276));
#2789=AXIS2_PLACEMENT_3D('',#2786,#2787,#2788);
#2790=PLANE('',#2789);
#2791=POLY_LOOP('',(#38,#201,#195));
#2792=FACE_OUTER_BOUND('',#2791,.T.);
#2793=FACE_SURFACE('',(#2792),#2790,.T.);
#2794=CARTESIAN_POINT('',(0.7,85.01931,0.));
#2795=DIRECTION('',(-0.998795,0.049068,0.));
#2796=DIRECTION('',(0.001204,0.024509,0.999699));
#2797=AXIS2_PLACEMENT_3D('',#2794,#2795,#2796);
#2798=PLANE('',#2797);
#2799=POLY_LOOP('',(#195,#202,#203));
#2800=FACE_OUTER_BOUND('',#2799,.T.);
#2801=FACE_SURFACE('',(#2800),#2798,.T.);
#2802=CARTESIAN_POINT('',(0.714453,85.313507,0.));
#2803=DIRECTION('',(-0.989176,0.146731,0.));
#2804=DIRECTION('',(0.004201,0.028321,0.99959));
#2805=AXIS2_PLACEMENT_3D('',#2802,#2803,#2804);
#2806=PLANE('',#2805);
#2807=POLY_LOOP('',(#203,#204,#205));
#2808=FACE_OUTER_BOUND('',#2807,.T.);
#2809=FACE_SURFACE('',(#2808),#2806,.T.);
#2810=CARTESIAN_POINT('',(0.764886,85.653496,0.));
#2811=DIRECTION('',(-0.970032,0.242979,0.));
#2812=DIRECTION('',(0.006957,0.027773,0.99959));
#2813=AXIS2_PLACEMENT_3D('',#2810,#2811,#2812);
#2814=PLANE('',#2813);
#2815=POLY_LOOP('',(#205,#206,#207));
#2816=FACE_OUTER_BOUND('',#2815,.T.);
#2817=FACE_SURFACE('',(#2816),#2814,.T.);
#2818=CARTESIAN_POINT('',(0.848401,85.986908,0.));
#2819=DIRECTION('',(-0.941546,0.336885,0.));
#2820=DIRECTION('',(0.009645,0.026958,0.99959));
#2821=AXIS2_PLACEMENT_3D('',#2818,#2819,#2820);
#2822=PLANE('',#2821);
#2823=POLY_LOOP('',(#207,#208,#209));
#2824=FACE_OUTER_BOUND('',#2823,.T.);
#2825=FACE_SURFACE('',(#2824),#2822,.T.);
#2826=CARTESIAN_POINT('',(0.964193,86.310532,0.));
#2827=DIRECTION('',(-0.903987,0.427559,0.));
#2828=DIRECTION('',(0.012241,0.025882,0.99959));
#2829=AXIS2_PLACEMENT_3D('',#2826,#2827,#2828);
#2830=PLANE('',#2829);
#2831=POLY_LOOP('',(#209,#210,#211));
#2832=FACE_OUTER_BOUND('',#2831,.T.);
#2833=FACE_SURFACE('',(#2832),#2830,.T.);
#2834=CARTESIAN_POINT('',(1.111148,86.621239,0.));
#2835=DIRECTION('',(-0.857726,0.514106,0.));
#2836=DIRECTION('',(0.014719,0.024557,0.99959));
#2837=AXIS2_PLACEMENT_3D('',#2834,#2835,#2836);
#2838=PLANE('',#2837);
#2839=POLY_LOOP('',(#211,#212,#213));
#2840=FACE_OUTER_BOUND('',#2839,.T.);
#2841=FACE_SURFACE('',(#2840),#2838,.T.);
#2842=CARTESIAN_POINT('',(1.287851,86.916046,0.));
#2843=DIRECTION('',(-0.803206,0.595701,0.));
#2844=DIRECTION('',(0.017055,0.022996,0.99959));
#2845=AXIS2_PLACEMENT_3D('',#2842,#2843,#2844);
#2846=PLANE('',#2845);
#2847=POLY_LOOP('',(#213,#214,#215));
#2848=FACE_OUTER_BOUND('',#2847,.T.);
#2849=FACE_SURFACE('',(#2848),#2846,.T.);
#2850=CARTESIAN_POINT('',(1.492599,87.192116,0.));
#2851=DIRECTION('',(-0.740957,0.671553,0.));
#2852=DIRECTION('',(0.019227,0.021214,0.99959));
#2853=AXIS2_PLACEMENT_3D('',#2850,#2851,#2852);
#2854=PLANE('',#2853);
#2855=POLY_LOOP('',(#215,#216,#217));
#2856=FACE_OUTER_BOUND('',#2855,.T.);
#2857=FACE_SURFACE('',(#2856),#2854,.T.);
#2858=CARTESIAN_POINT('',(1.723421,87.446793,0.));
#2859=DIRECTION('',(-0.671556,0.740954,0.));
#2860=DIRECTION('',(0.021214,0.019227,0.99959));
#2861=AXIS2_PLACEMENT_3D('',#2858,#2859,#2860);
#2862=PLANE('',#2861);
#2863=POLY_LOOP('',(#217,#218,#219));
#2864=FACE_OUTER_BOUND('',#2863,.T.);
#2865=FACE_SURFACE('',(#2864),#2862,.T.);
#2866=CARTESIAN_POINT('',(1.978093,87.677612,0.));
#2867=DIRECTION('',(-0.595703,0.803205,0.));
#2868=DIRECTION('',(0.022996,0.017056,0.99959));
#2869=AXIS2_PLACEMENT_3D('',#2866,#2867,#2868);
#2870=PLANE('',#2869);
#2871=POLY_LOOP('',(#219,#220,#221));
#2872=FACE_OUTER_BOUND('',#2871,.T.);
#2873=FACE_SURFACE('',(#2872),#2870,.T.);
#2874=CARTESIAN_POINT('',(2.254164,87.882362,0.));
#2875=DIRECTION('',(-0.514107,0.857726,0.));
#2876=DIRECTION('',(0.024557,0.014719,0.99959));
#2877=AXIS2_PLACEMENT_3D('',#2874,#2875,#2876);
#2878=PLANE('',#2877);
#2879=POLY_LOOP('',(#221,#222,#223));
#2880=FACE_OUTER_BOUND('',#2879,.T.);
#2881=FACE_SURFACE('',(#2880),#2878,.T.);
#2882=CARTESIAN_POINT('',(2.548975,88.059067,0.));
#2883=DIRECTION('',(-0.427542,0.903995,0.));
#2884=DIRECTION('',(0.025882,0.012241,0.99959));
#2885=AXIS2_PLACEMENT_3D('',#2882,#2883,#2884);
#2886=PLANE('',#2885);
#2887=POLY_LOOP('',(#223,#224,#225));
#2888=FACE_OUTER_BOUND('',#2887,.T.);
#2889=FACE_SURFACE('',(#2888),#2886,.T.);
#2890=CARTESIAN_POINT('',(2.859685,88.206017,0.));
#2891=DIRECTION('',(-0.336906,0.941538,0.));
#2892=DIRECTION('',(0.026957,0.009646,0.99959));
#2893=AXIS2_PLACEMENT_3D('',#2890,#2891,#2892);
#2894=PLANE('',#2893);
#2895=POLY_LOOP('',(#225,#226,#227));
#2896=FACE_OUTER_BOUND('',#2895,.T.);
#2897=FACE_SURFACE('',(#2896),#2894,.T.);
#2898=CARTESIAN_POINT('',(3.183304,88.321815,0.));
#2899=DIRECTION('',(-0.242971,0.970034,0.));
#2900=DIRECTION('',(0.027773,0.006956,0.99959));
#2901=AXIS2_PLACEMENT_3D('',#2898,#2899,#2900);
#2902=PLANE('',#2901);
#2903=POLY_LOOP('',(#227,#228,#229));
#2904=FACE_OUTER_BOUND('',#2903,.T.);
#2905=FACE_SURFACE('',(#2904),#2902,.T.);
#2906=CARTESIAN_POINT('',(3.516713,88.405327,0.));
#2907=DIRECTION('',(-0.146723,0.989178,0.));
#2908=DIRECTION('',(0.028321,0.004201,0.99959));
#2909=AXIS2_PLACEMENT_3D('',#2906,#2907,#2908);
#2910=PLANE('',#2909);
#2911=POLY_LOOP('',(#229,#230,#231));
#2912=FACE_OUTER_BOUND('',#2911,.T.);
#2913=FACE_SURFACE('',(#2912),#2910,.T.);
#2914=CARTESIAN_POINT('',(3.856704,88.455757,0.));
#2915=DIRECTION('',(-0.049083,0.998795,0.));
#2916=DIRECTION('',(0.024509,0.001204,0.999699));
#2917=AXIS2_PLACEMENT_3D('',#2914,#2915,#2916);
#2918=PLANE('',#2917);
#2919=POLY_LOOP('',(#231,#232,#233));
#2920=FACE_OUTER_BOUND('',#2919,.T.);
#2921=FACE_SURFACE('',(#2920),#2918,.T.);
#2922=CARTESIAN_POINT('',(0.7,85.01931,0.));
#2923=DIRECTION('',(0.,0.,-1.));
#2924=DIRECTION('',(0.049068,0.998795,0.));
#2925=AXIS2_PLACEMENT_3D('',#2922,#2923,#2924);
#2926=PLANE('',#2925);
#2927=POLY_LOOP('',(#195,#203,#147));
#2928=FACE_OUTER_BOUND('',#2927,.T.);
#2929=FACE_SURFACE('',(#2928),#2926,.T.);
#2930=CARTESIAN_POINT('',(0.714453,85.313507,0.));
#2931=DIRECTION('',(0.,0.,-1.));
#2932=DIRECTION('',(0.146731,0.989176,0.));
#2933=AXIS2_PLACEMENT_3D('',#2930,#2931,#2932);
#2934=PLANE('',#2933);
#2935=POLY_LOOP('',(#203,#205,#147));
#2936=FACE_OUTER_BOUND('',#2935,.T.);
#2937=FACE_SURFACE('',(#2936),#2934,.T.);
#2938=CARTESIAN_POINT('',(0.764886,85.653496,0.));
#2939=DIRECTION('',(0.,0.,-1.));
#2940=DIRECTION('',(0.242979,0.970032,0.));
#2941=AXIS2_PLACEMENT_3D('',#2938,#2939,#2940);
#2942=PLANE('',#2941);
#2943=POLY_LOOP('',(#205,#207,#147));
#2944=FACE_OUTER_BOUND('',#2943,.T.);
#2945=FACE_SURFACE('',(#2944),#2942,.T.);
#2946=CARTESIAN_POINT('',(0.848401,85.986908,0.));
#2947=DIRECTION('',(0.,0.,-1.));
#2948=DIRECTION('',(0.336885,0.941546,0.));
#2949=AXIS2_PLACEMENT_3D('',#2946,#2947,#2948);
#2950=PLANE('',#2949);
#2951=POLY_LOOP('',(#207,#209,#147));
#2952=FACE_OUTER_BOUND('',#2951,.T.);
#2953=FACE_SURFACE('',(#2952),#2950,.T.);
#2954=CARTESIAN_POINT('',(0.964193,86.310532,0.));
#2955=DIRECTION('',(0.,0.,-1.));
#2956=DIRECTION('',(0.427559,0.903987,0.));
#2957=AXIS2_PLACEMENT_3D('',#2954,#2955,#2956);
#2958=PLANE('',#2957);
#2959=POLY_LOOP('',(#209,#211,#147));
#2960=FACE_OUTER_BOUND('',#2959,.T.);
#2961=FACE_SURFACE('',(#2960),#2958,.T.);
#2962=CARTESIAN_POINT('',(1.111148,86.621239,0.));
#2963=DIRECTION('',(0.,0.,-1.));
#2964=DIRECTION('',(0.514106,0.857726,0.));
#2965=AXIS2_PLACEMENT_3D('',#2962,#2963,#2964);
#2966=PLANE('',#2965);
#2967=POLY_LOOP('',(#211,#213,#147));
#2968=FACE_OUTER_BOUND('',#2967,.T.);
#2969=FACE_SURFACE('',(#2968),#2966,.T.);
#2970=CARTESIAN_POINT('',(1.287851,86.916046,0.));
#2971=DIRECTION('',(0.,0.,-1.));
#2972=DIRECTION('',(0.595701,0.803206,0.));
#2973=AXIS2_PLACEMENT_3D('',#2970,#2971,#2972);
#2974=PLANE('',#2973);
#2975=POLY_LOOP('',(#213,#215,#147));
#2976=FACE_OUTER_BOUND('',#2975,.T.);
#2977=FACE_SURFACE('',(#2976),#2974,.T.);
#2978=CARTESIAN_POINT('',(1.492599,87.192116,0.));
#2979=DIRECTION('',(0.,0.,-1.));
#2980=DIRECTION('',(0.671553,0.740957,0.));
#2981=AXIS2_PLACEMENT_3D('',#2978,#2979,#2980);
#2982=PLANE('',#2981);
#2983=POLY_LOOP('',(#215,#217,#147));
#2984=FACE_OUTER_BOUND('',#2983,.T.);
#2985=FACE_SURFACE('',(#2984),#2982,.T.);
#2986=CARTESIAN_POINT('',(1.723421,87.446793,0.));
#2987=DIRECTION('',(0.,0.,-1.));
#2988=DIRECTION('',(0.740954,0.671556,0.));
#2989=AXIS2_PLACEMENT_3D('',#2986,#2987,#2988);
#2990=PLANE('',#2989);
#2991=POLY_LOOP('',(#217,#219,#147));
#2992=FACE_OUTER_BOUND('',#2991,.T.);
#2993=FACE_SURFACE('',(#2992),#2990,.T.);
#2994=CARTESIAN_POINT('',(1.978093,87.677612,0.));
#2995=DIRECTION('',(0.,0.,-1.));
#2996=DIRECTION('',(0.803205,0.595703,0.));
#2997=AXIS2_PLACEMENT_3D('',#2994,#2995,#2996);
#2998=PLANE('',#2997);
#2999=POLY_LOOP('',(#219,#221,#147));
#3000=FACE_OUTER_BOUND('',#2999,.T.);
#3001=FACE_SURFACE('',(#3000),#2998,.T.);
#3002=CARTESIAN_POINT('',(2.254164,87.882362,0.));
#3003=DIRECTION('',(0.,0.,-1.));
#3004=DIRECTION('',(0.857726,0.514107,0.));
#3005=AXIS2_PLACEMENT_3D('',#3002,#3003,#3004);
#3006=PLANE('',#3005);
#3007=POLY_LOOP('',(#221,#223,#147));
#3008=FACE_OUTER_BOUND('',#3007,.T.);
#3009=FACE_SURFACE('',(#3008),#3006,.T.);
#3010=CARTESIAN_POINT('',(2.548975,88.059067,0.));
#3011=DIRECTION('',(0.,0.,-1.));
#3012=DIRECTION('',(0.903995,0.427542,0.));
#3013=AXIS2_PLACEMENT_3D('',#3010,#3011,#3012);
#3014=PLANE('',#3013);
#3015=POLY_LOOP('',(#223,#225,#147));
#3016=FACE_OUTER_BOUND('',#3015,.T.);
#3017=FACE_SURFACE('',(#3016),#3014,.T.);
#3018=CARTESIAN_POINT('',(2.859685,88.206017,0.));
#3019=DIRECTION('',(0.,0.,-1.));
#3020=DIRECTION('',(0.941538,0.336906,0.));
#3021=AXIS2_PLACEMENT_3D('',#3018,#3019,#3020);
#3022=PLANE('',#3021);
#3023=POLY_LOOP('',(#225,#227,#147));
#3024=FACE_OUTER_BOUND('',#3023,.T.);
#3025=FACE_SURFACE('',(#3024),#3022,.T.);
#3026=CARTESIAN_POINT('',(3.183304,88.321815,0.));
#3027=DIRECTION('',(0.,0.,-1.));
#3028=DIRECTION('',(0.970034,0.242971,0.));
#3029=AXIS2_PLACEMENT_3D('',#3026,#3027,#3028);
#3030=PLANE('',#3029);
#3031=POLY_LOOP('',(#227,#229,#147));
#3032=FACE_OUTER_BOUND('',#3031,.T.);
#3033=FACE_SURFACE('',(#3032),#3030,.T.);
#3034=CARTESIAN_POINT('',(3.516713,88.405327,0.));
#3035=DIRECTION('',(0.,0.,-1.));
#3036=DIRECTION('',(0.989178,0.146723,0.));
#3037=AXIS2_PLACEMENT_3D('',#3034,#3035,#3036);
#3038=PLANE('',#3037);
#3039=POLY_LOOP('',(#229,#231,#147));
#3040=FACE_OUTER_BOUND('',#3039,.T.);
#3041=FACE_SURFACE('',(#3040),#3038,.T.);
#3042=CARTESIAN_POINT('',(3.856704,88.455757,0.));
#3043=DIRECTION('',(0.,0.,-1.));
#3044=DIRECTION('',(0.998795,0.049083,0.));
#3045=AXIS2_PLACEMENT_3D('',#3042,#3043,#3044);
#3046=PLANE('',#3045);
#3047=POLY_LOOP('',(#231,#233,#147));
#3048=FACE_OUTER_BOUND('',#3047,.T.);
#3049=FACE_SURFACE('',(#3048),#3046,.T.);
#3050=CARTESIAN_POINT('',(0.7,32.38298,0.));
#3051=DIRECTION('',(-1.,0.,0.));
#3052=DIRECTION('',(0.,0.,1.));
#3053=AXIS2_PLACEMENT_3D('',#3050,#3051,#3052);
#3054=PLANE('',#3053);
#3055=POLY_LOOP('',(#38,#146,#201));
#3056=FACE_OUTER_BOUND('',#3055,.T.);
#3057=FACE_SURFACE('',(#3056),#3054,.T.);
#3058=CARTESIAN_POINT('',(0.7,32.38298,12.));
#3059=DIRECTION('',(0.,0.,1.));
#3060=DIRECTION('',(0.97277,-0.231772,0.));
#3061=AXIS2_PLACEMENT_3D('',#3058,#3059,#3060);
#3062=PLANE('',#3061);
#3063=POLY_LOOP('',(#146,#199,#201));
#3064=FACE_OUTER_BOUND('',#3063,.T.);
#3065=FACE_SURFACE('',(#3064),#3062,.T.);
#3066=CARTESIAN_POINT('',(0.7,85.01931,12.));
#3067=DIRECTION('',(0.,0.,1.));
#3068=DIRECTION('',(0.126543,-0.991961,0.));
#3069=AXIS2_PLACEMENT_3D('',#3066,#3067,#3068);
#3070=PLANE('',#3069);
#3071=POLY_LOOP('',(#201,#199,#234));
#3072=FACE_OUTER_BOUND('',#3071,.T.);
#3073=FACE_SURFACE('',(#3072),#3070,.T.);
#3074=CARTESIAN_POINT('',(0.7,85.01931,12.));
#3075=DIRECTION('',(0.,0.,1.));
#3076=DIRECTION('',(0.15421,-0.988038,0.));
#3077=AXIS2_PLACEMENT_3D('',#3074,#3075,#3076);
#3078=PLANE('',#3077);
#3079=POLY_LOOP('',(#201,#234,#235));
#3080=FACE_OUTER_BOUND('',#3079,.T.);
#3081=FACE_SURFACE('',(#3080),#3078,.T.);
#3082=CARTESIAN_POINT('',(0.7,85.01931,12.));
#3083=DIRECTION('',(0.,0.,1.));
#3084=DIRECTION('',(0.187438,-0.982276,0.));
#3085=AXIS2_PLACEMENT_3D('',#3082,#3083,#3084);
#3086=PLANE('',#3085);
#3087=POLY_LOOP('',(#201,#235,#236));
#3088=FACE_OUTER_BOUND('',#3087,.T.);
#3089=FACE_SURFACE('',(#3088),#3086,.T.);
#3090=CARTESIAN_POINT('',(0.7,85.01931,12.));
#3091=DIRECTION('',(0.,0.,1.));
#3092=DIRECTION('',(0.224043,-0.974579,0.));
#3093=AXIS2_PLACEMENT_3D('',#3090,#3091,#3092);
#3094=PLANE('',#3093);
#3095=POLY_LOOP('',(#201,#236,#237));
#3096=FACE_OUTER_BOUND('',#3095,.T.);
#3097=FACE_SURFACE('',(#3096),#3094,.T.);
#3098=CARTESIAN_POINT('',(0.7,85.01931,12.));
#3099=DIRECTION('',(0.,0.,1.));
#3100=DIRECTION('',(0.264033,-0.964514,0.));
#3101=AXIS2_PLACEMENT_3D('',#3098,#3099,#3100);
#3102=PLANE('',#3101);
#3103=POLY_LOOP('',(#201,#237,#238));
#3104=FACE_OUTER_BOUND('',#3103,.T.);
#3105=FACE_SURFACE('',(#3104),#3102,.T.);
#3106=CARTESIAN_POINT('',(0.7,85.01931,12.));
#3107=DIRECTION('',(0.,0.,1.));
#3108=DIRECTION('',(0.307296,-0.951614,0.));
#3109=AXIS2_PLACEMENT_3D('',#3106,#3107,#3108);
#3110=PLANE('',#3109);
#3111=POLY_LOOP('',(#201,#238,#239));
#3112=FACE_OUTER_BOUND('',#3111,.T.);
#3113=FACE_SURFACE('',(#3112),#3110,.T.);
#3114=CARTESIAN_POINT('',(0.7,85.01931,12.));
#3115=DIRECTION('',(0.,0.,1.));
#3116=DIRECTION('',(0.353578,-0.935405,0.));
#3117=AXIS2_PLACEMENT_3D('',#3114,#3115,#3116);
#3118=PLANE('',#3117);
#3119=POLY_LOOP('',(#201,#239,#240));
#3120=FACE_OUTER_BOUND('',#3119,.T.);
#3121=FACE_SURFACE('',(#3120),#3118,.T.);
#3122=CARTESIAN_POINT('',(0.7,85.01931,12.));
#3123=DIRECTION('',(0.,0.,1.));
#3124=DIRECTION('',(0.402446,-0.915444,0.));
#3125=AXIS2_PLACEMENT_3D('',#3122,#3123,#3124);
#3126=PLANE('',#3125);
#3127=POLY_LOOP('',(#201,#240,#241));
#3128=FACE_OUTER_BOUND('',#3127,.T.);
#3129=FACE_SURFACE('',(#3128),#3126,.T.);
#3130=CARTESIAN_POINT('',(0.7,85.01931,12.));
#3131=DIRECTION('',(0.,0.,1.));
#3132=DIRECTION('',(0.45328,-0.891368,0.));
#3133=AXIS2_PLACEMENT_3D('',#3130,#3131,#3132);
#3134=PLANE('',#3133);
#3135=POLY_LOOP('',(#201,#241,#242));
#3136=FACE_OUTER_BOUND('',#3135,.T.);
#3137=FACE_SURFACE('',(#3136),#3134,.T.);
#3138=CARTESIAN_POINT('',(0.7,85.01931,12.));
#3139=DIRECTION('',(0.,0.,1.));
#3140=DIRECTION('',(0.505276,-0.862958,0.));
#3141=AXIS2_PLACEMENT_3D('',#3138,#3139,#3140);
#3142=PLANE('',#3141);
#3143=POLY_LOOP('',(#201,#242,#243));
#3144=FACE_OUTER_BOUND('',#3143,.T.);
#3145=FACE_SURFACE('',(#3144),#3142,.T.);
#3146=CARTESIAN_POINT('',(0.7,85.01931,0.));
#3147=DIRECTION('',(-0.998795,0.049068,0.));
#3148=DIRECTION('',(0.,0.,1.));
#3149=AXIS2_PLACEMENT_3D('',#3146,#3147,#3148);
#3150=PLANE('',#3149);
#3151=POLY_LOOP('',(#195,#201,#202));
#3152=FACE_OUTER_BOUND('',#3151,.T.);
#3153=FACE_SURFACE('',(#3152),#3150,.T.);
#3154=CARTESIAN_POINT('',(0.714453,85.313507,0.));
#3155=DIRECTION('',(-0.989176,0.146731,0.));
#3156=DIRECTION('',(0.,0.,1.));
#3157=AXIS2_PLACEMENT_3D('',#3154,#3155,#3156);
#3158=PLANE('',#3157);
#3159=POLY_LOOP('',(#203,#202,#204));
#3160=FACE_OUTER_BOUND('',#3159,.T.);
#3161=FACE_SURFACE('',(#3160),#3158,.T.);
#3162=CARTESIAN_POINT('',(0.764886,85.653496,0.));
#3163=DIRECTION('',(-0.970032,0.242979,0.));
#3164=DIRECTION('',(0.,0.,1.));
#3165=AXIS2_PLACEMENT_3D('',#3162,#3163,#3164);
#3166=PLANE('',#3165);
#3167=POLY_LOOP('',(#205,#204,#206));
#3168=FACE_OUTER_BOUND('',#3167,.T.);
#3169=FACE_SURFACE('',(#3168),#3166,.T.);
#3170=CARTESIAN_POINT('',(0.848401,85.986908,0.));
#3171=DIRECTION('',(-0.941546,0.336885,0.));
#3172=DIRECTION('',(0.,0.,1.));
#3173=AXIS2_PLACEMENT_3D('',#3170,#3171,#3172);
#3174=PLANE('',#3173);
#3175=POLY_LOOP('',(#207,#206,#208));
#3176=FACE_OUTER_BOUND('',#3175,.T.);
#3177=FACE_SURFACE('',(#3176),#3174,.T.);
#3178=CARTESIAN_POINT('',(0.964193,86.310532,0.));
#3179=DIRECTION('',(-0.903987,0.427559,0.));
#3180=DIRECTION('',(0.,0.,1.));
#3181=AXIS2_PLACEMENT_3D('',#3178,#3179,#3180);
#3182=PLANE('',#3181);
#3183=POLY_LOOP('',(#209,#208,#210));
#3184=FACE_OUTER_BOUND('',#3183,.T.);
#3185=FACE_SURFACE('',(#3184),#3182,.T.);
#3186=CARTESIAN_POINT('',(1.111148,86.621239,0.));
#3187=DIRECTION('',(-0.857726,0.514106,0.));
#3188=DIRECTION('',(0.,0.,1.));
#3189=AXIS2_PLACEMENT_3D('',#3186,#3187,#3188);
#3190=PLANE('',#3189);
#3191=POLY_LOOP('',(#211,#210,#212));
#3192=FACE_OUTER_BOUND('',#3191,.T.);
#3193=FACE_SURFACE('',(#3192),#3190,.T.);
#3194=CARTESIAN_POINT('',(1.287851,86.916046,0.));
#3195=DIRECTION('',(-0.803206,0.595701,0.));
#3196=DIRECTION('',(0.,0.,1.));
#3197=AXIS2_PLACEMENT_3D('',#3194,#3195,#3196);
#3198=PLANE('',#3197);
#3199=POLY_LOOP('',(#213,#212,#214));
#3200=FACE_OUTER_BOUND('',#3199,.T.);
#3201=FACE_SURFACE('',(#3200),#3198,.T.);
#3202=CARTESIAN_POINT('',(1.492599,87.192116,0.));
#3203=DIRECTION('',(-0.740957,0.671553,0.));
#3204=DIRECTION('',(0.,0.,1.));
#3205=AXIS2_PLACEMENT_3D('',#3202,#3203,#3204);
#3206=PLANE('',#3205);
#3207=POLY_LOOP('',(#215,#214,#216));
#3208=FACE_OUTER_BOUND('',#3207,.T.);
#3209=FACE_SURFACE('',(#3208),#3206,.T.);
#3210=CARTESIAN_POINT('',(1.723421,87.446793,0.));
#3211=DIRECTION('',(-0.671556,0.740954,0.));
#3212=DIRECTION('',(0.,0.,1.));
#3213=AXIS2_PLACEMENT_3D('',#3210,#3211,#3212);
#3214=PLANE('',#3213);
#3215=POLY_LOOP('',(#217,#216,#218));
#3216=FACE_OUTER_BOUND('',#3215,.T.);
#3217=FACE_SURFACE('',(#3216),#3214,.T.);
#3218=CARTESIAN_POINT('',(1.978093,87.677612,0.));
#3219=DIRECTION('',(-0.595703,0.803205,0.));
#3220=DIRECTION('',(0.,0.,1.));
#3221=AXIS2_PLACEMENT_3D('',#3218,#3219,#3220);
#3222=PLANE('',#3221);
#3223=POLY_LOOP('',(#219,#218,#220));
#3224=FACE_OUTER_BOUND('',#3223,.T.);
#3225=FACE_SURFACE('',(#3224),#3222,.T.);
#3226=CARTESIAN_POINT('',(2.254164,87.882362,0.));
#3227=DIRECTION('',(-0.514107,0.857726,0.));
#3228=DIRECTION('',(0.,0.,1.));
#3229=AXIS2_PLACEMENT_3D('',#3226,#3227,#3228);
#3230=PLANE('',#3229);
#3231=POLY_LOOP('',(#221,#220,#222));
#3232=FACE_OUTER_BOUND('',#3231,.T.);
#3233=FACE_SURFACE('',(#3232),#3230,.T.);
#3234=CARTESIAN_POINT('',(2.548975,88.059067,0.));
#3235=DIRECTION('',(-0.427542,0.903995,0.));
#3236=DIRECTION('',(0.,0.,1.));
#3237=AXIS2_PLACEMENT_3D('',#3234,#3235,#3236);
#3238=PLANE('',#3237);
#3239=POLY_LOOP('',(#223,#222,#224));
#3240=FACE_OUTER_BOUND('',#3239,.T.);
#3241=FACE_SURFACE('',(#3240),#3238,.T.);
#3242=CARTESIAN_POINT('',(2.859685,88.206017,0.));
#3243=DIRECTION('',(-0.336906,0.941538,0.));
#3244=DIRECTION('',(0.,0.,1.));
#3245=AXIS2_PLACEMENT_3D('',#3242,#3243,#3244);
#3246=PLANE('',#3245);
#3247=POLY_LOOP('',(#225,#224,#226));
#3248=FACE_OUTER_BOUND('',#3247,.T.);
#3249=FACE_SURFACE('',(#3248),#3246,.T.);
#3250=CARTESIAN_POINT('',(3.183304,88.321815,0.));
#3251=DIRECTION('',(-0.242971,0.970034,0.));
#3252=DIRECTION('',(0.,0.,1.));
#3253=AXIS2_PLACEMENT_3D('',#3250,#3251,#3252);
#3254=PLANE('',#3253);
#3255=POLY_LOOP('',(#227,#226,#228));
#3256=FACE_OUTER_BOUND('',#3255,.T.);
#3257=FACE_SURFACE('',(#3256),#3254,.T.);
#3258=CARTESIAN_POINT('',(3.516713,88.405327,0.));
#3259=DIRECTION('',(-0.146723,0.989178,0.));
#3260=DIRECTION('',(0.,0.,1.));
#3261=AXIS2_PLACEMENT_3D('',#3258,#3259,#3260);
#3262=PLANE('',#3261);
#3263=POLY_LOOP('',(#229,#228,#230));
#3264=FACE_OUTER_BOUND('',#3263,.T.);
#3265=FACE_SURFACE('',(#3264),#3262,.T.);
#3266=CARTESIAN_POINT('',(3.856704,88.455757,0.));
#3267=DIRECTION('',(-0.049083,0.998795,0.));
#3268=DIRECTION('',(0.,0.,1.));
#3269=AXIS2_PLACEMENT_3D('',#3266,#3267,#3268);
#3270=PLANE('',#3269);
#3271=POLY_LOOP('',(#231,#230,#232));
#3272=FACE_OUTER_BOUND('',#3271,.T.);
#3273=FACE_SURFACE('',(#3272),#3270,.T.);
#3274=CARTESIAN_POINT('',(0.7,85.01931,12.));
#3275=DIRECTION('',(0.,0.,1.));
#3276=DIRECTION('',(0.557479,-0.830191,0.));
#3277=AXIS2_PLACEMENT_3D('',#3274,#3275,#3276);
#3278=PLANE('',#3277);
#3279=POLY_LOOP('',(#201,#243,#244));
#3280=FACE_OUTER_BOUND('',#3279,.T.);
#3281=FACE_SURFACE('',(#3280),#3278,.T.);
#3282=CARTESIAN_POINT('',(0.7,85.01931,12.));
#3283=DIRECTION('',(0.,0.,1.));
#3284=DIRECTION('',(0.608847,-0.793288,0.));
#3285=AXIS2_PLACEMENT_3D('',#3282,#3283,#3284);
#3286=PLANE('',#3285);
#3287=POLY_LOOP('',(#201,#244,#245));
#3288=FACE_OUTER_BOUND('',#3287,.T.);
#3289=FACE_SURFACE('',(#3288),#3286,.T.);
#3290=CARTESIAN_POINT('',(0.7,85.01931,12.));
#3291=DIRECTION('',(0.,0.,1.));
#3292=DIRECTION('',(0.658335,-0.752725,0.));
#3293=AXIS2_PLACEMENT_3D('',#3290,#3291,#3292);
#3294=PLANE('',#3293);
#3295=POLY_LOOP('',(#201,#245,#246));
#3296=FACE_OUTER_BOUND('',#3295,.T.);
#3297=FACE_SURFACE('',(#3296),#3294,.T.);
#3298=CARTESIAN_POINT('',(0.7,85.01931,12.));
#3299=DIRECTION('',(0.,0.,1.));
#3300=DIRECTION('',(0.877287,-0.479967,0.));
#3301=AXIS2_PLACEMENT_3D('',#3298,#3299,#3300);
#3302=PLANE('',#3301);
#3303=POLY_LOOP('',(#201,#247,#202));
#3304=FACE_OUTER_BOUND('',#3303,.T.);
#3305=FACE_SURFACE('',(#3304),#3302,.T.);
#3306=CARTESIAN_POINT('',(0.714453,85.313507,12.));
#3307=DIRECTION('',(0.,0.,1.));
#3308=DIRECTION('',(0.874457,-0.485103,0.));
#3309=AXIS2_PLACEMENT_3D('',#3306,#3307,#3308);
#3310=PLANE('',#3309);
#3311=POLY_LOOP('',(#202,#247,#204));
#3312=FACE_OUTER_BOUND('',#3311,.T.);
#3313=FACE_SURFACE('',(#3312),#3310,.T.);
#3314=CARTESIAN_POINT('',(0.764886,85.653496,12.));
#3315=DIRECTION('',(0.,0.,1.));
#3316=DIRECTION('',(0.870991,-0.4913,0.));
#3317=AXIS2_PLACEMENT_3D('',#3314,#3315,#3316);
#3318=PLANE('',#3317);
#3319=POLY_LOOP('',(#204,#247,#206));
#3320=FACE_OUTER_BOUND('',#3319,.T.);
#3321=FACE_SURFACE('',(#3320),#3318,.T.);
#3322=CARTESIAN_POINT('',(0.848401,85.986908,12.));
#3323=DIRECTION('',(0.,0.,1.));
#3324=DIRECTION('',(0.867382,-0.497643,0.));
#3325=AXIS2_PLACEMENT_3D('',#3322,#3323,#3324);
#3326=PLANE('',#3325);
#3327=POLY_LOOP('',(#206,#247,#208));
#3328=FACE_OUTER_BOUND('',#3327,.T.);
#3329=FACE_SURFACE('',(#3328),#3326,.T.);
#3330=CARTESIAN_POINT('',(0.964193,86.310532,12.));
#3331=DIRECTION('',(0.,0.,1.));
#3332=DIRECTION('',(0.863655,-0.504083,0.));
#3333=AXIS2_PLACEMENT_3D('',#3330,#3331,#3332);
#3334=PLANE('',#3333);
#3335=POLY_LOOP('',(#208,#247,#210));
#3336=FACE_OUTER_BOUND('',#3335,.T.);
#3337=FACE_SURFACE('',(#3336),#3334,.T.);
#3338=CARTESIAN_POINT('',(1.111148,86.621239,12.));
#3339=DIRECTION('',(0.,0.,1.));
#3340=DIRECTION('',(0.859837,-0.510568,0.));
#3341=AXIS2_PLACEMENT_3D('',#3338,#3339,#3340);
#3342=PLANE('',#3341);
#3343=POLY_LOOP('',(#210,#247,#212));
#3344=FACE_OUTER_BOUND('',#3343,.T.);
#3345=FACE_SURFACE('',(#3344),#3342,.T.);
#3346=CARTESIAN_POINT('',(1.287851,86.916046,12.));
#3347=DIRECTION('',(0.,0.,1.));
#3348=DIRECTION('',(0.855956,-0.517048,0.));
#3349=AXIS2_PLACEMENT_3D('',#3346,#3347,#3348);
#3350=PLANE('',#3349);
#3351=POLY_LOOP('',(#212,#247,#214));
#3352=FACE_OUTER_BOUND('',#3351,.T.);
#3353=FACE_SURFACE('',(#3352),#3350,.T.);
#3354=CARTESIAN_POINT('',(1.492599,87.192116,12.));
#3355=DIRECTION('',(0.,0.,1.));
#3356=DIRECTION('',(0.852042,-0.523474,0.));
#3357=AXIS2_PLACEMENT_3D('',#3354,#3355,#3356);
#3358=PLANE('',#3357);
#3359=POLY_LOOP('',(#214,#247,#216));
#3360=FACE_OUTER_BOUND('',#3359,.T.);
#3361=FACE_SURFACE('',(#3360),#3358,.T.);
#3362=CARTESIAN_POINT('',(1.723421,87.446793,12.));
#3363=DIRECTION('',(0.,0.,1.));
#3364=DIRECTION('',(0.848124,-0.529798,0.));
#3365=AXIS2_PLACEMENT_3D('',#3362,#3363,#3364);
#3366=PLANE('',#3365);
#3367=POLY_LOOP('',(#216,#247,#218));
#3368=FACE_OUTER_BOUND('',#3367,.T.);
#3369=FACE_SURFACE('',(#3368),#3366,.T.);
#3370=CARTESIAN_POINT('',(1.978093,87.677612,12.));
#3371=DIRECTION('',(0.,0.,1.));
#3372=DIRECTION('',(0.86957,-0.49381,0.));
#3373=AXIS2_PLACEMENT_3D('',#3370,#3371,#3372);
#3374=PLANE('',#3373);
#3375=POLY_LOOP('',(#218,#248,#220));
#3376=FACE_OUTER_BOUND('',#3375,.T.);
#3377=FACE_SURFACE('',(#3376),#3374,.T.);
#3378=CARTESIAN_POINT('',(2.254164,87.882362,12.));
#3379=DIRECTION('',(0.,0.,1.));
#3380=DIRECTION('',(0.866209,-0.499681,0.));
#3381=AXIS2_PLACEMENT_3D('',#3378,#3379,#3380);
#3382=PLANE('',#3381);
#3383=POLY_LOOP('',(#220,#248,#222));
#3384=FACE_OUTER_BOUND('',#3383,.T.);
#3385=FACE_SURFACE('',(#3384),#3382,.T.);
#3386=CARTESIAN_POINT('',(2.548975,88.059067,12.));
#3387=DIRECTION('',(0.,0.,1.));
#3388=DIRECTION('',(0.86295,-0.505289,0.));
#3389=AXIS2_PLACEMENT_3D('',#3386,#3387,#3388);
#3390=PLANE('',#3389);
#3391=POLY_LOOP('',(#222,#248,#224));
#3392=FACE_OUTER_BOUND('',#3391,.T.);
#3393=FACE_SURFACE('',(#3392),#3390,.T.);
#3394=CARTESIAN_POINT('',(2.859685,88.206017,12.));
#3395=DIRECTION('',(0.,0.,1.));
#3396=DIRECTION('',(0.859824,-0.510591,0.));
#3397=AXIS2_PLACEMENT_3D('',#3394,#3395,#3396);
#3398=PLANE('',#3397);
#3399=POLY_LOOP('',(#224,#248,#226));
#3400=FACE_OUTER_BOUND('',#3399,.T.);
#3401=FACE_SURFACE('',(#3400),#3398,.T.);
#3402=CARTESIAN_POINT('',(3.183304,88.321815,12.));
#3403=DIRECTION('',(0.,0.,1.));
#3404=DIRECTION('',(0.856864,-0.515543,0.));
#3405=AXIS2_PLACEMENT_3D('',#3402,#3403,#3404);
#3406=PLANE('',#3405);
#3407=POLY_LOOP('',(#226,#248,#228));
#3408=FACE_OUTER_BOUND('',#3407,.T.);
#3409=FACE_SURFACE('',(#3408),#3406,.T.);
#3410=CARTESIAN_POINT('',(3.516713,88.405327,12.));
#3411=DIRECTION('',(0.,0.,1.));
#3412=DIRECTION('',(0.854102,-0.520105,0.));
#3413=AXIS2_PLACEMENT_3D('',#3410,#3411,#3412);
#3414=PLANE('',#3413);
#3415=POLY_LOOP('',(#228,#248,#230));
#3416=FACE_OUTER_BOUND('',#3415,.T.);
#3417=FACE_SURFACE('',(#3416),#3414,.T.);
#3418=CARTESIAN_POINT('',(3.856704,88.455757,12.));
#3419=DIRECTION('',(0.,0.,1.));
#3420=DIRECTION('',(0.851573,-0.524237,0.));
#3421=AXIS2_PLACEMENT_3D('',#3418,#3419,#3420);
#3422=PLANE('',#3421);
#3423=POLY_LOOP('',(#230,#248,#232));
#3424=FACE_OUTER_BOUND('',#3423,.T.);
#3425=FACE_SURFACE('',(#3424),#3422,.T.);
#3426=CARTESIAN_POINT('',(0.7,85.01931,12.));
#3427=DIRECTION('',(0.,0.,1.));
#3428=DIRECTION('',(0.704993,-0.709214,0.));
#3429=AXIS2_PLACEMENT_3D('',#3426,#3427,#3428);
#3430=PLANE('',#3429);
#3431=POLY_LOOP('',(#201,#246,#249));
#3432=FACE_OUTER_BOUND('',#3431,.T.);
#3433=FACE_SURFACE('',(#3432),#3430,.T.);
#3434=CARTESIAN_POINT('',(0.7,85.01931,12.));
#3435=DIRECTION('',(0.,0.,1.));
#3436=DIRECTION('',(0.74805,-0.663643,0.));
#3437=AXIS2_PLACEMENT_3D('',#3434,#3435,#3436);
#3438=PLANE('',#3437);
#3439=POLY_LOOP('',(#201,#249,#250));
#3440=FACE_OUTER_BOUND('',#3439,.T.);
#3441=FACE_SURFACE('',(#3440),#3438,.T.);
#3442=CARTESIAN_POINT('',(0.7,85.01931,12.));
#3443=DIRECTION('',(0.,0.,1.));
#3444=DIRECTION('',(0.786968,-0.616993,0.));
#3445=AXIS2_PLACEMENT_3D('',#3442,#3443,#3444);
#3446=PLANE('',#3445);
#3447=POLY_LOOP('',(#201,#250,#251));
#3448=FACE_OUTER_BOUND('',#3447,.T.);
#3449=FACE_SURFACE('',(#3448),#3446,.T.);
#3450=CARTESIAN_POINT('',(0.7,85.01931,12.));
#3451=DIRECTION('',(0.,0.,1.));
#3452=DIRECTION('',(0.821471,-0.57025,0.));
#3453=AXIS2_PLACEMENT_3D('',#3450,#3451,#3452);
#3454=PLANE('',#3453);
#3455=POLY_LOOP('',(#201,#251,#252));
#3456=FACE_OUTER_BOUND('',#3455,.T.);
#3457=FACE_SURFACE('',(#3456),#3454,.T.);
#3458=CARTESIAN_POINT('',(0.7,85.01931,12.));
#3459=DIRECTION('',(0.,0.,1.));
#3460=DIRECTION('',(0.851522,-0.524319,0.));
#3461=AXIS2_PLACEMENT_3D('',#3458,#3459,#3460);
#3462=PLANE('',#3461);
#3463=POLY_LOOP('',(#201,#252,#247));
#3464=FACE_OUTER_BOUND('',#3463,.T.);
#3465=FACE_SURFACE('',(#3464),#3462,.T.);
#3466=CARTESIAN_POINT('',(1.978093,87.677612,12.));
#3467=DIRECTION('',(0.,0.,1.));
#3468=DIRECTION('',(0.844235,-0.535973,0.));
#3469=AXIS2_PLACEMENT_3D('',#3466,#3467,#3468);
#3470=PLANE('',#3469);
#3471=POLY_LOOP('',(#218,#247,#248));
#3472=FACE_OUTER_BOUND('',#3471,.T.);
#3473=FACE_SURFACE('',(#3472),#3470,.T.);
#3474=CARTESIAN_POINT('',(4.150903,88.470215,12.));
#3475=DIRECTION('',(0.,0.,1.));
#3476=DIRECTION('',(0.849633,-0.527374,0.));
#3477=AXIS2_PLACEMENT_3D('',#3474,#3475,#3476);
#3478=PLANE('',#3477);
#3479=POLY_LOOP('',(#232,#248,#253));
#3480=FACE_OUTER_BOUND('',#3479,.T.);
#3481=FACE_SURFACE('',(#3480),#3478,.T.);
#3482=CARTESIAN_POINT('',(4.150903,88.470215,12.));
#3483=DIRECTION('',(0.,0.,1.));
#3484=DIRECTION('',(0.874055,-0.485828,0.));
#3485=AXIS2_PLACEMENT_3D('',#3482,#3483,#3484);
#3486=PLANE('',#3485);
#3487=POLY_LOOP('',(#232,#253,#254));
#3488=FACE_OUTER_BOUND('',#3487,.T.);
#3489=FACE_SURFACE('',(#3488),#3486,.T.);
#3490=CARTESIAN_POINT('',(4.150903,88.470215,12.));
#3491=DIRECTION('',(0.,0.,1.));
#3492=DIRECTION('',(0.894746,-0.446575,0.));
#3493=AXIS2_PLACEMENT_3D('',#3490,#3491,#3492);
#3494=PLANE('',#3493);
#3495=POLY_LOOP('',(#232,#254,#255));
#3496=FACE_OUTER_BOUND('',#3495,.T.);
#3497=FACE_SURFACE('',(#3496),#3494,.T.);
#3498=CARTESIAN_POINT('',(4.150903,88.470215,12.));
#3499=DIRECTION('',(0.,0.,1.));
#3500=DIRECTION('',(0.912111,-0.409943,0.));
#3501=AXIS2_PLACEMENT_3D('',#3498,#3499,#3500);
#3502=PLANE('',#3501);
#3503=POLY_LOOP('',(#232,#255,#256));
#3504=FACE_OUTER_BOUND('',#3503,.T.);
#3505=FACE_SURFACE('',(#3504),#3502,.T.);
#3506=CARTESIAN_POINT('',(4.150903,88.470215,12.));
#3507=DIRECTION('',(0.,0.,1.));
#3508=DIRECTION('',(0.926572,-0.376117,0.));
#3509=AXIS2_PLACEMENT_3D('',#3506,#3507,#3508);
#3510=PLANE('',#3509);
#3511=POLY_LOOP('',(#232,#256,#257));
#3512=FACE_OUTER_BOUND('',#3511,.T.);
#3513=FACE_SURFACE('',(#3512),#3510,.T.);
#3514=CARTESIAN_POINT('',(4.150903,88.470215,12.));
#3515=DIRECTION('',(0.,0.,1.));
#3516=DIRECTION('',(0.938541,-0.345169,0.));
#3517=AXIS2_PLACEMENT_3D('',#3514,#3515,#3516);
#3518=PLANE('',#3517);
#3519=POLY_LOOP('',(#232,#257,#258));
#3520=FACE_OUTER_BOUND('',#3519,.T.);
#3521=FACE_SURFACE('',(#3520),#3518,.T.);
#3522=CARTESIAN_POINT('',(4.150903,88.470215,12.));
#3523=DIRECTION('',(0.,0.,1.));
#3524=DIRECTION('',(0.948398,-0.317084,0.));
#3525=AXIS2_PLACEMENT_3D('',#3522,#3523,#3524);
#3526=PLANE('',#3525);
#3527=POLY_LOOP('',(#232,#258,#259));
#3528=FACE_OUTER_BOUND('',#3527,.T.);
#3529=FACE_SURFACE('',(#3528),#3526,.T.);
#3530=CARTESIAN_POINT('',(4.150903,88.470215,0.));
#3531=DIRECTION('',(0.,1.,0.));
#3532=DIRECTION('',(0.,0.,1.));
#3533=AXIS2_PLACEMENT_3D('',#3530,#3531,#3532);
#3534=PLANE('',#3533);
#3535=POLY_LOOP('',(#233,#232,#260));
#3536=FACE_OUTER_BOUND('',#3535,.T.);
#3537=FACE_SURFACE('',(#3536),#3534,.T.);
#3538=CARTESIAN_POINT('',(4.150903,88.470215,12.));
#3539=DIRECTION('',(0.,0.,1.));
#3540=DIRECTION('',(0.956484,-0.291783,0.));
#3541=AXIS2_PLACEMENT_3D('',#3538,#3539,#3540);
#3542=PLANE('',#3541);
#3543=POLY_LOOP('',(#232,#259,#261));
#3544=FACE_OUTER_BOUND('',#3543,.T.);
#3545=FACE_SURFACE('',(#3544),#3542,.T.);
#3546=CARTESIAN_POINT('',(4.150903,88.470215,12.));
#3547=DIRECTION('',(0.,0.,1.));
#3548=DIRECTION('',(0.963099,-0.269146,0.));
#3549=AXIS2_PLACEMENT_3D('',#3546,#3547,#3548);
#3550=PLANE('',#3549);
#3551=POLY_LOOP('',(#232,#261,#262));
#3552=FACE_OUTER_BOUND('',#3551,.T.);
#3553=FACE_SURFACE('',(#3552),#3550,.T.);
#3554=CARTESIAN_POINT('',(4.150903,88.470215,12.));
#3555=DIRECTION('',(0.,0.,1.));
#3556=DIRECTION('',(0.968497,-0.249024,0.));
#3557=AXIS2_PLACEMENT_3D('',#3554,#3555,#3556);
#3558=PLANE('',#3557);
#3559=POLY_LOOP('',(#232,#262,#263));
#3560=FACE_OUTER_BOUND('',#3559,.T.);
#3561=FACE_SURFACE('',(#3560),#3558,.T.);
#3562=CARTESIAN_POINT('',(4.150903,88.470215,12.));
#3563=DIRECTION('',(0.,0.,1.));
#3564=DIRECTION('',(0.972893,-0.231256,0.));
#3565=AXIS2_PLACEMENT_3D('',#3562,#3563,#3564);
#3566=PLANE('',#3565);
#3567=POLY_LOOP('',(#232,#263,#264));
#3568=FACE_OUTER_BOUND('',#3567,.T.);
#3569=FACE_SURFACE('',(#3568),#3566,.T.);
#3570=CARTESIAN_POINT('',(4.150903,88.470215,12.));
#3571=DIRECTION('',(0.,0.,1.));
#3572=DIRECTION('',(0.976465,-0.215676,0.));
#3573=AXIS2_PLACEMENT_3D('',#3570,#3571,#3572);
#3574=PLANE('',#3573);
#3575=POLY_LOOP('',(#232,#264,#265));
#3576=FACE_OUTER_BOUND('',#3575,.T.);
#3577=FACE_SURFACE('',(#3576),#3574,.T.);
#3578=CARTESIAN_POINT('',(4.150903,88.470215,12.));
#3579=DIRECTION('',(0.,0.,1.));
#3580=DIRECTION('',(0.979361,-0.20212,0.));
#3581=AXIS2_PLACEMENT_3D('',#3578,#3579,#3580);
#3582=PLANE('',#3581);
#3583=POLY_LOOP('',(#232,#265,#266));
#3584=FACE_OUTER_BOUND('',#3583,.T.);
#3585=FACE_SURFACE('',(#3584),#3582,.T.);
#3586=CARTESIAN_POINT('',(4.150903,88.470215,12.));
#3587=DIRECTION('',(0.,0.,1.));
#3588=DIRECTION('',(0.981701,-0.19043,0.));
#3589=AXIS2_PLACEMENT_3D('',#3586,#3587,#3588);
#3590=PLANE('',#3589);
#3591=POLY_LOOP('',(#232,#266,#267));
#3592=FACE_OUTER_BOUND('',#3591,.T.);
#3593=FACE_SURFACE('',(#3592),#3590,.T.);
#3594=CARTESIAN_POINT('',(4.150903,88.470215,12.));
#3595=DIRECTION('',(0.,0.,1.));
#3596=DIRECTION('',(0.983583,-0.180454,0.));
#3597=AXIS2_PLACEMENT_3D('',#3594,#3595,#3596);
#3598=PLANE('',#3597);
#3599=POLY_LOOP('',(#232,#267,#268));
#3600=FACE_OUTER_BOUND('',#3599,.T.);
#3601=FACE_SURFACE('',(#3600),#3598,.T.);
#3602=CARTESIAN_POINT('',(4.150903,88.470215,12.));
#3603=DIRECTION('',(0.,0.,1.));
#3604=DIRECTION('',(0.985088,-0.172053,0.));
#3605=AXIS2_PLACEMENT_3D('',#3602,#3603,#3604);
#3606=PLANE('',#3605);
#3607=POLY_LOOP('',(#232,#268,#269));
#3608=FACE_OUTER_BOUND('',#3607,.T.);
#3609=FACE_SURFACE('',(#3608),#3606,.T.);
#3610=CARTESIAN_POINT('',(4.150903,88.470215,12.));
#3611=DIRECTION('',(0.,0.,1.));
#3612=DIRECTION('',(0.986277,-0.165097,0.));
#3613=AXIS2_PLACEMENT_3D('',#3610,#3611,#3612);
#3614=PLANE('',#3613);
#3615=POLY_LOOP('',(#232,#269,#270));
#3616=FACE_OUTER_BOUND('',#3615,.T.);
#3617=FACE_SURFACE('',(#3616),#3614,.T.);
#3618=CARTESIAN_POINT('',(4.150903,88.470215,12.));
#3619=DIRECTION('',(0.,0.,1.));
#3620=DIRECTION('',(0.987204,-0.159465,0.));
#3621=AXIS2_PLACEMENT_3D('',#3618,#3619,#3620);
#3622=PLANE('',#3621);
#3623=POLY_LOOP('',(#232,#270,#271));
#3624=FACE_OUTER_BOUND('',#3623,.T.);
#3625=FACE_SURFACE('',(#3624),#3622,.T.);
#3626=CARTESIAN_POINT('',(4.150903,88.470215,12.));
#3627=DIRECTION('',(0.,0.,1.));
#3628=DIRECTION('',(0.987907,-0.155048,0.));
#3629=AXIS2_PLACEMENT_3D('',#3626,#3627,#3628);
#3630=PLANE('',#3629);
#3631=POLY_LOOP('',(#232,#271,#272));
#3632=FACE_OUTER_BOUND('',#3631,.T.);
#3633=FACE_SURFACE('',(#3632),#3630,.T.);
#3634=CARTESIAN_POINT('',(4.150903,88.470215,12.));
#3635=DIRECTION('',(0.,0.,1.));
#3636=DIRECTION('',(0.98842,-0.151746,0.));
#3637=AXIS2_PLACEMENT_3D('',#3634,#3635,#3636);
#3638=PLANE('',#3637);
#3639=POLY_LOOP('',(#232,#272,#273));
#3640=FACE_OUTER_BOUND('',#3639,.T.);
#3641=FACE_SURFACE('',(#3640),#3638,.T.);
#3642=CARTESIAN_POINT('',(4.150903,88.470215,12.));
#3643=DIRECTION('',(0.,0.,1.));
#3644=DIRECTION('',(0.988767,-0.149467,0.));
#3645=AXIS2_PLACEMENT_3D('',#3642,#3643,#3644);
#3646=PLANE('',#3645);
#3647=POLY_LOOP('',(#232,#273,#274));
#3648=FACE_OUTER_BOUND('',#3647,.T.);
#3649=FACE_SURFACE('',(#3648),#3646,.T.);
#3650=CARTESIAN_POINT('',(4.150903,88.470215,12.));
#3651=DIRECTION('',(0.,0.,1.));
#3652=DIRECTION('',(0.988968,-0.148127,0.));
#3653=AXIS2_PLACEMENT_3D('',#3650,#3651,#3652);
#3654=PLANE('',#3653);
#3655=POLY_LOOP('',(#232,#274,#275));
#3656=FACE_OUTER_BOUND('',#3655,.T.);
#3657=FACE_SURFACE('',(#3656),#3654,.T.);
#3658=CARTESIAN_POINT('',(4.150903,-16.129787,0.));
#3659=DIRECTION('',(0.,-1.,0.));
#3660=DIRECTION('',(1.,0.,0.));
#3661=AXIS2_PLACEMENT_3D('',#3658,#3659,#3660);
#3662=PLANE('',#3661);
#3663=POLY_LOOP('',(#70,#147,#148));
#3664=FACE_OUTER_BOUND('',#3663,.T.);
#3665=FACE_SURFACE('',(#3664),#3662,.T.);
#3666=CARTESIAN_POINT('',(93.,-16.129787,1.6));
#3667=DIRECTION('',(0.,-1.,0.));
#3668=DIRECTION('',(0.968493,0.,0.249041));
#3669=AXIS2_PLACEMENT_3D('',#3666,#3667,#3668);
#3670=PLANE('',#3669);
#3671=POLY_LOOP('',(#148,#276,#277));
#3672=FACE_OUTER_BOUND('',#3671,.T.);
#3673=FACE_SURFACE('',(#3672),#3670,.T.);
#3674=CARTESIAN_POINT('',(165.849091,-16.129787,0.));
#3675=DIRECTION('',(0.,-1.,0.));
#3676=DIRECTION('',(-0.99867,0.,0.051565));
#3677=AXIS2_PLACEMENT_3D('',#3674,#3675,#3676);
#3678=PLANE('',#3677);
#3679=POLY_LOOP('',(#147,#276,#148));
#3680=FACE_OUTER_BOUND('',#3679,.T.);
#3681=FACE_SURFACE('',(#3680),#3678,.T.);
#3682=CARTESIAN_POINT('',(4.150903,88.470215,0.));
#3683=DIRECTION('',(0.,0.,-1.));
#3684=DIRECTION('',(0.840121,-0.542399,0.));
#3685=AXIS2_PLACEMENT_3D('',#3682,#3683,#3684);
#3686=PLANE('',#3685);
#3687=POLY_LOOP('',(#233,#278,#147));
#3688=FACE_OUTER_BOUND('',#3687,.T.);
#3689=FACE_SURFACE('',(#3688),#3686,.T.);
#3690=CARTESIAN_POINT('',(4.150903,88.470215,0.));
#3691=DIRECTION('',(0.,0.,-1.));
#3692=DIRECTION('',(0.840758,-0.541412,0.));
#3693=AXIS2_PLACEMENT_3D('',#3690,#3691,#3692);
#3694=PLANE('',#3693);
#3695=POLY_LOOP('',(#233,#279,#278));
#3696=FACE_OUTER_BOUND('',#3695,.T.);
#3697=FACE_SURFACE('',(#3696),#3694,.T.);
#3698=CARTESIAN_POINT('',(4.150903,88.470215,0.));
#3699=DIRECTION('',(0.,0.,-1.));
#3700=DIRECTION('',(0.841459,-0.540321,0.));
#3701=AXIS2_PLACEMENT_3D('',#3698,#3699,#3700);
#3702=PLANE('',#3701);
#3703=POLY_LOOP('',(#233,#280,#279));
#3704=FACE_OUTER_BOUND('',#3703,.T.);
#3705=FACE_SURFACE('',(#3704),#3702,.T.);
#3706=CARTESIAN_POINT('',(4.150903,88.470215,0.));
#3707=DIRECTION('',(0.,0.,-1.));
#3708=DIRECTION('',(0.842218,-0.539136,0.));
#3709=AXIS2_PLACEMENT_3D('',#3706,#3707,#3708);
#3710=PLANE('',#3709);
#3711=POLY_LOOP('',(#233,#281,#280));
#3712=FACE_OUTER_BOUND('',#3711,.T.);
#3713=FACE_SURFACE('',(#3712),#3710,.T.);
#3714=CARTESIAN_POINT('',(4.150903,88.470215,0.));
#3715=DIRECTION('',(0.,0.,-1.));
#3716=DIRECTION('',(0.843028,-0.537869,0.));
#3717=AXIS2_PLACEMENT_3D('',#3714,#3715,#3716);
#3718=PLANE('',#3717);
#3719=POLY_LOOP('',(#233,#282,#281));
#3720=FACE_OUTER_BOUND('',#3719,.T.);
#3721=FACE_SURFACE('',(#3720),#3718,.T.);
#3722=CARTESIAN_POINT('',(4.150903,88.470215,0.));
#3723=DIRECTION('',(0.,0.,-1.));
#3724=DIRECTION('',(0.84388,-0.536531,0.));
#3725=AXIS2_PLACEMENT_3D('',#3722,#3723,#3724);
#3726=PLANE('',#3725);
#3727=POLY_LOOP('',(#233,#283,#282));
#3728=FACE_OUTER_BOUND('',#3727,.T.);
#3729=FACE_SURFACE('',(#3728),#3726,.T.);
#3730=CARTESIAN_POINT('',(4.150903,88.470215,0.));
#3731=DIRECTION('',(0.,0.,-1.));
#3732=DIRECTION('',(0.844767,-0.535135,0.));
#3733=AXIS2_PLACEMENT_3D('',#3730,#3731,#3732);
#3734=PLANE('',#3733);
#3735=POLY_LOOP('',(#233,#284,#283));
#3736=FACE_OUTER_BOUND('',#3735,.T.);
#3737=FACE_SURFACE('',(#3736),#3734,.T.);
#3738=CARTESIAN_POINT('',(4.150903,88.470215,0.));
#3739=DIRECTION('',(0.,0.,-1.));
#3740=DIRECTION('',(0.845679,-0.533692,0.));
#3741=AXIS2_PLACEMENT_3D('',#3738,#3739,#3740);
#3742=PLANE('',#3741);
#3743=POLY_LOOP('',(#233,#285,#284));
#3744=FACE_OUTER_BOUND('',#3743,.T.);
#3745=FACE_SURFACE('',(#3744),#3742,.T.);
#3746=CARTESIAN_POINT('',(4.150903,88.470215,0.));
#3747=DIRECTION('',(0.,0.,-1.));
#3748=DIRECTION('',(0.846608,-0.532216,0.));
#3749=AXIS2_PLACEMENT_3D('',#3746,#3747,#3748);
#3750=PLANE('',#3749);
#3751=POLY_LOOP('',(#233,#286,#285));
#3752=FACE_OUTER_BOUND('',#3751,.T.);
#3753=FACE_SURFACE('',(#3752),#3750,.T.);
#3754=CARTESIAN_POINT('',(4.150903,88.470215,0.));
#3755=DIRECTION('',(0.,0.,-1.));
#3756=DIRECTION('',(0.847546,-0.530721,0.));
#3757=AXIS2_PLACEMENT_3D('',#3754,#3755,#3756);
#3758=PLANE('',#3757);
#3759=POLY_LOOP('',(#233,#287,#286));
#3760=FACE_OUTER_BOUND('',#3759,.T.);
#3761=FACE_SURFACE('',(#3760),#3758,.T.);
#3762=CARTESIAN_POINT('',(4.150903,88.470215,0.));
#3763=DIRECTION('',(0.,0.,-1.));
#3764=DIRECTION('',(0.848485,-0.52922,0.));
#3765=AXIS2_PLACEMENT_3D('',#3762,#3763,#3764);
#3766=PLANE('',#3765);
#3767=POLY_LOOP('',(#233,#288,#287));
#3768=FACE_OUTER_BOUND('',#3767,.T.);
#3769=FACE_SURFACE('',(#3768),#3766,.T.);
#3770=CARTESIAN_POINT('',(4.150903,88.470215,0.));
#3771=DIRECTION('',(0.,0.,-1.));
#3772=DIRECTION('',(0.849414,-0.527727,0.));
#3773=AXIS2_PLACEMENT_3D('',#3770,#3771,#3772);
#3774=PLANE('',#3773);
#3775=POLY_LOOP('',(#233,#289,#288));
#3776=FACE_OUTER_BOUND('',#3775,.T.);
#3777=FACE_SURFACE('',(#3776),#3774,.T.);
#3778=CARTESIAN_POINT('',(4.150903,88.470215,0.));
#3779=DIRECTION('',(0.,0.,-1.));
#3780=DIRECTION('',(0.850326,-0.526256,0.));
#3781=AXIS2_PLACEMENT_3D('',#3778,#3779,#3780);
#3782=PLANE('',#3781);
#3783=POLY_LOOP('',(#233,#290,#289));
#3784=FACE_OUTER_BOUND('',#3783,.T.);
#3785=FACE_SURFACE('',(#3784),#3782,.T.);
#3786=CARTESIAN_POINT('',(4.150903,88.470215,0.));
#3787=DIRECTION('',(0.,0.,-1.));
#3788=DIRECTION('',(0.851214,-0.524819,0.));
#3789=AXIS2_PLACEMENT_3D('',#3786,#3787,#3788);
#3790=PLANE('',#3789);
#3791=POLY_LOOP('',(#233,#291,#290));
#3792=FACE_OUTER_BOUND('',#3791,.T.);
#3793=FACE_SURFACE('',(#3792),#3790,.T.);
#3794=CARTESIAN_POINT('',(4.150903,88.470215,0.));
#3795=DIRECTION('',(0.,0.,-1.));
#3796=DIRECTION('',(0.852068,-0.523431,0.));
#3797=AXIS2_PLACEMENT_3D('',#3794,#3795,#3796);
#3798=PLANE('',#3797);
#3799=POLY_LOOP('',(#233,#292,#291));
#3800=FACE_OUTER_BOUND('',#3799,.T.);
#3801=FACE_SURFACE('',(#3800),#3798,.T.);
#3802=CARTESIAN_POINT('',(4.150903,88.470215,0.));
#3803=DIRECTION('',(0.,0.,-1.));
#3804=DIRECTION('',(0.852765,-0.522294,0.));
#3805=AXIS2_PLACEMENT_3D('',#3802,#3803,#3804);
#3806=PLANE('',#3805);
#3807=POLY_LOOP('',(#233,#293,#292));
#3808=FACE_OUTER_BOUND('',#3807,.T.);
#3809=FACE_SURFACE('',(#3808),#3806,.T.);
#3810=CARTESIAN_POINT('',(4.150903,88.470215,0.));
#3811=DIRECTION('',(0.,0.,-1.));
#3812=DIRECTION('',(0.877026,-0.480443,0.));
#3813=AXIS2_PLACEMENT_3D('',#3810,#3811,#3812);
#3814=PLANE('',#3813);
#3815=POLY_LOOP('',(#233,#294,#293));
#3816=FACE_OUTER_BOUND('',#3815,.T.);
#3817=FACE_SURFACE('',(#3816),#3814,.T.);
#3818=CARTESIAN_POINT('',(4.150903,88.470215,0.));
#3819=DIRECTION('',(0.,0.,-1.));
#3820=DIRECTION('',(0.878908,-0.476991,0.));
#3821=AXIS2_PLACEMENT_3D('',#3818,#3819,#3820);
#3822=PLANE('',#3821);
#3823=POLY_LOOP('',(#233,#295,#294));
#3824=FACE_OUTER_BOUND('',#3823,.T.);
#3825=FACE_SURFACE('',(#3824),#3822,.T.);
#3826=CARTESIAN_POINT('',(4.150903,88.470215,0.));
#3827=DIRECTION('',(0.,0.,-1.));
#3828=DIRECTION('',(0.879257,-0.476347,0.));
#3829=AXIS2_PLACEMENT_3D('',#3826,#3827,#3828);
#3830=PLANE('',#3829);
#3831=POLY_LOOP('',(#233,#296,#297));
#3832=FACE_OUTER_BOUND('',#3831,.T.);
#3833=FACE_SURFACE('',(#3832),#3830,.T.);
#3834=CARTESIAN_POINT('',(4.150903,88.470215,0.));
#3835=DIRECTION('',(0.,0.,-1.));
#3836=DIRECTION('',(0.879584,-0.475743,0.));
#3837=AXIS2_PLACEMENT_3D('',#3834,#3835,#3836);
#3838=PLANE('',#3837);
#3839=POLY_LOOP('',(#233,#298,#299));
#3840=FACE_OUTER_BOUND('',#3839,.T.);
#3841=FACE_SURFACE('',(#3840),#3838,.T.);
#3842=CARTESIAN_POINT('',(4.150903,88.470215,0.));
#3843=DIRECTION('',(0.,0.,-1.));
#3844=DIRECTION('',(0.879409,-0.476068,0.));
#3845=AXIS2_PLACEMENT_3D('',#3842,#3843,#3844);
#3846=PLANE('',#3845);
#3847=POLY_LOOP('',(#233,#299,#296));
#3848=FACE_OUTER_BOUND('',#3847,.T.);
#3849=FACE_SURFACE('',(#3848),#3846,.T.);
#3850=CARTESIAN_POINT('',(4.150903,88.470215,0.));
#3851=DIRECTION('',(0.,0.,-1.));
#3852=DIRECTION('',(0.879783,-0.475375,0.));
#3853=AXIS2_PLACEMENT_3D('',#3850,#3851,#3852);
#3854=PLANE('',#3853);
#3855=POLY_LOOP('',(#233,#300,#298));
#3856=FACE_OUTER_BOUND('',#3855,.T.);
#3857=FACE_SURFACE('',(#3856),#3854,.T.);
#3858=CARTESIAN_POINT('',(4.150903,88.470215,0.));
#3859=DIRECTION('',(0.,0.,-1.));
#3860=DIRECTION('',(0.878921,-0.476968,0.));
#3861=AXIS2_PLACEMENT_3D('',#3858,#3859,#3860);
#3862=PLANE('',#3861);
#3863=POLY_LOOP('',(#233,#301,#295));
#3864=FACE_OUTER_BOUND('',#3863,.T.);
#3865=FACE_SURFACE('',(#3864),#3862,.T.);
#3866=CARTESIAN_POINT('',(4.150903,88.470215,0.));
#3867=DIRECTION('',(0.,0.,-1.));
#3868=DIRECTION('',(0.879033,-0.476761,0.));
#3869=AXIS2_PLACEMENT_3D('',#3866,#3867,#3868);
#3870=PLANE('',#3869);
#3871=POLY_LOOP('',(#233,#302,#303));
#3872=FACE_OUTER_BOUND('',#3871,.T.);
#3873=FACE_SURFACE('',(#3872),#3870,.T.);
#3874=CARTESIAN_POINT('',(4.150903,88.470215,0.));
#3875=DIRECTION('',(0.,0.,-1.));
#3876=DIRECTION('',(0.878963,-0.476891,0.));
#3877=AXIS2_PLACEMENT_3D('',#3874,#3875,#3876);
#3878=PLANE('',#3877);
#3879=POLY_LOOP('',(#233,#303,#301));
#3880=FACE_OUTER_BOUND('',#3879,.T.);
#3881=FACE_SURFACE('',(#3880),#3878,.T.);
#3882=CARTESIAN_POINT('',(4.150903,88.470215,0.));
#3883=DIRECTION('',(0.,0.,-1.));
#3884=DIRECTION('',(0.879132,-0.476579,0.));
#3885=AXIS2_PLACEMENT_3D('',#3882,#3883,#3884);
#3886=PLANE('',#3885);
#3887=POLY_LOOP('',(#233,#297,#302));
#3888=FACE_OUTER_BOUND('',#3887,.T.);
#3889=FACE_SURFACE('',(#3888),#3886,.T.);
#3890=CARTESIAN_POINT('',(4.150903,88.470215,0.));
#3891=DIRECTION('',(0.,0.,-1.));
#3892=DIRECTION('',(0.880002,-0.474969,0.));
#3893=AXIS2_PLACEMENT_3D('',#3890,#3891,#3892);
#3894=PLANE('',#3893);
#3895=POLY_LOOP('',(#233,#304,#300));
#3896=FACE_OUTER_BOUND('',#3895,.T.);
#3897=FACE_SURFACE('',(#3896),#3894,.T.);
#3898=CARTESIAN_POINT('',(4.150903,88.470215,0.));
#3899=DIRECTION('',(0.,0.,-1.));
#3900=DIRECTION('',(0.880494,-0.474057,0.));
#3901=AXIS2_PLACEMENT_3D('',#3898,#3899,#3900);
#3902=PLANE('',#3901);
#3903=POLY_LOOP('',(#233,#305,#306));
#3904=FACE_OUTER_BOUND('',#3903,.T.);
#3905=FACE_SURFACE('',(#3904),#3902,.T.);
#3906=CARTESIAN_POINT('',(4.150903,88.470215,0.));
#3907=DIRECTION('',(0.,0.,-1.));
#3908=DIRECTION('',(0.88024,-0.474528,0.));
#3909=AXIS2_PLACEMENT_3D('',#3906,#3907,#3908);
#3910=PLANE('',#3909);
#3911=POLY_LOOP('',(#233,#306,#304));
#3912=FACE_OUTER_BOUND('',#3911,.T.);
#3913=FACE_SURFACE('',(#3912),#3910,.T.);
#3914=CARTESIAN_POINT('',(169.300003,-2.,0.));
#3915=DIRECTION('',(0.,0.,-1.));
#3916=DIRECTION('',(-0.822311,0.569038,0.));
#3917=AXIS2_PLACEMENT_3D('',#3914,#3915,#3916);
#3918=PLANE('',#3917);
#3919=POLY_LOOP('',(#294,#307,#308));
#3920=FACE_OUTER_BOUND('',#3919,.T.);
#3921=FACE_SURFACE('',(#3920),#3918,.T.);
#3922=CARTESIAN_POINT('',(169.300003,-2.,0.));
#3923=DIRECTION('',(0.,0.,-1.));
#3924=DIRECTION('',(-0.816416,0.577464,0.));
#3925=AXIS2_PLACEMENT_3D('',#3922,#3923,#3924);
#3926=PLANE('',#3925);
#3927=POLY_LOOP('',(#294,#309,#310));
#3928=FACE_OUTER_BOUND('',#3927,.T.);
#3929=FACE_SURFACE('',(#3928),#3926,.T.);
#3930=CARTESIAN_POINT('',(169.300003,-2.,0.));
#3931=DIRECTION('',(0.,0.,-1.));
#3932=DIRECTION('',(-0.819864,0.572559,0.));
#3933=AXIS2_PLACEMENT_3D('',#3930,#3931,#3932);
#3934=PLANE('',#3933);
#3935=POLY_LOOP('',(#294,#308,#309));
#3936=FACE_OUTER_BOUND('',#3935,.T.);
#3937=FACE_SURFACE('',(#3936),#3934,.T.);
#3938=CARTESIAN_POINT('',(169.300003,-2.,0.));
#3939=DIRECTION('',(0.,0.,-1.));
#3940=DIRECTION('',(-0.806405,0.591364,0.));
#3941=AXIS2_PLACEMENT_3D('',#3938,#3939,#3940);
#3942=PLANE('',#3941);
#3943=POLY_LOOP('',(#294,#311,#312));
#3944=FACE_OUTER_BOUND('',#3943,.T.);
#3945=FACE_SURFACE('',(#3944),#3942,.T.);
#3946=CARTESIAN_POINT('',(169.300003,-2.,0.));
#3947=DIRECTION('',(0.,0.,-1.));
#3948=DIRECTION('',(-0.811938,0.583744,0.));
#3949=AXIS2_PLACEMENT_3D('',#3946,#3947,#3948);
#3950=PLANE('',#3949);
#3951=POLY_LOOP('',(#294,#310,#311));
#3952=FACE_OUTER_BOUND('',#3951,.T.);
#3953=FACE_SURFACE('',(#3952),#3950,.T.);
#3954=CARTESIAN_POINT('',(169.300003,-2.,0.));
#3955=DIRECTION('',(0.,0.,-1.));
#3956=DIRECTION('',(-0.823795,0.566887,0.));
#3957=AXIS2_PLACEMENT_3D('',#3954,#3955,#3956);
#3958=PLANE('',#3957);
#3959=POLY_LOOP('',(#294,#295,#307));
#3960=FACE_OUTER_BOUND('',#3959,.T.);
#3961=FACE_SURFACE('',(#3960),#3958,.T.);
#3962=CARTESIAN_POINT('',(169.300003,-2.,0.));
#3963=DIRECTION('',(0.,0.,-1.));
#3964=DIRECTION('',(-0.792151,0.610326,0.));
#3965=AXIS2_PLACEMENT_3D('',#3962,#3963,#3964);
#3966=PLANE('',#3965);
#3967=POLY_LOOP('',(#294,#313,#314));
#3968=FACE_OUTER_BOUND('',#3967,.T.);
#3969=FACE_SURFACE('',(#3968),#3966,.T.);
#3970=CARTESIAN_POINT('',(169.300003,-2.,0.));
#3971=DIRECTION('',(0.,0.,-1.));
#3972=DIRECTION('',(-0.799808,0.600257,0.));
#3973=AXIS2_PLACEMENT_3D('',#3970,#3971,#3972);
#3974=PLANE('',#3973);
#3975=POLY_LOOP('',(#294,#312,#313));
#3976=FACE_OUTER_BOUND('',#3975,.T.);
#3977=FACE_SURFACE('',(#3976),#3974,.T.);
#3978=CARTESIAN_POINT('',(169.300003,-2.,0.));
#3979=DIRECTION('',(0.,0.,-1.));
#3980=DIRECTION('',(-0.78346,0.621443,0.));
#3981=AXIS2_PLACEMENT_3D('',#3978,#3979,#3980);
#3982=PLANE('',#3981);
#3983=POLY_LOOP('',(#294,#314,#315));
#3984=FACE_OUTER_BOUND('',#3983,.T.);
#3985=FACE_SURFACE('',(#3984),#3982,.T.);
#3986=CARTESIAN_POINT('',(169.300003,-2.,0.));
#3987=DIRECTION('',(0.,0.,-1.));
#3988=DIRECTION('',(-0.763212,0.646148,0.));
#3989=AXIS2_PLACEMENT_3D('',#3986,#3987,#3988);
#3990=PLANE('',#3989);
#3991=POLY_LOOP('',(#294,#316,#317));
#3992=FACE_OUTER_BOUND('',#3991,.T.);
#3993=FACE_SURFACE('',(#3992),#3990,.T.);
#3994=CARTESIAN_POINT('',(169.300003,-2.,0.));
#3995=DIRECTION('',(0.,0.,-1.));
#3996=DIRECTION('',(-0.773788,0.633445,0.));
#3997=AXIS2_PLACEMENT_3D('',#3994,#3995,#3996);
#3998=PLANE('',#3997);
#3999=POLY_LOOP('',(#294,#315,#316));
#4000=FACE_OUTER_BOUND('',#3999,.T.);
#4001=FACE_SURFACE('',(#4000),#3998,.T.);
#4002=CARTESIAN_POINT('',(169.300003,-2.,0.));
#4003=DIRECTION('',(0.,0.,-1.));
#4004=DIRECTION('',(-0.751841,0.659344,0.));
#4005=AXIS2_PLACEMENT_3D('',#4002,#4003,#4004);
#4006=PLANE('',#4005);
#4007=POLY_LOOP('',(#294,#317,#318));
#4008=FACE_OUTER_BOUND('',#4007,.T.);
#4009=FACE_SURFACE('',(#4008),#4006,.T.);
#4010=CARTESIAN_POINT('',(169.300003,-2.,0.));
#4011=DIRECTION('',(0.,0.,-1.));
#4012=DIRECTION('',(-0.7273,0.686319,0.));
#4013=AXIS2_PLACEMENT_3D('',#4010,#4011,#4012);
#4014=PLANE('',#4013);
#4015=POLY_LOOP('',(#294,#319,#320));
#4016=FACE_OUTER_BOUND('',#4015,.T.);
#4017=FACE_SURFACE('',(#4016),#4014,.T.);
#4018=CARTESIAN_POINT('',(169.300003,-2.,0.));
#4019=DIRECTION('',(0.,0.,-1.));
#4020=DIRECTION('',(-0.739815,0.672811,0.));
#4021=AXIS2_PLACEMENT_3D('',#4018,#4019,#4020);
#4022=PLANE('',#4021);
#4023=POLY_LOOP('',(#294,#318,#319));
#4024=FACE_OUTER_BOUND('',#4023,.T.);
#4025=FACE_SURFACE('',(#4024),#4022,.T.);
#4026=CARTESIAN_POINT('',(169.300003,-2.,0.));
#4027=DIRECTION('',(0.,0.,-1.));
#4028=DIRECTION('',(-0.714489,0.699647,0.));
#4029=AXIS2_PLACEMENT_3D('',#4026,#4027,#4028);
#4030=PLANE('',#4029);
#4031=POLY_LOOP('',(#294,#320,#321));
#4032=FACE_OUTER_BOUND('',#4031,.T.);
#4033=FACE_SURFACE('',(#4032),#4030,.T.);
#4034=CARTESIAN_POINT('',(169.300003,-2.,0.));
#4035=DIRECTION('',(0.,0.,-1.));
#4036=DIRECTION('',(-0.688817,0.724935,0.));
#4037=AXIS2_PLACEMENT_3D('',#4034,#4035,#4036);
#4038=PLANE('',#4037);
#4039=POLY_LOOP('',(#294,#322,#323));
#4040=FACE_OUTER_BOUND('',#4039,.T.);
#4041=FACE_SURFACE('',(#4040),#4038,.T.);
#4042=CARTESIAN_POINT('',(169.300003,-2.,0.));
#4043=DIRECTION('',(0.,0.,-1.));
#4044=DIRECTION('',(-0.701588,0.712583,0.));
#4045=AXIS2_PLACEMENT_3D('',#4042,#4043,#4044);
#4046=PLANE('',#4045);
#4047=POLY_LOOP('',(#294,#321,#322));
#4048=FACE_OUTER_BOUND('',#4047,.T.);
#4049=FACE_SURFACE('',(#4048),#4046,.T.);
#4050=CARTESIAN_POINT('',(169.300003,-2.,0.));
#4051=DIRECTION('',(0.,0.,-1.));
#4052=DIRECTION('',(-0.676394,0.73654,0.));
#4053=AXIS2_PLACEMENT_3D('',#4050,#4051,#4052);
#4054=PLANE('',#4053);
#4055=POLY_LOOP('',(#294,#323,#324));
#4056=FACE_OUTER_BOUND('',#4055,.T.);
#4057=FACE_SURFACE('',(#4056),#4054,.T.);
#4058=CARTESIAN_POINT('',(169.300003,-2.,0.));
#4059=DIRECTION('',(0.,0.,-1.));
#4060=DIRECTION('',(-0.653409,0.757005,0.));
#4061=AXIS2_PLACEMENT_3D('',#4058,#4059,#4060);
#4062=PLANE('',#4061);
#4063=POLY_LOOP('',(#294,#325,#326));
#4064=FACE_OUTER_BOUND('',#4063,.T.);
#4065=FACE_SURFACE('',(#4064),#4062,.T.);
#4066=CARTESIAN_POINT('',(169.300003,-2.,0.));
#4067=DIRECTION('',(0.,0.,-1.));
#4068=DIRECTION('',(-0.664526,0.747265,0.));
#4069=AXIS2_PLACEMENT_3D('',#4066,#4067,#4068);
#4070=PLANE('',#4069);
#4071=POLY_LOOP('',(#294,#324,#325));
#4072=FACE_OUTER_BOUND('',#4071,.T.);
#4073=FACE_SURFACE('',(#4072),#4070,.T.);
#4074=CARTESIAN_POINT('',(169.300003,-2.,0.));
#4075=DIRECTION('',(0.,0.,-1.));
#4076=DIRECTION('',(-0.619423,0.785057,0.));
#4077=AXIS2_PLACEMENT_3D('',#4074,#4075,#4076);
#4078=PLANE('',#4077);
#4079=POLY_LOOP('',(#294,#327,#328));
#4080=FACE_OUTER_BOUND('',#4079,.T.);
#4081=FACE_SURFACE('',(#4080),#4078,.T.);
#4082=CARTESIAN_POINT('',(169.300003,-2.,0.));
#4083=DIRECTION('',(0.,0.,-1.));
#4084=DIRECTION('',(-0.626123,0.779724,0.));
#4085=AXIS2_PLACEMENT_3D('',#4082,#4083,#4084);
#4086=PLANE('',#4085);
#4087=POLY_LOOP('',(#294,#329,#327));
#4088=FACE_OUTER_BOUND('',#4087,.T.);
#4089=FACE_SURFACE('',(#4088),#4086,.T.);
#4090=CARTESIAN_POINT('',(169.300003,-2.,0.));
#4091=DIRECTION('',(0.,0.,-1.));
#4092=DIRECTION('',(-0.614032,0.789281,0.));
#4093=AXIS2_PLACEMENT_3D('',#4090,#4091,#4092);
#4094=PLANE('',#4093);
#4095=POLY_LOOP('',(#294,#328,#330));
#4096=FACE_OUTER_BOUND('',#4095,.T.);
#4097=FACE_SURFACE('',(#4096),#4094,.T.);
#4098=CARTESIAN_POINT('',(169.300003,-2.,0.));
#4099=DIRECTION('',(0.,0.,-1.));
#4100=DIRECTION('',(-0.607243,0.794516,0.));
#4101=AXIS2_PLACEMENT_3D('',#4098,#4099,#4100);
#4102=PLANE('',#4101);
#4103=POLY_LOOP('',(#294,#331,#332));
#4104=FACE_OUTER_BOUND('',#4103,.T.);
#4105=FACE_SURFACE('',(#4104),#4102,.T.);
#4106=CARTESIAN_POINT('',(169.300003,-2.,0.));
#4107=DIRECTION('',(0.,0.,-1.));
#4108=DIRECTION('',(-0.609973,0.792422,0.));
#4109=AXIS2_PLACEMENT_3D('',#4106,#4107,#4108);
#4110=PLANE('',#4109);
#4111=POLY_LOOP('',(#294,#330,#331));
#4112=FACE_OUTER_BOUND('',#4111,.T.);
#4113=FACE_SURFACE('',(#4112),#4110,.T.);
#4114=CARTESIAN_POINT('',(169.300003,-2.,0.));
#4115=DIRECTION('',(0.,0.,-1.));
#4116=DIRECTION('',(-0.60582,0.795602,0.));
#4117=AXIS2_PLACEMENT_3D('',#4114,#4115,#4116);
#4118=PLANE('',#4117);
#4119=POLY_LOOP('',(#294,#332,#333));
#4120=FACE_OUTER_BOUND('',#4119,.T.);
#4121=FACE_SURFACE('',(#4120),#4118,.T.);
#4122=CARTESIAN_POINT('',(169.300003,-2.,0.));
#4123=DIRECTION('',(0.,0.,-1.));
#4124=DIRECTION('',(-0.643213,0.765687,0.));
#4125=AXIS2_PLACEMENT_3D('',#4122,#4123,#4124);
#4126=PLANE('',#4125);
#4127=POLY_LOOP('',(#294,#326,#334));
#4128=FACE_OUTER_BOUND('',#4127,.T.);
#4129=FACE_SURFACE('',(#4128),#4126,.T.);
#4130=CARTESIAN_POINT('',(169.300003,-2.,0.));
#4131=DIRECTION('',(0.,0.,-1.));
#4132=DIRECTION('',(-0.63408,0.773267,0.));
#4133=AXIS2_PLACEMENT_3D('',#4130,#4131,#4132);
#4134=PLANE('',#4133);
#4135=POLY_LOOP('',(#294,#334,#329));
#4136=FACE_OUTER_BOUND('',#4135,.T.);
#4137=FACE_SURFACE('',(#4136),#4134,.T.);
#4138=CARTESIAN_POINT('',(169.300003,-2.,0.));
#4139=DIRECTION('',(0.,0.,-1.));
#4140=DIRECTION('',(-0.605662,0.795722,0.));
#4141=AXIS2_PLACEMENT_3D('',#4138,#4139,#4140);
#4142=PLANE('',#4141);
#4143=POLY_LOOP('',(#294,#333,#335));
#4144=FACE_OUTER_BOUND('',#4143,.T.);
#4145=FACE_SURFACE('',(#4144),#4142,.T.);
#4146=CARTESIAN_POINT('',(169.300003,-2.,0.));
#4147=DIRECTION('',(0.,0.,-1.));
#4148=DIRECTION('',(0.078286,0.996931,0.));
#4149=AXIS2_PLACEMENT_3D('',#4146,#4147,#4148);
#4150=PLANE('',#4149);
#4151=POLY_LOOP('',(#294,#336,#337));
#4152=FACE_OUTER_BOUND('',#4151,.T.);
#4153=FACE_SURFACE('',(#4152),#4150,.T.);
#4154=CARTESIAN_POINT('',(165.849091,-16.129787,0.));
#4155=DIRECTION('',(0.,-1.,0.));
#4156=DIRECTION('',(0.,0.,1.));
#4157=AXIS2_PLACEMENT_3D('',#4154,#4155,#4156);
#4158=PLANE('',#4157);
#4159=POLY_LOOP('',(#147,#200,#276));
#4160=FACE_OUTER_BOUND('',#4159,.T.);
#4161=FACE_SURFACE('',(#4160),#4158,.T.);
#4162=CARTESIAN_POINT('',(165.849091,-16.129787,0.));
#4163=DIRECTION('',(0.049069,-0.998795,0.));
#4164=DIRECTION('',(0.998795,0.049069,0.));
#4165=AXIS2_PLACEMENT_3D('',#4162,#4163,#4164);
#4166=PLANE('',#4165);
#4167=POLY_LOOP('',(#147,#278,#200));
#4168=FACE_OUTER_BOUND('',#4167,.T.);
#4169=FACE_SURFACE('',(#4168),#4166,.T.);
#4170=CARTESIAN_POINT('',(166.143295,-16.115334,0.));
#4171=DIRECTION('',(0.146726,-0.989177,0.));
#4172=DIRECTION('',(0.989177,0.146726,0.));
#4173=AXIS2_PLACEMENT_3D('',#4170,#4171,#4172);
#4174=PLANE('',#4173);
#4175=POLY_LOOP('',(#278,#279,#338));
#4176=FACE_OUTER_BOUND('',#4175,.T.);
#4177=FACE_SURFACE('',(#4176),#4174,.T.);
#4178=CARTESIAN_POINT('',(166.483292,-16.064901,0.));
#4179=DIRECTION('',(0.242985,-0.97003,0.));
#4180=DIRECTION('',(0.97003,0.242985,0.));
#4181=AXIS2_PLACEMENT_3D('',#4178,#4179,#4180);
#4182=PLANE('',#4181);
#4183=POLY_LOOP('',(#279,#280,#339));
#4184=FACE_OUTER_BOUND('',#4183,.T.);
#4185=FACE_SURFACE('',(#4184),#4182,.T.);
#4186=CARTESIAN_POINT('',(166.816696,-15.981386,0.));
#4187=DIRECTION('',(0.336884,-0.941546,0.));
#4188=DIRECTION('',(0.941546,0.336884,0.));
#4189=AXIS2_PLACEMENT_3D('',#4186,#4187,#4188);
#4190=PLANE('',#4189);
#4191=POLY_LOOP('',(#280,#281,#340));
#4192=FACE_OUTER_BOUND('',#4191,.T.);
#4193=FACE_SURFACE('',(#4192),#4190,.T.);
#4194=CARTESIAN_POINT('',(167.14032,-15.865594,0.));
#4195=DIRECTION('',(0.427568,-0.903983,0.));
#4196=DIRECTION('',(0.903983,0.427568,0.));
#4197=AXIS2_PLACEMENT_3D('',#4194,#4195,#4196);
#4198=PLANE('',#4197);
#4199=POLY_LOOP('',(#281,#282,#341));
#4200=FACE_OUTER_BOUND('',#4199,.T.);
#4201=FACE_SURFACE('',(#4200),#4198,.T.);
#4202=CARTESIAN_POINT('',(167.451019,-15.718638,0.));
#4203=DIRECTION('',(0.514097,-0.857732,0.));
#4204=DIRECTION('',(0.857732,0.514097,0.));
#4205=AXIS2_PLACEMENT_3D('',#4202,#4203,#4204);
#4206=PLANE('',#4205);
#4207=POLY_LOOP('',(#282,#283,#342));
#4208=FACE_OUTER_BOUND('',#4207,.T.);
#4209=FACE_SURFACE('',(#4208),#4206,.T.);
#4210=CARTESIAN_POINT('',(167.745834,-15.541936,0.));
#4211=DIRECTION('',(0.595689,-0.803215,0.));
#4212=DIRECTION('',(0.803215,0.595689,0.));
#4213=AXIS2_PLACEMENT_3D('',#4210,#4211,#4212);
#4214=PLANE('',#4213);
#4215=POLY_LOOP('',(#283,#284,#343));
#4216=FACE_OUTER_BOUND('',#4215,.T.);
#4217=FACE_SURFACE('',(#4216),#4214,.T.);
#4218=CARTESIAN_POINT('',(168.021912,-15.337189,0.));
#4219=DIRECTION('',(0.671565,-0.740946,0.));
#4220=DIRECTION('',(0.740946,0.671565,0.));
#4221=AXIS2_PLACEMENT_3D('',#4218,#4219,#4220);
#4222=PLANE('',#4221);
#4223=POLY_LOOP('',(#284,#285,#344));
#4224=FACE_OUTER_BOUND('',#4223,.T.);
#4225=FACE_SURFACE('',(#4224),#4222,.T.);
#4226=CARTESIAN_POINT('',(168.276581,-15.106366,0.));
#4227=DIRECTION('',(0.740953,-0.671556,0.));
#4228=DIRECTION('',(0.671556,0.740953,0.));
#4229=AXIS2_PLACEMENT_3D('',#4226,#4227,#4228);
#4230=PLANE('',#4229);
#4231=POLY_LOOP('',(#285,#286,#345));
#4232=FACE_OUTER_BOUND('',#4231,.T.);
#4233=FACE_SURFACE('',(#4232),#4230,.T.);
#4234=CARTESIAN_POINT('',(168.507401,-14.851694,0.));
#4235=DIRECTION('',(0.803215,-0.595689,0.));
#4236=DIRECTION('',(0.595689,0.803215,0.));
#4237=AXIS2_PLACEMENT_3D('',#4234,#4235,#4236);
#4238=PLANE('',#4237);
#4239=POLY_LOOP('',(#286,#287,#346));
#4240=FACE_OUTER_BOUND('',#4239,.T.);
#4241=FACE_SURFACE('',(#4240),#4238,.T.);
#4242=CARTESIAN_POINT('',(168.712143,-14.575624,0.));
#4243=DIRECTION('',(0.857716,-0.514123,0.));
#4244=DIRECTION('',(0.514123,0.857716,0.));
#4245=AXIS2_PLACEMENT_3D('',#4242,#4243,#4244);
#4246=PLANE('',#4245);
#4247=POLY_LOOP('',(#287,#288,#347));
#4248=FACE_OUTER_BOUND('',#4247,.T.);
#4249=FACE_SURFACE('',(#4248),#4246,.T.);
#4250=CARTESIAN_POINT('',(168.888855,-14.280813,0.));
#4251=DIRECTION('',(0.903987,-0.42756,0.));
#4252=DIRECTION('',(0.42756,0.903987,0.));
#4253=AXIS2_PLACEMENT_3D('',#4250,#4251,#4252);
#4254=PLANE('',#4253);
#4255=POLY_LOOP('',(#288,#289,#348));
#4256=FACE_OUTER_BOUND('',#4255,.T.);
#4257=FACE_SURFACE('',(#4256),#4254,.T.);
#4258=CARTESIAN_POINT('',(169.035812,-13.970102,0.));
#4259=DIRECTION('',(0.941552,-0.336867,0.));
#4260=DIRECTION('',(0.336867,0.941552,0.));
#4261=AXIS2_PLACEMENT_3D('',#4258,#4259,#4260);
#4262=PLANE('',#4261);
#4263=POLY_LOOP('',(#289,#290,#349));
#4264=FACE_OUTER_BOUND('',#4263,.T.);
#4265=FACE_SURFACE('',(#4264),#4262,.T.);
#4266=CARTESIAN_POINT('',(169.151596,-13.646483,0.));
#4267=DIRECTION('',(0.970034,-0.242971,0.));
#4268=DIRECTION('',(0.242971,0.970034,0.));
#4269=AXIS2_PLACEMENT_3D('',#4266,#4267,#4268);
#4270=PLANE('',#4269);
#4271=POLY_LOOP('',(#290,#291,#350));
#4272=FACE_OUTER_BOUND('',#4271,.T.);
#4273=FACE_SURFACE('',(#4272),#4270,.T.);
#4274=CARTESIAN_POINT('',(169.235107,-13.313074,0.));
#4275=DIRECTION('',(0.989171,-0.146767,0.));
#4276=DIRECTION('',(0.146767,0.989171,0.));
#4277=AXIS2_PLACEMENT_3D('',#4274,#4275,#4276);
#4278=PLANE('',#4277);
#4279=POLY_LOOP('',(#291,#292,#351));
#4280=FACE_OUTER_BOUND('',#4279,.T.);
#4281=FACE_SURFACE('',(#4280),#4278,.T.);
#4282=CARTESIAN_POINT('',(169.285553,-12.973083,0.));
#4283=DIRECTION('',(0.998796,-0.049058,0.));
#4284=DIRECTION('',(0.049058,0.998796,0.));
#4285=AXIS2_PLACEMENT_3D('',#4282,#4283,#4284);
#4286=PLANE('',#4285);
#4287=POLY_LOOP('',(#292,#293,#352));
#4288=FACE_OUTER_BOUND('',#4287,.T.);
#4289=FACE_SURFACE('',(#4288),#4286,.T.);
#4290=CARTESIAN_POINT('',(169.300003,-12.678885,0.));
#4291=DIRECTION('',(1.,0.,0.));
#4292=DIRECTION('',(0.,1.,0.));
#4293=AXIS2_PLACEMENT_3D('',#4290,#4291,#4292);
#4294=PLANE('',#4293);
#4295=POLY_LOOP('',(#293,#294,#353));
#4296=FACE_OUTER_BOUND('',#4295,.T.);
#4297=FACE_SURFACE('',(#4296),#4294,.T.);
#4298=CARTESIAN_POINT('',(169.300003,-2.,0.));
#4299=DIRECTION('',(0.,-1.,0.));
#4300=DIRECTION('',(1.,0.,0.));
#4301=AXIS2_PLACEMENT_3D('',#4298,#4299,#4300);
#4302=PLANE('',#4301);
#4303=POLY_LOOP('',(#294,#337,#354));
#4304=FACE_OUTER_BOUND('',#4303,.T.);
#4305=FACE_SURFACE('',(#4304),#4302,.T.);
#4306=CARTESIAN_POINT('',(172.,-2.,0.));
#4307=DIRECTION('',(1.,0.,0.));
#4308=DIRECTION('',(0.,1.,0.));
#4309=AXIS2_PLACEMENT_3D('',#4306,#4307,#4308);
#4310=PLANE('',#4309);
#4311=POLY_LOOP('',(#337,#336,#355));
#4312=FACE_OUTER_BOUND('',#4311,.T.);
#4313=FACE_SURFACE('',(#4312),#4310,.T.);
#4314=CARTESIAN_POINT('',(162.899994,3.,0.));
#4315=DIRECTION('',(0.,0.,-1.));
#4316=DIRECTION('',(0.000228,1.,0.));
#4317=AXIS2_PLACEMENT_3D('',#4314,#4315,#4316);
#4318=PLANE('',#4317);
#4319=POLY_LOOP('',(#305,#356,#357));
#4320=FACE_OUTER_BOUND('',#4319,.T.);
#4321=FACE_SURFACE('',(#4320),#4318,.T.);
#4322=CARTESIAN_POINT('',(162.905533,3.11272,0.));
#4323=DIRECTION('',(0.,0.,-1.));
#4324=DIRECTION('',(0.000689,1.,0.));
#4325=AXIS2_PLACEMENT_3D('',#4322,#4323,#4324);
#4326=PLANE('',#4325);
#4327=POLY_LOOP('',(#357,#358,#359));
#4328=FACE_OUTER_BOUND('',#4327,.T.);
#4329=FACE_SURFACE('',(#4328),#4326,.T.);
#4330=CARTESIAN_POINT('',(162.922104,3.224354,0.));
#4331=DIRECTION('',(0.,0.,-1.));
#4332=DIRECTION('',(0.001151,0.999999,0.));
#4333=AXIS2_PLACEMENT_3D('',#4330,#4331,#4332);
#4334=PLANE('',#4333);
#4335=POLY_LOOP('',(#359,#360,#361));
#4336=FACE_OUTER_BOUND('',#4335,.T.);
#4337=FACE_SURFACE('',(#4336),#4334,.T.);
#4338=CARTESIAN_POINT('',(162.949524,3.333827,0.));
#4339=DIRECTION('',(0.,0.,-1.));
#4340=DIRECTION('',(0.00161,0.999999,0.));
#4341=AXIS2_PLACEMENT_3D('',#4338,#4339,#4340);
#4342=PLANE('',#4341);
#4343=POLY_LOOP('',(#361,#362,#363));
#4344=FACE_OUTER_BOUND('',#4343,.T.);
#4345=FACE_SURFACE('',(#4344),#4342,.T.);
#4346=CARTESIAN_POINT('',(162.987534,3.440086,0.));
#4347=DIRECTION('',(0.,0.,-1.));
#4348=DIRECTION('',(0.002062,0.999998,0.));
#4349=AXIS2_PLACEMENT_3D('',#4346,#4347,#4348);
#4350=PLANE('',#4349);
#4351=POLY_LOOP('',(#363,#364,#365));
#4352=FACE_OUTER_BOUND('',#4351,.T.);
#4353=FACE_SURFACE('',(#4352),#4350,.T.);
#4354=CARTESIAN_POINT('',(163.035797,3.542106,0.));
#4355=DIRECTION('',(0.,0.,-1.));
#4356=DIRECTION('',(0.0025,0.999997,0.));
#4357=AXIS2_PLACEMENT_3D('',#4354,#4355,#4356);
#4358=PLANE('',#4357);
#4359=POLY_LOOP('',(#365,#366,#367));
#4360=FACE_OUTER_BOUND('',#4359,.T.);
#4361=FACE_SURFACE('',(#4360),#4358,.T.);
#4362=CARTESIAN_POINT('',(163.093811,3.638906,0.));
#4363=DIRECTION('',(0.,0.,-1.));
#4364=DIRECTION('',(0.002921,0.999996,0.));
#4365=AXIS2_PLACEMENT_3D('',#4362,#4363,#4364);
#4366=PLANE('',#4365);
#4367=POLY_LOOP('',(#367,#368,#369));
#4368=FACE_OUTER_BOUND('',#4367,.T.);
#4369=FACE_SURFACE('',(#4368),#4366,.T.);
#4370=CARTESIAN_POINT('',(163.161041,3.729552,0.));
#4371=DIRECTION('',(0.,0.,-1.));
#4372=DIRECTION('',(0.003318,0.999994,0.));
#4373=AXIS2_PLACEMENT_3D('',#4370,#4371,#4372);
#4374=PLANE('',#4373);
#4375=POLY_LOOP('',(#369,#370,#371));
#4376=FACE_OUTER_BOUND('',#4375,.T.);
#4377=FACE_SURFACE('',(#4376),#4374,.T.);
#4378=CARTESIAN_POINT('',(163.236832,3.813173,0.));
#4379=DIRECTION('',(0.,0.,-1.));
#4380=DIRECTION('',(0.003687,0.999993,0.));
#4381=AXIS2_PLACEMENT_3D('',#4378,#4379,#4380);
#4382=PLANE('',#4381);
#4383=POLY_LOOP('',(#371,#372,#373));
#4384=FACE_OUTER_BOUND('',#4383,.T.);
#4385=FACE_SURFACE('',(#4384),#4382,.T.);
#4386=CARTESIAN_POINT('',(163.32045,3.888962,0.));
#4387=DIRECTION('',(0.,0.,-1.));
#4388=DIRECTION('',(0.004022,0.999992,0.));
#4389=AXIS2_PLACEMENT_3D('',#4386,#4387,#4388);
#4390=PLANE('',#4389);
#4391=POLY_LOOP('',(#373,#374,#375));
#4392=FACE_OUTER_BOUND('',#4391,.T.);
#4393=FACE_SURFACE('',(#4392),#4390,.T.);
#4394=CARTESIAN_POINT('',(163.411087,3.95619,0.));
#4395=DIRECTION('',(0.,0.,-1.));
#4396=DIRECTION('',(0.004319,0.999991,0.));
#4397=AXIS2_PLACEMENT_3D('',#4394,#4395,#4396);
#4398=PLANE('',#4397);
#4399=POLY_LOOP('',(#375,#376,#377));
#4400=FACE_OUTER_BOUND('',#4399,.T.);
#4401=FACE_SURFACE('',(#4400),#4398,.T.);
#4402=CARTESIAN_POINT('',(163.507889,4.014209,0.));
#4403=DIRECTION('',(0.,0.,-1.));
#4404=DIRECTION('',(0.004574,0.99999,0.));
#4405=AXIS2_PLACEMENT_3D('',#4402,#4403,#4404);
#4406=PLANE('',#4405);
#4407=POLY_LOOP('',(#377,#378,#379));
#4408=FACE_OUTER_BOUND('',#4407,.T.);
#4409=FACE_SURFACE('',(#4408),#4406,.T.);
#4410=CARTESIAN_POINT('',(163.609909,4.062461,0.));
#4411=DIRECTION('',(0.,0.,-1.));
#4412=DIRECTION('',(0.004782,0.999989,0.));
#4413=AXIS2_PLACEMENT_3D('',#4410,#4411,#4412);
#4414=PLANE('',#4413);
#4415=POLY_LOOP('',(#379,#380,#381));
#4416=FACE_OUTER_BOUND('',#4415,.T.);
#4417=FACE_SURFACE('',(#4416),#4414,.T.);
#4418=CARTESIAN_POINT('',(163.716171,4.100482,0.));
#4419=DIRECTION('',(0.,0.,-1.));
#4420=DIRECTION('',(0.004942,0.999988,0.));
#4421=AXIS2_PLACEMENT_3D('',#4418,#4419,#4420);
#4422=PLANE('',#4421);
#4423=POLY_LOOP('',(#381,#382,#383));
#4424=FACE_OUTER_BOUND('',#4423,.T.);
#4425=FACE_SURFACE('',(#4424),#4422,.T.);
#4426=CARTESIAN_POINT('',(163.825653,4.127903,0.));
#4427=DIRECTION('',(0.,0.,-1.));
#4428=DIRECTION('',(0.005049,0.999987,0.));
#4429=AXIS2_PLACEMENT_3D('',#4426,#4427,#4428);
#4430=PLANE('',#4429);
#4431=POLY_LOOP('',(#383,#384,#385));
#4432=FACE_OUTER_BOUND('',#4431,.T.);
#4433=FACE_SURFACE('',(#4432),#4430,.T.);
#4434=CARTESIAN_POINT('',(163.937286,4.144463,0.));
#4435=DIRECTION('',(0.,0.,-1.));
#4436=DIRECTION('',(0.005103,0.999987,0.));
#4437=AXIS2_PLACEMENT_3D('',#4434,#4435,#4436);
#4438=PLANE('',#4437);
#4439=POLY_LOOP('',(#385,#386,#387));
#4440=FACE_OUTER_BOUND('',#4439,.T.);
#4441=FACE_SURFACE('',(#4440),#4438,.T.);
#4442=CARTESIAN_POINT('',(164.050003,4.15,0.));
#4443=DIRECTION('',(0.,0.,-1.));
#4444=DIRECTION('',(0.005103,0.999987,0.));
#4445=AXIS2_PLACEMENT_3D('',#4442,#4443,#4444);
#4446=PLANE('',#4445);
#4447=POLY_LOOP('',(#387,#388,#389));
#4448=FACE_OUTER_BOUND('',#4447,.T.);
#4449=FACE_SURFACE('',(#4448),#4446,.T.);
#4450=CARTESIAN_POINT('',(164.16272,4.144463,0.));
#4451=DIRECTION('',(0.,0.,-1.));
#4452=DIRECTION('',(0.005049,0.999987,0.));
#4453=AXIS2_PLACEMENT_3D('',#4450,#4451,#4452);
#4454=PLANE('',#4453);
#4455=POLY_LOOP('',(#389,#390,#391));
#4456=FACE_OUTER_BOUND('',#4455,.T.);
#4457=FACE_SURFACE('',(#4456),#4454,.T.);
#4458=CARTESIAN_POINT('',(164.274353,4.127903,0.));
#4459=DIRECTION('',(0.,0.,-1.));
#4460=DIRECTION('',(0.004942,0.999988,0.));
#4461=AXIS2_PLACEMENT_3D('',#4458,#4459,#4460);
#4462=PLANE('',#4461);
#4463=POLY_LOOP('',(#391,#392,#393));
#4464=FACE_OUTER_BOUND('',#4463,.T.);
#4465=FACE_SURFACE('',(#4464),#4462,.T.);
#4466=CARTESIAN_POINT('',(164.383835,4.100482,0.));
#4467=DIRECTION('',(0.,0.,-1.));
#4468=DIRECTION('',(0.004782,0.999989,0.));
#4469=AXIS2_PLACEMENT_3D('',#4466,#4467,#4468);
#4470=PLANE('',#4469);
#4471=POLY_LOOP('',(#393,#394,#395));
#4472=FACE_OUTER_BOUND('',#4471,.T.);
#4473=FACE_SURFACE('',(#4472),#4470,.T.);
#4474=CARTESIAN_POINT('',(164.863174,3.813173,0.));
#4475=DIRECTION('',(0.,0.,-1.));
#4476=DIRECTION('',(-0.003687,0.999993,0.));
#4477=AXIS2_PLACEMENT_3D('',#4474,#4475,#4476);
#4478=PLANE('',#4477);
#4479=POLY_LOOP('',(#396,#335,#333));
#4480=FACE_OUTER_BOUND('',#4479,.T.);
#4481=FACE_SURFACE('',(#4480),#4478,.T.);
#4482=CARTESIAN_POINT('',(164.688904,3.95619,0.));
#4483=DIRECTION('',(0.,0.,-1.));
#4484=DIRECTION('',(0.004022,0.999992,0.));
#4485=AXIS2_PLACEMENT_3D('',#4482,#4483,#4484);
#4486=PLANE('',#4485);
#4487=POLY_LOOP('',(#397,#335,#398));
#4488=FACE_OUTER_BOUND('',#4487,.T.);
#4489=FACE_SURFACE('',(#4488),#4486,.T.);
#4490=CARTESIAN_POINT('',(164.779556,3.888962,0.));
#4491=DIRECTION('',(0.,0.,-1.));
#4492=DIRECTION('',(0.,1.,0.));
#4493=AXIS2_PLACEMENT_3D('',#4490,#4491,#4492);
#4494=PLANE('',#4493);
#4495=POLY_LOOP('',(#398,#335,#396));
#4496=FACE_OUTER_BOUND('',#4495,.T.);
#4497=FACE_SURFACE('',(#4496),#4494,.T.);
#4498=CARTESIAN_POINT('',(164.490082,4.062461,0.));
#4499=DIRECTION('',(0.,0.,-1.));
#4500=DIRECTION('',(0.004574,0.99999,0.));
#4501=AXIS2_PLACEMENT_3D('',#4498,#4499,#4500);
#4502=PLANE('',#4501);
#4503=POLY_LOOP('',(#395,#399,#400));
#4504=FACE_OUTER_BOUND('',#4503,.T.);
#4505=FACE_SURFACE('',(#4504),#4502,.T.);
#4506=CARTESIAN_POINT('',(164.592102,4.014209,0.));
#4507=DIRECTION('',(0.,0.,-1.));
#4508=DIRECTION('',(0.004319,0.999991,0.));
#4509=AXIS2_PLACEMENT_3D('',#4506,#4507,#4508);
#4510=PLANE('',#4509);
#4511=POLY_LOOP('',(#400,#401,#397));
#4512=FACE_OUTER_BOUND('',#4511,.T.);
#4513=FACE_SURFACE('',(#4512),#4510,.T.);
#4514=CARTESIAN_POINT('',(163.161041,3.729552,0.));
#4515=DIRECTION('',(0.,0.,-1.));
#4516=DIRECTION('',(0.,1.,0.));
#4517=AXIS2_PLACEMENT_3D('',#4514,#4515,#4516);
#4518=PLANE('',#4517);
#4519=POLY_LOOP('',(#369,#368,#370));
#4520=FACE_OUTER_BOUND('',#4519,.T.);
#4521=FACE_SURFACE('',(#4520),#4518,.T.);
#4522=CARTESIAN_POINT('',(163.236832,3.813173,0.));
#4523=DIRECTION('',(0.,0.,-1.));
#4524=DIRECTION('',(0.,1.,0.));
#4525=AXIS2_PLACEMENT_3D('',#4522,#4523,#4524);
#4526=PLANE('',#4525);
#4527=POLY_LOOP('',(#371,#370,#372));
#4528=FACE_OUTER_BOUND('',#4527,.T.);
#4529=FACE_SURFACE('',(#4528),#4526,.T.);
#4530=CARTESIAN_POINT('',(163.32045,3.888962,0.));
#4531=DIRECTION('',(0.,0.,-1.));
#4532=DIRECTION('',(0.,1.,0.));
#4533=AXIS2_PLACEMENT_3D('',#4530,#4531,#4532);
#4534=PLANE('',#4533);
#4535=POLY_LOOP('',(#373,#372,#374));
#4536=FACE_OUTER_BOUND('',#4535,.T.);
#4537=FACE_SURFACE('',(#4536),#4534,.T.);
#4538=CARTESIAN_POINT('',(163.411087,3.95619,0.));
#4539=DIRECTION('',(0.,0.,-1.));
#4540=DIRECTION('',(0.,1.,0.));
#4541=AXIS2_PLACEMENT_3D('',#4538,#4539,#4540);
#4542=PLANE('',#4541);
#4543=POLY_LOOP('',(#375,#374,#376));
#4544=FACE_OUTER_BOUND('',#4543,.T.);
#4545=FACE_SURFACE('',(#4544),#4542,.T.);
#4546=CARTESIAN_POINT('',(163.507889,4.014209,0.));
#4547=DIRECTION('',(0.,0.,-1.));
#4548=DIRECTION('',(0.,1.,0.));
#4549=AXIS2_PLACEMENT_3D('',#4546,#4547,#4548);
#4550=PLANE('',#4549);
#4551=POLY_LOOP('',(#377,#376,#378));
#4552=FACE_OUTER_BOUND('',#4551,.T.);
#4553=FACE_SURFACE('',(#4552),#4550,.T.);
#4554=CARTESIAN_POINT('',(163.609909,4.062461,0.));
#4555=DIRECTION('',(0.,0.,-1.));
#4556=DIRECTION('',(0.,1.,0.));
#4557=AXIS2_PLACEMENT_3D('',#4554,#4555,#4556);
#4558=PLANE('',#4557);
#4559=POLY_LOOP('',(#379,#378,#380));
#4560=FACE_OUTER_BOUND('',#4559,.T.);
#4561=FACE_SURFACE('',(#4560),#4558,.T.);
#4562=CARTESIAN_POINT('',(163.716171,4.100482,0.));
#4563=DIRECTION('',(0.,0.,-1.));
#4564=DIRECTION('',(0.,1.,0.));
#4565=AXIS2_PLACEMENT_3D('',#4562,#4563,#4564);
#4566=PLANE('',#4565);
#4567=POLY_LOOP('',(#381,#380,#382));
#4568=FACE_OUTER_BOUND('',#4567,.T.);
#4569=FACE_SURFACE('',(#4568),#4566,.T.);
#4570=CARTESIAN_POINT('',(162.949524,3.333827,0.));
#4571=DIRECTION('',(0.,0.,-1.));
#4572=DIRECTION('',(0.,1.,0.));
#4573=AXIS2_PLACEMENT_3D('',#4570,#4571,#4572);
#4574=PLANE('',#4573);
#4575=POLY_LOOP('',(#361,#360,#362));
#4576=FACE_OUTER_BOUND('',#4575,.T.);
#4577=FACE_SURFACE('',(#4576),#4574,.T.);
#4578=CARTESIAN_POINT('',(162.905533,3.11272,0.));
#4579=DIRECTION('',(0.,0.,-1.));
#4580=DIRECTION('',(0.,1.,0.));
#4581=AXIS2_PLACEMENT_3D('',#4578,#4579,#4580);
#4582=PLANE('',#4581);
#4583=POLY_LOOP('',(#357,#356,#358));
#4584=FACE_OUTER_BOUND('',#4583,.T.);
#4585=FACE_SURFACE('',(#4584),#4582,.T.);
#4586=CARTESIAN_POINT('',(162.922104,3.224354,0.));
#4587=DIRECTION('',(0.,0.,-1.));
#4588=DIRECTION('',(0.,1.,0.));
#4589=AXIS2_PLACEMENT_3D('',#4586,#4587,#4588);
#4590=PLANE('',#4589);
#4591=POLY_LOOP('',(#359,#358,#360));
#4592=FACE_OUTER_BOUND('',#4591,.T.);
#4593=FACE_SURFACE('',(#4592),#4590,.T.);
#4594=CARTESIAN_POINT('',(162.987534,3.440086,0.));
#4595=DIRECTION('',(0.,0.,-1.));
#4596=DIRECTION('',(0.,1.,0.));
#4597=AXIS2_PLACEMENT_3D('',#4594,#4595,#4596);
#4598=PLANE('',#4597);
#4599=POLY_LOOP('',(#363,#362,#364));
#4600=FACE_OUTER_BOUND('',#4599,.T.);
#4601=FACE_SURFACE('',(#4600),#4598,.T.);
#4602=CARTESIAN_POINT('',(163.035797,3.542106,0.));
#4603=DIRECTION('',(0.,0.,-1.));
#4604=DIRECTION('',(0.,1.,0.));
#4605=AXIS2_PLACEMENT_3D('',#4602,#4603,#4604);
#4606=PLANE('',#4605);
#4607=POLY_LOOP('',(#365,#364,#366));
#4608=FACE_OUTER_BOUND('',#4607,.T.);
#4609=FACE_SURFACE('',(#4608),#4606,.T.);
#4610=CARTESIAN_POINT('',(163.093811,3.638906,0.));
#4611=DIRECTION('',(0.,0.,-1.));
#4612=DIRECTION('',(0.,1.,0.));
#4613=AXIS2_PLACEMENT_3D('',#4610,#4611,#4612);
#4614=PLANE('',#4613);
#4615=POLY_LOOP('',(#367,#366,#368));
#4616=FACE_OUTER_BOUND('',#4615,.T.);
#4617=FACE_SURFACE('',(#4616),#4614,.T.);
#4618=CARTESIAN_POINT('',(162.899994,3.,0.));
#4619=DIRECTION('',(0.,0.,-1.));
#4620=DIRECTION('',(0.,1.,0.));
#4621=AXIS2_PLACEMENT_3D('',#4618,#4619,#4620);
#4622=PLANE('',#4621);
#4623=POLY_LOOP('',(#305,#402,#356));
#4624=FACE_OUTER_BOUND('',#4623,.T.);
#4625=FACE_SURFACE('',(#4624),#4622,.T.);
#4626=CARTESIAN_POINT('',(169.300003,-2.,0.));
#4627=DIRECTION('',(0.,0.,-1.));
#4628=DIRECTION('',(-0.156686,0.987648,0.));
#4629=AXIS2_PLACEMENT_3D('',#4626,#4627,#4628);
#4630=PLANE('',#4629);
#4631=POLY_LOOP('',(#294,#335,#403));
#4632=FACE_OUTER_BOUND('',#4631,.T.);
#4633=FACE_SURFACE('',(#4632),#4630,.T.);
#4634=CARTESIAN_POINT('',(169.300003,-2.,0.));
#4635=DIRECTION('',(0.,0.,-1.));
#4636=DIRECTION('',(-0.153458,0.988155,0.));
#4637=AXIS2_PLACEMENT_3D('',#4634,#4635,#4636);
#4638=PLANE('',#4637);
#4639=POLY_LOOP('',(#294,#403,#404));
#4640=FACE_OUTER_BOUND('',#4639,.T.);
#4641=FACE_SURFACE('',(#4640),#4638,.T.);
#4642=CARTESIAN_POINT('',(169.300003,-2.,0.));
#4643=DIRECTION('',(0.,0.,-1.));
#4644=DIRECTION('',(-0.150467,0.988615,0.));
#4645=AXIS2_PLACEMENT_3D('',#4642,#4643,#4644);
#4646=PLANE('',#4645);
#4647=POLY_LOOP('',(#294,#404,#405));
#4648=FACE_OUTER_BOUND('',#4647,.T.);
#4649=FACE_SURFACE('',(#4648),#4646,.T.);
#4650=CARTESIAN_POINT('',(169.300003,-2.,0.));
#4651=DIRECTION('',(0.,0.,-1.));
#4652=DIRECTION('',(-0.145309,0.989386,0.));
#4653=AXIS2_PLACEMENT_3D('',#4650,#4651,#4652);
#4654=PLANE('',#4653);
#4655=POLY_LOOP('',(#294,#406,#407));
#4656=FACE_OUTER_BOUND('',#4655,.T.);
#4657=FACE_SURFACE('',(#4656),#4654,.T.);
#4658=CARTESIAN_POINT('',(169.300003,-2.,0.));
#4659=DIRECTION('',(0.,0.,-1.));
#4660=DIRECTION('',(-0.147741,0.989026,0.));
#4661=AXIS2_PLACEMENT_3D('',#4658,#4659,#4660);
#4662=PLANE('',#4661);
#4663=POLY_LOOP('',(#294,#405,#406));
#4664=FACE_OUTER_BOUND('',#4663,.T.);
#4665=FACE_SURFACE('',(#4664),#4662,.T.);
#4666=CARTESIAN_POINT('',(169.300003,-2.,0.));
#4667=DIRECTION('',(0.,0.,-1.));
#4668=DIRECTION('',(-0.143192,0.989695,0.));
#4669=AXIS2_PLACEMENT_3D('',#4666,#4667,#4668);
#4670=PLANE('',#4669);
#4671=POLY_LOOP('',(#294,#407,#408));
#4672=FACE_OUTER_BOUND('',#4671,.T.);
#4673=FACE_SURFACE('',(#4672),#4670,.T.);
#4674=CARTESIAN_POINT('',(169.300003,-2.,0.));
#4675=DIRECTION('',(0.,0.,-1.));
#4676=DIRECTION('',(-0.139976,0.990155,0.));
#4677=AXIS2_PLACEMENT_3D('',#4674,#4675,#4676);
#4678=PLANE('',#4677);
#4679=POLY_LOOP('',(#294,#409,#410));
#4680=FACE_OUTER_BOUND('',#4679,.T.);
#4681=FACE_SURFACE('',(#4680),#4678,.T.);
#4682=CARTESIAN_POINT('',(169.300003,-2.,0.));
#4683=DIRECTION('',(0.,0.,-1.));
#4684=DIRECTION('',(-0.141409,0.989951,0.));
#4685=AXIS2_PLACEMENT_3D('',#4682,#4683,#4684);
#4686=PLANE('',#4685);
#4687=POLY_LOOP('',(#294,#408,#409));
#4688=FACE_OUTER_BOUND('',#4687,.T.);
#4689=FACE_SURFACE('',(#4688),#4686,.T.);
#4690=CARTESIAN_POINT('',(163.825653,4.127903,0.));
#4691=DIRECTION('',(0.,0.,-1.));
#4692=DIRECTION('',(0.,1.,0.));
#4693=AXIS2_PLACEMENT_3D('',#4690,#4691,#4692);
#4694=PLANE('',#4693);
#4695=POLY_LOOP('',(#383,#382,#384));
#4696=FACE_OUTER_BOUND('',#4695,.T.);
#4697=FACE_SURFACE('',(#4696),#4694,.T.);
#4698=CARTESIAN_POINT('',(163.937286,4.144463,0.));
#4699=DIRECTION('',(0.,0.,-1.));
#4700=DIRECTION('',(0.,1.,0.));
#4701=AXIS2_PLACEMENT_3D('',#4698,#4699,#4700);
#4702=PLANE('',#4701);
#4703=POLY_LOOP('',(#385,#384,#386));
#4704=FACE_OUTER_BOUND('',#4703,.T.);
#4705=FACE_SURFACE('',(#4704),#4702,.T.);
#4706=CARTESIAN_POINT('',(164.050003,4.15,0.));
#4707=DIRECTION('',(0.,0.,-1.));
#4708=DIRECTION('',(0.,1.,0.));
#4709=AXIS2_PLACEMENT_3D('',#4706,#4707,#4708);
#4710=PLANE('',#4709);
#4711=POLY_LOOP('',(#387,#386,#388));
#4712=FACE_OUTER_BOUND('',#4711,.T.);
#4713=FACE_SURFACE('',(#4712),#4710,.T.);
#4714=CARTESIAN_POINT('',(164.16272,4.144463,0.));
#4715=DIRECTION('',(0.,0.,-1.));
#4716=DIRECTION('',(0.,1.,0.));
#4717=AXIS2_PLACEMENT_3D('',#4714,#4715,#4716);
#4718=PLANE('',#4717);
#4719=POLY_LOOP('',(#389,#388,#390));
#4720=FACE_OUTER_BOUND('',#4719,.T.);
#4721=FACE_SURFACE('',(#4720),#4718,.T.);
#4722=CARTESIAN_POINT('',(164.274353,4.127903,0.));
#4723=DIRECTION('',(0.,0.,-1.));
#4724=DIRECTION('',(0.,1.,0.));
#4725=AXIS2_PLACEMENT_3D('',#4722,#4723,#4724);
#4726=PLANE('',#4725);
#4727=POLY_LOOP('',(#391,#390,#392));
#4728=FACE_OUTER_BOUND('',#4727,.T.);
#4729=FACE_SURFACE('',(#4728),#4726,.T.);
#4730=CARTESIAN_POINT('',(164.383835,4.100482,0.));
#4731=DIRECTION('',(0.,0.,-1.));
#4732=DIRECTION('',(0.,1.,0.));
#4733=AXIS2_PLACEMENT_3D('',#4730,#4731,#4732);
#4734=PLANE('',#4733);
#4735=POLY_LOOP('',(#393,#392,#394));
#4736=FACE_OUTER_BOUND('',#4735,.T.);
#4737=FACE_SURFACE('',(#4736),#4734,.T.);
#4738=CARTESIAN_POINT('',(164.490082,4.062461,0.));
#4739=DIRECTION('',(0.,0.,-1.));
#4740=DIRECTION('',(0.,1.,0.));
#4741=AXIS2_PLACEMENT_3D('',#4738,#4739,#4740);
#4742=PLANE('',#4741);
#4743=POLY_LOOP('',(#395,#394,#399));
#4744=FACE_OUTER_BOUND('',#4743,.T.);
#4745=FACE_SURFACE('',(#4744),#4742,.T.);
#4746=CARTESIAN_POINT('',(164.592102,4.014209,0.));
#4747=DIRECTION('',(0.,0.,-1.));
#4748=DIRECTION('',(0.,1.,0.));
#4749=AXIS2_PLACEMENT_3D('',#4746,#4747,#4748);
#4750=PLANE('',#4749);
#4751=POLY_LOOP('',(#400,#399,#401));
#4752=FACE_OUTER_BOUND('',#4751,.T.);
#4753=FACE_SURFACE('',(#4752),#4750,.T.);
#4754=CARTESIAN_POINT('',(164.688904,3.95619,0.));
#4755=DIRECTION('',(0.,0.,-1.));
#4756=DIRECTION('',(0.,1.,0.));
#4757=AXIS2_PLACEMENT_3D('',#4754,#4755,#4756);
#4758=PLANE('',#4757);
#4759=POLY_LOOP('',(#397,#401,#335));
#4760=FACE_OUTER_BOUND('',#4759,.T.);
#4761=FACE_SURFACE('',(#4760),#4758,.T.);
#4762=CARTESIAN_POINT('',(169.300003,-2.,0.));
#4763=DIRECTION('',(0.,0.,-1.));
#4764=DIRECTION('',(-0.138904,0.990306,0.));
#4765=AXIS2_PLACEMENT_3D('',#4762,#4763,#4764);
#4766=PLANE('',#4765);
#4767=POLY_LOOP('',(#294,#410,#411));
#4768=FACE_OUTER_BOUND('',#4767,.T.);
#4769=FACE_SURFACE('',(#4768),#4766,.T.);
#4770=CARTESIAN_POINT('',(169.300003,-2.,0.));
#4771=DIRECTION('',(0.,0.,-1.));
#4772=DIRECTION('',(-0.138198,0.990405,0.));
#4773=AXIS2_PLACEMENT_3D('',#4770,#4771,#4772);
#4774=PLANE('',#4773);
#4775=POLY_LOOP('',(#294,#411,#412));
#4776=FACE_OUTER_BOUND('',#4775,.T.);
#4777=FACE_SURFACE('',(#4776),#4774,.T.);
#4778=CARTESIAN_POINT('',(169.300003,-2.,0.));
#4779=DIRECTION('',(0.,0.,-1.));
#4780=DIRECTION('',(-0.137862,0.990451,0.));
#4781=AXIS2_PLACEMENT_3D('',#4778,#4779,#4780);
#4782=PLANE('',#4781);
#4783=POLY_LOOP('',(#294,#412,#413));
#4784=FACE_OUTER_BOUND('',#4783,.T.);
#4785=FACE_SURFACE('',(#4784),#4782,.T.);
#4786=CARTESIAN_POINT('',(169.300003,-2.,0.));
#4787=DIRECTION('',(0.,0.,-1.));
#4788=DIRECTION('',(0.,1.,0.));
#4789=AXIS2_PLACEMENT_3D('',#4786,#4787,#4788);
#4790=PLANE('',#4789);
#4791=POLY_LOOP('',(#294,#413,#336));
#4792=FACE_OUTER_BOUND('',#4791,.T.);
#4793=FACE_SURFACE('',(#4792),#4790,.T.);
#4794=CARTESIAN_POINT('',(169.300003,32.38298,0.));
#4795=DIRECTION('',(0.,0.,-1.));
#4796=DIRECTION('',(-0.643213,-0.765687,0.));
#4797=AXIS2_PLACEMENT_3D('',#4794,#4795,#4796);
#4798=PLANE('',#4797);
#4799=POLY_LOOP('',(#413,#412,#414));
#4800=FACE_OUTER_BOUND('',#4799,.T.);
#4801=FACE_SURFACE('',(#4800),#4798,.T.);
#4802=CARTESIAN_POINT('',(169.300003,32.38298,0.));
#4803=DIRECTION('',(0.,0.,-1.));
#4804=DIRECTION('',(-0.664526,-0.747265,0.));
#4805=AXIS2_PLACEMENT_3D('',#4802,#4803,#4804);
#4806=PLANE('',#4805);
#4807=POLY_LOOP('',(#413,#415,#416));
#4808=FACE_OUTER_BOUND('',#4807,.T.);
#4809=FACE_SURFACE('',(#4808),#4806,.T.);
#4810=CARTESIAN_POINT('',(169.300003,32.38298,0.));
#4811=DIRECTION('',(0.,0.,-1.));
#4812=DIRECTION('',(-0.653409,-0.757005,0.));
#4813=AXIS2_PLACEMENT_3D('',#4810,#4811,#4812);
#4814=PLANE('',#4813);
#4815=POLY_LOOP('',(#413,#414,#415));
#4816=FACE_OUTER_BOUND('',#4815,.T.);
#4817=FACE_SURFACE('',(#4816),#4814,.T.);
#4818=CARTESIAN_POINT('',(169.300003,32.38298,0.));
#4819=DIRECTION('',(0.,0.,-1.));
#4820=DIRECTION('',(-0.676393,-0.73654,0.));
#4821=AXIS2_PLACEMENT_3D('',#4818,#4819,#4820);
#4822=PLANE('',#4821);
#4823=POLY_LOOP('',(#413,#416,#417));
#4824=FACE_OUTER_BOUND('',#4823,.T.);
#4825=FACE_SURFACE('',(#4824),#4822,.T.);
#4826=CARTESIAN_POINT('',(169.300003,32.38298,0.));
#4827=DIRECTION('',(0.,0.,-1.));
#4828=DIRECTION('',(-0.7273,-0.686319,0.));
#4829=AXIS2_PLACEMENT_3D('',#4826,#4827,#4828);
#4830=PLANE('',#4829);
#4831=POLY_LOOP('',(#413,#418,#419));
#4832=FACE_OUTER_BOUND('',#4831,.T.);
#4833=FACE_SURFACE('',(#4832),#4830,.T.);
#4834=CARTESIAN_POINT('',(169.300003,32.38298,0.));
#4835=DIRECTION('',(0.,0.,-1.));
#4836=DIRECTION('',(-0.714489,-0.699647,0.));
#4837=AXIS2_PLACEMENT_3D('',#4834,#4835,#4836);
#4838=PLANE('',#4837);
#4839=POLY_LOOP('',(#413,#420,#418));
#4840=FACE_OUTER_BOUND('',#4839,.T.);
#4841=FACE_SURFACE('',(#4840),#4838,.T.);
#4842=CARTESIAN_POINT('',(169.300003,32.38298,0.));
#4843=DIRECTION('',(0.,0.,-1.));
#4844=DIRECTION('',(-0.701588,-0.712583,0.));
#4845=AXIS2_PLACEMENT_3D('',#4842,#4843,#4844);
#4846=PLANE('',#4845);
#4847=POLY_LOOP('',(#413,#421,#420));
#4848=FACE_OUTER_BOUND('',#4847,.T.);
#4849=FACE_SURFACE('',(#4848),#4846,.T.);
#4850=CARTESIAN_POINT('',(169.300003,32.38298,0.));
#4851=DIRECTION('',(0.,0.,-1.));
#4852=DIRECTION('',(-0.688817,-0.724935,0.));
#4853=AXIS2_PLACEMENT_3D('',#4850,#4851,#4852);
#4854=PLANE('',#4853);
#4855=POLY_LOOP('',(#413,#417,#421));
#4856=FACE_OUTER_BOUND('',#4855,.T.);
#4857=FACE_SURFACE('',(#4856),#4854,.T.);
#4858=CARTESIAN_POINT('',(169.300003,32.38298,0.));
#4859=DIRECTION('',(0.,0.,-1.));
#4860=DIRECTION('',(-0.823795,-0.566887,0.));
#4861=AXIS2_PLACEMENT_3D('',#4858,#4859,#4860);
#4862=PLANE('',#4861);
#4863=POLY_LOOP('',(#413,#422,#423));
#4864=FACE_OUTER_BOUND('',#4863,.T.);
#4865=FACE_SURFACE('',(#4864),#4862,.T.);
#4866=CARTESIAN_POINT('',(169.300003,32.38298,0.));
#4867=DIRECTION('',(0.,0.,-1.));
#4868=DIRECTION('',(-0.822311,-0.569038,0.));
#4869=AXIS2_PLACEMENT_3D('',#4866,#4867,#4868);
#4870=PLANE('',#4869);
#4871=POLY_LOOP('',(#413,#424,#422));
#4872=FACE_OUTER_BOUND('',#4871,.T.);
#4873=FACE_SURFACE('',(#4872),#4870,.T.);
#4874=CARTESIAN_POINT('',(169.300003,32.38298,0.));
#4875=DIRECTION('',(0.,0.,-1.));
#4876=DIRECTION('',(-0.819863,-0.572559,0.));
#4877=AXIS2_PLACEMENT_3D('',#4874,#4875,#4876);
#4878=PLANE('',#4877);
#4879=POLY_LOOP('',(#413,#425,#424));
#4880=FACE_OUTER_BOUND('',#4879,.T.);
#4881=FACE_SURFACE('',(#4880),#4878,.T.);
#4882=CARTESIAN_POINT('',(169.300003,32.38298,0.));
#4883=DIRECTION('',(0.,0.,-1.));
#4884=DIRECTION('',(-0.816416,-0.577464,0.));
#4885=AXIS2_PLACEMENT_3D('',#4882,#4883,#4884);
#4886=PLANE('',#4885);
#4887=POLY_LOOP('',(#413,#426,#425));
#4888=FACE_OUTER_BOUND('',#4887,.T.);
#4889=FACE_SURFACE('',(#4888),#4886,.T.);
#4890=CARTESIAN_POINT('',(169.300003,32.38298,0.));
#4891=DIRECTION('',(0.,0.,-1.));
#4892=DIRECTION('',(-0.811937,-0.583745,0.));
#4893=AXIS2_PLACEMENT_3D('',#4890,#4891,#4892);
#4894=PLANE('',#4893);
#4895=POLY_LOOP('',(#413,#427,#426));
#4896=FACE_OUTER_BOUND('',#4895,.T.);
#4897=FACE_SURFACE('',(#4896),#4894,.T.);
#4898=CARTESIAN_POINT('',(169.300003,32.38298,0.));
#4899=DIRECTION('',(0.,0.,-1.));
#4900=DIRECTION('',(-0.806405,-0.591364,0.));
#4901=AXIS2_PLACEMENT_3D('',#4898,#4899,#4900);
#4902=PLANE('',#4901);
#4903=POLY_LOOP('',(#413,#428,#427));
#4904=FACE_OUTER_BOUND('',#4903,.T.);
#4905=FACE_SURFACE('',(#4904),#4902,.T.);
#4906=CARTESIAN_POINT('',(169.300003,32.38298,0.));
#4907=DIRECTION('',(0.,0.,-1.));
#4908=DIRECTION('',(-0.799807,-0.600257,0.));
#4909=AXIS2_PLACEMENT_3D('',#4906,#4907,#4908);
#4910=PLANE('',#4909);
#4911=POLY_LOOP('',(#413,#429,#428));
#4912=FACE_OUTER_BOUND('',#4911,.T.);
#4913=FACE_SURFACE('',(#4912),#4910,.T.);
#4914=CARTESIAN_POINT('',(169.300003,32.38298,0.));
#4915=DIRECTION('',(0.,0.,-1.));
#4916=DIRECTION('',(-0.79215,-0.610326,0.));
#4917=AXIS2_PLACEMENT_3D('',#4914,#4915,#4916);
#4918=PLANE('',#4917);
#4919=POLY_LOOP('',(#413,#430,#429));
#4920=FACE_OUTER_BOUND('',#4919,.T.);
#4921=FACE_SURFACE('',(#4920),#4918,.T.);
#4922=CARTESIAN_POINT('',(169.300003,32.38298,0.));
#4923=DIRECTION('',(0.,0.,-1.));
#4924=DIRECTION('',(-0.78346,-0.621443,0.));
#4925=AXIS2_PLACEMENT_3D('',#4922,#4923,#4924);
#4926=PLANE('',#4925);
#4927=POLY_LOOP('',(#413,#431,#430));
#4928=FACE_OUTER_BOUND('',#4927,.T.);
#4929=FACE_SURFACE('',(#4928),#4926,.T.);
#4930=CARTESIAN_POINT('',(169.300003,32.38298,0.));
#4931=DIRECTION('',(0.,0.,-1.));
#4932=DIRECTION('',(-0.751841,-0.659345,0.));
#4933=AXIS2_PLACEMENT_3D('',#4930,#4931,#4932);
#4934=PLANE('',#4933);
#4935=POLY_LOOP('',(#413,#432,#433));
#4936=FACE_OUTER_BOUND('',#4935,.T.);
#4937=FACE_SURFACE('',(#4936),#4934,.T.);
#4938=CARTESIAN_POINT('',(169.300003,32.38298,0.));
#4939=DIRECTION('',(0.,0.,-1.));
#4940=DIRECTION('',(-0.773788,-0.633445,0.));
#4941=AXIS2_PLACEMENT_3D('',#4938,#4939,#4940);
#4942=PLANE('',#4941);
#4943=POLY_LOOP('',(#413,#434,#431));
#4944=FACE_OUTER_BOUND('',#4943,.T.);
#4945=FACE_SURFACE('',(#4944),#4942,.T.);
#4946=CARTESIAN_POINT('',(169.300003,32.38298,0.));
#4947=DIRECTION('',(0.,0.,-1.));
#4948=DIRECTION('',(-0.763212,-0.646149,0.));
#4949=AXIS2_PLACEMENT_3D('',#4946,#4947,#4948);
#4950=PLANE('',#4949);
#4951=POLY_LOOP('',(#413,#433,#434));
#4952=FACE_OUTER_BOUND('',#4951,.T.);
#4953=FACE_SURFACE('',(#4952),#4950,.T.);
#4954=CARTESIAN_POINT('',(169.300003,32.38298,0.));
#4955=DIRECTION('',(0.,0.,-1.));
#4956=DIRECTION('',(-0.739814,-0.672811,0.));
#4957=AXIS2_PLACEMENT_3D('',#4954,#4955,#4956);
#4958=PLANE('',#4957);
#4959=POLY_LOOP('',(#413,#419,#432));
#4960=FACE_OUTER_BOUND('',#4959,.T.);
#4961=FACE_SURFACE('',(#4960),#4958,.T.);
#4962=CARTESIAN_POINT('',(169.300003,32.38298,0.));
#4963=DIRECTION('',(0.,1.,0.));
#4964=DIRECTION('',(0.219512,0.,0.97561));
#4965=AXIS2_PLACEMENT_3D('',#4962,#4963,#4964);
#4966=PLANE('',#4965);
#4967=POLY_LOOP('',(#413,#435,#336));
#4968=FACE_OUTER_BOUND('',#4967,.T.);
#4969=FACE_SURFACE('',(#4968),#4966,.T.);
#4970=CARTESIAN_POINT('',(165.849091,-16.129787,12.));
#4971=DIRECTION('',(0.,-1.,0.));
#4972=DIRECTION('',(-0.998964,0.,-0.045512));
#4973=AXIS2_PLACEMENT_3D('',#4970,#4971,#4972);
#4974=PLANE('',#4973);
#4975=POLY_LOOP('',(#200,#436,#276));
#4976=FACE_OUTER_BOUND('',#4975,.T.);
#4977=FACE_SURFACE('',(#4976),#4974,.T.);
#4978=CARTESIAN_POINT('',(165.849091,-16.129787,12.));
#4979=DIRECTION('',(0.,-1.,0.));
#4980=DIRECTION('',(-0.999511,0.,-0.031284));
#4981=AXIS2_PLACEMENT_3D('',#4978,#4979,#4980);
#4982=PLANE('',#4981);
#4983=POLY_LOOP('',(#200,#175,#436));
#4984=FACE_OUTER_BOUND('',#4983,.T.);
#4985=FACE_SURFACE('',(#4984),#4982,.T.);
#4986=CARTESIAN_POINT('',(165.849091,-16.129787,12.));
#4987=DIRECTION('',(0.,0.,1.));
#4988=DIRECTION('',(0.998795,0.049069,0.));
#4989=AXIS2_PLACEMENT_3D('',#4986,#4987,#4988);
#4990=PLANE('',#4989);
#4991=POLY_LOOP('',(#200,#338,#197));
#4992=FACE_OUTER_BOUND('',#4991,.T.);
#4993=FACE_SURFACE('',(#4992),#4990,.T.);
#4994=CARTESIAN_POINT('',(166.143295,-16.115334,12.));
#4995=DIRECTION('',(0.,0.,1.));
#4996=DIRECTION('',(0.989177,0.146726,0.));
#4997=AXIS2_PLACEMENT_3D('',#4994,#4995,#4996);
#4998=PLANE('',#4997);
#4999=POLY_LOOP('',(#338,#339,#197));
#5000=FACE_OUTER_BOUND('',#4999,.T.);
#5001=FACE_SURFACE('',(#5000),#4998,.T.);
#5002=CARTESIAN_POINT('',(166.483292,-16.064901,12.));
#5003=DIRECTION('',(0.,0.,1.));
#5004=DIRECTION('',(0.97003,0.242985,0.));
#5005=AXIS2_PLACEMENT_3D('',#5002,#5003,#5004);
#5006=PLANE('',#5005);
#5007=POLY_LOOP('',(#339,#340,#197));
#5008=FACE_OUTER_BOUND('',#5007,.T.);
#5009=FACE_SURFACE('',(#5008),#5006,.T.);
#5010=CARTESIAN_POINT('',(166.816696,-15.981386,12.));
#5011=DIRECTION('',(0.,0.,1.));
#5012=DIRECTION('',(0.941546,0.336884,0.));
#5013=AXIS2_PLACEMENT_3D('',#5010,#5011,#5012);
#5014=PLANE('',#5013);
#5015=POLY_LOOP('',(#340,#341,#197));
#5016=FACE_OUTER_BOUND('',#5015,.T.);
#5017=FACE_SURFACE('',(#5016),#5014,.T.);
#5018=CARTESIAN_POINT('',(167.14032,-15.865594,12.));
#5019=DIRECTION('',(0.,0.,1.));
#5020=DIRECTION('',(0.903983,0.427568,0.));
#5021=AXIS2_PLACEMENT_3D('',#5018,#5019,#5020);
#5022=PLANE('',#5021);
#5023=POLY_LOOP('',(#341,#342,#197));
#5024=FACE_OUTER_BOUND('',#5023,.T.);
#5025=FACE_SURFACE('',(#5024),#5022,.T.);
#5026=CARTESIAN_POINT('',(167.451019,-15.718638,12.));
#5027=DIRECTION('',(0.,0.,1.));
#5028=DIRECTION('',(0.857732,0.514097,0.));
#5029=AXIS2_PLACEMENT_3D('',#5026,#5027,#5028);
#5030=PLANE('',#5029);
#5031=POLY_LOOP('',(#342,#343,#197));
#5032=FACE_OUTER_BOUND('',#5031,.T.);
#5033=FACE_SURFACE('',(#5032),#5030,.T.);
#5034=CARTESIAN_POINT('',(167.745834,-15.541936,12.));
#5035=DIRECTION('',(0.,0.,1.));
#5036=DIRECTION('',(0.803215,0.595689,0.));
#5037=AXIS2_PLACEMENT_3D('',#5034,#5035,#5036);
#5038=PLANE('',#5037);
#5039=POLY_LOOP('',(#343,#344,#197));
#5040=FACE_OUTER_BOUND('',#5039,.T.);
#5041=FACE_SURFACE('',(#5040),#5038,.T.);
#5042=CARTESIAN_POINT('',(168.021912,-15.337189,12.));
#5043=DIRECTION('',(0.,0.,1.));
#5044=DIRECTION('',(0.740946,0.671565,0.));
#5045=AXIS2_PLACEMENT_3D('',#5042,#5043,#5044);
#5046=PLANE('',#5045);
#5047=POLY_LOOP('',(#344,#345,#197));
#5048=FACE_OUTER_BOUND('',#5047,.T.);
#5049=FACE_SURFACE('',(#5048),#5046,.T.);
#5050=CARTESIAN_POINT('',(168.276581,-15.106366,12.));
#5051=DIRECTION('',(0.,0.,1.));
#5052=DIRECTION('',(0.671556,0.740953,0.));
#5053=AXIS2_PLACEMENT_3D('',#5050,#5051,#5052);
#5054=PLANE('',#5053);
#5055=POLY_LOOP('',(#345,#346,#197));
#5056=FACE_OUTER_BOUND('',#5055,.T.);
#5057=FACE_SURFACE('',(#5056),#5054,.T.);
#5058=CARTESIAN_POINT('',(168.507401,-14.851694,12.));
#5059=DIRECTION('',(0.,0.,1.));
#5060=DIRECTION('',(0.595689,0.803215,0.));
#5061=AXIS2_PLACEMENT_3D('',#5058,#5059,#5060);
#5062=PLANE('',#5061);
#5063=POLY_LOOP('',(#346,#347,#197));
#5064=FACE_OUTER_BOUND('',#5063,.T.);
#5065=FACE_SURFACE('',(#5064),#5062,.T.);
#5066=CARTESIAN_POINT('',(168.712143,-14.575624,12.));
#5067=DIRECTION('',(0.,0.,1.));
#5068=DIRECTION('',(0.514123,0.857716,0.));
#5069=AXIS2_PLACEMENT_3D('',#5066,#5067,#5068);
#5070=PLANE('',#5069);
#5071=POLY_LOOP('',(#347,#348,#197));
#5072=FACE_OUTER_BOUND('',#5071,.T.);
#5073=FACE_SURFACE('',(#5072),#5070,.T.);
#5074=CARTESIAN_POINT('',(168.888855,-14.280813,12.));
#5075=DIRECTION('',(0.,0.,1.));
#5076=DIRECTION('',(0.42756,0.903987,0.));
#5077=AXIS2_PLACEMENT_3D('',#5074,#5075,#5076);
#5078=PLANE('',#5077);
#5079=POLY_LOOP('',(#348,#349,#197));
#5080=FACE_OUTER_BOUND('',#5079,.T.);
#5081=FACE_SURFACE('',(#5080),#5078,.T.);
#5082=CARTESIAN_POINT('',(169.035812,-13.970102,12.));
#5083=DIRECTION('',(0.,0.,1.));
#5084=DIRECTION('',(0.336867,0.941552,0.));
#5085=AXIS2_PLACEMENT_3D('',#5082,#5083,#5084);
#5086=PLANE('',#5085);
#5087=POLY_LOOP('',(#349,#350,#197));
#5088=FACE_OUTER_BOUND('',#5087,.T.);
#5089=FACE_SURFACE('',(#5088),#5086,.T.);
#5090=CARTESIAN_POINT('',(169.151596,-13.646483,12.));
#5091=DIRECTION('',(0.,0.,1.));
#5092=DIRECTION('',(0.242971,0.970034,0.));
#5093=AXIS2_PLACEMENT_3D('',#5090,#5091,#5092);
#5094=PLANE('',#5093);
#5095=POLY_LOOP('',(#350,#351,#197));
#5096=FACE_OUTER_BOUND('',#5095,.T.);
#5097=FACE_SURFACE('',(#5096),#5094,.T.);
#5098=CARTESIAN_POINT('',(169.235107,-13.313074,12.));
#5099=DIRECTION('',(0.,0.,1.));
#5100=DIRECTION('',(0.146767,0.989171,0.));
#5101=AXIS2_PLACEMENT_3D('',#5098,#5099,#5100);
#5102=PLANE('',#5101);
#5103=POLY_LOOP('',(#351,#352,#197));
#5104=FACE_OUTER_BOUND('',#5103,.T.);
#5105=FACE_SURFACE('',(#5104),#5102,.T.);
#5106=CARTESIAN_POINT('',(169.285553,-12.973083,12.));
#5107=DIRECTION('',(0.,0.,1.));
#5108=DIRECTION('',(0.049058,0.998796,0.));
#5109=AXIS2_PLACEMENT_3D('',#5106,#5107,#5108);
#5110=PLANE('',#5109);
#5111=POLY_LOOP('',(#352,#353,#197));
#5112=FACE_OUTER_BOUND('',#5111,.T.);
#5113=FACE_SURFACE('',(#5112),#5110,.T.);
#5114=CARTESIAN_POINT('',(169.300003,-12.678885,12.));
#5115=DIRECTION('',(0.,0.,1.));
#5116=DIRECTION('',(0.,1.,0.));
#5117=AXIS2_PLACEMENT_3D('',#5114,#5115,#5116);
#5118=PLANE('',#5117);
#5119=POLY_LOOP('',(#353,#354,#197));
#5120=FACE_OUTER_BOUND('',#5119,.T.);
#5121=FACE_SURFACE('',(#5120),#5118,.T.);
#5122=CARTESIAN_POINT('',(169.300003,-2.,12.));
#5123=DIRECTION('',(0.,0.,1.));
#5124=DIRECTION('',(0.536877,0.843661,0.));
#5125=AXIS2_PLACEMENT_3D('',#5122,#5123,#5124);
#5126=PLANE('',#5125);
#5127=POLY_LOOP('',(#354,#437,#197));
#5128=FACE_OUTER_BOUND('',#5127,.T.);
#5129=FACE_SURFACE('',(#5128),#5126,.T.);
#5130=CARTESIAN_POINT('',(166.143295,-16.115334,0.));
#5131=DIRECTION('',(0.049069,-0.998795,0.));
#5132=DIRECTION('',(0.,0.,1.));
#5133=AXIS2_PLACEMENT_3D('',#5130,#5131,#5132);
#5134=PLANE('',#5133);
#5135=POLY_LOOP('',(#278,#338,#200));
#5136=FACE_OUTER_BOUND('',#5135,.T.);
#5137=FACE_SURFACE('',(#5136),#5134,.T.);
#5138=CARTESIAN_POINT('',(166.483292,-16.064901,0.));
#5139=DIRECTION('',(0.146726,-0.989177,0.));
#5140=DIRECTION('',(0.,0.,1.));
#5141=AXIS2_PLACEMENT_3D('',#5138,#5139,#5140);
#5142=PLANE('',#5141);
#5143=POLY_LOOP('',(#279,#339,#338));
#5144=FACE_OUTER_BOUND('',#5143,.T.);
#5145=FACE_SURFACE('',(#5144),#5142,.T.);
#5146=CARTESIAN_POINT('',(166.816696,-15.981386,0.));
#5147=DIRECTION('',(0.242985,-0.97003,0.));
#5148=DIRECTION('',(0.,0.,1.));
#5149=AXIS2_PLACEMENT_3D('',#5146,#5147,#5148);
#5150=PLANE('',#5149);
#5151=POLY_LOOP('',(#280,#340,#339));
#5152=FACE_OUTER_BOUND('',#5151,.T.);
#5153=FACE_SURFACE('',(#5152),#5150,.T.);
#5154=CARTESIAN_POINT('',(167.14032,-15.865594,0.));
#5155=DIRECTION('',(0.336884,-0.941546,0.));
#5156=DIRECTION('',(0.,0.,1.));
#5157=AXIS2_PLACEMENT_3D('',#5154,#5155,#5156);
#5158=PLANE('',#5157);
#5159=POLY_LOOP('',(#281,#341,#340));
#5160=FACE_OUTER_BOUND('',#5159,.T.);
#5161=FACE_SURFACE('',(#5160),#5158,.T.);
#5162=CARTESIAN_POINT('',(167.451019,-15.718638,0.));
#5163=DIRECTION('',(0.427568,-0.903983,0.));
#5164=DIRECTION('',(0.,0.,1.));
#5165=AXIS2_PLACEMENT_3D('',#5162,#5163,#5164);
#5166=PLANE('',#5165);
#5167=POLY_LOOP('',(#282,#342,#341));
#5168=FACE_OUTER_BOUND('',#5167,.T.);
#5169=FACE_SURFACE('',(#5168),#5166,.T.);
#5170=CARTESIAN_POINT('',(167.745834,-15.541936,0.));
#5171=DIRECTION('',(0.514097,-0.857732,0.));
#5172=DIRECTION('',(0.,0.,1.));
#5173=AXIS2_PLACEMENT_3D('',#5170,#5171,#5172);
#5174=PLANE('',#5173);
#5175=POLY_LOOP('',(#283,#343,#342));
#5176=FACE_OUTER_BOUND('',#5175,.T.);
#5177=FACE_SURFACE('',(#5176),#5174,.T.);
#5178=CARTESIAN_POINT('',(168.021912,-15.337189,0.));
#5179=DIRECTION('',(0.595689,-0.803215,0.));
#5180=DIRECTION('',(0.,0.,1.));
#5181=AXIS2_PLACEMENT_3D('',#5178,#5179,#5180);
#5182=PLANE('',#5181);
#5183=POLY_LOOP('',(#284,#344,#343));
#5184=FACE_OUTER_BOUND('',#5183,.T.);
#5185=FACE_SURFACE('',(#5184),#5182,.T.);
#5186=CARTESIAN_POINT('',(168.276581,-15.106366,0.));
#5187=DIRECTION('',(0.671565,-0.740946,0.));
#5188=DIRECTION('',(0.,0.,1.));
#5189=AXIS2_PLACEMENT_3D('',#5186,#5187,#5188);
#5190=PLANE('',#5189);
#5191=POLY_LOOP('',(#285,#345,#344));
#5192=FACE_OUTER_BOUND('',#5191,.T.);
#5193=FACE_SURFACE('',(#5192),#5190,.T.);
#5194=CARTESIAN_POINT('',(168.507401,-14.851694,0.));
#5195=DIRECTION('',(0.740953,-0.671556,0.));
#5196=DIRECTION('',(0.,0.,1.));
#5197=AXIS2_PLACEMENT_3D('',#5194,#5195,#5196);
#5198=PLANE('',#5197);
#5199=POLY_LOOP('',(#286,#346,#345));
#5200=FACE_OUTER_BOUND('',#5199,.T.);
#5201=FACE_SURFACE('',(#5200),#5198,.T.);
#5202=CARTESIAN_POINT('',(168.712143,-14.575624,0.));
#5203=DIRECTION('',(0.803215,-0.595689,0.));
#5204=DIRECTION('',(0.,0.,1.));
#5205=AXIS2_PLACEMENT_3D('',#5202,#5203,#5204);
#5206=PLANE('',#5205);
#5207=POLY_LOOP('',(#287,#347,#346));
#5208=FACE_OUTER_BOUND('',#5207,.T.);
#5209=FACE_SURFACE('',(#5208),#5206,.T.);
#5210=CARTESIAN_POINT('',(168.888855,-14.280813,0.));
#5211=DIRECTION('',(0.857716,-0.514123,0.));
#5212=DIRECTION('',(0.,0.,1.));
#5213=AXIS2_PLACEMENT_3D('',#5210,#5211,#5212);
#5214=PLANE('',#5213);
#5215=POLY_LOOP('',(#288,#348,#347));
#5216=FACE_OUTER_BOUND('',#5215,.T.);
#5217=FACE_SURFACE('',(#5216),#5214,.T.);
#5218=CARTESIAN_POINT('',(169.035812,-13.970102,0.));
#5219=DIRECTION('',(0.903987,-0.42756,0.));
#5220=DIRECTION('',(0.,0.,1.));
#5221=AXIS2_PLACEMENT_3D('',#5218,#5219,#5220);
#5222=PLANE('',#5221);
#5223=POLY_LOOP('',(#289,#349,#348));
#5224=FACE_OUTER_BOUND('',#5223,.T.);
#5225=FACE_SURFACE('',(#5224),#5222,.T.);
#5226=CARTESIAN_POINT('',(169.151596,-13.646483,0.));
#5227=DIRECTION('',(0.941552,-0.336867,0.));
#5228=DIRECTION('',(0.,0.,1.));
#5229=AXIS2_PLACEMENT_3D('',#5226,#5227,#5228);
#5230=PLANE('',#5229);
#5231=POLY_LOOP('',(#290,#350,#349));
#5232=FACE_OUTER_BOUND('',#5231,.T.);
#5233=FACE_SURFACE('',(#5232),#5230,.T.);
#5234=CARTESIAN_POINT('',(169.235107,-13.313074,0.));
#5235=DIRECTION('',(0.970034,-0.242971,0.));
#5236=DIRECTION('',(0.,0.,1.));
#5237=AXIS2_PLACEMENT_3D('',#5234,#5235,#5236);
#5238=PLANE('',#5237);
#5239=POLY_LOOP('',(#291,#351,#350));
#5240=FACE_OUTER_BOUND('',#5239,.T.);
#5241=FACE_SURFACE('',(#5240),#5238,.T.);
#5242=CARTESIAN_POINT('',(169.285553,-12.973083,0.));
#5243=DIRECTION('',(0.989171,-0.146767,0.));
#5244=DIRECTION('',(0.,0.,1.));
#5245=AXIS2_PLACEMENT_3D('',#5242,#5243,#5244);
#5246=PLANE('',#5245);
#5247=POLY_LOOP('',(#292,#352,#351));
#5248=FACE_OUTER_BOUND('',#5247,.T.);
#5249=FACE_SURFACE('',(#5248),#5246,.T.);
#5250=CARTESIAN_POINT('',(169.300003,-12.678885,0.));
#5251=DIRECTION('',(0.998796,-0.049058,0.));
#5252=DIRECTION('',(0.,0.,1.));
#5253=AXIS2_PLACEMENT_3D('',#5250,#5251,#5252);
#5254=PLANE('',#5253);
#5255=POLY_LOOP('',(#293,#353,#352));
#5256=FACE_OUTER_BOUND('',#5255,.T.);
#5257=FACE_SURFACE('',(#5256),#5254,.T.);
#5258=CARTESIAN_POINT('',(169.300003,-2.,0.));
#5259=DIRECTION('',(1.,0.,0.));
#5260=DIRECTION('',(0.,0.,1.));
#5261=AXIS2_PLACEMENT_3D('',#5258,#5259,#5260);
#5262=PLANE('',#5261);
#5263=POLY_LOOP('',(#294,#354,#353));
#5264=FACE_OUTER_BOUND('',#5263,.T.);
#5265=FACE_SURFACE('',(#5264),#5262,.T.);
#5266=CARTESIAN_POINT('',(172.,-2.,0.));
#5267=DIRECTION('',(0.,-1.,0.));
#5268=DIRECTION('',(0.,0.,1.));
#5269=AXIS2_PLACEMENT_3D('',#5266,#5267,#5268);
#5270=PLANE('',#5269);
#5271=POLY_LOOP('',(#337,#355,#354));
#5272=FACE_OUTER_BOUND('',#5271,.T.);
#5273=FACE_SURFACE('',(#5272),#5270,.T.);
#5274=CARTESIAN_POINT('',(169.300003,-2.,12.));
#5275=DIRECTION('',(0.,0.,1.));
#5276=DIRECTION('',(1.,0.,0.));
#5277=AXIS2_PLACEMENT_3D('',#5274,#5275,#5276);
#5278=PLANE('',#5277);
#5279=POLY_LOOP('',(#354,#355,#437));
#5280=FACE_OUTER_BOUND('',#5279,.T.);
#5281=FACE_SURFACE('',(#5280),#5278,.T.);
#5282=CARTESIAN_POINT('',(172.,-2.,12.));
#5283=DIRECTION('',(0.,0.,1.));
#5284=DIRECTION('',(0.,1.,0.));
#5285=AXIS2_PLACEMENT_3D('',#5282,#5283,#5284);
#5286=PLANE('',#5285);
#5287=POLY_LOOP('',(#355,#435,#437));
#5288=FACE_OUTER_BOUND('',#5287,.T.);
#5289=FACE_SURFACE('',(#5288),#5286,.T.);
#5290=CARTESIAN_POINT('',(172.,32.38298,0.));
#5291=DIRECTION('',(1.,0.,0.));
#5292=DIRECTION('',(0.,0.,1.));
#5293=AXIS2_PLACEMENT_3D('',#5290,#5291,#5292);
#5294=PLANE('',#5293);
#5295=POLY_LOOP('',(#336,#435,#355));
#5296=FACE_OUTER_BOUND('',#5295,.T.);
#5297=FACE_SURFACE('',(#5296),#5294,.T.);
#5298=CARTESIAN_POINT('',(169.300003,32.38298,0.));
#5299=DIRECTION('',(0.,1.,0.));
#5300=DIRECTION('',(0.,0.,1.));
#5301=AXIS2_PLACEMENT_3D('',#5298,#5299,#5300);
#5302=PLANE('',#5301);
#5303=POLY_LOOP('',(#413,#438,#435));
#5304=FACE_OUTER_BOUND('',#5303,.T.);
#5305=FACE_SURFACE('',(#5304),#5302,.T.);
#5306=CARTESIAN_POINT('',(172.,32.38298,12.));
#5307=DIRECTION('',(0.,0.,1.));
#5308=DIRECTION('',(-0.707105,-0.707108,0.));
#5309=AXIS2_PLACEMENT_3D('',#5306,#5307,#5308);
#5310=PLANE('',#5309);
#5311=POLY_LOOP('',(#435,#439,#437));
#5312=FACE_OUTER_BOUND('',#5311,.T.);
#5313=FACE_SURFACE('',(#5312),#5310,.T.);
#5314=CARTESIAN_POINT('',(162.374771,30.732979,12.));
#5315=DIRECTION('',(0.,0.,1.));
#5316=DIRECTION('',(1.,0.,0.));
#5317=AXIS2_PLACEMENT_3D('',#5314,#5315,#5316);
#5318=PLANE('',#5317);
#5319=POLY_LOOP('',(#440,#439,#441));
#5320=FACE_OUTER_BOUND('',#5319,.T.);
#5321=FACE_SURFACE('',(#5320),#5318,.T.);
#5322=CARTESIAN_POINT('',(169.300003,32.38298,12.));
#5323=DIRECTION('',(0.,0.,1.));
#5324=DIRECTION('',(-0.964495,0.264102,0.));
#5325=AXIS2_PLACEMENT_3D('',#5322,#5323,#5324);
#5326=PLANE('',#5325);
#5327=POLY_LOOP('',(#438,#442,#441));
#5328=FACE_OUTER_BOUND('',#5327,.T.);
#5329=FACE_SURFACE('',(#5328),#5326,.T.);
#5330=CARTESIAN_POINT('',(169.300003,32.38298,12.));
#5331=DIRECTION('',(0.,0.,1.));
#5332=DIRECTION('',(-0.998713,0.050713,0.));
#5333=AXIS2_PLACEMENT_3D('',#5330,#5331,#5332);
#5334=PLANE('',#5333);
#5335=POLY_LOOP('',(#438,#441,#439));
#5336=FACE_OUTER_BOUND('',#5335,.T.);
#5337=FACE_SURFACE('',(#5336),#5334,.T.);
#5338=CARTESIAN_POINT('',(169.300003,32.38298,12.));
#5339=DIRECTION('',(0.,0.,1.));
#5340=DIRECTION('',(0.536876,-0.843661,0.));
#5341=AXIS2_PLACEMENT_3D('',#5338,#5339,#5340);
#5342=PLANE('',#5341);
#5343=POLY_LOOP('',(#438,#439,#435));
#5344=FACE_OUTER_BOUND('',#5343,.T.);
#5345=FACE_SURFACE('',(#5344),#5342,.T.);
#5346=CARTESIAN_POINT('',(4.150903,88.470215,0.));
#5347=DIRECTION('',(0.,0.,-1.));
#5348=DIRECTION('',(0.933287,-0.359132,0.));
#5349=AXIS2_PLACEMENT_3D('',#5346,#5347,#5348);
#5350=PLANE('',#5349);
#5351=POLY_LOOP('',(#233,#402,#305));
#5352=FACE_OUTER_BOUND('',#5351,.T.);
#5353=FACE_SURFACE('',(#5352),#5350,.T.);
#5354=CARTESIAN_POINT('',(4.150903,88.470215,0.));
#5355=DIRECTION('',(0.,0.,-1.));
#5356=DIRECTION('',(0.933513,-0.358544,0.));
#5357=AXIS2_PLACEMENT_3D('',#5354,#5355,#5356);
#5358=PLANE('',#5357);
#5359=POLY_LOOP('',(#233,#443,#402));
#5360=FACE_OUTER_BOUND('',#5359,.T.);
#5361=FACE_SURFACE('',(#5360),#5358,.T.);
#5362=CARTESIAN_POINT('',(4.150903,88.470215,0.));
#5363=DIRECTION('',(0.,0.,-1.));
#5364=DIRECTION('',(0.933745,-0.357939,0.));
#5365=AXIS2_PLACEMENT_3D('',#5362,#5363,#5364);
#5366=PLANE('',#5365);
#5367=POLY_LOOP('',(#233,#444,#443));
#5368=FACE_OUTER_BOUND('',#5367,.T.);
#5369=FACE_SURFACE('',(#5368),#5366,.T.);
#5370=CARTESIAN_POINT('',(4.150903,88.470215,0.));
#5371=DIRECTION('',(0.,0.,-1.));
#5372=DIRECTION('',(0.933981,-0.357324,0.));
#5373=AXIS2_PLACEMENT_3D('',#5370,#5371,#5372);
#5374=PLANE('',#5373);
#5375=POLY_LOOP('',(#233,#445,#444));
#5376=FACE_OUTER_BOUND('',#5375,.T.);
#5377=FACE_SURFACE('',(#5376),#5374,.T.);
#5378=CARTESIAN_POINT('',(4.150903,88.470215,0.));
#5379=DIRECTION('',(0.,0.,-1.));
#5380=DIRECTION('',(0.934218,-0.356704,0.));
#5381=AXIS2_PLACEMENT_3D('',#5378,#5379,#5380);
#5382=PLANE('',#5381);
#5383=POLY_LOOP('',(#233,#446,#445));
#5384=FACE_OUTER_BOUND('',#5383,.T.);
#5385=FACE_SURFACE('',(#5384),#5382,.T.);
#5386=CARTESIAN_POINT('',(4.150903,88.470215,0.));
#5387=DIRECTION('',(0.,0.,-1.));
#5388=DIRECTION('',(0.934453,-0.356085,0.));
#5389=AXIS2_PLACEMENT_3D('',#5386,#5387,#5388);
#5390=PLANE('',#5389);
#5391=POLY_LOOP('',(#233,#447,#446));
#5392=FACE_OUTER_BOUND('',#5391,.T.);
#5393=FACE_SURFACE('',(#5392),#5390,.T.);
#5394=CARTESIAN_POINT('',(4.150903,88.470215,0.));
#5395=DIRECTION('',(0.,0.,-1.));
#5396=DIRECTION('',(0.934686,-0.355475,0.));
#5397=AXIS2_PLACEMENT_3D('',#5394,#5395,#5396);
#5398=PLANE('',#5397);
#5399=POLY_LOOP('',(#233,#448,#447));
#5400=FACE_OUTER_BOUND('',#5399,.T.);
#5401=FACE_SURFACE('',(#5400),#5398,.T.);
#5402=CARTESIAN_POINT('',(4.150903,88.470215,0.));
#5403=DIRECTION('',(0.,0.,-1.));
#5404=DIRECTION('',(0.934913,-0.354878,0.));
#5405=AXIS2_PLACEMENT_3D('',#5402,#5403,#5404);
#5406=PLANE('',#5405);
#5407=POLY_LOOP('',(#233,#449,#448));
#5408=FACE_OUTER_BOUND('',#5407,.T.);
#5409=FACE_SURFACE('',(#5408),#5406,.T.);
#5410=CARTESIAN_POINT('',(4.150903,88.470215,0.));
#5411=DIRECTION('',(0.,0.,-1.));
#5412=DIRECTION('',(0.935132,-0.3543,0.));
#5413=AXIS2_PLACEMENT_3D('',#5410,#5411,#5412);
#5414=PLANE('',#5413);
#5415=POLY_LOOP('',(#233,#450,#449));
#5416=FACE_OUTER_BOUND('',#5415,.T.);
#5417=FACE_SURFACE('',(#5416),#5414,.T.);
#5418=CARTESIAN_POINT('',(4.150903,88.470215,0.));
#5419=DIRECTION('',(0.,0.,-1.));
#5420=DIRECTION('',(0.935341,-0.353748,0.));
#5421=AXIS2_PLACEMENT_3D('',#5418,#5419,#5420);
#5422=PLANE('',#5421);
#5423=POLY_LOOP('',(#233,#451,#450));
#5424=FACE_OUTER_BOUND('',#5423,.T.);
#5425=FACE_SURFACE('',(#5424),#5422,.T.);
#5426=CARTESIAN_POINT('',(4.150903,88.470215,0.));
#5427=DIRECTION('',(0.,0.,-1.));
#5428=DIRECTION('',(0.935538,-0.353226,0.));
#5429=AXIS2_PLACEMENT_3D('',#5426,#5427,#5428);
#5430=PLANE('',#5429);
#5431=POLY_LOOP('',(#233,#423,#451));
#5432=FACE_OUTER_BOUND('',#5431,.T.);
#5433=FACE_SURFACE('',(#5432),#5430,.T.);
#5434=CARTESIAN_POINT('',(4.150903,88.470215,0.));
#5435=DIRECTION('',(0.,0.,-1.));
#5436=DIRECTION('',(0.946884,-0.321577,0.));
#5437=AXIS2_PLACEMENT_3D('',#5434,#5435,#5436);
#5438=PLANE('',#5437);
#5439=POLY_LOOP('',(#233,#413,#423));
#5440=FACE_OUTER_BOUND('',#5439,.T.);
#5441=FACE_SURFACE('',(#5440),#5438,.T.);
#5442=CARTESIAN_POINT('',(4.150903,88.470215,0.));
#5443=DIRECTION('',(0.,0.,-1.));
#5444=DIRECTION('',(1.,0.,0.));
#5445=AXIS2_PLACEMENT_3D('',#5442,#5443,#5444);
#5446=PLANE('',#5445);
#5447=POLY_LOOP('',(#233,#452,#413));
#5448=FACE_OUTER_BOUND('',#5447,.T.);
#5449=FACE_SURFACE('',(#5448),#5446,.T.);
#5450=CARTESIAN_POINT('',(4.150903,88.470215,0.));
#5451=DIRECTION('',(0.,1.,0.));
#5452=DIRECTION('',(0.997258,0.,0.074009));
#5453=AXIS2_PLACEMENT_3D('',#5450,#5451,#5452);
#5454=PLANE('',#5453);
#5455=POLY_LOOP('',(#233,#260,#452));
#5456=FACE_OUTER_BOUND('',#5455,.T.);
#5457=FACE_SURFACE('',(#5456),#5454,.T.);
#5458=CARTESIAN_POINT('',(169.300003,32.38298,0.));
#5459=DIRECTION('',(1.,0.,0.));
#5460=DIRECTION('',(0.,1.,0.));
#5461=AXIS2_PLACEMENT_3D('',#5458,#5459,#5460);
#5462=PLANE('',#5461);
#5463=POLY_LOOP('',(#413,#453,#438));
#5464=FACE_OUTER_BOUND('',#5463,.T.);
#5465=FACE_SURFACE('',(#5464),#5462,.T.);
#5466=CARTESIAN_POINT('',(169.300003,32.38298,0.));
#5467=DIRECTION('',(0.,0.,-1.));
#5468=DIRECTION('',(-0.061411,0.998113,0.));
#5469=AXIS2_PLACEMENT_3D('',#5466,#5467,#5468);
#5470=PLANE('',#5469);
#5471=POLY_LOOP('',(#413,#452,#453));
#5472=FACE_OUTER_BOUND('',#5471,.T.);
#5473=FACE_SURFACE('',(#5472),#5470,.T.);
#5474=CARTESIAN_POINT('',(169.300003,85.01931,0.));
#5475=DIRECTION('',(0.,0.,-1.));
#5476=DIRECTION('',(-0.101797,0.994805,0.));
#5477=AXIS2_PLACEMENT_3D('',#5474,#5475,#5476);
#5478=PLANE('',#5477);
#5479=POLY_LOOP('',(#453,#454,#455));
#5480=FACE_OUTER_BOUND('',#5479,.T.);
#5481=FACE_SURFACE('',(#5480),#5478,.T.);
#5482=CARTESIAN_POINT('',(169.300003,85.01931,0.));
#5483=DIRECTION('',(0.,0.,-1.));
#5484=DIRECTION('',(-0.151604,0.988441,0.));
#5485=AXIS2_PLACEMENT_3D('',#5482,#5483,#5484);
#5486=PLANE('',#5485);
#5487=POLY_LOOP('',(#453,#456,#454));
#5488=FACE_OUTER_BOUND('',#5487,.T.);
#5489=FACE_SURFACE('',(#5488),#5486,.T.);
#5490=CARTESIAN_POINT('',(169.300003,85.01931,0.));
#5491=DIRECTION('',(0.,0.,-1.));
#5492=DIRECTION('',(-0.200452,0.979703,0.));
#5493=AXIS2_PLACEMENT_3D('',#5490,#5491,#5492);
#5494=PLANE('',#5493);
#5495=POLY_LOOP('',(#453,#457,#456));
#5496=FACE_OUTER_BOUND('',#5495,.T.);
#5497=FACE_SURFACE('',(#5496),#5494,.T.);
#5498=CARTESIAN_POINT('',(169.300003,85.01931,0.));
#5499=DIRECTION('',(0.,0.,-1.));
#5500=DIRECTION('',(-0.248601,0.968606,0.));
#5501=AXIS2_PLACEMENT_3D('',#5498,#5499,#5500);
#5502=PLANE('',#5501);
#5503=POLY_LOOP('',(#453,#458,#457));
#5504=FACE_OUTER_BOUND('',#5503,.T.);
#5505=FACE_SURFACE('',(#5504),#5502,.T.);
#5506=CARTESIAN_POINT('',(169.300003,85.01931,0.));
#5507=DIRECTION('',(0.,0.,-1.));
#5508=DIRECTION('',(-0.433311,0.901244,0.));
#5509=AXIS2_PLACEMENT_3D('',#5506,#5507,#5508);
#5510=PLANE('',#5509);
#5511=POLY_LOOP('',(#453,#459,#460));
#5512=FACE_OUTER_BOUND('',#5511,.T.);
#5513=FACE_SURFACE('',(#5512),#5510,.T.);
#5514=CARTESIAN_POINT('',(169.300003,85.01931,0.));
#5515=DIRECTION('',(0.,0.,-1.));
#5516=DIRECTION('',(-0.342694,0.939447,0.));
#5517=AXIS2_PLACEMENT_3D('',#5514,#5515,#5516);
#5518=PLANE('',#5517);
#5519=POLY_LOOP('',(#453,#461,#462));
#5520=FACE_OUTER_BOUND('',#5519,.T.);
#5521=FACE_SURFACE('',(#5520),#5518,.T.);
#5522=CARTESIAN_POINT('',(169.300003,85.01931,0.));
#5523=DIRECTION('',(0.,0.,-1.));
#5524=DIRECTION('',(-0.29604,0.955176,0.));
#5525=AXIS2_PLACEMENT_3D('',#5522,#5523,#5524);
#5526=PLANE('',#5525);
#5527=POLY_LOOP('',(#453,#462,#458));
#5528=FACE_OUTER_BOUND('',#5527,.T.);
#5529=FACE_SURFACE('',(#5528),#5526,.T.);
#5530=CARTESIAN_POINT('',(169.300003,85.01931,0.));
#5531=DIRECTION('',(0.,0.,-1.));
#5532=DIRECTION('',(-0.388484,0.921455,0.));
#5533=AXIS2_PLACEMENT_3D('',#5530,#5531,#5532);
#5534=PLANE('',#5533);
#5535=POLY_LOOP('',(#453,#460,#461));
#5536=FACE_OUTER_BOUND('',#5535,.T.);
#5537=FACE_SURFACE('',(#5536),#5534,.T.);
#5538=CARTESIAN_POINT('',(165.849091,88.470215,0.));
#5539=DIRECTION('',(0.,0.,-1.));
#5540=DIRECTION('',(0.998795,-0.049082,0.));
#5541=AXIS2_PLACEMENT_3D('',#5538,#5539,#5540);
#5542=PLANE('',#5541);
#5543=POLY_LOOP('',(#452,#463,#453));
#5544=FACE_OUTER_BOUND('',#5543,.T.);
#5545=FACE_SURFACE('',(#5544),#5542,.T.);
#5546=CARTESIAN_POINT('',(169.300003,85.01931,0.));
#5547=DIRECTION('',(0.,0.,-1.));
#5548=DIRECTION('',(-0.600995,0.799253,0.));
#5549=AXIS2_PLACEMENT_3D('',#5546,#5547,#5548);
#5550=PLANE('',#5549);
#5551=POLY_LOOP('',(#453,#464,#465));
#5552=FACE_OUTER_BOUND('',#5551,.T.);
#5553=FACE_SURFACE('',(#5552),#5550,.T.);
#5554=CARTESIAN_POINT('',(166.143295,88.455757,0.));
#5555=DIRECTION('',(0.,0.,-1.));
#5556=DIRECTION('',(0.989178,-0.146721,0.));
#5557=AXIS2_PLACEMENT_3D('',#5554,#5555,#5556);
#5558=PLANE('',#5557);
#5559=POLY_LOOP('',(#463,#466,#453));
#5560=FACE_OUTER_BOUND('',#5559,.T.);
#5561=FACE_SURFACE('',(#5560),#5558,.T.);
#5562=CARTESIAN_POINT('',(166.483292,88.405327,0.));
#5563=DIRECTION('',(0.,0.,-1.));
#5564=DIRECTION('',(0.970033,-0.242974,0.));
#5565=AXIS2_PLACEMENT_3D('',#5562,#5563,#5564);
#5566=PLANE('',#5565);
#5567=POLY_LOOP('',(#466,#464,#453));
#5568=FACE_OUTER_BOUND('',#5567,.T.);
#5569=FACE_SURFACE('',(#5568),#5566,.T.);
#5570=CARTESIAN_POINT('',(169.300003,85.01931,0.));
#5571=DIRECTION('',(0.,0.,-1.));
#5572=DIRECTION('',(-0.51968,0.854361,0.));
#5573=AXIS2_PLACEMENT_3D('',#5570,#5571,#5572);
#5574=PLANE('',#5573);
#5575=POLY_LOOP('',(#453,#467,#468));
#5576=FACE_OUTER_BOUND('',#5575,.T.);
#5577=FACE_SURFACE('',(#5576),#5574,.T.);
#5578=CARTESIAN_POINT('',(169.300003,85.01931,0.));
#5579=DIRECTION('',(0.,0.,-1.));
#5580=DIRECTION('',(-0.561017,0.827805,0.));
#5581=AXIS2_PLACEMENT_3D('',#5578,#5579,#5580);
#5582=PLANE('',#5581);
#5583=POLY_LOOP('',(#453,#465,#467));
#5584=FACE_OUTER_BOUND('',#5583,.T.);
#5585=FACE_SURFACE('',(#5584),#5582,.T.);
#5586=CARTESIAN_POINT('',(169.300003,85.01931,0.));
#5587=DIRECTION('',(0.,0.,-1.));
#5588=DIRECTION('',(-0.477078,0.878861,0.));
#5589=AXIS2_PLACEMENT_3D('',#5586,#5587,#5588);
#5590=PLANE('',#5589);
#5591=POLY_LOOP('',(#453,#468,#459));
#5592=FACE_OUTER_BOUND('',#5591,.T.);
#5593=FACE_SURFACE('',(#5592),#5590,.T.);
#5594=CARTESIAN_POINT('',(165.849091,88.470215,0.));
#5595=DIRECTION('',(0.049082,0.998795,0.));
#5596=DIRECTION('',(0.02451,-0.001204,0.999699));
#5597=AXIS2_PLACEMENT_3D('',#5594,#5595,#5596);
#5598=PLANE('',#5597);
#5599=POLY_LOOP('',(#452,#469,#463));
#5600=FACE_OUTER_BOUND('',#5599,.T.);
#5601=FACE_SURFACE('',(#5600),#5598,.T.);
#5602=CARTESIAN_POINT('',(166.143295,88.455757,0.));
#5603=DIRECTION('',(0.146721,0.989178,0.));
#5604=DIRECTION('',(0.028321,-0.004201,0.99959));
#5605=AXIS2_PLACEMENT_3D('',#5602,#5603,#5604);
#5606=PLANE('',#5605);
#5607=POLY_LOOP('',(#463,#470,#466));
#5608=FACE_OUTER_BOUND('',#5607,.T.);
#5609=FACE_SURFACE('',(#5608),#5606,.T.);
#5610=CARTESIAN_POINT('',(169.300003,85.01931,0.));
#5611=DIRECTION('',(0.998796,0.049058,0.));
#5612=DIRECTION('',(-0.049058,0.998796,0.));
#5613=AXIS2_PLACEMENT_3D('',#5610,#5611,#5612);
#5614=PLANE('',#5613);
#5615=POLY_LOOP('',(#453,#455,#471));
#5616=FACE_OUTER_BOUND('',#5615,.T.);
#5617=FACE_SURFACE('',(#5616),#5614,.T.);
#5618=CARTESIAN_POINT('',(169.235107,85.653496,0.));
#5619=DIRECTION('',(0.989171,0.146767,0.));
#5620=DIRECTION('',(0.004202,-0.028321,0.99959));
#5621=AXIS2_PLACEMENT_3D('',#5618,#5619,#5620);
#5622=PLANE('',#5621);
#5623=POLY_LOOP('',(#454,#472,#455));
#5624=FACE_OUTER_BOUND('',#5623,.T.);
#5625=FACE_SURFACE('',(#5624),#5622,.T.);
#5626=CARTESIAN_POINT('',(169.235107,85.653496,0.));
#5627=DIRECTION('',(0.970034,0.242969,0.));
#5628=DIRECTION('',(-0.242969,0.970034,0.));
#5629=AXIS2_PLACEMENT_3D('',#5626,#5627,#5628);
#5630=PLANE('',#5629);
#5631=POLY_LOOP('',(#454,#456,#473));
#5632=FACE_OUTER_BOUND('',#5631,.T.);
#5633=FACE_SURFACE('',(#5632),#5630,.T.);
#5634=CARTESIAN_POINT('',(169.151596,85.986908,0.));
#5635=DIRECTION('',(0.941554,0.336862,0.));
#5636=DIRECTION('',(-0.336862,0.941554,0.));
#5637=AXIS2_PLACEMENT_3D('',#5634,#5635,#5636);
#5638=PLANE('',#5637);
#5639=POLY_LOOP('',(#456,#457,#474));
#5640=FACE_OUTER_BOUND('',#5639,.T.);
#5641=FACE_SURFACE('',(#5640),#5638,.T.);
#5642=CARTESIAN_POINT('',(169.035812,86.310532,0.));
#5643=DIRECTION('',(0.903985,0.427564,0.));
#5644=DIRECTION('',(-0.427564,0.903985,0.));
#5645=AXIS2_PLACEMENT_3D('',#5642,#5643,#5644);
#5646=PLANE('',#5645);
#5647=POLY_LOOP('',(#457,#458,#475));
#5648=FACE_OUTER_BOUND('',#5647,.T.);
#5649=FACE_SURFACE('',(#5648),#5646,.T.);
#5650=CARTESIAN_POINT('',(168.888855,86.621239,0.));
#5651=DIRECTION('',(0.857714,0.514127,0.));
#5652=DIRECTION('',(-0.514127,0.857714,0.));
#5653=AXIS2_PLACEMENT_3D('',#5650,#5651,#5652);
#5654=PLANE('',#5653);
#5655=POLY_LOOP('',(#458,#462,#476));
#5656=FACE_OUTER_BOUND('',#5655,.T.);
#5657=FACE_SURFACE('',(#5656),#5654,.T.);
#5658=CARTESIAN_POINT('',(166.483292,88.405327,0.));
#5659=DIRECTION('',(0.242974,0.970033,0.));
#5660=DIRECTION('',(0.027772,-0.006956,0.99959));
#5661=AXIS2_PLACEMENT_3D('',#5658,#5659,#5660);
#5662=PLANE('',#5661);
#5663=POLY_LOOP('',(#466,#477,#464));
#5664=FACE_OUTER_BOUND('',#5663,.T.);
#5665=FACE_SURFACE('',(#5664),#5662,.T.);
#5666=CARTESIAN_POINT('',(166.816696,88.321815,0.));
#5667=DIRECTION('',(0.336902,0.94154,0.));
#5668=DIRECTION('',(0.026958,-0.009646,0.99959));
#5669=AXIS2_PLACEMENT_3D('',#5666,#5667,#5668);
#5670=PLANE('',#5669);
#5671=POLY_LOOP('',(#464,#478,#465));
#5672=FACE_OUTER_BOUND('',#5671,.T.);
#5673=FACE_SURFACE('',(#5672),#5670,.T.);
#5674=CARTESIAN_POINT('',(167.451019,88.059067,0.));
#5675=DIRECTION('',(0.514101,0.85773,0.));
#5676=DIRECTION('',(0.024558,-0.014719,0.99959));
#5677=AXIS2_PLACEMENT_3D('',#5674,#5675,#5676);
#5678=PLANE('',#5677);
#5679=POLY_LOOP('',(#467,#479,#468));
#5680=FACE_OUTER_BOUND('',#5679,.T.);
#5681=FACE_SURFACE('',(#5680),#5678,.T.);
#5682=CARTESIAN_POINT('',(167.14032,88.206017,0.));
#5683=DIRECTION('',(0.427555,0.903989,0.));
#5684=DIRECTION('',(0.025881,-0.012241,0.99959));
#5685=AXIS2_PLACEMENT_3D('',#5682,#5683,#5684);
#5686=PLANE('',#5685);
#5687=POLY_LOOP('',(#465,#480,#467));
#5688=FACE_OUTER_BOUND('',#5687,.T.);
#5689=FACE_SURFACE('',(#5688),#5686,.T.);
#5690=CARTESIAN_POINT('',(168.276581,87.446793,0.));
#5691=DIRECTION('',(0.671561,0.74095,0.));
#5692=DIRECTION('',(-0.74095,0.671561,0.));
#5693=AXIS2_PLACEMENT_3D('',#5690,#5691,#5692);
#5694=PLANE('',#5693);
#5695=POLY_LOOP('',(#460,#459,#481));
#5696=FACE_OUTER_BOUND('',#5695,.T.);
#5697=FACE_SURFACE('',(#5696),#5694,.T.);
#5698=CARTESIAN_POINT('',(168.507401,87.192116,0.));
#5699=DIRECTION('',(0.74096,0.67155,0.));
#5700=DIRECTION('',(-0.67155,0.74096,0.));
#5701=AXIS2_PLACEMENT_3D('',#5698,#5699,#5700);
#5702=PLANE('',#5701);
#5703=POLY_LOOP('',(#461,#460,#482));
#5704=FACE_OUTER_BOUND('',#5703,.T.);
#5705=FACE_SURFACE('',(#5704),#5702,.T.);
#5706=CARTESIAN_POINT('',(168.507401,87.192116,0.));
#5707=DIRECTION('',(0.803214,0.59569,0.));
#5708=DIRECTION('',(0.017055,-0.022996,0.99959));
#5709=AXIS2_PLACEMENT_3D('',#5706,#5707,#5708);
#5710=PLANE('',#5709);
#5711=POLY_LOOP('',(#461,#483,#462));
#5712=FACE_OUTER_BOUND('',#5711,.T.);
#5713=FACE_SURFACE('',(#5712),#5710,.T.);
#5714=CARTESIAN_POINT('',(167.745834,87.882362,0.));
#5715=DIRECTION('',(0.595694,0.803211,0.));
#5716=DIRECTION('',(0.022997,-0.017056,0.99959));
#5717=AXIS2_PLACEMENT_3D('',#5714,#5715,#5716);
#5718=PLANE('',#5717);
#5719=POLY_LOOP('',(#468,#484,#459));
#5720=FACE_OUTER_BOUND('',#5719,.T.);
#5721=FACE_SURFACE('',(#5720),#5718,.T.);
#5722=CARTESIAN_POINT('',(4.150903,88.470215,12.));
#5723=DIRECTION('',(0.,0.,1.));
#5724=DIRECTION('',(0.989039,-0.147653,0.));
#5725=AXIS2_PLACEMENT_3D('',#5722,#5723,#5724);
#5726=PLANE('',#5725);
#5727=POLY_LOOP('',(#232,#275,#260));
#5728=FACE_OUTER_BOUND('',#5727,.T.);
#5729=FACE_SURFACE('',(#5728),#5726,.T.);
#5730=CARTESIAN_POINT('',(165.849091,88.470215,12.));
#5731=DIRECTION('',(0.,0.,1.));
#5732=DIRECTION('',(-0.979361,-0.20212,0.));
#5733=AXIS2_PLACEMENT_3D('',#5730,#5731,#5732);
#5734=PLANE('',#5733);
#5735=POLY_LOOP('',(#260,#275,#485));
#5736=FACE_OUTER_BOUND('',#5735,.T.);
#5737=FACE_SURFACE('',(#5736),#5734,.T.);
#5738=CARTESIAN_POINT('',(165.849091,88.470215,12.));
#5739=DIRECTION('',(0.,0.,1.));
#5740=DIRECTION('',(-0.972893,-0.231256,0.));
#5741=AXIS2_PLACEMENT_3D('',#5738,#5739,#5740);
#5742=PLANE('',#5741);
#5743=POLY_LOOP('',(#260,#486,#487));
#5744=FACE_OUTER_BOUND('',#5743,.T.);
#5745=FACE_SURFACE('',(#5744),#5742,.T.);
#5746=CARTESIAN_POINT('',(165.849091,88.470215,12.));
#5747=DIRECTION('',(0.,0.,1.));
#5748=DIRECTION('',(-0.968497,-0.249024,0.));
#5749=AXIS2_PLACEMENT_3D('',#5746,#5747,#5748);
#5750=PLANE('',#5749);
#5751=POLY_LOOP('',(#260,#487,#488));
#5752=FACE_OUTER_BOUND('',#5751,.T.);
#5753=FACE_SURFACE('',(#5752),#5750,.T.);
#5754=CARTESIAN_POINT('',(165.849091,88.470215,12.));
#5755=DIRECTION('',(0.,0.,1.));
#5756=DIRECTION('',(-0.963099,-0.269146,0.));
#5757=AXIS2_PLACEMENT_3D('',#5754,#5755,#5756);
#5758=PLANE('',#5757);
#5759=POLY_LOOP('',(#260,#488,#489));
#5760=FACE_OUTER_BOUND('',#5759,.T.);
#5761=FACE_SURFACE('',(#5760),#5758,.T.);
#5762=CARTESIAN_POINT('',(165.849091,88.470215,12.));
#5763=DIRECTION('',(0.,0.,1.));
#5764=DIRECTION('',(-0.976465,-0.215676,0.));
#5765=AXIS2_PLACEMENT_3D('',#5762,#5763,#5764);
#5766=PLANE('',#5765);
#5767=POLY_LOOP('',(#260,#485,#486));
#5768=FACE_OUTER_BOUND('',#5767,.T.);
#5769=FACE_SURFACE('',(#5768),#5766,.T.);
#5770=CARTESIAN_POINT('',(165.849091,88.470215,12.));
#5771=DIRECTION('',(0.,0.,1.));
#5772=DIRECTION('',(-0.181349,-0.983419,0.));
#5773=AXIS2_PLACEMENT_3D('',#5770,#5771,#5772);
#5774=PLANE('',#5773);
#5775=POLY_LOOP('',(#260,#490,#491));
#5776=FACE_OUTER_BOUND('',#5775,.T.);
#5777=FACE_SURFACE('',(#5776),#5774,.T.);
#5778=CARTESIAN_POINT('',(165.849091,88.470215,12.));
#5779=DIRECTION('',(0.,0.,1.));
#5780=DIRECTION('',(-0.407653,-0.913137,0.));
#5781=AXIS2_PLACEMENT_3D('',#5778,#5779,#5780);
#5782=PLANE('',#5781);
#5783=POLY_LOOP('',(#260,#492,#493));
#5784=FACE_OUTER_BOUND('',#5783,.T.);
#5785=FACE_SURFACE('',(#5784),#5782,.T.);
#5786=CARTESIAN_POINT('',(165.849091,88.470215,12.));
#5787=DIRECTION('',(0.,0.,1.));
#5788=DIRECTION('',(-0.26298,-0.964801,0.));
#5789=AXIS2_PLACEMENT_3D('',#5786,#5787,#5788);
#5790=PLANE('',#5789);
#5791=POLY_LOOP('',(#260,#494,#495));
#5792=FACE_OUTER_BOUND('',#5791,.T.);
#5793=FACE_SURFACE('',(#5792),#5790,.T.);
#5794=CARTESIAN_POINT('',(165.849091,88.470215,12.));
#5795=DIRECTION('',(0.,0.,1.));
#5796=DIRECTION('',(-0.220494,-0.975388,0.));
#5797=AXIS2_PLACEMENT_3D('',#5794,#5795,#5796);
#5798=PLANE('',#5797);
#5799=POLY_LOOP('',(#260,#495,#490));
#5800=FACE_OUTER_BOUND('',#5799,.T.);
#5801=FACE_SURFACE('',(#5800),#5798,.T.);
#5802=CARTESIAN_POINT('',(165.849091,88.470215,12.));
#5803=DIRECTION('',(0.,0.,1.));
#5804=DIRECTION('',(-0.357013,-0.934099,0.));
#5805=AXIS2_PLACEMENT_3D('',#5802,#5803,#5804);
#5806=PLANE('',#5805);
#5807=POLY_LOOP('',(#260,#493,#496));
#5808=FACE_OUTER_BOUND('',#5807,.T.);
#5809=FACE_SURFACE('',(#5808),#5806,.T.);
#5810=CARTESIAN_POINT('',(165.849091,88.470215,12.));
#5811=DIRECTION('',(0.,0.,1.));
#5812=DIRECTION('',(-0.308607,-0.95119,0.));
#5813=AXIS2_PLACEMENT_3D('',#5810,#5811,#5812);
#5814=PLANE('',#5813);
#5815=POLY_LOOP('',(#260,#496,#494));
#5816=FACE_OUTER_BOUND('',#5815,.T.);
#5817=FACE_SURFACE('',(#5816),#5814,.T.);
#5818=CARTESIAN_POINT('',(169.300003,32.38298,12.));
#5819=DIRECTION('',(0.,0.,1.));
#5820=DIRECTION('',(-0.061411,0.998113,0.));
#5821=AXIS2_PLACEMENT_3D('',#5818,#5819,#5820);
#5822=PLANE('',#5821);
#5823=POLY_LOOP('',(#438,#260,#442));
#5824=FACE_OUTER_BOUND('',#5823,.T.);
#5825=FACE_SURFACE('',(#5824),#5822,.T.);
#5826=CARTESIAN_POINT('',(165.849091,88.470215,12.));
#5827=DIRECTION('',(0.,0.,1.));
#5828=DIRECTION('',(-0.14561,-0.989342,0.));
#5829=AXIS2_PLACEMENT_3D('',#5826,#5827,#5828);
#5830=PLANE('',#5829);
#5831=POLY_LOOP('',(#260,#491,#442));
#5832=FACE_OUTER_BOUND('',#5831,.T.);
#5833=FACE_SURFACE('',(#5832),#5830,.T.);
#5834=CARTESIAN_POINT('',(169.300003,32.38298,12.));
#5835=DIRECTION('',(1.,0.,0.));
#5836=DIRECTION('',(0.,0.974984,-0.222276));
#5837=AXIS2_PLACEMENT_3D('',#5834,#5835,#5836);
#5838=PLANE('',#5837);
#5839=POLY_LOOP('',(#438,#453,#471));
#5840=FACE_OUTER_BOUND('',#5839,.T.);
#5841=FACE_SURFACE('',(#5840),#5838,.T.);
#5842=CARTESIAN_POINT('',(165.849091,88.470215,0.));
#5843=DIRECTION('',(0.049082,0.998795,0.));
#5844=DIRECTION('',(0.,0.,1.));
#5845=AXIS2_PLACEMENT_3D('',#5842,#5843,#5844);
#5846=PLANE('',#5845);
#5847=POLY_LOOP('',(#452,#260,#469));
#5848=FACE_OUTER_BOUND('',#5847,.T.);
#5849=FACE_SURFACE('',(#5848),#5846,.T.);
#5850=CARTESIAN_POINT('',(166.143295,88.455757,0.));
#5851=DIRECTION('',(0.146721,0.989178,0.));
#5852=DIRECTION('',(0.,0.,1.));
#5853=AXIS2_PLACEMENT_3D('',#5850,#5851,#5852);
#5854=PLANE('',#5853);
#5855=POLY_LOOP('',(#463,#469,#470));
#5856=FACE_OUTER_BOUND('',#5855,.T.);
#5857=FACE_SURFACE('',(#5856),#5854,.T.);
#5858=CARTESIAN_POINT('',(169.235107,85.653496,0.));
#5859=DIRECTION('',(0.989171,0.146767,0.));
#5860=DIRECTION('',(0.,0.,1.));
#5861=AXIS2_PLACEMENT_3D('',#5858,#5859,#5860);
#5862=PLANE('',#5861);
#5863=POLY_LOOP('',(#454,#473,#472));
#5864=FACE_OUTER_BOUND('',#5863,.T.);
#5865=FACE_SURFACE('',(#5864),#5862,.T.);
#5866=CARTESIAN_POINT('',(169.151596,85.986908,0.));
#5867=DIRECTION('',(0.970034,0.242969,0.));
#5868=DIRECTION('',(0.,0.,1.));
#5869=AXIS2_PLACEMENT_3D('',#5866,#5867,#5868);
#5870=PLANE('',#5869);
#5871=POLY_LOOP('',(#456,#474,#473));
#5872=FACE_OUTER_BOUND('',#5871,.T.);
#5873=FACE_SURFACE('',(#5872),#5870,.T.);
#5874=CARTESIAN_POINT('',(169.035812,86.310532,0.));
#5875=DIRECTION('',(0.941554,0.336862,0.));
#5876=DIRECTION('',(0.,0.,1.));
#5877=AXIS2_PLACEMENT_3D('',#5874,#5875,#5876);
#5878=PLANE('',#5877);
#5879=POLY_LOOP('',(#457,#475,#474));
#5880=FACE_OUTER_BOUND('',#5879,.T.);
#5881=FACE_SURFACE('',(#5880),#5878,.T.);
#5882=CARTESIAN_POINT('',(168.888855,86.621239,0.));
#5883=DIRECTION('',(0.903985,0.427564,0.));
#5884=DIRECTION('',(0.,0.,1.));
#5885=AXIS2_PLACEMENT_3D('',#5882,#5883,#5884);
#5886=PLANE('',#5885);
#5887=POLY_LOOP('',(#458,#476,#475));
#5888=FACE_OUTER_BOUND('',#5887,.T.);
#5889=FACE_SURFACE('',(#5888),#5886,.T.);
#5890=CARTESIAN_POINT('',(168.712143,86.916046,0.));
#5891=DIRECTION('',(0.857714,0.514127,0.));
#5892=DIRECTION('',(0.,0.,1.));
#5893=AXIS2_PLACEMENT_3D('',#5890,#5891,#5892);
#5894=PLANE('',#5893);
#5895=POLY_LOOP('',(#462,#483,#476));
#5896=FACE_OUTER_BOUND('',#5895,.T.);
#5897=FACE_SURFACE('',(#5896),#5894,.T.);
#5898=CARTESIAN_POINT('',(166.483292,88.405327,0.));
#5899=DIRECTION('',(0.242974,0.970033,0.));
#5900=DIRECTION('',(0.,0.,1.));
#5901=AXIS2_PLACEMENT_3D('',#5898,#5899,#5900);
#5902=PLANE('',#5901);
#5903=POLY_LOOP('',(#466,#470,#477));
#5904=FACE_OUTER_BOUND('',#5903,.T.);
#5905=FACE_SURFACE('',(#5904),#5902,.T.);
#5906=CARTESIAN_POINT('',(166.816696,88.321815,0.));
#5907=DIRECTION('',(0.336902,0.94154,0.));
#5908=DIRECTION('',(0.,0.,1.));
#5909=AXIS2_PLACEMENT_3D('',#5906,#5907,#5908);
#5910=PLANE('',#5909);
#5911=POLY_LOOP('',(#464,#477,#478));
#5912=FACE_OUTER_BOUND('',#5911,.T.);
#5913=FACE_SURFACE('',(#5912),#5910,.T.);
#5914=CARTESIAN_POINT('',(167.451019,88.059067,0.));
#5915=DIRECTION('',(0.514101,0.85773,0.));
#5916=DIRECTION('',(0.,0.,1.));
#5917=AXIS2_PLACEMENT_3D('',#5914,#5915,#5916);
#5918=PLANE('',#5917);
#5919=POLY_LOOP('',(#467,#480,#479));
#5920=FACE_OUTER_BOUND('',#5919,.T.);
#5921=FACE_SURFACE('',(#5920),#5918,.T.);
#5922=CARTESIAN_POINT('',(167.745834,87.882362,0.));
#5923=DIRECTION('',(0.595694,0.803211,0.));
#5924=DIRECTION('',(0.,0.,1.));
#5925=AXIS2_PLACEMENT_3D('',#5922,#5923,#5924);
#5926=PLANE('',#5925);
#5927=POLY_LOOP('',(#468,#479,#484));
#5928=FACE_OUTER_BOUND('',#5927,.T.);
#5929=FACE_SURFACE('',(#5928),#5926,.T.);
#5930=CARTESIAN_POINT('',(167.14032,88.206017,0.));
#5931=DIRECTION('',(0.427555,0.903989,0.));
#5932=DIRECTION('',(0.,0.,1.));
#5933=AXIS2_PLACEMENT_3D('',#5930,#5931,#5932);
#5934=PLANE('',#5933);
#5935=POLY_LOOP('',(#465,#478,#480));
#5936=FACE_OUTER_BOUND('',#5935,.T.);
#5937=FACE_SURFACE('',(#5936),#5934,.T.);
#5938=CARTESIAN_POINT('',(168.507401,87.192116,0.));
#5939=DIRECTION('',(0.803214,0.59569,0.));
#5940=DIRECTION('',(0.,0.,1.));
#5941=AXIS2_PLACEMENT_3D('',#5938,#5939,#5940);
#5942=PLANE('',#5941);
#5943=POLY_LOOP('',(#461,#482,#483));
#5944=FACE_OUTER_BOUND('',#5943,.T.);
#5945=FACE_SURFACE('',(#5944),#5942,.T.);
#5946=CARTESIAN_POINT('',(168.021912,87.677612,0.));
#5947=DIRECTION('',(0.671561,0.74095,0.));
#5948=DIRECTION('',(0.,0.,1.));
#5949=AXIS2_PLACEMENT_3D('',#5946,#5947,#5948);
#5950=PLANE('',#5949);
#5951=POLY_LOOP('',(#459,#484,#481));
#5952=FACE_OUTER_BOUND('',#5951,.T.);
#5953=FACE_SURFACE('',(#5952),#5950,.T.);
#5954=CARTESIAN_POINT('',(168.276581,87.446793,0.));
#5955=DIRECTION('',(0.74096,0.67155,0.));
#5956=DIRECTION('',(0.,0.,1.));
#5957=AXIS2_PLACEMENT_3D('',#5954,#5955,#5956);
#5958=PLANE('',#5957);
#5959=POLY_LOOP('',(#460,#481,#482));
#5960=FACE_OUTER_BOUND('',#5959,.T.);
#5961=FACE_SURFACE('',(#5960),#5958,.T.);
#5962=CARTESIAN_POINT('',(169.285553,85.313507,0.));
#5963=DIRECTION('',(0.998796,0.049058,0.));
#5964=DIRECTION('',(0.,0.,1.));
#5965=AXIS2_PLACEMENT_3D('',#5962,#5963,#5964);
#5966=PLANE('',#5965);
#5967=POLY_LOOP('',(#455,#472,#471));
#5968=FACE_OUTER_BOUND('',#5967,.T.);
#5969=FACE_SURFACE('',(#5968),#5966,.T.);
#5970=CARTESIAN_POINT('',(165.849091,88.470215,12.));
#5971=DIRECTION('',(0.,0.,1.));
#5972=DIRECTION('',(-0.926572,-0.376117,0.));
#5973=AXIS2_PLACEMENT_3D('',#5970,#5971,#5972);
#5974=PLANE('',#5973);
#5975=POLY_LOOP('',(#260,#497,#498));
#5976=FACE_OUTER_BOUND('',#5975,.T.);
#5977=FACE_SURFACE('',(#5976),#5974,.T.);
#5978=CARTESIAN_POINT('',(165.849091,88.470215,12.));
#5979=DIRECTION('',(0.,0.,1.));
#5980=DIRECTION('',(-0.912111,-0.409943,0.));
#5981=AXIS2_PLACEMENT_3D('',#5978,#5979,#5980);
#5982=PLANE('',#5981);
#5983=POLY_LOOP('',(#260,#498,#499));
#5984=FACE_OUTER_BOUND('',#5983,.T.);
#5985=FACE_SURFACE('',(#5984),#5982,.T.);
#5986=CARTESIAN_POINT('',(165.849091,88.470215,12.));
#5987=DIRECTION('',(0.,0.,1.));
#5988=DIRECTION('',(-0.894746,-0.446575,0.));
#5989=AXIS2_PLACEMENT_3D('',#5986,#5987,#5988);
#5990=PLANE('',#5989);
#5991=POLY_LOOP('',(#260,#499,#500));
#5992=FACE_OUTER_BOUND('',#5991,.T.);
#5993=FACE_SURFACE('',(#5992),#5990,.T.);
#5994=CARTESIAN_POINT('',(165.849091,88.470215,12.));
#5995=DIRECTION('',(0.,0.,1.));
#5996=DIRECTION('',(-0.709699,-0.704505,0.));
#5997=AXIS2_PLACEMENT_3D('',#5994,#5995,#5996);
#5998=PLANE('',#5997);
#5999=POLY_LOOP('',(#260,#501,#502));
#6000=FACE_OUTER_BOUND('',#5999,.T.);
#6001=FACE_SURFACE('',(#6000),#5998,.T.);
#6002=CARTESIAN_POINT('',(165.849091,88.470215,12.));
#6003=DIRECTION('',(0.,0.,1.));
#6004=DIRECTION('',(-0.615859,-0.787857,0.));
#6005=AXIS2_PLACEMENT_3D('',#6002,#6003,#6004);
#6006=PLANE('',#6005);
#6007=POLY_LOOP('',(#260,#503,#504));
#6008=FACE_OUTER_BOUND('',#6007,.T.);
#6009=FACE_SURFACE('',(#6008),#6006,.T.);
#6010=CARTESIAN_POINT('',(165.849091,88.470215,12.));
#6011=DIRECTION('',(0.,0.,1.));
#6012=DIRECTION('',(-0.664398,-0.747379,0.));
#6013=AXIS2_PLACEMENT_3D('',#6010,#6011,#6012);
#6014=PLANE('',#6013);
#6015=POLY_LOOP('',(#260,#502,#503));
#6016=FACE_OUTER_BOUND('',#6015,.T.);
#6017=FACE_SURFACE('',(#6016),#6014,.T.);
#6018=CARTESIAN_POINT('',(165.849091,88.470215,12.));
#6019=DIRECTION('',(0.,0.,1.));
#6020=DIRECTION('',(-0.788328,-0.615255,0.));
#6021=AXIS2_PLACEMENT_3D('',#6018,#6019,#6020);
#6022=PLANE('',#6021);
#6023=POLY_LOOP('',(#260,#505,#506));
#6024=FACE_OUTER_BOUND('',#6023,.T.);
#6025=FACE_SURFACE('',(#6024),#6022,.T.);
#6026=CARTESIAN_POINT('',(165.849091,88.470215,12.));
#6027=DIRECTION('',(0.,0.,1.));
#6028=DIRECTION('',(-0.821136,-0.570732,0.));
#6029=AXIS2_PLACEMENT_3D('',#6026,#6027,#6028);
#6030=PLANE('',#6029);
#6031=POLY_LOOP('',(#260,#507,#505));
#6032=FACE_OUTER_BOUND('',#6031,.T.);
#6033=FACE_SURFACE('',(#6032),#6030,.T.);
#6034=CARTESIAN_POINT('',(165.849091,88.470215,12.));
#6035=DIRECTION('',(0.,0.,1.));
#6036=DIRECTION('',(-0.874055,-0.485828,0.));
#6037=AXIS2_PLACEMENT_3D('',#6034,#6035,#6036);
#6038=PLANE('',#6037);
#6039=POLY_LOOP('',(#260,#500,#508));
#6040=FACE_OUTER_BOUND('',#6039,.T.);
#6041=FACE_SURFACE('',(#6040),#6038,.T.);
#6042=CARTESIAN_POINT('',(165.849091,88.470215,12.));
#6043=DIRECTION('',(0.,0.,1.));
#6044=DIRECTION('',(-0.849633,-0.527374,0.));
#6045=AXIS2_PLACEMENT_3D('',#6042,#6043,#6044);
#6046=PLANE('',#6045);
#6047=POLY_LOOP('',(#260,#508,#507));
#6048=FACE_OUTER_BOUND('',#6047,.T.);
#6049=FACE_SURFACE('',(#6048),#6046,.T.);
#6050=CARTESIAN_POINT('',(165.849091,88.470215,12.));
#6051=DIRECTION('',(0.,0.,1.));
#6052=DIRECTION('',(-0.751136,-0.660148,0.));
#6053=AXIS2_PLACEMENT_3D('',#6050,#6051,#6052);
#6054=PLANE('',#6053);
#6055=POLY_LOOP('',(#260,#506,#501));
#6056=FACE_OUTER_BOUND('',#6055,.T.);
#6057=FACE_SURFACE('',(#6056),#6054,.T.);
#6058=CARTESIAN_POINT('',(165.849091,88.470215,12.));
#6059=DIRECTION('',(0.,0.,1.));
#6060=DIRECTION('',(-0.956484,-0.291783,0.));
#6061=AXIS2_PLACEMENT_3D('',#6058,#6059,#6060);
#6062=PLANE('',#6061);
#6063=POLY_LOOP('',(#260,#489,#509));
#6064=FACE_OUTER_BOUND('',#6063,.T.);
#6065=FACE_SURFACE('',(#6064),#6062,.T.);
#6066=CARTESIAN_POINT('',(165.849091,88.470215,12.));
#6067=DIRECTION('',(0.,0.,1.));
#6068=DIRECTION('',(-0.948398,-0.317084,0.));
#6069=AXIS2_PLACEMENT_3D('',#6066,#6067,#6068);
#6070=PLANE('',#6069);
#6071=POLY_LOOP('',(#260,#509,#510));
#6072=FACE_OUTER_BOUND('',#6071,.T.);
#6073=FACE_SURFACE('',(#6072),#6070,.T.);
#6074=CARTESIAN_POINT('',(165.849091,88.470215,12.));
#6075=DIRECTION('',(0.,0.,1.));
#6076=DIRECTION('',(-0.938541,-0.345169,0.));
#6077=AXIS2_PLACEMENT_3D('',#6074,#6075,#6076);
#6078=PLANE('',#6077);
#6079=POLY_LOOP('',(#260,#510,#497));
#6080=FACE_OUTER_BOUND('',#6079,.T.);
#6081=FACE_SURFACE('',(#6080),#6078,.T.);
#6082=CARTESIAN_POINT('',(165.849091,88.470215,12.));
#6083=DIRECTION('',(0.,0.,1.));
#6084=DIRECTION('',(-0.564917,-0.825148,0.));
#6085=AXIS2_PLACEMENT_3D('',#6082,#6083,#6084);
#6086=PLANE('',#6085);
#6087=POLY_LOOP('',(#260,#504,#511));
#6088=FACE_OUTER_BOUND('',#6087,.T.);
#6089=FACE_SURFACE('',(#6088),#6086,.T.);
#6090=CARTESIAN_POINT('',(165.849091,88.470215,12.));
#6091=DIRECTION('',(0.,0.,1.));
#6092=DIRECTION('',(-0.512551,-0.858657,0.));
#6093=AXIS2_PLACEMENT_3D('',#6090,#6091,#6092);
#6094=PLANE('',#6093);
#6095=POLY_LOOP('',(#260,#511,#512));
#6096=FACE_OUTER_BOUND('',#6095,.T.);
#6097=FACE_SURFACE('',(#6096),#6094,.T.);
#6098=CARTESIAN_POINT('',(165.849091,88.470215,12.));
#6099=DIRECTION('',(0.,0.,1.));
#6100=DIRECTION('',(-0.459796,-0.888025,0.));
#6101=AXIS2_PLACEMENT_3D('',#6098,#6099,#6100);
#6102=PLANE('',#6101);
#6103=POLY_LOOP('',(#260,#512,#492));
#6104=FACE_OUTER_BOUND('',#6103,.T.);
#6105=FACE_SURFACE('',(#6104),#6102,.T.);
#6106=CARTESIAN_POINT('',(169.300003,32.38298,12.));
#6107=DIRECTION('',(0.,0.,1.));
#6108=DIRECTION('',(0.,1.,0.));
#6109=AXIS2_PLACEMENT_3D('',#6106,#6107,#6108);
#6110=PLANE('',#6109);
#6111=POLY_LOOP('',(#438,#471,#260));
#6112=FACE_OUTER_BOUND('',#6111,.T.);
#6113=FACE_SURFACE('',(#6112),#6110,.T.);
#6114=CARTESIAN_POINT('',(169.300003,85.01931,12.));
#6115=DIRECTION('',(0.,0.,1.));
#6116=DIRECTION('',(-0.049058,0.998796,0.));
#6117=AXIS2_PLACEMENT_3D('',#6114,#6115,#6116);
#6118=PLANE('',#6117);
#6119=POLY_LOOP('',(#471,#472,#473));
#6120=FACE_OUTER_BOUND('',#6119,.T.);
#6121=FACE_SURFACE('',(#6120),#6118,.T.);
#6122=CARTESIAN_POINT('',(169.300003,85.01931,12.));
#6123=DIRECTION('',(0.,0.,1.));
#6124=DIRECTION('',(-0.101797,0.994805,0.));
#6125=AXIS2_PLACEMENT_3D('',#6122,#6123,#6124);
#6126=PLANE('',#6125);
#6127=POLY_LOOP('',(#471,#473,#474));
#6128=FACE_OUTER_BOUND('',#6127,.T.);
#6129=FACE_SURFACE('',(#6128),#6126,.T.);
#6130=CARTESIAN_POINT('',(169.300003,85.01931,12.));
#6131=DIRECTION('',(0.,0.,1.));
#6132=DIRECTION('',(-0.151604,0.988441,0.));
#6133=AXIS2_PLACEMENT_3D('',#6130,#6131,#6132);
#6134=PLANE('',#6133);
#6135=POLY_LOOP('',(#471,#474,#475));
#6136=FACE_OUTER_BOUND('',#6135,.T.);
#6137=FACE_SURFACE('',(#6136),#6134,.T.);
#6138=CARTESIAN_POINT('',(169.300003,85.01931,12.));
#6139=DIRECTION('',(0.,0.,1.));
#6140=DIRECTION('',(-0.200452,0.979703,0.));
#6141=AXIS2_PLACEMENT_3D('',#6138,#6139,#6140);
#6142=PLANE('',#6141);
#6143=POLY_LOOP('',(#471,#475,#476));
#6144=FACE_OUTER_BOUND('',#6143,.T.);
#6145=FACE_SURFACE('',(#6144),#6142,.T.);
#6146=CARTESIAN_POINT('',(169.300003,85.01931,12.));
#6147=DIRECTION('',(0.,0.,1.));
#6148=DIRECTION('',(-0.388484,0.921455,0.));
#6149=AXIS2_PLACEMENT_3D('',#6146,#6147,#6148);
#6150=PLANE('',#6149);
#6151=POLY_LOOP('',(#471,#481,#484));
#6152=FACE_OUTER_BOUND('',#6151,.T.);
#6153=FACE_SURFACE('',(#6152),#6150,.T.);
#6154=CARTESIAN_POINT('',(169.300003,85.01931,12.));
#6155=DIRECTION('',(0.,0.,1.));
#6156=DIRECTION('',(-0.29604,0.955176,0.));
#6157=AXIS2_PLACEMENT_3D('',#6154,#6155,#6156);
#6158=PLANE('',#6157);
#6159=POLY_LOOP('',(#471,#483,#482));
#6160=FACE_OUTER_BOUND('',#6159,.T.);
#6161=FACE_SURFACE('',(#6160),#6158,.T.);
#6162=CARTESIAN_POINT('',(169.300003,85.01931,12.));
#6163=DIRECTION('',(0.,0.,1.));
#6164=DIRECTION('',(-0.248601,0.968606,0.));
#6165=AXIS2_PLACEMENT_3D('',#6162,#6163,#6164);
#6166=PLANE('',#6165);
#6167=POLY_LOOP('',(#471,#476,#483));
#6168=FACE_OUTER_BOUND('',#6167,.T.);
#6169=FACE_SURFACE('',(#6168),#6166,.T.);
#6170=CARTESIAN_POINT('',(169.300003,85.01931,12.));
#6171=DIRECTION('',(0.,0.,1.));
#6172=DIRECTION('',(-0.342694,0.939447,0.));
#6173=AXIS2_PLACEMENT_3D('',#6170,#6171,#6172);
#6174=PLANE('',#6173);
#6175=POLY_LOOP('',(#471,#482,#481));
#6176=FACE_OUTER_BOUND('',#6175,.T.);
#6177=FACE_SURFACE('',(#6176),#6174,.T.);
#6178=CARTESIAN_POINT('',(165.849091,88.470215,12.));
#6179=DIRECTION('',(0.,0.,1.));
#6180=DIRECTION('',(0.707108,-0.707106,0.));
#6181=AXIS2_PLACEMENT_3D('',#6178,#6179,#6180);
#6182=PLANE('',#6181);
#6183=POLY_LOOP('',(#260,#471,#469));
#6184=FACE_OUTER_BOUND('',#6183,.T.);
#6185=FACE_SURFACE('',(#6184),#6182,.T.);
#6186=CARTESIAN_POINT('',(169.300003,85.01931,12.));
#6187=DIRECTION('',(0.,0.,1.));
#6188=DIRECTION('',(-0.561017,0.827805,0.));
#6189=AXIS2_PLACEMENT_3D('',#6186,#6187,#6188);
#6190=PLANE('',#6189);
#6191=POLY_LOOP('',(#471,#478,#477));
#6192=FACE_OUTER_BOUND('',#6191,.T.);
#6193=FACE_SURFACE('',(#6192),#6190,.T.);
#6194=CARTESIAN_POINT('',(166.143295,88.455757,12.));
#6195=DIRECTION('',(0.,0.,1.));
#6196=DIRECTION('',(0.676496,-0.736446,0.));
#6197=AXIS2_PLACEMENT_3D('',#6194,#6195,#6196);
#6198=PLANE('',#6197);
#6199=POLY_LOOP('',(#469,#471,#470));
#6200=FACE_OUTER_BOUND('',#6199,.T.);
#6201=FACE_SURFACE('',(#6200),#6198,.T.);
#6202=CARTESIAN_POINT('',(166.483292,88.405327,12.));
#6203=DIRECTION('',(0.,0.,1.));
#6204=DIRECTION('',(0.639518,-0.768776,0.));
#6205=AXIS2_PLACEMENT_3D('',#6202,#6203,#6204);
#6206=PLANE('',#6205);
#6207=POLY_LOOP('',(#470,#471,#477));
#6208=FACE_OUTER_BOUND('',#6207,.T.);
#6209=FACE_SURFACE('',(#6208),#6206,.T.);
#6210=CARTESIAN_POINT('',(169.300003,85.01931,12.));
#6211=DIRECTION('',(0.,0.,1.));
#6212=DIRECTION('',(-0.477078,0.878861,0.));
#6213=AXIS2_PLACEMENT_3D('',#6210,#6211,#6212);
#6214=PLANE('',#6213);
#6215=POLY_LOOP('',(#471,#479,#480));
#6216=FACE_OUTER_BOUND('',#6215,.T.);
#6217=FACE_SURFACE('',(#6216),#6214,.T.);
#6218=CARTESIAN_POINT('',(169.300003,85.01931,12.));
#6219=DIRECTION('',(0.,0.,1.));
#6220=DIRECTION('',(-0.51968,0.854361,0.));
#6221=AXIS2_PLACEMENT_3D('',#6218,#6219,#6220);
#6222=PLANE('',#6221);
#6223=POLY_LOOP('',(#471,#480,#478));
#6224=FACE_OUTER_BOUND('',#6223,.T.);
#6225=FACE_SURFACE('',(#6224),#6222,.T.);
#6226=CARTESIAN_POINT('',(169.300003,85.01931,12.));
#6227=DIRECTION('',(0.,0.,1.));
#6228=DIRECTION('',(-0.433311,0.901244,0.));
#6229=AXIS2_PLACEMENT_3D('',#6226,#6227,#6228);
#6230=PLANE('',#6229);
#6231=POLY_LOOP('',(#471,#484,#479));
#6232=FACE_OUTER_BOUND('',#6231,.T.);
#6233=FACE_SURFACE('',(#6232),#6230,.T.);
#6234=CARTESIAN_POINT('',(-0.35,-0.35,10.));
#6235=DIRECTION('',(0.,1.,0.));
#6236=DIRECTION('',(0.999656,0.,0.02622));
#6237=AXIS2_PLACEMENT_3D('',#6234,#6235,#6236);
#6238=PLANE('',#6237);
#6239=POLY_LOOP('',(#513,#514,#515));
#6240=FACE_OUTER_BOUND('',#6239,.T.);
#6241=FACE_SURFACE('',(#6240),#6238,.T.);
#6242=CARTESIAN_POINT('',(-0.35,-0.35,10.));
#6243=DIRECTION('',(0.,0.,1.));
#6244=DIRECTION('',(1.,0.,0.));
#6245=AXIS2_PLACEMENT_3D('',#6242,#6243,#6244);
#6246=PLANE('',#6245);
#6247=POLY_LOOP('',(#513,#515,#516));
#6248=FACE_OUTER_BOUND('',#6247,.T.);
#6249=FACE_SURFACE('',(#6248),#6246,.T.);
#6250=CARTESIAN_POINT('',(-0.35,-0.35,10.));
#6251=DIRECTION('',(0.,1.,0.));
#6252=DIRECTION('',(0.,0.,1.));
#6253=AXIS2_PLACEMENT_3D('',#6250,#6251,#6252);
#6254=PLANE('',#6253);
#6255=POLY_LOOP('',(#513,#197,#514));
#6256=FACE_OUTER_BOUND('',#6255,.T.);
#6257=FACE_SURFACE('',(#6256),#6254,.T.);
#6258=CARTESIAN_POINT('',(-0.35,-0.35,10.));
#6259=DIRECTION('',(1.,0.,0.));
#6260=DIRECTION('',(0.,0.997936,0.064211));
#6261=AXIS2_PLACEMENT_3D('',#6258,#6259,#6260);
#6262=PLANE('',#6261);
#6263=POLY_LOOP('',(#513,#198,#197));
#6264=FACE_OUTER_BOUND('',#6263,.T.);
#6265=FACE_SURFACE('',(#6264),#6262,.T.);
#6266=CARTESIAN_POINT('',(2.7,-0.35,10.));
#6267=DIRECTION('',(0.,0.,1.));
#6268=DIRECTION('',(0.,1.,0.));
#6269=AXIS2_PLACEMENT_3D('',#6266,#6267,#6268);
#6270=PLANE('',#6269);
#6271=POLY_LOOP('',(#515,#517,#516));
#6272=FACE_OUTER_BOUND('',#6271,.T.);
#6273=FACE_SURFACE('',(#6272),#6270,.T.);
#6274=CARTESIAN_POINT('',(-0.35,-0.35,10.));
#6275=DIRECTION('',(1.,0.,0.));
#6276=DIRECTION('',(0.,1.,0.));
#6277=AXIS2_PLACEMENT_3D('',#6274,#6275,#6276);
#6278=PLANE('',#6277);
#6279=POLY_LOOP('',(#513,#516,#198));
#6280=FACE_OUTER_BOUND('',#6279,.T.);
#6281=FACE_SURFACE('',(#6280),#6278,.T.);
#6282=CARTESIAN_POINT('',(-0.35,30.732979,10.));
#6283=DIRECTION('',(0.,-1.,0.));
#6284=DIRECTION('',(1.,0.,0.));
#6285=AXIS2_PLACEMENT_3D('',#6282,#6283,#6284);
#6286=PLANE('',#6285);
#6287=POLY_LOOP('',(#516,#517,#518));
#6288=FACE_OUTER_BOUND('',#6287,.T.);
#6289=FACE_SURFACE('',(#6288),#6286,.T.);
#6290=CARTESIAN_POINT('',(-0.35,30.732979,10.));
#6291=DIRECTION('',(0.,-1.,0.));
#6292=DIRECTION('',(0.999656,0.,0.02622));
#6293=AXIS2_PLACEMENT_3D('',#6290,#6291,#6292);
#6294=PLANE('',#6293);
#6295=POLY_LOOP('',(#516,#518,#199));
#6296=FACE_OUTER_BOUND('',#6295,.T.);
#6297=FACE_SURFACE('',(#6296),#6294,.T.);
#6298=CARTESIAN_POINT('',(2.7,30.732979,10.08));
#6299=DIRECTION('',(0.,-1.,0.));
#6300=DIRECTION('',(1.,0.,0.));
#6301=AXIS2_PLACEMENT_3D('',#6298,#6299,#6300);
#6302=PLANE('',#6301);
#6303=POLY_LOOP('',(#518,#519,#199));
#6304=FACE_OUTER_BOUND('',#6303,.T.);
#6305=FACE_SURFACE('',(#6304),#6302,.T.);
#6306=CARTESIAN_POINT('',(7.625231,30.732979,10.08));
#6307=DIRECTION('',(0.859839,-0.510566,0.));
#6308=DIRECTION('',(0.510566,0.859839,0.));
#6309=AXIS2_PLACEMENT_3D('',#6306,#6307,#6308);
#6310=PLANE('',#6309);
#6311=POLY_LOOP('',(#519,#520,#234));
#6312=FACE_OUTER_BOUND('',#6311,.T.);
#6313=FACE_SURFACE('',(#6312),#6310,.T.);
#6314=CARTESIAN_POINT('',(-0.35,30.732979,10.));
#6315=DIRECTION('',(0.,-1.,0.));
#6316=DIRECTION('',(0.969965,0.,0.243244));
#6317=AXIS2_PLACEMENT_3D('',#6314,#6315,#6316);
#6318=PLANE('',#6317);
#6319=POLY_LOOP('',(#516,#199,#198));
#6320=FACE_OUTER_BOUND('',#6319,.T.);
#6321=FACE_SURFACE('',(#6320),#6318,.T.);
#6322=CARTESIAN_POINT('',(7.625231,30.732979,10.08));
#6323=DIRECTION('',(0.859839,-0.510566,0.));
#6324=DIRECTION('',(0.398705,0.671455,0.624646));
#6325=AXIS2_PLACEMENT_3D('',#6322,#6323,#6324);
#6326=PLANE('',#6325);
#6327=POLY_LOOP('',(#519,#234,#199));
#6328=FACE_OUTER_BOUND('',#6327,.T.);
#6329=FACE_SURFACE('',(#6328),#6326,.T.);
#6330=CARTESIAN_POINT('',(8.850747,32.79686,10.08));
#6331=DIRECTION('',(0.844591,-0.535412,0.));
#6332=DIRECTION('',(0.535412,0.844591,0.));
#6333=AXIS2_PLACEMENT_3D('',#6330,#6331,#6332);
#6334=PLANE('',#6333);
#6335=POLY_LOOP('',(#520,#521,#235));
#6336=FACE_OUTER_BOUND('',#6335,.T.);
#6337=FACE_SURFACE('',(#6336),#6334,.T.);
#6338=CARTESIAN_POINT('',(8.850747,32.79686,10.08));
#6339=DIRECTION('',(0.844591,-0.535412,0.));
#6340=DIRECTION('',(0.430974,0.679844,0.593357));
#6341=AXIS2_PLACEMENT_3D('',#6338,#6339,#6340);
#6342=PLANE('',#6341);
#6343=POLY_LOOP('',(#520,#235,#234));
#6344=FACE_OUTER_BOUND('',#6343,.T.);
#6345=FACE_SURFACE('',(#6344),#6342,.T.);
#6346=CARTESIAN_POINT('',(10.245304,34.996716,10.08));
#6347=DIRECTION('',(0.828625,-0.559805,0.));
#6348=DIRECTION('',(0.450608,0.666992,0.593358));
#6349=AXIS2_PLACEMENT_3D('',#6346,#6347,#6348);
#6350=PLANE('',#6349);
#6351=POLY_LOOP('',(#521,#236,#235));
#6352=FACE_OUTER_BOUND('',#6351,.T.);
#6353=FACE_SURFACE('',(#6352),#6350,.T.);
#6354=CARTESIAN_POINT('',(2.7,-0.35,10.08));
#6355=DIRECTION('',(0.,1.,0.));
#6356=DIRECTION('',(-0.846279,0.,0.53274));
#6357=AXIS2_PLACEMENT_3D('',#6354,#6355,#6356);
#6358=PLANE('',#6357);
#6359=POLY_LOOP('',(#514,#197,#522));
#6360=FACE_OUTER_BOUND('',#6359,.T.);
#6361=FACE_SURFACE('',(#6360),#6358,.T.);
#6362=CARTESIAN_POINT('',(10.245304,34.996716,10.08));
#6363=DIRECTION('',(0.828625,-0.559805,0.));
#6364=DIRECTION('',(0.559805,0.828625,0.));
#6365=AXIS2_PLACEMENT_3D('',#6362,#6363,#6364);
#6366=PLANE('',#6365);
#6367=POLY_LOOP('',(#521,#523,#236));
#6368=FACE_OUTER_BOUND('',#6367,.T.);
#6369=FACE_SURFACE('',(#6368),#6366,.T.);
#6370=CARTESIAN_POINT('',(11.703393,37.154984,10.08));
#6371=DIRECTION('',(0.811955,-0.58372,0.));
#6372=DIRECTION('',(0.58372,0.811955,0.));
#6373=AXIS2_PLACEMENT_3D('',#6370,#6371,#6372);
#6374=PLANE('',#6373);
#6375=POLY_LOOP('',(#523,#524,#237));
#6376=FACE_OUTER_BOUND('',#6375,.T.);
#6377=FACE_SURFACE('',(#6376),#6374,.T.);
#6378=CARTESIAN_POINT('',(13.223775,39.269836,10.08));
#6379=DIRECTION('',(0.794594,-0.607141,0.));
#6380=DIRECTION('',(0.607141,0.794594,0.));
#6381=AXIS2_PLACEMENT_3D('',#6378,#6379,#6380);
#6382=PLANE('',#6381);
#6383=POLY_LOOP('',(#524,#525,#238));
#6384=FACE_OUTER_BOUND('',#6383,.T.);
#6385=FACE_SURFACE('',(#6384),#6382,.T.);
#6386=CARTESIAN_POINT('',(14.805157,41.339466,10.08));
#6387=DIRECTION('',(0.776559,-0.630044,0.));
#6388=DIRECTION('',(0.630044,0.776559,0.));
#6389=AXIS2_PLACEMENT_3D('',#6386,#6387,#6388);
#6390=PLANE('',#6389);
#6391=POLY_LOOP('',(#525,#526,#239));
#6392=FACE_OUTER_BOUND('',#6391,.T.);
#6393=FACE_SURFACE('',(#6392),#6390,.T.);
#6394=CARTESIAN_POINT('',(11.703393,37.154984,10.08));
#6395=DIRECTION('',(0.811955,-0.58372,0.));
#6396=DIRECTION('',(0.469859,0.653575,0.593357));
#6397=AXIS2_PLACEMENT_3D('',#6394,#6395,#6396);
#6398=PLANE('',#6397);
#6399=POLY_LOOP('',(#523,#237,#236));
#6400=FACE_OUTER_BOUND('',#6399,.T.);
#6401=FACE_SURFACE('',(#6400),#6398,.T.);
#6402=CARTESIAN_POINT('',(13.223775,39.269836,10.08));
#6403=DIRECTION('',(0.794594,-0.607141,0.));
#6404=DIRECTION('',(0.488711,0.6396,0.593358));
#6405=AXIS2_PLACEMENT_3D('',#6402,#6403,#6404);
#6406=PLANE('',#6405);
#6407=POLY_LOOP('',(#524,#238,#237));
#6408=FACE_OUTER_BOUND('',#6407,.T.);
#6409=FACE_SURFACE('',(#6408),#6406,.T.);
#6410=CARTESIAN_POINT('',(14.805157,41.339466,10.08));
#6411=DIRECTION('',(0.776559,-0.630044,0.));
#6412=DIRECTION('',(0.507147,0.625083,0.593357));
#6413=AXIS2_PLACEMENT_3D('',#6410,#6411,#6412);
#6414=PLANE('',#6413);
#6415=POLY_LOOP('',(#525,#239,#238));
#6416=FACE_OUTER_BOUND('',#6415,.T.);
#6417=FACE_SURFACE('',(#6416),#6414,.T.);
#6418=CARTESIAN_POINT('',(16.446196,43.362125,10.08));
#6419=DIRECTION('',(0.757863,-0.652414,0.));
#6420=DIRECTION('',(0.652414,0.757863,0.));
#6421=AXIS2_PLACEMENT_3D('',#6418,#6419,#6420);
#6422=PLANE('',#6421);
#6423=POLY_LOOP('',(#526,#527,#240));
#6424=FACE_OUTER_BOUND('',#6423,.T.);
#6425=FACE_SURFACE('',(#6424),#6422,.T.);
#6426=CARTESIAN_POINT('',(18.145498,45.336086,10.08));
#6427=DIRECTION('',(0.738524,-0.674227,0.));
#6428=DIRECTION('',(0.674227,0.738524,0.));
#6429=AXIS2_PLACEMENT_3D('',#6426,#6427,#6428);
#6430=PLANE('',#6429);
#6431=POLY_LOOP('',(#527,#528,#241));
#6432=FACE_OUTER_BOUND('',#6431,.T.);
#6433=FACE_SURFACE('',(#6432),#6430,.T.);
#6434=CARTESIAN_POINT('',(16.446196,43.362125,10.08));
#6435=DIRECTION('',(0.757863,-0.652414,0.));
#6436=DIRECTION('',(0.525153,0.610034,0.593358));
#6437=AXIS2_PLACEMENT_3D('',#6434,#6435,#6436);
#6438=PLANE('',#6437);
#6439=POLY_LOOP('',(#526,#240,#239));
#6440=FACE_OUTER_BOUND('',#6439,.T.);
#6441=FACE_SURFACE('',(#6440),#6438,.T.);
#6442=CARTESIAN_POINT('',(18.145498,45.336086,10.08));
#6443=DIRECTION('',(0.738524,-0.674227,0.));
#6444=DIRECTION('',(0.542712,0.594467,0.593358));
#6445=AXIS2_PLACEMENT_3D('',#6442,#6443,#6444);
#6446=PLANE('',#6445);
#6447=POLY_LOOP('',(#527,#241,#240));
#6448=FACE_OUTER_BOUND('',#6447,.T.);
#6449=FACE_SURFACE('',(#6448),#6446,.T.);
#6450=CARTESIAN_POINT('',(19.901617,47.259674,10.08));
#6451=DIRECTION('',(0.718557,-0.695468,0.));
#6452=DIRECTION('',(0.695468,0.718557,0.));
#6453=AXIS2_PLACEMENT_3D('',#6450,#6451,#6452);
#6454=PLANE('',#6453);
#6455=POLY_LOOP('',(#528,#529,#242));
#6456=FACE_OUTER_BOUND('',#6455,.T.);
#6457=FACE_SURFACE('',(#6456),#6454,.T.);
#6458=CARTESIAN_POINT('',(19.901617,47.259674,10.08));
#6459=DIRECTION('',(0.718557,-0.695468,0.));
#6460=DIRECTION('',(0.55981,0.578394,0.593357));
#6461=AXIS2_PLACEMENT_3D('',#6458,#6459,#6460);
#6462=PLANE('',#6461);
#6463=POLY_LOOP('',(#528,#242,#241));
#6464=FACE_OUTER_BOUND('',#6463,.T.);
#6465=FACE_SURFACE('',(#6464),#6462,.T.);
#6466=CARTESIAN_POINT('',(21.713062,49.131256,10.08));
#6467=DIRECTION('',(0.697979,-0.716118,0.));
#6468=DIRECTION('',(0.716118,0.697979,0.));
#6469=AXIS2_PLACEMENT_3D('',#6466,#6467,#6468);
#6470=PLANE('',#6469);
#6471=POLY_LOOP('',(#529,#530,#243));
#6472=FACE_OUTER_BOUND('',#6471,.T.);
#6473=FACE_SURFACE('',(#6472),#6470,.T.);
#6474=CARTESIAN_POINT('',(23.578293,50.949242,10.08));
#6475=DIRECTION('',(0.676808,-0.73616,0.));
#6476=DIRECTION('',(0.73616,0.676808,0.));
#6477=AXIS2_PLACEMENT_3D('',#6474,#6475,#6476);
#6478=PLANE('',#6477);
#6479=POLY_LOOP('',(#530,#531,#244));
#6480=FACE_OUTER_BOUND('',#6479,.T.);
#6481=FACE_SURFACE('',(#6480),#6478,.T.);
#6482=CARTESIAN_POINT('',(25.495724,52.712082,10.08));
#6483=DIRECTION('',(0.655062,-0.755576,0.));
#6484=DIRECTION('',(0.755576,0.655062,0.));
#6485=AXIS2_PLACEMENT_3D('',#6482,#6483,#6484);
#6486=PLANE('',#6485);
#6487=POLY_LOOP('',(#531,#532,#245));
#6488=FACE_OUTER_BOUND('',#6487,.T.);
#6489=FACE_SURFACE('',(#6488),#6486,.T.);
#6490=CARTESIAN_POINT('',(27.463726,54.418282,10.08));
#6491=DIRECTION('',(0.632759,-0.774349,0.));
#6492=DIRECTION('',(0.774349,0.632759,0.));
#6493=AXIS2_PLACEMENT_3D('',#6490,#6491,#6492);
#6494=PLANE('',#6493);
#6495=POLY_LOOP('',(#532,#533,#246));
#6496=FACE_OUTER_BOUND('',#6495,.T.);
#6497=FACE_SURFACE('',(#6496),#6494,.T.);
#6498=CARTESIAN_POINT('',(21.713062,49.131256,10.08));
#6499=DIRECTION('',(0.697979,-0.716118,0.));
#6500=DIRECTION('',(0.576431,0.561831,0.593357));
#6501=AXIS2_PLACEMENT_3D('',#6498,#6499,#6500);
#6502=PLANE('',#6501);
#6503=POLY_LOOP('',(#529,#243,#242));
#6504=FACE_OUTER_BOUND('',#6503,.T.);
#6505=FACE_SURFACE('',(#6504),#6502,.T.);
#6506=CARTESIAN_POINT('',(23.578293,50.949242,10.08));
#6507=DIRECTION('',(0.676808,-0.73616,0.));
#6508=DIRECTION('',(0.592564,0.544789,0.593358));
#6509=AXIS2_PLACEMENT_3D('',#6506,#6507,#6508);
#6510=PLANE('',#6509);
#6511=POLY_LOOP('',(#530,#244,#243));
#6512=FACE_OUTER_BOUND('',#6511,.T.);
#6513=FACE_SURFACE('',(#6512),#6510,.T.);
#6514=CARTESIAN_POINT('',(25.495724,52.712082,10.08));
#6515=DIRECTION('',(0.655062,-0.755576,0.));
#6516=DIRECTION('',(0.608192,0.527285,0.593358));
#6517=AXIS2_PLACEMENT_3D('',#6514,#6515,#6516);
#6518=PLANE('',#6517);
#6519=POLY_LOOP('',(#531,#245,#244));
#6520=FACE_OUTER_BOUND('',#6519,.T.);
#6521=FACE_SURFACE('',(#6520),#6518,.T.);
#6522=CARTESIAN_POINT('',(27.463726,54.418282,10.08));
#6523=DIRECTION('',(0.632759,-0.774349,0.));
#6524=DIRECTION('',(0.623304,0.509332,0.593357));
#6525=AXIS2_PLACEMENT_3D('',#6522,#6523,#6524);
#6526=PLANE('',#6525);
#6527=POLY_LOOP('',(#532,#246,#245));
#6528=FACE_OUTER_BOUND('',#6527,.T.);
#6529=FACE_SURFACE('',(#6528),#6526,.T.);
#6530=CARTESIAN_POINT('',(29.480627,56.066391,10.08));
#6531=DIRECTION('',(0.609918,-0.792465,0.));
#6532=DIRECTION('',(0.637886,0.490946,0.593358));
#6533=AXIS2_PLACEMENT_3D('',#6530,#6531,#6532);
#6534=PLANE('',#6533);
#6535=POLY_LOOP('',(#533,#249,#246));
#6536=FACE_OUTER_BOUND('',#6535,.T.);
#6537=FACE_SURFACE('',(#6536),#6534,.T.);
#6538=CARTESIAN_POINT('',(29.480627,56.066391,10.08));
#6539=DIRECTION('',(0.609918,-0.792465,0.));
#6540=DIRECTION('',(0.792465,0.609918,0.));
#6541=AXIS2_PLACEMENT_3D('',#6538,#6539,#6540);
#6542=PLANE('',#6541);
#6543=POLY_LOOP('',(#533,#534,#249));
#6544=FACE_OUTER_BOUND('',#6543,.T.);
#6545=FACE_SURFACE('',(#6544),#6542,.T.);
#6546=CARTESIAN_POINT('',(31.544712,57.655006,10.08));
#6547=DIRECTION('',(0.586558,-0.809907,0.));
#6548=DIRECTION('',(0.809907,0.586558,0.));
#6549=AXIS2_PLACEMENT_3D('',#6546,#6547,#6548);
#6550=PLANE('',#6549);
#6551=POLY_LOOP('',(#534,#535,#250));
#6552=FACE_OUTER_BOUND('',#6551,.T.);
#6553=FACE_SURFACE('',(#6552),#6550,.T.);
#6554=CARTESIAN_POINT('',(33.654228,59.182777,10.08));
#6555=DIRECTION('',(0.562701,-0.82666,0.));
#6556=DIRECTION('',(0.82666,0.562701,0.));
#6557=AXIS2_PLACEMENT_3D('',#6554,#6555,#6556);
#6558=PLANE('',#6557);
#6559=POLY_LOOP('',(#535,#536,#251));
#6560=FACE_OUTER_BOUND('',#6559,.T.);
#6561=FACE_SURFACE('',(#6560),#6558,.T.);
#6562=CARTESIAN_POINT('',(35.807381,60.648411,10.08));
#6563=DIRECTION('',(0.538365,-0.842712,0.));
#6564=DIRECTION('',(0.842712,0.538365,0.));
#6565=AXIS2_PLACEMENT_3D('',#6562,#6563,#6564);
#6566=PLANE('',#6565);
#6567=POLY_LOOP('',(#536,#537,#252));
#6568=FACE_OUTER_BOUND('',#6567,.T.);
#6569=FACE_SURFACE('',(#6568),#6566,.T.);
#6570=CARTESIAN_POINT('',(31.544712,57.655006,10.08));
#6571=DIRECTION('',(0.586558,-0.809907,0.));
#6572=DIRECTION('',(0.651926,0.472143,0.593358));
#6573=AXIS2_PLACEMENT_3D('',#6570,#6571,#6572);
#6574=PLANE('',#6573);
#6575=POLY_LOOP('',(#534,#250,#249));
#6576=FACE_OUTER_BOUND('',#6575,.T.);
#6577=FACE_SURFACE('',(#6576),#6574,.T.);
#6578=CARTESIAN_POINT('',(33.654228,59.182777,10.08));
#6579=DIRECTION('',(0.562701,-0.82666,0.));
#6580=DIRECTION('',(0.665411,0.45294,0.593358));
#6581=AXIS2_PLACEMENT_3D('',#6578,#6579,#6580);
#6582=PLANE('',#6581);
#6583=POLY_LOOP('',(#535,#251,#250));
#6584=FACE_OUTER_BOUND('',#6583,.T.);
#6585=FACE_SURFACE('',(#6584),#6582,.T.);
#6586=CARTESIAN_POINT('',(35.807381,60.648411,10.08));
#6587=DIRECTION('',(0.538365,-0.842712,0.));
#6588=DIRECTION('',(0.678332,0.433351,0.593357));
#6589=AXIS2_PLACEMENT_3D('',#6586,#6587,#6588);
#6590=PLANE('',#6589);
#6591=POLY_LOOP('',(#536,#252,#251));
#6592=FACE_OUTER_BOUND('',#6591,.T.);
#6593=FACE_SURFACE('',(#6592),#6590,.T.);
#6594=CARTESIAN_POINT('',(38.002342,62.050659,10.08));
#6595=DIRECTION('',(0.513572,-0.858047,0.));
#6596=DIRECTION('',(0.858047,0.513572,0.));
#6597=AXIS2_PLACEMENT_3D('',#6594,#6595,#6596);
#6598=PLANE('',#6597);
#6599=POLY_LOOP('',(#537,#538,#247));
#6600=FACE_OUTER_BOUND('',#6599,.T.);
#6601=FACE_SURFACE('',(#6600),#6598,.T.);
#6602=CARTESIAN_POINT('',(38.002342,62.050659,10.08));
#6603=DIRECTION('',(0.513572,-0.858047,0.));
#6604=DIRECTION('',(0.690675,0.413394,0.593358));
#6605=AXIS2_PLACEMENT_3D('',#6602,#6603,#6604);
#6606=PLANE('',#6605);
#6607=POLY_LOOP('',(#537,#247,#252));
#6608=FACE_OUTER_BOUND('',#6607,.T.);
#6609=FACE_SURFACE('',(#6608),#6606,.T.);
#6610=CARTESIAN_POINT('',(40.237244,63.388329,10.08));
#6611=DIRECTION('',(0.488343,-0.872652,0.));
#6612=DIRECTION('',(0.702432,0.393086,0.593357));
#6613=AXIS2_PLACEMENT_3D('',#6610,#6611,#6612);
#6614=PLANE('',#6613);
#6615=POLY_LOOP('',(#538,#248,#247));
#6616=FACE_OUTER_BOUND('',#6615,.T.);
#6617=FACE_SURFACE('',(#6616),#6614,.T.);
#6618=CARTESIAN_POINT('',(40.237244,63.388329,10.08));
#6619=DIRECTION('',(0.488343,-0.872652,0.));
#6620=DIRECTION('',(0.872652,0.488343,0.));
#6621=AXIS2_PLACEMENT_3D('',#6618,#6619,#6620);
#6622=PLANE('',#6621);
#6623=POLY_LOOP('',(#538,#539,#248));
#6624=FACE_OUTER_BOUND('',#6623,.T.);
#6625=FACE_SURFACE('',(#6624),#6622,.T.);
#6626=CARTESIAN_POINT('',(42.510189,64.660286,10.08));
#6627=DIRECTION('',(0.462695,-0.886517,0.));
#6628=DIRECTION('',(0.886517,0.462695,0.));
#6629=AXIS2_PLACEMENT_3D('',#6626,#6627,#6628);
#6630=PLANE('',#6629);
#6631=POLY_LOOP('',(#539,#540,#253));
#6632=FACE_OUTER_BOUND('',#6631,.T.);
#6633=FACE_SURFACE('',(#6632),#6630,.T.);
#6634=CARTESIAN_POINT('',(44.819248,65.86544,10.08));
#6635=DIRECTION('',(0.436661,-0.899626,0.));
#6636=DIRECTION('',(0.899626,0.436661,0.));
#6637=AXIS2_PLACEMENT_3D('',#6634,#6635,#6636);
#6638=PLANE('',#6637);
#6639=POLY_LOOP('',(#540,#541,#254));
#6640=FACE_OUTER_BOUND('',#6639,.T.);
#6641=FACE_SURFACE('',(#6640),#6638,.T.);
#6642=CARTESIAN_POINT('',(47.162453,67.002785,10.08));
#6643=DIRECTION('',(0.410249,-0.911974,0.));
#6644=DIRECTION('',(0.911974,0.410249,0.));
#6645=AXIS2_PLACEMENT_3D('',#6642,#6643,#6644);
#6646=PLANE('',#6645);
#6647=POLY_LOOP('',(#541,#542,#255));
#6648=FACE_OUTER_BOUND('',#6647,.T.);
#6649=FACE_SURFACE('',(#6648),#6646,.T.);
#6650=CARTESIAN_POINT('',(49.537815,68.071335,10.08));
#6651=DIRECTION('',(0.383491,-0.923545,0.));
#6652=DIRECTION('',(0.923545,0.383491,0.));
#6653=AXIS2_PLACEMENT_3D('',#6650,#6651,#6652);
#6654=PLANE('',#6653);
#6655=POLY_LOOP('',(#542,#543,#256));
#6656=FACE_OUTER_BOUND('',#6655,.T.);
#6657=FACE_SURFACE('',(#6656),#6654,.T.);
#6658=CARTESIAN_POINT('',(42.510189,64.660286,10.08));
#6659=DIRECTION('',(0.462695,-0.886517,0.));
#6660=DIRECTION('',(0.713592,0.372441,0.593358));
#6661=AXIS2_PLACEMENT_3D('',#6658,#6659,#6660);
#6662=PLANE('',#6661);
#6663=POLY_LOOP('',(#539,#253,#248));
#6664=FACE_OUTER_BOUND('',#6663,.T.);
#6665=FACE_SURFACE('',(#6664),#6662,.T.);
#6666=CARTESIAN_POINT('',(44.819248,65.86544,10.08));
#6667=DIRECTION('',(0.436661,-0.899626,0.));
#6668=DIRECTION('',(0.724145,0.351485,0.593357));
#6669=AXIS2_PLACEMENT_3D('',#6666,#6667,#6668);
#6670=PLANE('',#6669);
#6671=POLY_LOOP('',(#540,#254,#253));
#6672=FACE_OUTER_BOUND('',#6671,.T.);
#6673=FACE_SURFACE('',(#6672),#6670,.T.);
#6674=CARTESIAN_POINT('',(47.162453,67.002785,10.08));
#6675=DIRECTION('',(0.410249,-0.911974,0.));
#6676=DIRECTION('',(0.734083,0.330225,0.593358));
#6677=AXIS2_PLACEMENT_3D('',#6674,#6675,#6676);
#6678=PLANE('',#6677);
#6679=POLY_LOOP('',(#541,#255,#254));
#6680=FACE_OUTER_BOUND('',#6679,.T.);
#6681=FACE_SURFACE('',(#6680),#6678,.T.);
#6682=CARTESIAN_POINT('',(49.537815,68.071335,10.08));
#6683=DIRECTION('',(0.383491,-0.923545,0.));
#6684=DIRECTION('',(0.743397,0.308687,0.593358));
#6685=AXIS2_PLACEMENT_3D('',#6682,#6683,#6684);
#6686=PLANE('',#6685);
#6687=POLY_LOOP('',(#542,#256,#255));
#6688=FACE_OUTER_BOUND('',#6687,.T.);
#6689=FACE_SURFACE('',(#6688),#6686,.T.);
#6690=CARTESIAN_POINT('',(51.943314,69.07019,10.08));
#6691=DIRECTION('',(0.356407,-0.934331,0.));
#6692=DIRECTION('',(0.934331,0.356407,0.));
#6693=AXIS2_PLACEMENT_3D('',#6690,#6691,#6692);
#6694=PLANE('',#6693);
#6695=POLY_LOOP('',(#543,#544,#257));
#6696=FACE_OUTER_BOUND('',#6695,.T.);
#6697=FACE_SURFACE('',(#6696),#6694,.T.);
#6698=CARTESIAN_POINT('',(54.376911,69.998505,10.08));
#6699=DIRECTION('',(0.329023,-0.944322,0.));
#6700=DIRECTION('',(0.944322,0.329023,0.));
#6701=AXIS2_PLACEMENT_3D('',#6698,#6699,#6700);
#6702=PLANE('',#6701);
#6703=POLY_LOOP('',(#544,#545,#258));
#6704=FACE_OUTER_BOUND('',#6703,.T.);
#6705=FACE_SURFACE('',(#6704),#6702,.T.);
#6706=CARTESIAN_POINT('',(56.836529,70.855492,10.08));
#6707=DIRECTION('',(0.301354,-0.953512,0.));
#6708=DIRECTION('',(0.953512,0.301354,0.));
#6709=AXIS2_PLACEMENT_3D('',#6706,#6707,#6708);
#6710=PLANE('',#6709);
#6711=POLY_LOOP('',(#545,#546,#259));
#6712=FACE_OUTER_BOUND('',#6711,.T.);
#6713=FACE_SURFACE('',(#6712),#6710,.T.);
#6714=CARTESIAN_POINT('',(59.320087,71.640411,10.08));
#6715=DIRECTION('',(0.273431,-0.961892,0.));
#6716=DIRECTION('',(0.961892,0.273431,0.));
#6717=AXIS2_PLACEMENT_3D('',#6714,#6715,#6716);
#6718=PLANE('',#6717);
#6719=POLY_LOOP('',(#546,#547,#261));
#6720=FACE_OUTER_BOUND('',#6719,.T.);
#6721=FACE_SURFACE('',(#6720),#6718,.T.);
#6722=CARTESIAN_POINT('',(51.943314,69.07019,10.08));
#6723=DIRECTION('',(0.356407,-0.934331,0.));
#6724=DIRECTION('',(0.752079,0.286886,0.593357));
#6725=AXIS2_PLACEMENT_3D('',#6722,#6723,#6724);
#6726=PLANE('',#6725);
#6727=POLY_LOOP('',(#543,#257,#256));
#6728=FACE_OUTER_BOUND('',#6727,.T.);
#6729=FACE_SURFACE('',(#6728),#6726,.T.);
#6730=CARTESIAN_POINT('',(54.376911,69.998505,10.08));
#6731=DIRECTION('',(0.329023,-0.944322,0.));
#6732=DIRECTION('',(0.760121,0.264844,0.593358));
#6733=AXIS2_PLACEMENT_3D('',#6730,#6731,#6732);
#6734=PLANE('',#6733);
#6735=POLY_LOOP('',(#544,#258,#257));
#6736=FACE_OUTER_BOUND('',#6735,.T.);
#6737=FACE_SURFACE('',(#6736),#6734,.T.);
#6738=CARTESIAN_POINT('',(56.836529,70.855492,10.08));
#6739=DIRECTION('',(0.301354,-0.953512,0.));
#6740=DIRECTION('',(0.767519,0.242572,0.593357));
#6741=AXIS2_PLACEMENT_3D('',#6738,#6739,#6740);
#6742=PLANE('',#6741);
#6743=POLY_LOOP('',(#545,#259,#258));
#6744=FACE_OUTER_BOUND('',#6743,.T.);
#6745=FACE_SURFACE('',(#6744),#6742,.T.);
#6746=CARTESIAN_POINT('',(59.320087,71.640411,10.08));
#6747=DIRECTION('',(0.273431,-0.961892,0.));
#6748=DIRECTION('',(0.774264,0.220095,0.593358));
#6749=AXIS2_PLACEMENT_3D('',#6746,#6747,#6748);
#6750=PLANE('',#6749);
#6751=POLY_LOOP('',(#546,#261,#259));
#6752=FACE_OUTER_BOUND('',#6751,.T.);
#6753=FACE_SURFACE('',(#6752),#6750,.T.);
#6754=CARTESIAN_POINT('',(61.825466,72.3526,10.08));
#6755=DIRECTION('',(0.245279,-0.969453,0.));
#6756=DIRECTION('',(0.78035,0.197434,0.593358));
#6757=AXIS2_PLACEMENT_3D('',#6754,#6755,#6756);
#6758=PLANE('',#6757);
#6759=POLY_LOOP('',(#547,#262,#261));
#6760=FACE_OUTER_BOUND('',#6759,.T.);
#6761=FACE_SURFACE('',(#6760),#6758,.T.);
#6762=CARTESIAN_POINT('',(61.825466,72.3526,10.08));
#6763=DIRECTION('',(0.245279,-0.969453,0.));
#6764=DIRECTION('',(0.969453,0.245279,0.));
#6765=AXIS2_PLACEMENT_3D('',#6762,#6763,#6764);
#6766=PLANE('',#6765);
#6767=POLY_LOOP('',(#547,#548,#262));
#6768=FACE_OUTER_BOUND('',#6767,.T.);
#6769=FACE_SURFACE('',(#6768),#6766,.T.);
#6770=CARTESIAN_POINT('',(64.35054,72.991463,10.08));
#6771=DIRECTION('',(0.216913,-0.976191,0.));
#6772=DIRECTION('',(0.976191,0.216913,0.));
#6773=AXIS2_PLACEMENT_3D('',#6770,#6771,#6772);
#6774=PLANE('',#6773);
#6775=POLY_LOOP('',(#548,#549,#263));
#6776=FACE_OUTER_BOUND('',#6775,.T.);
#6777=FACE_SURFACE('',(#6776),#6774,.T.);
#6778=CARTESIAN_POINT('',(66.893166,73.556442,10.08));
#6779=DIRECTION('',(0.188368,-0.982099,0.));
#6780=DIRECTION('',(0.982099,0.188368,0.));
#6781=AXIS2_PLACEMENT_3D('',#6778,#6779,#6780);
#6782=PLANE('',#6781);
#6783=POLY_LOOP('',(#549,#550,#264));
#6784=FACE_OUTER_BOUND('',#6783,.T.);
#6785=FACE_SURFACE('',(#6784),#6782,.T.);
#6786=CARTESIAN_POINT('',(69.45118,74.047073,10.08));
#6787=DIRECTION('',(0.159657,-0.987173,0.));
#6788=DIRECTION('',(0.987173,0.159657,0.));
#6789=AXIS2_PLACEMENT_3D('',#6786,#6787,#6788);
#6790=PLANE('',#6789);
#6791=POLY_LOOP('',(#550,#551,#265));
#6792=FACE_OUTER_BOUND('',#6791,.T.);
#6793=FACE_SURFACE('',(#6792),#6790,.T.);
#6794=CARTESIAN_POINT('',(72.022408,74.462921,10.08));
#6795=DIRECTION('',(0.130816,-0.991407,0.));
#6796=DIRECTION('',(0.991407,0.130816,0.));
#6797=AXIS2_PLACEMENT_3D('',#6794,#6795,#6796);
#6798=PLANE('',#6797);
#6799=POLY_LOOP('',(#551,#552,#266));
#6800=FACE_OUTER_BOUND('',#6799,.T.);
#6801=FACE_SURFACE('',(#6800),#6798,.T.);
#6802=CARTESIAN_POINT('',(64.35054,72.991463,10.08));
#6803=DIRECTION('',(0.216913,-0.976191,0.));
#6804=DIRECTION('',(0.785774,0.174602,0.593358));
#6805=AXIS2_PLACEMENT_3D('',#6802,#6803,#6804);
#6806=PLANE('',#6805);
#6807=POLY_LOOP('',(#548,#263,#262));
#6808=FACE_OUTER_BOUND('',#6807,.T.);
#6809=FACE_SURFACE('',(#6808),#6806,.T.);
#6810=CARTESIAN_POINT('',(66.893166,73.556442,10.08));
#6811=DIRECTION('',(0.188368,-0.982099,0.));
#6812=DIRECTION('',(0.790529,0.151625,0.593357));
#6813=AXIS2_PLACEMENT_3D('',#6810,#6811,#6812);
#6814=PLANE('',#6813);
#6815=POLY_LOOP('',(#549,#264,#263));
#6816=FACE_OUTER_BOUND('',#6815,.T.);
#6817=FACE_SURFACE('',(#6816),#6814,.T.);
#6818=CARTESIAN_POINT('',(69.45118,74.047073,10.08));
#6819=DIRECTION('',(0.159657,-0.987173,0.));
#6820=DIRECTION('',(0.794614,0.128514,0.593358));
#6821=AXIS2_PLACEMENT_3D('',#6818,#6819,#6820);
#6822=PLANE('',#6821);
#6823=POLY_LOOP('',(#550,#265,#264));
#6824=FACE_OUTER_BOUND('',#6823,.T.);
#6825=FACE_SURFACE('',(#6824),#6822,.T.);
#6826=CARTESIAN_POINT('',(72.022408,74.462921,10.08));
#6827=DIRECTION('',(0.130816,-0.991407,0.));
#6828=DIRECTION('',(0.798022,0.105299,0.593357));
#6829=AXIS2_PLACEMENT_3D('',#6826,#6827,#6828);
#6830=PLANE('',#6829);
#6831=POLY_LOOP('',(#551,#266,#265));
#6832=FACE_OUTER_BOUND('',#6831,.T.);
#6833=FACE_SURFACE('',(#6832),#6830,.T.);
#6834=CARTESIAN_POINT('',(74.604668,74.80365,10.08));
#6835=DIRECTION('',(0.101861,-0.994799,0.));
#6836=DIRECTION('',(0.994799,0.101861,0.));
#6837=AXIS2_PLACEMENT_3D('',#6834,#6835,#6836);
#6838=PLANE('',#6837);
#6839=POLY_LOOP('',(#552,#553,#267));
#6840=FACE_OUTER_BOUND('',#6839,.T.);
#6841=FACE_SURFACE('',(#6840),#6838,.T.);
#6842=CARTESIAN_POINT('',(77.195763,75.068962,10.08));
#6843=DIRECTION('',(0.072819,-0.997345,0.));
#6844=DIRECTION('',(0.997345,0.072819,0.));
#6845=AXIS2_PLACEMENT_3D('',#6842,#6843,#6844);
#6846=PLANE('',#6845);
#6847=POLY_LOOP('',(#553,#554,#268));
#6848=FACE_OUTER_BOUND('',#6847,.T.);
#6849=FACE_SURFACE('',(#6848),#6846,.T.);
#6850=CARTESIAN_POINT('',(79.793488,75.258629,10.08));
#6851=DIRECTION('',(0.043718,-0.999044,0.));
#6852=DIRECTION('',(0.999044,0.043718,0.));
#6853=AXIS2_PLACEMENT_3D('',#6850,#6851,#6852);
#6854=PLANE('',#6853);
#6855=POLY_LOOP('',(#554,#555,#269));
#6856=FACE_OUTER_BOUND('',#6855,.T.);
#6857=FACE_SURFACE('',(#6856),#6854,.T.);
#6858=CARTESIAN_POINT('',(74.604668,74.80365,10.08));
#6859=DIRECTION('',(0.101861,-0.994799,0.));
#6860=DIRECTION('',(0.800752,0.081992,0.593357));
#6861=AXIS2_PLACEMENT_3D('',#6858,#6859,#6860);
#6862=PLANE('',#6861);
#6863=POLY_LOOP('',(#552,#267,#266));
#6864=FACE_OUTER_BOUND('',#6863,.T.);
#6865=FACE_SURFACE('',(#6864),#6862,.T.);
#6866=CARTESIAN_POINT('',(77.195763,75.068962,10.08));
#6867=DIRECTION('',(0.072819,-0.997345,0.));
#6868=DIRECTION('',(0.802802,0.058615,0.593358));
#6869=AXIS2_PLACEMENT_3D('',#6866,#6867,#6868);
#6870=PLANE('',#6869);
#6871=POLY_LOOP('',(#553,#268,#267));
#6872=FACE_OUTER_BOUND('',#6871,.T.);
#6873=FACE_SURFACE('',(#6872),#6870,.T.);
#6874=CARTESIAN_POINT('',(79.793488,75.258629,10.08));
#6875=DIRECTION('',(0.043718,-0.999044,0.));
#6876=DIRECTION('',(0.804169,0.03519,0.593358));
#6877=AXIS2_PLACEMENT_3D('',#6874,#6875,#6876);
#6878=PLANE('',#6877);
#6879=POLY_LOOP('',(#554,#269,#268));
#6880=FACE_OUTER_BOUND('',#6879,.T.);
#6881=FACE_SURFACE('',(#6880),#6878,.T.);
#6882=CARTESIAN_POINT('',(82.395638,75.372498,10.08));
#6883=DIRECTION('',(0.014575,-0.999894,0.));
#6884=DIRECTION('',(0.804853,0.011732,0.593358));
#6885=AXIS2_PLACEMENT_3D('',#6882,#6883,#6884);
#6886=PLANE('',#6885);
#6887=POLY_LOOP('',(#555,#270,#269));
#6888=FACE_OUTER_BOUND('',#6887,.T.);
#6889=FACE_SURFACE('',(#6888),#6886,.T.);
#6890=CARTESIAN_POINT('',(82.395638,75.372498,10.08));
#6891=DIRECTION('',(0.014575,-0.999894,0.));
#6892=DIRECTION('',(0.999894,0.014575,0.));
#6893=AXIS2_PLACEMENT_3D('',#6890,#6891,#6892);
#6894=PLANE('',#6893);
#6895=POLY_LOOP('',(#555,#556,#270));
#6896=FACE_OUTER_BOUND('',#6895,.T.);
#6897=FACE_SURFACE('',(#6896),#6894,.T.);
#6898=CARTESIAN_POINT('',(167.300003,-0.35,10.08));
#6899=DIRECTION('',(0.,1.,0.));
#6900=DIRECTION('',(-0.999934,0.,0.011452));
#6901=AXIS2_PLACEMENT_3D('',#6898,#6899,#6900);
#6902=PLANE('',#6901);
#6903=POLY_LOOP('',(#522,#197,#437));
#6904=FACE_OUTER_BOUND('',#6903,.T.);
#6905=FACE_SURFACE('',(#6904),#6902,.T.);
#6906=CARTESIAN_POINT('',(167.300003,-0.35,10.));
#6907=DIRECTION('',(0.,0.,1.));
#6908=DIRECTION('',(1.,0.,0.));
#6909=AXIS2_PLACEMENT_3D('',#6906,#6907,#6908);
#6910=PLANE('',#6909);
#6911=POLY_LOOP('',(#557,#558,#559));
#6912=FACE_OUTER_BOUND('',#6911,.T.);
#6913=FACE_SURFACE('',(#6912),#6910,.T.);
#6914=CARTESIAN_POINT('',(167.300003,-0.35,10.));
#6915=DIRECTION('',(0.,1.,0.));
#6916=DIRECTION('',(0.,0.,1.));
#6917=AXIS2_PLACEMENT_3D('',#6914,#6915,#6916);
#6918=PLANE('',#6917);
#6919=POLY_LOOP('',(#557,#522,#437));
#6920=FACE_OUTER_BOUND('',#6919,.T.);
#6921=FACE_SURFACE('',(#6920),#6918,.T.);
#6922=CARTESIAN_POINT('',(167.300003,-0.35,10.));
#6923=DIRECTION('',(0.,1.,0.));
#6924=DIRECTION('',(0.836245,0.,0.548357));
#6925=AXIS2_PLACEMENT_3D('',#6922,#6923,#6924);
#6926=PLANE('',#6925);
#6927=POLY_LOOP('',(#557,#437,#558));
#6928=FACE_OUTER_BOUND('',#6927,.T.);
#6929=FACE_SURFACE('',(#6928),#6926,.T.);
#6930=CARTESIAN_POINT('',(170.350006,-0.35,10.));
#6931=DIRECTION('',(-1.,0.,0.));
#6932=DIRECTION('',(0.,0.,1.));
#6933=AXIS2_PLACEMENT_3D('',#6930,#6931,#6932);
#6934=PLANE('',#6933);
#6935=POLY_LOOP('',(#558,#437,#560));
#6936=FACE_OUTER_BOUND('',#6935,.T.);
#6937=FACE_SURFACE('',(#6936),#6934,.T.);
#6938=CARTESIAN_POINT('',(170.350006,-0.35,10.));
#6939=DIRECTION('',(0.,0.,1.));
#6940=DIRECTION('',(0.,1.,0.));
#6941=AXIS2_PLACEMENT_3D('',#6938,#6939,#6940);
#6942=PLANE('',#6941);
#6943=POLY_LOOP('',(#558,#560,#559));
#6944=FACE_OUTER_BOUND('',#6943,.T.);
#6945=FACE_SURFACE('',(#6944),#6942,.T.);
#6946=CARTESIAN_POINT('',(170.350006,30.732979,10.));
#6947=DIRECTION('',(-1.,0.,0.));
#6948=DIRECTION('',(0.,-0.997936,0.064211));
#6949=AXIS2_PLACEMENT_3D('',#6946,#6947,#6948);
#6950=PLANE('',#6949);
#6951=POLY_LOOP('',(#560,#437,#439));
#6952=FACE_OUTER_BOUND('',#6951,.T.);
#6953=FACE_SURFACE('',(#6952),#6950,.T.);
#6954=CARTESIAN_POINT('',(167.300003,30.732979,10.));
#6955=DIRECTION('',(0.,-1.,0.));
#6956=DIRECTION('',(1.,0.,0.));
#6957=AXIS2_PLACEMENT_3D('',#6954,#6955,#6956);
#6958=PLANE('',#6957);
#6959=POLY_LOOP('',(#559,#560,#561));
#6960=FACE_OUTER_BOUND('',#6959,.T.);
#6961=FACE_SURFACE('',(#6960),#6958,.T.);
#6962=CARTESIAN_POINT('',(161.149246,32.79686,10.08));
#6963=DIRECTION('',(-0.844593,-0.535409,0.));
#6964=DIRECTION('',(0.,0.,1.));
#6965=AXIS2_PLACEMENT_3D('',#6962,#6963,#6964);
#6966=PLANE('',#6965);
#6967=POLY_LOOP('',(#562,#441,#563));
#6968=FACE_OUTER_BOUND('',#6967,.T.);
#6969=FACE_SURFACE('',(#6968),#6966,.T.);
#6970=CARTESIAN_POINT('',(159.7547,34.996716,10.08));
#6971=DIRECTION('',(-0.828623,-0.559807,0.));
#6972=DIRECTION('',(0.,0.,1.));
#6973=AXIS2_PLACEMENT_3D('',#6970,#6971,#6972);
#6974=PLANE('',#6973);
#6975=POLY_LOOP('',(#563,#442,#564));
#6976=FACE_OUTER_BOUND('',#6975,.T.);
#6977=FACE_SURFACE('',(#6976),#6974,.T.);
#6978=CARTESIAN_POINT('',(159.7547,34.996716,10.08));
#6979=DIRECTION('',(-0.844593,-0.535409,0.));
#6980=DIRECTION('',(0.430972,-0.679845,0.593358));
#6981=AXIS2_PLACEMENT_3D('',#6978,#6979,#6980);
#6982=PLANE('',#6981);
#6983=POLY_LOOP('',(#563,#441,#442));
#6984=FACE_OUTER_BOUND('',#6983,.T.);
#6985=FACE_SURFACE('',(#6984),#6982,.T.);
#6986=CARTESIAN_POINT('',(162.374771,30.732979,10.08));
#6987=DIRECTION('',(-0.859837,-0.510568,0.));
#6988=DIRECTION('',(0.,0.,1.));
#6989=AXIS2_PLACEMENT_3D('',#6986,#6987,#6988);
#6990=PLANE('',#6989);
#6991=POLY_LOOP('',(#565,#440,#562));
#6992=FACE_OUTER_BOUND('',#6991,.T.);
#6993=FACE_SURFACE('',(#6992),#6990,.T.);
#6994=CARTESIAN_POINT('',(162.374771,30.732979,10.08));
#6995=DIRECTION('',(0.,-1.,0.));
#6996=DIRECTION('',(1.,0.,0.));
#6997=AXIS2_PLACEMENT_3D('',#6994,#6995,#6996);
#6998=PLANE('',#6997);
#6999=POLY_LOOP('',(#565,#561,#439));
#7000=FACE_OUTER_BOUND('',#6999,.T.);
#7001=FACE_SURFACE('',(#7000),#6998,.T.);
#7002=CARTESIAN_POINT('',(167.300003,30.732979,10.08));
#7003=DIRECTION('',(0.,-1.,0.));
#7004=DIRECTION('',(0.999656,0.,-0.02622));
#7005=AXIS2_PLACEMENT_3D('',#7002,#7003,#7004);
#7006=PLANE('',#7005);
#7007=POLY_LOOP('',(#561,#560,#439));
#7008=FACE_OUTER_BOUND('',#7007,.T.);
#7009=FACE_SURFACE('',(#7008),#7006,.T.);
#7010=CARTESIAN_POINT('',(161.149246,32.79686,10.08));
#7011=DIRECTION('',(-0.859837,-0.510568,0.));
#7012=DIRECTION('',(0.398707,-0.671455,0.624645));
#7013=AXIS2_PLACEMENT_3D('',#7010,#7011,#7012);
#7014=PLANE('',#7013);
#7015=POLY_LOOP('',(#562,#440,#441));
#7016=FACE_OUTER_BOUND('',#7015,.T.);
#7017=FACE_SURFACE('',(#7016),#7014,.T.);
#7018=CARTESIAN_POINT('',(162.374771,30.732979,10.08));
#7019=DIRECTION('',(0.,-1.,0.));
#7020=DIRECTION('',(0.972223,0.,0.234058));
#7021=AXIS2_PLACEMENT_3D('',#7018,#7019,#7020);
#7022=PLANE('',#7021);
#7023=POLY_LOOP('',(#565,#439,#440));
#7024=FACE_OUTER_BOUND('',#7023,.T.);
#7025=FACE_SURFACE('',(#7024),#7022,.T.);
#7026=CARTESIAN_POINT('',(85.,75.410461,10.08));
#7027=DIRECTION('',(-0.014575,-0.999894,0.));
#7028=DIRECTION('',(0.999894,-0.014575,0.));
#7029=AXIS2_PLACEMENT_3D('',#7026,#7027,#7028);
#7030=PLANE('',#7029);
#7031=POLY_LOOP('',(#556,#566,#271));
#7032=FACE_OUTER_BOUND('',#7031,.T.);
#7033=FACE_SURFACE('',(#7032),#7030,.T.);
#7034=CARTESIAN_POINT('',(87.604362,75.372498,10.08));
#7035=DIRECTION('',(-0.043718,-0.999044,0.));
#7036=DIRECTION('',(0.999044,-0.043718,0.));
#7037=AXIS2_PLACEMENT_3D('',#7034,#7035,#7036);
#7038=PLANE('',#7037);
#7039=POLY_LOOP('',(#566,#567,#272));
#7040=FACE_OUTER_BOUND('',#7039,.T.);
#7041=FACE_SURFACE('',(#7040),#7038,.T.);
#7042=CARTESIAN_POINT('',(90.206512,75.258629,10.08));
#7043=DIRECTION('',(-0.072819,-0.997345,0.));
#7044=DIRECTION('',(0.997345,-0.072819,0.));
#7045=AXIS2_PLACEMENT_3D('',#7042,#7043,#7044);
#7046=PLANE('',#7045);
#7047=POLY_LOOP('',(#567,#568,#273));
#7048=FACE_OUTER_BOUND('',#7047,.T.);
#7049=FACE_SURFACE('',(#7048),#7046,.T.);
#7050=CARTESIAN_POINT('',(92.804237,75.068962,10.08));
#7051=DIRECTION('',(-0.101861,-0.994799,0.));
#7052=DIRECTION('',(0.994799,-0.101861,0.));
#7053=AXIS2_PLACEMENT_3D('',#7050,#7051,#7052);
#7054=PLANE('',#7053);
#7055=POLY_LOOP('',(#568,#569,#274));
#7056=FACE_OUTER_BOUND('',#7055,.T.);
#7057=FACE_SURFACE('',(#7056),#7054,.T.);
#7058=CARTESIAN_POINT('',(87.604362,75.372498,10.08));
#7059=DIRECTION('',(-0.043718,-0.999044,0.));
#7060=DIRECTION('',(0.804169,-0.03519,0.593358));
#7061=AXIS2_PLACEMENT_3D('',#7058,#7059,#7060);
#7062=PLANE('',#7061);
#7063=POLY_LOOP('',(#566,#272,#271));
#7064=FACE_OUTER_BOUND('',#7063,.T.);
#7065=FACE_SURFACE('',(#7064),#7062,.T.);
#7066=CARTESIAN_POINT('',(90.206512,75.258629,10.08));
#7067=DIRECTION('',(-0.072819,-0.997345,0.));
#7068=DIRECTION('',(0.802802,-0.058615,0.593358));
#7069=AXIS2_PLACEMENT_3D('',#7066,#7067,#7068);
#7070=PLANE('',#7069);
#7071=POLY_LOOP('',(#567,#273,#272));
#7072=FACE_OUTER_BOUND('',#7071,.T.);
#7073=FACE_SURFACE('',(#7072),#7070,.T.);
#7074=CARTESIAN_POINT('',(92.804237,75.068962,10.08));
#7075=DIRECTION('',(-0.101861,-0.994799,0.));
#7076=DIRECTION('',(0.800752,-0.081992,0.593357));
#7077=AXIS2_PLACEMENT_3D('',#7074,#7075,#7076);
#7078=PLANE('',#7077);
#7079=POLY_LOOP('',(#568,#274,#273));
#7080=FACE_OUTER_BOUND('',#7079,.T.);
#7081=FACE_SURFACE('',(#7080),#7078,.T.);
#7082=CARTESIAN_POINT('',(95.395332,74.80365,10.08));
#7083=DIRECTION('',(-0.130816,-0.991407,0.));
#7084=DIRECTION('',(0.991407,-0.130816,0.));
#7085=AXIS2_PLACEMENT_3D('',#7082,#7083,#7084);
#7086=PLANE('',#7085);
#7087=POLY_LOOP('',(#569,#570,#275));
#7088=FACE_OUTER_BOUND('',#7087,.T.);
#7089=FACE_SURFACE('',(#7088),#7086,.T.);
#7090=CARTESIAN_POINT('',(97.977592,74.462921,10.08));
#7091=DIRECTION('',(-0.159657,-0.987173,0.));
#7092=DIRECTION('',(0.987173,-0.159657,0.));
#7093=AXIS2_PLACEMENT_3D('',#7090,#7091,#7092);
#7094=PLANE('',#7093);
#7095=POLY_LOOP('',(#570,#571,#485));
#7096=FACE_OUTER_BOUND('',#7095,.T.);
#7097=FACE_SURFACE('',(#7096),#7094,.T.);
#7098=CARTESIAN_POINT('',(103.106834,73.556442,10.08));
#7099=DIRECTION('',(-0.188368,-0.982099,0.));
#7100=DIRECTION('',(0.,0.,1.));
#7101=AXIS2_PLACEMENT_3D('',#7098,#7099,#7100);
#7102=PLANE('',#7101);
#7103=POLY_LOOP('',(#572,#486,#571));
#7104=FACE_OUTER_BOUND('',#7103,.T.);
#7105=FACE_SURFACE('',(#7104),#7102,.T.);
#7106=CARTESIAN_POINT('',(103.106834,73.556442,10.08));
#7107=DIRECTION('',(-0.216913,-0.976191,0.));
#7108=DIRECTION('',(0.976191,-0.216913,0.));
#7109=AXIS2_PLACEMENT_3D('',#7106,#7107,#7108);
#7110=PLANE('',#7109);
#7111=POLY_LOOP('',(#572,#573,#487));
#7112=FACE_OUTER_BOUND('',#7111,.T.);
#7113=FACE_SURFACE('',(#7112),#7110,.T.);
#7114=CARTESIAN_POINT('',(95.395332,74.80365,10.08));
#7115=DIRECTION('',(-0.130816,-0.991407,0.));
#7116=DIRECTION('',(0.798022,-0.105299,0.593357));
#7117=AXIS2_PLACEMENT_3D('',#7114,#7115,#7116);
#7118=PLANE('',#7117);
#7119=POLY_LOOP('',(#569,#275,#274));
#7120=FACE_OUTER_BOUND('',#7119,.T.);
#7121=FACE_SURFACE('',(#7120),#7118,.T.);
#7122=CARTESIAN_POINT('',(97.977592,74.462921,10.08));
#7123=DIRECTION('',(-0.159657,-0.987173,0.));
#7124=DIRECTION('',(0.794614,-0.128514,0.593358));
#7125=AXIS2_PLACEMENT_3D('',#7122,#7123,#7124);
#7126=PLANE('',#7125);
#7127=POLY_LOOP('',(#570,#485,#275));
#7128=FACE_OUTER_BOUND('',#7127,.T.);
#7129=FACE_SURFACE('',(#7128),#7126,.T.);
#7130=CARTESIAN_POINT('',(103.106834,73.556442,10.08));
#7131=DIRECTION('',(-0.216913,-0.976191,0.));
#7132=DIRECTION('',(0.785774,-0.174602,0.593358));
#7133=AXIS2_PLACEMENT_3D('',#7130,#7131,#7132);
#7134=PLANE('',#7133);
#7135=POLY_LOOP('',(#572,#487,#486));
#7136=FACE_OUTER_BOUND('',#7135,.T.);
#7137=FACE_SURFACE('',(#7136),#7134,.T.);
#7138=CARTESIAN_POINT('',(100.54882,74.047073,10.08));
#7139=DIRECTION('',(-0.188368,-0.982099,0.));
#7140=DIRECTION('',(0.790529,-0.151625,0.593357));
#7141=AXIS2_PLACEMENT_3D('',#7138,#7139,#7140);
#7142=PLANE('',#7141);
#7143=POLY_LOOP('',(#571,#486,#485));
#7144=FACE_OUTER_BOUND('',#7143,.T.);
#7145=FACE_SURFACE('',(#7144),#7142,.T.);
#7146=CARTESIAN_POINT('',(105.64946,72.991463,10.08));
#7147=DIRECTION('',(-0.245279,-0.969453,0.));
#7148=DIRECTION('',(0.78035,-0.197435,0.593358));
#7149=AXIS2_PLACEMENT_3D('',#7146,#7147,#7148);
#7150=PLANE('',#7149);
#7151=POLY_LOOP('',(#573,#488,#487));
#7152=FACE_OUTER_BOUND('',#7151,.T.);
#7153=FACE_SURFACE('',(#7152),#7150,.T.);
#7154=CARTESIAN_POINT('',(85.,75.410461,10.08));
#7155=DIRECTION('',(-0.014575,-0.999894,0.));
#7156=DIRECTION('',(0.804853,-0.011732,0.593358));
#7157=AXIS2_PLACEMENT_3D('',#7154,#7155,#7156);
#7158=PLANE('',#7157);
#7159=POLY_LOOP('',(#556,#271,#270));
#7160=FACE_OUTER_BOUND('',#7159,.T.);
#7161=FACE_SURFACE('',(#7160),#7158,.T.);
#7162=CARTESIAN_POINT('',(108.17453,72.3526,10.08));
#7163=DIRECTION('',(-0.27343,-0.961892,0.));
#7164=DIRECTION('',(0.961892,-0.27343,0.));
#7165=AXIS2_PLACEMENT_3D('',#7162,#7163,#7164);
#7166=PLANE('',#7165);
#7167=POLY_LOOP('',(#574,#575,#489));
#7168=FACE_OUTER_BOUND('',#7167,.T.);
#7169=FACE_SURFACE('',(#7168),#7166,.T.);
#7170=CARTESIAN_POINT('',(105.64946,72.991463,10.08));
#7171=DIRECTION('',(-0.245279,-0.969453,0.));
#7172=DIRECTION('',(0.969453,-0.245279,0.));
#7173=AXIS2_PLACEMENT_3D('',#7170,#7171,#7172);
#7174=PLANE('',#7173);
#7175=POLY_LOOP('',(#573,#574,#488));
#7176=FACE_OUTER_BOUND('',#7175,.T.);
#7177=FACE_SURFACE('',(#7176),#7174,.T.);
#7178=CARTESIAN_POINT('',(115.623093,69.998505,10.08));
#7179=DIRECTION('',(-0.329022,-0.944322,0.));
#7180=DIRECTION('',(0.,0.,1.));
#7181=AXIS2_PLACEMENT_3D('',#7178,#7179,#7180);
#7182=PLANE('',#7181);
#7183=POLY_LOOP('',(#576,#510,#577));
#7184=FACE_OUTER_BOUND('',#7183,.T.);
#7185=FACE_SURFACE('',(#7184),#7182,.T.);
#7186=CARTESIAN_POINT('',(110.679916,71.640411,10.08));
#7187=DIRECTION('',(-0.301355,-0.953512,0.));
#7188=DIRECTION('',(0.953512,-0.301355,0.));
#7189=AXIS2_PLACEMENT_3D('',#7186,#7187,#7188);
#7190=PLANE('',#7189);
#7191=POLY_LOOP('',(#575,#577,#509));
#7192=FACE_OUTER_BOUND('',#7191,.T.);
#7193=FACE_SURFACE('',(#7192),#7190,.T.);
#7194=CARTESIAN_POINT('',(115.623093,69.998505,10.08));
#7195=DIRECTION('',(-0.356408,-0.93433,0.));
#7196=DIRECTION('',(0.93433,-0.356408,0.));
#7197=AXIS2_PLACEMENT_3D('',#7194,#7195,#7196);
#7198=PLANE('',#7197);
#7199=POLY_LOOP('',(#576,#578,#497));
#7200=FACE_OUTER_BOUND('',#7199,.T.);
#7201=FACE_SURFACE('',(#7200),#7198,.T.);
#7202=CARTESIAN_POINT('',(108.17453,72.3526,10.08));
#7203=DIRECTION('',(-0.27343,-0.961892,0.));
#7204=DIRECTION('',(0.774265,-0.220095,0.593357));
#7205=AXIS2_PLACEMENT_3D('',#7202,#7203,#7204);
#7206=PLANE('',#7205);
#7207=POLY_LOOP('',(#574,#489,#488));
#7208=FACE_OUTER_BOUND('',#7207,.T.);
#7209=FACE_SURFACE('',(#7208),#7206,.T.);
#7210=CARTESIAN_POINT('',(110.679916,71.640411,10.08));
#7211=DIRECTION('',(-0.301355,-0.953512,0.));
#7212=DIRECTION('',(0.767519,-0.242572,0.593358));
#7213=AXIS2_PLACEMENT_3D('',#7210,#7211,#7212);
#7214=PLANE('',#7213);
#7215=POLY_LOOP('',(#575,#509,#489));
#7216=FACE_OUTER_BOUND('',#7215,.T.);
#7217=FACE_SURFACE('',(#7216),#7214,.T.);
#7218=CARTESIAN_POINT('',(113.163467,70.855492,10.08));
#7219=DIRECTION('',(-0.329022,-0.944322,0.));
#7220=DIRECTION('',(0.760122,-0.264843,0.593357));
#7221=AXIS2_PLACEMENT_3D('',#7218,#7219,#7220);
#7222=PLANE('',#7221);
#7223=POLY_LOOP('',(#577,#510,#509));
#7224=FACE_OUTER_BOUND('',#7223,.T.);
#7225=FACE_SURFACE('',(#7224),#7222,.T.);
#7226=CARTESIAN_POINT('',(115.623093,69.998505,10.08));
#7227=DIRECTION('',(-0.356408,-0.93433,0.));
#7228=DIRECTION('',(0.752079,-0.286887,0.593358));
#7229=AXIS2_PLACEMENT_3D('',#7226,#7227,#7228);
#7230=PLANE('',#7229);
#7231=POLY_LOOP('',(#576,#497,#510));
#7232=FACE_OUTER_BOUND('',#7231,.T.);
#7233=FACE_SURFACE('',(#7232),#7230,.T.);
#7234=CARTESIAN_POINT('',(118.056686,69.07019,10.08));
#7235=DIRECTION('',(-0.383491,-0.923545,0.));
#7236=DIRECTION('',(0.923545,-0.383491,0.));
#7237=AXIS2_PLACEMENT_3D('',#7234,#7235,#7236);
#7238=PLANE('',#7237);
#7239=POLY_LOOP('',(#578,#579,#498));
#7240=FACE_OUTER_BOUND('',#7239,.T.);
#7241=FACE_SURFACE('',(#7240),#7238,.T.);
#7242=CARTESIAN_POINT('',(122.837547,67.002785,10.08));
#7243=DIRECTION('',(-0.410249,-0.911973,0.));
#7244=DIRECTION('',(0.,0.,1.));
#7245=AXIS2_PLACEMENT_3D('',#7242,#7243,#7244);
#7246=PLANE('',#7245);
#7247=POLY_LOOP('',(#580,#499,#579));
#7248=FACE_OUTER_BOUND('',#7247,.T.);
#7249=FACE_SURFACE('',(#7248),#7246,.T.);
#7250=CARTESIAN_POINT('',(127.489807,64.660286,10.08));
#7251=DIRECTION('',(-0.462696,-0.886517,0.));
#7252=DIRECTION('',(0.,0.,1.));
#7253=AXIS2_PLACEMENT_3D('',#7250,#7251,#7252);
#7254=PLANE('',#7253);
#7255=POLY_LOOP('',(#581,#508,#582));
#7256=FACE_OUTER_BOUND('',#7255,.T.);
#7257=FACE_SURFACE('',(#7256),#7254,.T.);
#7258=CARTESIAN_POINT('',(122.837547,67.002785,10.08));
#7259=DIRECTION('',(-0.43666,-0.899627,0.));
#7260=DIRECTION('',(0.899627,-0.43666,0.));
#7261=AXIS2_PLACEMENT_3D('',#7258,#7259,#7260);
#7262=PLANE('',#7261);
#7263=POLY_LOOP('',(#580,#582,#500));
#7264=FACE_OUTER_BOUND('',#7263,.T.);
#7265=FACE_SURFACE('',(#7264),#7262,.T.);
#7266=CARTESIAN_POINT('',(118.056686,69.07019,10.08));
#7267=DIRECTION('',(-0.383491,-0.923545,0.));
#7268=DIRECTION('',(0.743397,-0.308687,0.593357));
#7269=AXIS2_PLACEMENT_3D('',#7266,#7267,#7268);
#7270=PLANE('',#7269);
#7271=POLY_LOOP('',(#578,#498,#497));
#7272=FACE_OUTER_BOUND('',#7271,.T.);
#7273=FACE_SURFACE('',(#7272),#7270,.T.);
#7274=CARTESIAN_POINT('',(120.462189,68.071335,10.08));
#7275=DIRECTION('',(-0.410249,-0.911973,0.));
#7276=DIRECTION('',(0.734083,-0.330225,0.593358));
#7277=AXIS2_PLACEMENT_3D('',#7274,#7275,#7276);
#7278=PLANE('',#7277);
#7279=POLY_LOOP('',(#579,#499,#498));
#7280=FACE_OUTER_BOUND('',#7279,.T.);
#7281=FACE_SURFACE('',(#7280),#7278,.T.);
#7282=CARTESIAN_POINT('',(125.180756,65.86544,10.08));
#7283=DIRECTION('',(-0.462696,-0.886517,0.));
#7284=DIRECTION('',(0.713591,-0.372442,0.593359));
#7285=AXIS2_PLACEMENT_3D('',#7282,#7283,#7284);
#7286=PLANE('',#7285);
#7287=POLY_LOOP('',(#582,#508,#500));
#7288=FACE_OUTER_BOUND('',#7287,.T.);
#7289=FACE_SURFACE('',(#7288),#7286,.T.);
#7290=CARTESIAN_POINT('',(127.489807,64.660286,10.08));
#7291=DIRECTION('',(-0.488342,-0.872652,0.));
#7292=DIRECTION('',(0.702432,-0.393086,0.593357));
#7293=AXIS2_PLACEMENT_3D('',#7290,#7291,#7292);
#7294=PLANE('',#7293);
#7295=POLY_LOOP('',(#581,#507,#508));
#7296=FACE_OUTER_BOUND('',#7295,.T.);
#7297=FACE_SURFACE('',(#7296),#7294,.T.);
#7298=CARTESIAN_POINT('',(122.837547,67.002785,10.08));
#7299=DIRECTION('',(-0.43666,-0.899627,0.));
#7300=DIRECTION('',(0.724145,-0.351485,0.593357));
#7301=AXIS2_PLACEMENT_3D('',#7298,#7299,#7300);
#7302=PLANE('',#7301);
#7303=POLY_LOOP('',(#580,#500,#499));
#7304=FACE_OUTER_BOUND('',#7303,.T.);
#7305=FACE_SURFACE('',(#7304),#7302,.T.);
#7306=CARTESIAN_POINT('',(148.286942,49.131256,10.08));
#7307=DIRECTION('',(-0.718556,-0.695469,0.));
#7308=DIRECTION('',(0.695469,-0.718556,0.));
#7309=AXIS2_PLACEMENT_3D('',#7306,#7307,#7308);
#7310=PLANE('',#7309);
#7311=POLY_LOOP('',(#583,#584,#493));
#7312=FACE_OUTER_BOUND('',#7311,.T.);
#7313=FACE_SURFACE('',(#7312),#7310,.T.);
#7314=CARTESIAN_POINT('',(148.286942,49.131256,10.08));
#7315=DIRECTION('',(-0.718556,-0.695469,0.));
#7316=DIRECTION('',(0.55981,-0.578394,0.593357));
#7317=AXIS2_PLACEMENT_3D('',#7314,#7315,#7316);
#7318=PLANE('',#7317);
#7319=POLY_LOOP('',(#583,#493,#492));
#7320=FACE_OUTER_BOUND('',#7319,.T.);
#7321=FACE_SURFACE('',(#7320),#7318,.T.);
#7322=CARTESIAN_POINT('',(134.192612,60.648411,10.08));
#7323=DIRECTION('',(-0.538365,-0.842712,0.));
#7324=DIRECTION('',(0.,0.,1.));
#7325=AXIS2_PLACEMENT_3D('',#7322,#7323,#7324);
#7326=PLANE('',#7325);
#7327=POLY_LOOP('',(#585,#506,#586));
#7328=FACE_OUTER_BOUND('',#7327,.T.);
#7329=FACE_SURFACE('',(#7328),#7326,.T.);
#7330=CARTESIAN_POINT('',(136.345764,59.182777,10.08));
#7331=DIRECTION('',(-0.586556,-0.809909,0.));
#7332=DIRECTION('',(0.809909,-0.586556,0.));
#7333=AXIS2_PLACEMENT_3D('',#7330,#7331,#7332);
#7334=PLANE('',#7333);
#7335=POLY_LOOP('',(#587,#588,#502));
#7336=FACE_OUTER_BOUND('',#7335,.T.);
#7337=FACE_SURFACE('',(#7336),#7334,.T.);
#7338=CARTESIAN_POINT('',(134.192612,60.648411,10.08));
#7339=DIRECTION('',(-0.562701,-0.82666,0.));
#7340=DIRECTION('',(0.82666,-0.562701,0.));
#7341=AXIS2_PLACEMENT_3D('',#7338,#7339,#7340);
#7342=PLANE('',#7341);
#7343=POLY_LOOP('',(#585,#587,#501));
#7344=FACE_OUTER_BOUND('',#7343,.T.);
#7345=FACE_SURFACE('',(#7344),#7342,.T.);
#7346=CARTESIAN_POINT('',(131.99765,62.050659,10.08));
#7347=DIRECTION('',(-0.538365,-0.842712,0.));
#7348=DIRECTION('',(0.678332,-0.433351,0.593357));
#7349=AXIS2_PLACEMENT_3D('',#7346,#7347,#7348);
#7350=PLANE('',#7349);
#7351=POLY_LOOP('',(#586,#506,#505));
#7352=FACE_OUTER_BOUND('',#7351,.T.);
#7353=FACE_SURFACE('',(#7352),#7350,.T.);
#7354=CARTESIAN_POINT('',(138.455292,57.655006,10.08));
#7355=DIRECTION('',(-0.609917,-0.792465,0.));
#7356=DIRECTION('',(0.637886,-0.490946,0.593357));
#7357=AXIS2_PLACEMENT_3D('',#7354,#7355,#7356);
#7358=PLANE('',#7357);
#7359=POLY_LOOP('',(#588,#503,#502));
#7360=FACE_OUTER_BOUND('',#7359,.T.);
#7361=FACE_SURFACE('',(#7360),#7358,.T.);
#7362=CARTESIAN_POINT('',(136.345764,59.182777,10.08));
#7363=DIRECTION('',(-0.586556,-0.809909,0.));
#7364=DIRECTION('',(0.651928,-0.472142,0.593356));
#7365=AXIS2_PLACEMENT_3D('',#7362,#7363,#7364);
#7366=PLANE('',#7365);
#7367=POLY_LOOP('',(#587,#502,#501));
#7368=FACE_OUTER_BOUND('',#7367,.T.);
#7369=FACE_SURFACE('',(#7368),#7366,.T.);
#7370=CARTESIAN_POINT('',(134.192612,60.648411,10.08));
#7371=DIRECTION('',(-0.562701,-0.82666,0.));
#7372=DIRECTION('',(0.665411,-0.45294,0.593358));
#7373=AXIS2_PLACEMENT_3D('',#7370,#7371,#7372);
#7374=PLANE('',#7373);
#7375=POLY_LOOP('',(#585,#501,#506));
#7376=FACE_OUTER_BOUND('',#7375,.T.);
#7377=FACE_SURFACE('',(#7376),#7374,.T.);
#7378=CARTESIAN_POINT('',(140.519379,56.066391,10.08));
#7379=DIRECTION('',(-0.632761,-0.774347,0.));
#7380=DIRECTION('',(0.774347,-0.632761,0.));
#7381=AXIS2_PLACEMENT_3D('',#7378,#7379,#7380);
#7382=PLANE('',#7381);
#7383=POLY_LOOP('',(#589,#590,#504));
#7384=FACE_OUTER_BOUND('',#7383,.T.);
#7385=FACE_SURFACE('',(#7384),#7382,.T.);
#7386=CARTESIAN_POINT('',(144.504272,52.712082,10.08));
#7387=DIRECTION('',(-0.655062,-0.755576,0.));
#7388=DIRECTION('',(0.,0.,1.));
#7389=AXIS2_PLACEMENT_3D('',#7386,#7387,#7388);
#7390=PLANE('',#7389);
#7391=POLY_LOOP('',(#591,#511,#590));
#7392=FACE_OUTER_BOUND('',#7391,.T.);
#7393=FACE_SURFACE('',(#7392),#7390,.T.);
#7394=CARTESIAN_POINT('',(146.421707,50.949242,10.08));
#7395=DIRECTION('',(-0.676807,-0.73616,0.));
#7396=DIRECTION('',(0.,0.,1.));
#7397=AXIS2_PLACEMENT_3D('',#7394,#7395,#7396);
#7398=PLANE('',#7397);
#7399=POLY_LOOP('',(#592,#512,#591));
#7400=FACE_OUTER_BOUND('',#7399,.T.);
#7401=FACE_SURFACE('',(#7400),#7398,.T.);
#7402=CARTESIAN_POINT('',(148.286942,49.131256,10.08));
#7403=DIRECTION('',(-0.697978,-0.716119,0.));
#7404=DIRECTION('',(0.,0.,1.));
#7405=AXIS2_PLACEMENT_3D('',#7402,#7403,#7404);
#7406=PLANE('',#7405);
#7407=POLY_LOOP('',(#583,#492,#592));
#7408=FACE_OUTER_BOUND('',#7407,.T.);
#7409=FACE_SURFACE('',(#7408),#7406,.T.);
#7410=CARTESIAN_POINT('',(140.519379,56.066391,10.08));
#7411=DIRECTION('',(-0.632761,-0.774347,0.));
#7412=DIRECTION('',(0.623302,-0.509333,0.593359));
#7413=AXIS2_PLACEMENT_3D('',#7410,#7411,#7412);
#7414=PLANE('',#7413);
#7415=POLY_LOOP('',(#589,#504,#503));
#7416=FACE_OUTER_BOUND('',#7415,.T.);
#7417=FACE_SURFACE('',(#7416),#7414,.T.);
#7418=CARTESIAN_POINT('',(142.53627,54.418282,10.08));
#7419=DIRECTION('',(-0.655062,-0.755576,0.));
#7420=DIRECTION('',(0.608192,-0.527285,0.593358));
#7421=AXIS2_PLACEMENT_3D('',#7418,#7419,#7420);
#7422=PLANE('',#7421);
#7423=POLY_LOOP('',(#590,#511,#504));
#7424=FACE_OUTER_BOUND('',#7423,.T.);
#7425=FACE_SURFACE('',(#7424),#7422,.T.);
#7426=CARTESIAN_POINT('',(146.421707,50.949242,10.08));
#7427=DIRECTION('',(-0.697978,-0.716119,0.));
#7428=DIRECTION('',(0.576432,-0.56183,0.593357));
#7429=AXIS2_PLACEMENT_3D('',#7426,#7427,#7428);
#7430=PLANE('',#7429);
#7431=POLY_LOOP('',(#592,#492,#512));
#7432=FACE_OUTER_BOUND('',#7431,.T.);
#7433=FACE_SURFACE('',(#7432),#7430,.T.);
#7434=CARTESIAN_POINT('',(144.504272,52.712082,10.08));
#7435=DIRECTION('',(-0.676807,-0.73616,0.));
#7436=DIRECTION('',(0.592564,-0.544789,0.593357));
#7437=AXIS2_PLACEMENT_3D('',#7434,#7435,#7436);
#7438=PLANE('',#7437);
#7439=POLY_LOOP('',(#591,#512,#511));
#7440=FACE_OUTER_BOUND('',#7439,.T.);
#7441=FACE_SURFACE('',(#7440),#7438,.T.);
#7442=CARTESIAN_POINT('',(140.519379,56.066391,10.08));
#7443=DIRECTION('',(-0.609917,-0.792465,0.));
#7444=DIRECTION('',(0.,0.,1.));
#7445=AXIS2_PLACEMENT_3D('',#7442,#7443,#7444);
#7446=PLANE('',#7445);
#7447=POLY_LOOP('',(#589,#503,#588));
#7448=FACE_OUTER_BOUND('',#7447,.T.);
#7449=FACE_SURFACE('',(#7448),#7446,.T.);
#7450=CARTESIAN_POINT('',(155.194839,41.339466,10.08));
#7451=DIRECTION('',(-0.77656,-0.630044,0.));
#7452=DIRECTION('',(0.,0.,1.));
#7453=AXIS2_PLACEMENT_3D('',#7450,#7451,#7452);
#7454=PLANE('',#7453);
#7455=POLY_LOOP('',(#593,#495,#594));
#7456=FACE_OUTER_BOUND('',#7455,.T.);
#7457=FACE_SURFACE('',(#7456),#7454,.T.);
#7458=CARTESIAN_POINT('',(158.2966,37.154984,10.08));
#7459=DIRECTION('',(-0.811957,-0.583717,0.));
#7460=DIRECTION('',(0.,0.,1.));
#7461=AXIS2_PLACEMENT_3D('',#7458,#7459,#7460);
#7462=PLANE('',#7461);
#7463=POLY_LOOP('',(#564,#491,#595));
#7464=FACE_OUTER_BOUND('',#7463,.T.);
#7465=FACE_SURFACE('',(#7464),#7462,.T.);
#7466=CARTESIAN_POINT('',(156.77623,39.269836,10.08));
#7467=DIRECTION('',(-0.794593,-0.607143,0.));
#7468=DIRECTION('',(0.,0.,1.));
#7469=AXIS2_PLACEMENT_3D('',#7466,#7467,#7468);
#7470=PLANE('',#7469);
#7471=POLY_LOOP('',(#595,#490,#593));
#7472=FACE_OUTER_BOUND('',#7471,.T.);
#7473=FACE_SURFACE('',(#7472),#7470,.T.);
#7474=CARTESIAN_POINT('',(153.553802,43.362125,10.08));
#7475=DIRECTION('',(-0.77656,-0.630044,0.));
#7476=DIRECTION('',(0.507147,-0.625083,0.593357));
#7477=AXIS2_PLACEMENT_3D('',#7474,#7475,#7476);
#7478=PLANE('',#7477);
#7479=POLY_LOOP('',(#594,#495,#494));
#7480=FACE_OUTER_BOUND('',#7479,.T.);
#7481=FACE_SURFACE('',(#7480),#7478,.T.);
#7482=CARTESIAN_POINT('',(156.77623,39.269836,10.08));
#7483=DIRECTION('',(-0.811957,-0.583717,0.));
#7484=DIRECTION('',(0.469856,-0.653576,0.593358));
#7485=AXIS2_PLACEMENT_3D('',#7482,#7483,#7484);
#7486=PLANE('',#7485);
#7487=POLY_LOOP('',(#595,#491,#490));
#7488=FACE_OUTER_BOUND('',#7487,.T.);
#7489=FACE_SURFACE('',(#7488),#7486,.T.);
#7490=CARTESIAN_POINT('',(158.2966,37.154984,10.08));
#7491=DIRECTION('',(-0.828623,-0.559807,0.));
#7492=DIRECTION('',(0.450611,-0.666991,0.593357));
#7493=AXIS2_PLACEMENT_3D('',#7490,#7491,#7492);
#7494=PLANE('',#7493);
#7495=POLY_LOOP('',(#564,#442,#491));
#7496=FACE_OUTER_BOUND('',#7495,.T.);
#7497=FACE_SURFACE('',(#7496),#7494,.T.);
#7498=CARTESIAN_POINT('',(155.194839,41.339466,10.08));
#7499=DIRECTION('',(-0.794593,-0.607143,0.));
#7500=DIRECTION('',(0.488713,-0.639599,0.593357));
#7501=AXIS2_PLACEMENT_3D('',#7498,#7499,#7500);
#7502=PLANE('',#7501);
#7503=POLY_LOOP('',(#593,#490,#495));
#7504=FACE_OUTER_BOUND('',#7503,.T.);
#7505=FACE_SURFACE('',(#7504),#7502,.T.);
#7506=CARTESIAN_POINT('',(153.553802,43.362125,10.08));
#7507=DIRECTION('',(-0.757865,-0.652412,0.));
#7508=DIRECTION('',(0.,0.,1.));
#7509=AXIS2_PLACEMENT_3D('',#7506,#7507,#7508);
#7510=PLANE('',#7509);
#7511=POLY_LOOP('',(#594,#494,#596));
#7512=FACE_OUTER_BOUND('',#7511,.T.);
#7513=FACE_SURFACE('',(#7512),#7510,.T.);
#7514=CARTESIAN_POINT('',(150.098389,47.259674,10.08));
#7515=DIRECTION('',(-0.738524,-0.674227,0.));
#7516=DIRECTION('',(0.674227,-0.738524,0.));
#7517=AXIS2_PLACEMENT_3D('',#7514,#7515,#7516);
#7518=PLANE('',#7517);
#7519=POLY_LOOP('',(#584,#596,#496));
#7520=FACE_OUTER_BOUND('',#7519,.T.);
#7521=FACE_SURFACE('',(#7520),#7518,.T.);
#7522=CARTESIAN_POINT('',(151.854507,45.336086,10.08));
#7523=DIRECTION('',(-0.757865,-0.652412,0.));
#7524=DIRECTION('',(0.525151,-0.610034,0.593358));
#7525=AXIS2_PLACEMENT_3D('',#7522,#7523,#7524);
#7526=PLANE('',#7525);
#7527=POLY_LOOP('',(#596,#494,#496));
#7528=FACE_OUTER_BOUND('',#7527,.T.);
#7529=FACE_SURFACE('',(#7528),#7526,.T.);
#7530=CARTESIAN_POINT('',(150.098389,47.259674,10.08));
#7531=DIRECTION('',(-0.738524,-0.674227,0.));
#7532=DIRECTION('',(0.542712,-0.594467,0.593358));
#7533=AXIS2_PLACEMENT_3D('',#7530,#7531,#7532);
#7534=PLANE('',#7533);
#7535=POLY_LOOP('',(#584,#496,#493));
#7536=FACE_OUTER_BOUND('',#7535,.T.);
#7537=FACE_SURFACE('',(#7536),#7534,.T.);
#7538=CARTESIAN_POINT('',(127.489807,64.660286,10.08));
#7539=DIRECTION('',(-0.488342,-0.872652,0.));
#7540=DIRECTION('',(0.872652,-0.488342,0.));
#7541=AXIS2_PLACEMENT_3D('',#7538,#7539,#7540);
#7542=PLANE('',#7541);
#7543=POLY_LOOP('',(#581,#597,#507));
#7544=FACE_OUTER_BOUND('',#7543,.T.);
#7545=FACE_SURFACE('',(#7544),#7542,.T.);
#7546=CARTESIAN_POINT('',(129.762756,63.388329,10.08));
#7547=DIRECTION('',(-0.513573,-0.858046,0.));
#7548=DIRECTION('',(0.858046,-0.513573,0.));
#7549=AXIS2_PLACEMENT_3D('',#7546,#7547,#7548);
#7550=PLANE('',#7549);
#7551=POLY_LOOP('',(#597,#586,#505));
#7552=FACE_OUTER_BOUND('',#7551,.T.);
#7553=FACE_SURFACE('',(#7552),#7550,.T.);
#7554=CARTESIAN_POINT('',(129.762756,63.388329,10.08));
#7555=DIRECTION('',(-0.513573,-0.858046,0.));
#7556=DIRECTION('',(0.690674,-0.413395,0.593359));
#7557=AXIS2_PLACEMENT_3D('',#7554,#7555,#7556);
#7558=PLANE('',#7557);
#7559=POLY_LOOP('',(#597,#505,#507));
#7560=FACE_OUTER_BOUND('',#7559,.T.);
#7561=FACE_SURFACE('',(#7560),#7558,.T.);
#7562=CARTESIAN_POINT('',(3.366645,-13.876991,6.4));
#7563=DIRECTION('',(0.514105,0.857727,0.));
#7564=DIRECTION('',(0.,0.,1.));
#7565=AXIS2_PLACEMENT_3D('',#7562,#7563,#7564);
#7566=PLANE('',#7565);
#7567=POLY_LOOP('',(#598,#599,#600));
#7568=FACE_OUTER_BOUND('',#7567,.T.);
#7569=FACE_SURFACE('',(#7568),#7566,.T.);
#7570=CARTESIAN_POINT('',(3.13934,-13.690448,6.4));
#7571=DIRECTION('',(0.671558,0.740952,0.));
#7572=DIRECTION('',(0.,0.,1.));
#7573=AXIS2_PLACEMENT_3D('',#7570,#7571,#7572);
#7574=PLANE('',#7573);
#7575=POLY_LOOP('',(#601,#602,#603));
#7576=FACE_OUTER_BOUND('',#7575,.T.);
#7577=FACE_SURFACE('',(#7576),#7574,.T.);
#7578=CARTESIAN_POINT('',(3.366645,-13.876991,6.4));
#7579=DIRECTION('',(0.595698,0.803209,0.));
#7580=DIRECTION('',(-0.803209,0.595698,0.));
#7581=AXIS2_PLACEMENT_3D('',#7578,#7579,#7580);
#7582=PLANE('',#7581);
#7583=POLY_LOOP('',(#598,#603,#604));
#7584=FACE_OUTER_BOUND('',#7583,.T.);
#7585=FACE_SURFACE('',(#7584),#7582,.T.);
#7586=CARTESIAN_POINT('',(2.76459,-13.065214,6.4));
#7587=DIRECTION('',(0.970031,0.242981,0.));
#7588=DIRECTION('',(-0.242981,0.970031,0.));
#7589=AXIS2_PLACEMENT_3D('',#7586,#7587,#7588);
#7590=PLANE('',#7589);
#7591=POLY_LOOP('',(#605,#606,#607));
#7592=FACE_OUTER_BOUND('',#7591,.T.);
#7593=FACE_SURFACE('',(#7592),#7590,.T.);
#7594=CARTESIAN_POINT('',(3.13934,-13.690448,6.4));
#7595=DIRECTION('',(0.740953,0.671557,0.));
#7596=DIRECTION('',(-0.671557,0.740953,0.));
#7597=AXIS2_PLACEMENT_3D('',#7594,#7595,#7596);
#7598=PLANE('',#7597);
#7599=POLY_LOOP('',(#601,#608,#609));
#7600=FACE_OUTER_BOUND('',#7599,.T.);
#7601=FACE_SURFACE('',(#7600),#7598,.T.);
#7602=CARTESIAN_POINT('',(2.952796,-13.463142,6.4));
#7603=DIRECTION('',(0.803207,0.5957,0.));
#7604=DIRECTION('',(0.,0.,1.));
#7605=AXIS2_PLACEMENT_3D('',#7602,#7603,#7604);
#7606=PLANE('',#7605);
#7607=POLY_LOOP('',(#610,#611,#608));
#7608=FACE_OUTER_BOUND('',#7607,.T.);
#7609=FACE_SURFACE('',(#7608),#7606,.T.);
#7610=CARTESIAN_POINT('',(2.952796,-13.463142,6.4));
#7611=DIRECTION('',(0.857728,0.514104,0.));
#7612=DIRECTION('',(-0.514104,0.857728,0.));
#7613=AXIS2_PLACEMENT_3D('',#7610,#7611,#7612);
#7614=PLANE('',#7613);
#7615=POLY_LOOP('',(#610,#612,#613));
#7616=FACE_OUTER_BOUND('',#7615,.T.);
#7617=FACE_SURFACE('',(#7616),#7614,.T.);
#7618=CARTESIAN_POINT('',(2.814181,-13.203813,6.4));
#7619=DIRECTION('',(0.903989,0.427556,0.));
#7620=DIRECTION('',(0.,0.,1.));
#7621=AXIS2_PLACEMENT_3D('',#7618,#7619,#7620);
#7622=PLANE('',#7621);
#7623=POLY_LOOP('',(#614,#615,#612));
#7624=FACE_OUTER_BOUND('',#7623,.T.);
#7625=FACE_SURFACE('',(#7624),#7622,.T.);
#7626=CARTESIAN_POINT('',(2.814181,-13.203813,6.4));
#7627=DIRECTION('',(0.941545,0.336888,0.));
#7628=DIRECTION('',(-0.336888,0.941545,0.));
#7629=AXIS2_PLACEMENT_3D('',#7626,#7627,#7628);
#7630=PLANE('',#7629);
#7631=POLY_LOOP('',(#614,#605,#616));
#7632=FACE_OUTER_BOUND('',#7631,.T.);
#7633=FACE_SURFACE('',(#7632),#7630,.T.);
#7634=CARTESIAN_POINT('',(2.728822,-12.922422,6.4));
#7635=DIRECTION('',(0.989177,0.14673,0.));
#7636=DIRECTION('',(-0.14673,0.989177,0.));
#7637=AXIS2_PLACEMENT_3D('',#7634,#7635,#7636);
#7638=PLANE('',#7637);
#7639=POLY_LOOP('',(#606,#617,#618));
#7640=FACE_OUTER_BOUND('',#7639,.T.);
#7641=FACE_SURFACE('',(#7640),#7638,.T.);
#7642=CARTESIAN_POINT('',(2.707223,-12.776813,6.4));
#7643=DIRECTION('',(0.998795,0.049068,0.));
#7644=DIRECTION('',(-0.049068,0.998795,0.));
#7645=AXIS2_PLACEMENT_3D('',#7642,#7643,#7644);
#7646=PLANE('',#7645);
#7647=POLY_LOOP('',(#617,#619,#620));
#7648=FACE_OUTER_BOUND('',#7647,.T.);
#7649=FACE_SURFACE('',(#7648),#7646,.T.);
#7650=CARTESIAN_POINT('',(3.907365,-14.100965,6.4));
#7651=DIRECTION('',(0.146728,0.989177,0.));
#7652=DIRECTION('',(0.,0.,1.));
#7653=AXIS2_PLACEMENT_3D('',#7650,#7651,#7652);
#7654=PLANE('',#7653);
#7655=POLY_LOOP('',(#621,#622,#623));
#7656=FACE_OUTER_BOUND('',#7655,.T.);
#7657=FACE_SURFACE('',(#7656),#7654,.T.);
#7658=CARTESIAN_POINT('',(4.052974,-14.122564,6.4));
#7659=DIRECTION('',(0.049069,0.998795,0.));
#7660=DIRECTION('',(0.,0.,1.));
#7661=AXIS2_PLACEMENT_3D('',#7658,#7659,#7660);
#7662=PLANE('',#7661);
#7663=POLY_LOOP('',(#623,#624,#625));
#7664=FACE_OUTER_BOUND('',#7663,.T.);
#7665=FACE_SURFACE('',(#7664),#7662,.T.);
#7666=CARTESIAN_POINT('',(3.625975,-14.015607,6.4));
#7667=DIRECTION('',(0.427557,0.903988,0.));
#7668=DIRECTION('',(-0.903988,0.427557,0.));
#7669=AXIS2_PLACEMENT_3D('',#7666,#7667,#7668);
#7670=PLANE('',#7669);
#7671=POLY_LOOP('',(#626,#600,#627));
#7672=FACE_OUTER_BOUND('',#7671,.T.);
#7673=FACE_SURFACE('',(#7672),#7670,.T.);
#7674=CARTESIAN_POINT('',(3.625975,-14.015607,6.4));
#7675=DIRECTION('',(0.336889,0.941544,0.));
#7676=DIRECTION('',(0.,0.,1.));
#7677=AXIS2_PLACEMENT_3D('',#7674,#7675,#7676);
#7678=PLANE('',#7677);
#7679=POLY_LOOP('',(#626,#628,#629));
#7680=FACE_OUTER_BOUND('',#7679,.T.);
#7681=FACE_SURFACE('',(#7680),#7678,.T.);
#7682=CARTESIAN_POINT('',(3.764573,-14.065198,6.4));
#7683=DIRECTION('',(0.242981,0.970031,0.));
#7684=DIRECTION('',(0.,0.,1.));
#7685=AXIS2_PLACEMENT_3D('',#7682,#7683,#7684);
#7686=PLANE('',#7685);
#7687=POLY_LOOP('',(#629,#630,#621));
#7688=FACE_OUTER_BOUND('',#7687,.T.);
#7689=FACE_SURFACE('',(#7688),#7686,.T.);
#7690=CARTESIAN_POINT('',(3.24841,-13.789303,6.4));
#7691=DIRECTION('',(0.671558,0.740952,0.));
#7692=DIRECTION('',(-0.029615,0.026841,0.999201));
#7693=AXIS2_PLACEMENT_3D('',#7690,#7691,#7692);
#7694=PLANE('',#7693);
#7695=POLY_LOOP('',(#603,#602,#604));
#7696=FACE_OUTER_BOUND('',#7695,.T.);
#7697=FACE_SURFACE('',(#7696),#7694,.T.);
#7698=CARTESIAN_POINT('',(3.366645,-13.876991,6.4));
#7699=DIRECTION('',(0.595698,0.803209,0.));
#7700=DIRECTION('',(-0.032103,0.023809,0.999201));
#7701=AXIS2_PLACEMENT_3D('',#7698,#7699,#7700);
#7702=PLANE('',#7701);
#7703=POLY_LOOP('',(#598,#604,#599));
#7704=FACE_OUTER_BOUND('',#7703,.T.);
#7705=FACE_SURFACE('',(#7704),#7702,.T.);
#7706=CARTESIAN_POINT('',(2.76459,-13.065214,6.4));
#7707=DIRECTION('',(0.970031,0.242981,0.));
#7708=DIRECTION('',(-0.009712,0.038771,0.999201));
#7709=AXIS2_PLACEMENT_3D('',#7706,#7707,#7708);
#7710=PLANE('',#7709);
#7711=POLY_LOOP('',(#605,#607,#616));
#7712=FACE_OUTER_BOUND('',#7711,.T.);
#7713=FACE_SURFACE('',(#7712),#7710,.T.);
#7714=CARTESIAN_POINT('',(2.728822,-12.922422,6.4));
#7715=DIRECTION('',(0.989177,0.14673,0.));
#7716=DIRECTION('',(-0.005865,0.039536,0.999201));
#7717=AXIS2_PLACEMENT_3D('',#7714,#7715,#7716);
#7718=PLANE('',#7717);
#7719=POLY_LOOP('',(#606,#618,#607));
#7720=FACE_OUTER_BOUND('',#7719,.T.);
#7721=FACE_SURFACE('',(#7720),#7718,.T.);
#7722=CARTESIAN_POINT('',(3.040484,-13.581377,6.4));
#7723=DIRECTION('',(0.803207,0.5957,0.));
#7724=DIRECTION('',(-0.023809,0.032103,0.999201));
#7725=AXIS2_PLACEMENT_3D('',#7722,#7723,#7724);
#7726=PLANE('',#7725);
#7727=POLY_LOOP('',(#608,#611,#609));
#7728=FACE_OUTER_BOUND('',#7727,.T.);
#7729=FACE_SURFACE('',(#7728),#7726,.T.);
#7730=CARTESIAN_POINT('',(2.952796,-13.463142,6.4));
#7731=DIRECTION('',(0.857728,0.514104,0.));
#7732=DIRECTION('',(-0.020548,0.034282,0.999201));
#7733=AXIS2_PLACEMENT_3D('',#7730,#7731,#7732);
#7734=PLANE('',#7733);
#7735=POLY_LOOP('',(#610,#613,#611));
#7736=FACE_OUTER_BOUND('',#7735,.T.);
#7737=FACE_SURFACE('',(#7736),#7734,.T.);
#7738=CARTESIAN_POINT('',(2.877118,-13.336883,6.4));
#7739=DIRECTION('',(0.903989,0.427556,0.));
#7740=DIRECTION('',(-0.017089,0.036131,0.999201));
#7741=AXIS2_PLACEMENT_3D('',#7738,#7739,#7740);
#7742=PLANE('',#7741);
#7743=POLY_LOOP('',(#612,#615,#613));
#7744=FACE_OUTER_BOUND('',#7743,.T.);
#7745=FACE_SURFACE('',(#7744),#7742,.T.);
#7746=CARTESIAN_POINT('',(3.13934,-13.690448,6.4));
#7747=DIRECTION('',(0.740953,0.671557,0.));
#7748=DIRECTION('',(-0.026841,0.029615,0.999201));
#7749=AXIS2_PLACEMENT_3D('',#7746,#7747,#7748);
#7750=PLANE('',#7749);
#7751=POLY_LOOP('',(#601,#609,#602));
#7752=FACE_OUTER_BOUND('',#7751,.T.);
#7753=FACE_SURFACE('',(#7752),#7750,.T.);
#7754=CARTESIAN_POINT('',(2.814181,-13.203813,6.4));
#7755=DIRECTION('',(0.941545,0.336888,0.));
#7756=DIRECTION('',(-0.013465,0.037633,0.999201));
#7757=AXIS2_PLACEMENT_3D('',#7754,#7755,#7756);
#7758=PLANE('',#7757);
#7759=POLY_LOOP('',(#614,#616,#615));
#7760=FACE_OUTER_BOUND('',#7759,.T.);
#7761=FACE_SURFACE('',(#7760),#7758,.T.);
#7762=CARTESIAN_POINT('',(2.707223,-12.776813,6.4));
#7763=DIRECTION('',(0.998795,0.049068,0.));
#7764=DIRECTION('',(-0.001961,0.039921,0.999201));
#7765=AXIS2_PLACEMENT_3D('',#7762,#7763,#7764);
#7766=PLANE('',#7765);
#7767=POLY_LOOP('',(#617,#620,#618));
#7768=FACE_OUTER_BOUND('',#7767,.T.);
#7769=FACE_SURFACE('',(#7768),#7766,.T.);
#7770=CARTESIAN_POINT('',(3.907365,-14.100965,6.4));
#7771=DIRECTION('',(0.242981,0.970031,0.));
#7772=DIRECTION('',(-0.038771,0.009712,0.999201));
#7773=AXIS2_PLACEMENT_3D('',#7770,#7771,#7772);
#7774=PLANE('',#7773);
#7775=POLY_LOOP('',(#621,#630,#622));
#7776=FACE_OUTER_BOUND('',#7775,.T.);
#7777=FACE_SURFACE('',(#7776),#7774,.T.);
#7778=CARTESIAN_POINT('',(4.052974,-14.122564,6.4));
#7779=DIRECTION('',(0.146728,0.989177,0.));
#7780=DIRECTION('',(-0.039536,0.005865,0.999201));
#7781=AXIS2_PLACEMENT_3D('',#7778,#7779,#7780);
#7782=PLANE('',#7781);
#7783=POLY_LOOP('',(#623,#622,#624));
#7784=FACE_OUTER_BOUND('',#7783,.T.);
#7785=FACE_SURFACE('',(#7784),#7782,.T.);
#7786=CARTESIAN_POINT('',(3.625975,-14.015607,6.4));
#7787=DIRECTION('',(0.427557,0.903988,0.));
#7788=DIRECTION('',(-0.036131,0.017089,0.999201));
#7789=AXIS2_PLACEMENT_3D('',#7786,#7787,#7788);
#7790=PLANE('',#7789);
#7791=POLY_LOOP('',(#626,#627,#628));
#7792=FACE_OUTER_BOUND('',#7791,.T.);
#7793=FACE_SURFACE('',(#7792),#7790,.T.);
#7794=CARTESIAN_POINT('',(3.492905,-13.952669,6.4));
#7795=DIRECTION('',(0.514105,0.857727,0.));
#7796=DIRECTION('',(-0.034282,0.020548,0.999201));
#7797=AXIS2_PLACEMENT_3D('',#7794,#7795,#7796);
#7798=PLANE('',#7797);
#7799=POLY_LOOP('',(#600,#599,#627));
#7800=FACE_OUTER_BOUND('',#7799,.T.);
#7801=FACE_SURFACE('',(#7800),#7798,.T.);
#7802=CARTESIAN_POINT('',(3.764573,-14.065198,6.4));
#7803=DIRECTION('',(0.336889,0.941544,0.));
#7804=DIRECTION('',(-0.037632,0.013465,0.999201));
#7805=AXIS2_PLACEMENT_3D('',#7802,#7803,#7804);
#7806=PLANE('',#7805);
#7807=POLY_LOOP('',(#629,#628,#630));
#7808=FACE_OUTER_BOUND('',#7807,.T.);
#7809=FACE_SURFACE('',(#7808),#7806,.T.);
#7810=CARTESIAN_POINT('',(4.2,-14.129787,6.4));
#7811=DIRECTION('',(0.049069,0.998795,0.));
#7812=DIRECTION('',(-0.039921,0.001961,0.999201));
#7813=AXIS2_PLACEMENT_3D('',#7810,#7811,#7812);
#7814=PLANE('',#7813);
#7815=POLY_LOOP('',(#625,#624,#631));
#7816=FACE_OUTER_BOUND('',#7815,.T.);
#7817=FACE_SURFACE('',(#7816),#7814,.T.);
#7818=CARTESIAN_POINT('',(2.7,-12.629787,6.4));
#7819=DIRECTION('',(1.,0.,0.));
#7820=DIRECTION('',(0.,0.959613,0.281325));
#7821=AXIS2_PLACEMENT_3D('',#7818,#7819,#7820);
#7822=PLANE('',#7821);
#7823=POLY_LOOP('',(#619,#515,#620));
#7824=FACE_OUTER_BOUND('',#7823,.T.);
#7825=FACE_SURFACE('',(#7824),#7822,.T.);
#7826=CARTESIAN_POINT('',(2.7,-12.629787,6.4));
#7827=DIRECTION('',(1.,0.,0.));
#7828=DIRECTION('',(0.,0.996572,0.082736));
#7829=AXIS2_PLACEMENT_3D('',#7826,#7827,#7828);
#7830=PLANE('',#7829);
#7831=POLY_LOOP('',(#619,#517,#515));
#7832=FACE_OUTER_BOUND('',#7831,.T.);
#7833=FACE_SURFACE('',(#7832),#7830,.T.);
#7834=CARTESIAN_POINT('',(4.2,-14.129787,6.4));
#7835=DIRECTION('',(0.,0.,1.));
#7836=DIRECTION('',(1.,0.,0.));
#7837=AXIS2_PLACEMENT_3D('',#7834,#7835,#7836);
#7838=PLANE('',#7837);
#7839=POLY_LOOP('',(#625,#632,#633));
#7840=FACE_OUTER_BOUND('',#7839,.T.);
#7841=FACE_SURFACE('',(#7840),#7838,.T.);
#7842=CARTESIAN_POINT('',(4.2,-14.129787,6.4));
#7843=DIRECTION('',(0.,1.,0.));
#7844=DIRECTION('',(0.,0.,1.));
#7845=AXIS2_PLACEMENT_3D('',#7842,#7843,#7844);
#7846=PLANE('',#7845);
#7847=POLY_LOOP('',(#625,#631,#632));
#7848=FACE_OUTER_BOUND('',#7847,.T.);
#7849=FACE_SURFACE('',(#7848),#7846,.T.);
#7850=CARTESIAN_POINT('',(2.7,-12.629787,10.08));
#7851=DIRECTION('',(1.,0.,0.));
#7852=DIRECTION('',(0.,0.999979,-0.006515));
#7853=AXIS2_PLACEMENT_3D('',#7850,#7851,#7852);
#7854=PLANE('',#7853);
#7855=POLY_LOOP('',(#620,#515,#514));
#7856=FACE_OUTER_BOUND('',#7855,.T.);
#7857=FACE_SURFACE('',(#7856),#7854,.T.);
#7858=CARTESIAN_POINT('',(2.76459,-13.065214,6.4));
#7859=DIRECTION('',(0.,0.,1.));
#7860=DIRECTION('',(-0.000364,1.,0.));
#7861=AXIS2_PLACEMENT_3D('',#7858,#7859,#7860);
#7862=PLANE('',#7861);
#7863=POLY_LOOP('',(#605,#634,#606));
#7864=FACE_OUTER_BOUND('',#7863,.T.);
#7865=FACE_SURFACE('',(#7864),#7862,.T.);
#7866=CARTESIAN_POINT('',(2.728822,-12.922422,6.4));
#7867=DIRECTION('',(0.,0.,1.));
#7868=DIRECTION('',(-0.00022,1.,0.));
#7869=AXIS2_PLACEMENT_3D('',#7866,#7867,#7868);
#7870=PLANE('',#7869);
#7871=POLY_LOOP('',(#606,#635,#617));
#7872=FACE_OUTER_BOUND('',#7871,.T.);
#7873=FACE_SURFACE('',(#7872),#7870,.T.);
#7874=CARTESIAN_POINT('',(2.952796,-13.463142,6.4));
#7875=DIRECTION('',(0.,0.,1.));
#7876=DIRECTION('',(0.5957,-0.803207,0.));
#7877=AXIS2_PLACEMENT_3D('',#7874,#7875,#7876);
#7878=PLANE('',#7877);
#7879=POLY_LOOP('',(#610,#608,#636));
#7880=FACE_OUTER_BOUND('',#7879,.T.);
#7881=FACE_SURFACE('',(#7880),#7878,.T.);
#7882=CARTESIAN_POINT('',(3.13934,-13.690448,6.4));
#7883=DIRECTION('',(0.,0.,1.));
#7884=DIRECTION('',(-0.000992,1.,0.));
#7885=AXIS2_PLACEMENT_3D('',#7882,#7883,#7884);
#7886=PLANE('',#7885);
#7887=POLY_LOOP('',(#601,#637,#608));
#7888=FACE_OUTER_BOUND('',#7887,.T.);
#7889=FACE_SURFACE('',(#7888),#7886,.T.);
#7890=CARTESIAN_POINT('',(2.952796,-13.463142,6.4));
#7891=DIRECTION('',(0.,0.,1.));
#7892=DIRECTION('',(-0.000763,1.,0.));
#7893=AXIS2_PLACEMENT_3D('',#7890,#7891,#7892);
#7894=PLANE('',#7893);
#7895=POLY_LOOP('',(#610,#638,#612));
#7896=FACE_OUTER_BOUND('',#7895,.T.);
#7897=FACE_SURFACE('',(#7896),#7894,.T.);
#7898=CARTESIAN_POINT('',(2.814181,-13.203813,6.4));
#7899=DIRECTION('',(0.,0.,1.));
#7900=DIRECTION('',(0.427556,-0.903989,0.));
#7901=AXIS2_PLACEMENT_3D('',#7898,#7899,#7900);
#7902=PLANE('',#7901);
#7903=POLY_LOOP('',(#614,#612,#639));
#7904=FACE_OUTER_BOUND('',#7903,.T.);
#7905=FACE_SURFACE('',(#7904),#7902,.T.);
#7906=CARTESIAN_POINT('',(2.814181,-13.203813,6.4));
#7907=DIRECTION('',(0.,0.,1.));
#7908=DIRECTION('',(-0.000503,1.,0.));
#7909=AXIS2_PLACEMENT_3D('',#7906,#7907,#7908);
#7910=PLANE('',#7909);
#7911=POLY_LOOP('',(#614,#640,#605));
#7912=FACE_OUTER_BOUND('',#7911,.T.);
#7913=FACE_SURFACE('',(#7912),#7910,.T.);
#7914=CARTESIAN_POINT('',(3.13934,-13.690448,6.4));
#7915=DIRECTION('',(0.,0.,1.));
#7916=DIRECTION('',(0.740952,-0.671558,0.));
#7917=AXIS2_PLACEMENT_3D('',#7914,#7915,#7916);
#7918=PLANE('',#7917);
#7919=POLY_LOOP('',(#601,#603,#641));
#7920=FACE_OUTER_BOUND('',#7919,.T.);
#7921=FACE_SURFACE('',(#7920),#7918,.T.);
#7922=CARTESIAN_POINT('',(3.366645,-13.876991,6.4));
#7923=DIRECTION('',(0.,0.,1.));
#7924=DIRECTION('',(0.857727,-0.514105,0.));
#7925=AXIS2_PLACEMENT_3D('',#7922,#7923,#7924);
#7926=PLANE('',#7925);
#7927=POLY_LOOP('',(#598,#600,#642));
#7928=FACE_OUTER_BOUND('',#7927,.T.);
#7929=FACE_SURFACE('',(#7928),#7926,.T.);
#7930=CARTESIAN_POINT('',(3.366645,-13.876991,6.4));
#7931=DIRECTION('',(0.,0.,1.));
#7932=DIRECTION('',(-0.001182,0.999999,0.));
#7933=AXIS2_PLACEMENT_3D('',#7930,#7931,#7932);
#7934=PLANE('',#7933);
#7935=POLY_LOOP('',(#598,#643,#603));
#7936=FACE_OUTER_BOUND('',#7935,.T.);
#7937=FACE_SURFACE('',(#7936),#7934,.T.);
#7938=CARTESIAN_POINT('',(2.707223,-12.776813,6.4));
#7939=DIRECTION('',(0.,0.,1.));
#7940=DIRECTION('',(-0.000074,1.,0.));
#7941=AXIS2_PLACEMENT_3D('',#7938,#7939,#7940);
#7942=PLANE('',#7941);
#7943=POLY_LOOP('',(#617,#644,#619));
#7944=FACE_OUTER_BOUND('',#7943,.T.);
#7945=FACE_SURFACE('',(#7944),#7942,.T.);
#7946=CARTESIAN_POINT('',(3.764573,-14.065198,6.4));
#7947=DIRECTION('',(0.,0.,1.));
#7948=DIRECTION('',(0.970031,-0.242981,0.));
#7949=AXIS2_PLACEMENT_3D('',#7946,#7947,#7948);
#7950=PLANE('',#7949);
#7951=POLY_LOOP('',(#629,#621,#645));
#7952=FACE_OUTER_BOUND('',#7951,.T.);
#7953=FACE_SURFACE('',(#7952),#7950,.T.);
#7954=CARTESIAN_POINT('',(3.907365,-14.100965,6.4));
#7955=DIRECTION('',(0.,0.,1.));
#7956=DIRECTION('',(0.989177,-0.146728,0.));
#7957=AXIS2_PLACEMENT_3D('',#7954,#7955,#7956);
#7958=PLANE('',#7957);
#7959=POLY_LOOP('',(#621,#623,#646));
#7960=FACE_OUTER_BOUND('',#7959,.T.);
#7961=FACE_SURFACE('',(#7960),#7958,.T.);
#7962=CARTESIAN_POINT('',(4.052974,-14.122564,6.4));
#7963=DIRECTION('',(0.,0.,1.));
#7964=DIRECTION('',(0.998795,-0.049069,0.));
#7965=AXIS2_PLACEMENT_3D('',#7962,#7963,#7964);
#7966=PLANE('',#7965);
#7967=POLY_LOOP('',(#623,#625,#647));
#7968=FACE_OUTER_BOUND('',#7967,.T.);
#7969=FACE_SURFACE('',(#7968),#7966,.T.);
#7970=CARTESIAN_POINT('',(3.625975,-14.015607,6.4));
#7971=DIRECTION('',(0.,0.,1.));
#7972=DIRECTION('',(-0.001327,0.999999,0.));
#7973=AXIS2_PLACEMENT_3D('',#7970,#7971,#7972);
#7974=PLANE('',#7973);
#7975=POLY_LOOP('',(#626,#648,#600));
#7976=FACE_OUTER_BOUND('',#7975,.T.);
#7977=FACE_SURFACE('',(#7976),#7974,.T.);
#7978=CARTESIAN_POINT('',(3.625975,-14.015607,6.4));
#7979=DIRECTION('',(0.,0.,1.));
#7980=DIRECTION('',(0.941544,-0.336889,0.));
#7981=AXIS2_PLACEMENT_3D('',#7978,#7979,#7980);
#7982=PLANE('',#7981);
#7983=POLY_LOOP('',(#626,#629,#649));
#7984=FACE_OUTER_BOUND('',#7983,.T.);
#7985=FACE_SURFACE('',(#7984),#7982,.T.);
#7986=CARTESIAN_POINT('',(4.2,-14.129787,6.4));
#7987=DIRECTION('',(0.,0.,1.));
#7988=DIRECTION('',(0.242536,0.970143,0.));
#7989=AXIS2_PLACEMENT_3D('',#7986,#7987,#7988);
#7990=PLANE('',#7989);
#7991=POLY_LOOP('',(#625,#633,#650));
#7992=FACE_OUTER_BOUND('',#7991,.T.);
#7993=FACE_SURFACE('',(#7992),#7990,.T.);
#7994=CARTESIAN_POINT('',(2.7,-12.629787,6.4));
#7995=DIRECTION('',(1.,0.,0.));
#7996=DIRECTION('',(0.,0.99929,0.037678));
#7997=AXIS2_PLACEMENT_3D('',#7994,#7995,#7996);
#7998=PLANE('',#7997);
#7999=POLY_LOOP('',(#619,#651,#517));
#8000=FACE_OUTER_BOUND('',#7999,.T.);
#8001=FACE_SURFACE('',(#8000),#7998,.T.);
#8002=CARTESIAN_POINT('',(2.7,30.732979,10.08));
#8003=DIRECTION('',(0.,0.,-1.));
#8004=DIRECTION('',(0.948051,0.318118,0.));
#8005=AXIS2_PLACEMENT_3D('',#8002,#8003,#8004);
#8006=PLANE('',#8005);
#8007=POLY_LOOP('',(#518,#520,#519));
#8008=FACE_OUTER_BOUND('',#8007,.T.);
#8009=FACE_SURFACE('',(#8008),#8006,.T.);
#8010=CARTESIAN_POINT('',(4.7,-12.129787,6.4));
#8011=DIRECTION('',(0.,0.,1.));
#8012=DIRECTION('',(0.999531,-0.030614,0.));
#8013=AXIS2_PLACEMENT_3D('',#8010,#8011,#8012);
#8014=PLANE('',#8013);
#8015=POLY_LOOP('',(#633,#632,#652));
#8016=FACE_OUTER_BOUND('',#8015,.T.);
#8017=FACE_SURFACE('',(#8016),#8014,.T.);
#8018=CARTESIAN_POINT('',(4.7,-12.129787,6.4));
#8019=DIRECTION('',(0.,0.,1.));
#8020=DIRECTION('',(0.999692,-0.024801,0.));
#8021=AXIS2_PLACEMENT_3D('',#8018,#8019,#8020);
#8022=PLANE('',#8021);
#8023=POLY_LOOP('',(#633,#652,#653));
#8024=FACE_OUTER_BOUND('',#8023,.T.);
#8025=FACE_SURFACE('',(#8024),#8022,.T.);
#8026=CARTESIAN_POINT('',(70.,-14.129787,6.4));
#8027=DIRECTION('',(0.,1.,0.));
#8028=DIRECTION('',(-0.99844,0.,0.05584));
#8029=AXIS2_PLACEMENT_3D('',#8026,#8027,#8028);
#8030=PLANE('',#8029);
#8031=POLY_LOOP('',(#632,#631,#654));
#8032=FACE_OUTER_BOUND('',#8031,.T.);
#8033=FACE_SURFACE('',(#8032),#8030,.T.);
#8034=CARTESIAN_POINT('',(4.2,-14.129787,10.08));
#8035=DIRECTION('',(0.,1.,0.));
#8036=DIRECTION('',(0.999936,0.,-0.011273));
#8037=AXIS2_PLACEMENT_3D('',#8034,#8035,#8036);
#8038=PLANE('',#8037);
#8039=POLY_LOOP('',(#631,#655,#654));
#8040=FACE_OUTER_BOUND('',#8039,.T.);
#8041=FACE_SURFACE('',(#8040),#8038,.T.);
#8042=CARTESIAN_POINT('',(2.952796,-13.463142,10.08));
#8043=DIRECTION('',(0.,0.,-1.));
#8044=DIRECTION('',(0.996832,0.079536,0.));
#8045=AXIS2_PLACEMENT_3D('',#8042,#8043,#8044);
#8046=PLANE('',#8045);
#8047=POLY_LOOP('',(#611,#522,#609));
#8048=FACE_OUTER_BOUND('',#8047,.T.);
#8049=FACE_SURFACE('',(#8048),#8046,.T.);
#8050=CARTESIAN_POINT('',(2.952796,-13.463142,10.08));
#8051=DIRECTION('',(0.,0.,-1.));
#8052=DIRECTION('',(-0.514104,0.857728,0.));
#8053=AXIS2_PLACEMENT_3D('',#8050,#8051,#8052);
#8054=PLANE('',#8053);
#8055=POLY_LOOP('',(#611,#613,#522));
#8056=FACE_OUTER_BOUND('',#8055,.T.);
#8057=FACE_SURFACE('',(#8056),#8054,.T.);
#8058=CARTESIAN_POINT('',(2.814181,-13.203813,10.08));
#8059=DIRECTION('',(0.,0.,-1.));
#8060=DIRECTION('',(-0.336888,0.941545,0.));
#8061=AXIS2_PLACEMENT_3D('',#8058,#8059,#8060);
#8062=PLANE('',#8061);
#8063=POLY_LOOP('',(#615,#616,#522));
#8064=FACE_OUTER_BOUND('',#8063,.T.);
#8065=FACE_SURFACE('',(#8064),#8062,.T.);
#8066=CARTESIAN_POINT('',(2.76459,-13.065214,10.08));
#8067=DIRECTION('',(0.,0.,-1.));
#8068=DIRECTION('',(-0.242981,0.970031,0.));
#8069=AXIS2_PLACEMENT_3D('',#8066,#8067,#8068);
#8070=PLANE('',#8069);
#8071=POLY_LOOP('',(#616,#607,#522));
#8072=FACE_OUTER_BOUND('',#8071,.T.);
#8073=FACE_SURFACE('',(#8072),#8070,.T.);
#8074=CARTESIAN_POINT('',(2.814181,-13.203813,10.08));
#8075=DIRECTION('',(0.,0.,-1.));
#8076=DIRECTION('',(0.996961,0.077908,0.));
#8077=AXIS2_PLACEMENT_3D('',#8074,#8075,#8076);
#8078=PLANE('',#8077);
#8079=POLY_LOOP('',(#615,#522,#613));
#8080=FACE_OUTER_BOUND('',#8079,.T.);
#8081=FACE_SURFACE('',(#8080),#8078,.T.);
#8082=CARTESIAN_POINT('',(2.728822,-12.922422,10.08));
#8083=DIRECTION('',(0.,0.,-1.));
#8084=DIRECTION('',(-0.14673,0.989177,0.));
#8085=AXIS2_PLACEMENT_3D('',#8082,#8083,#8084);
#8086=PLANE('',#8085);
#8087=POLY_LOOP('',(#607,#618,#522));
#8088=FACE_OUTER_BOUND('',#8087,.T.);
#8089=FACE_SURFACE('',(#8088),#8086,.T.);
#8090=CARTESIAN_POINT('',(2.707223,-12.776813,10.08));
#8091=DIRECTION('',(0.,0.,-1.));
#8092=DIRECTION('',(-0.049068,0.998795,0.));
#8093=AXIS2_PLACEMENT_3D('',#8090,#8091,#8092);
#8094=PLANE('',#8093);
#8095=POLY_LOOP('',(#618,#620,#522));
#8096=FACE_OUTER_BOUND('',#8095,.T.);
#8097=FACE_SURFACE('',(#8096),#8094,.T.);
#8098=CARTESIAN_POINT('',(2.7,-12.629787,10.08));
#8099=DIRECTION('',(0.,0.,-1.));
#8100=DIRECTION('',(0.,1.,0.));
#8101=AXIS2_PLACEMENT_3D('',#8098,#8099,#8100);
#8102=PLANE('',#8101);
#8103=POLY_LOOP('',(#620,#514,#522));
#8104=FACE_OUTER_BOUND('',#8103,.T.);
#8105=FACE_SURFACE('',(#8104),#8102,.T.);
#8106=CARTESIAN_POINT('',(3.366645,-13.876991,10.08));
#8107=DIRECTION('',(0.,0.,-1.));
#8108=DIRECTION('',(0.996613,0.082236,0.));
#8109=AXIS2_PLACEMENT_3D('',#8106,#8107,#8108);
#8110=PLANE('',#8109);
#8111=POLY_LOOP('',(#599,#522,#627));
#8112=FACE_OUTER_BOUND('',#8111,.T.);
#8113=FACE_SURFACE('',(#8112),#8110,.T.);
#8114=CARTESIAN_POINT('',(3.625975,-14.015607,10.08));
#8115=DIRECTION('',(0.,0.,-1.));
#8116=DIRECTION('',(-0.903988,0.427557,0.));
#8117=AXIS2_PLACEMENT_3D('',#8114,#8115,#8116);
#8118=PLANE('',#8117);
#8119=POLY_LOOP('',(#628,#627,#522));
#8120=FACE_OUTER_BOUND('',#8119,.T.);
#8121=FACE_SURFACE('',(#8120),#8118,.T.);
#8122=CARTESIAN_POINT('',(3.366645,-13.876991,10.08));
#8123=DIRECTION('',(0.,0.,-1.));
#8124=DIRECTION('',(-0.803209,0.595698,0.));
#8125=AXIS2_PLACEMENT_3D('',#8122,#8123,#8124);
#8126=PLANE('',#8125);
#8127=POLY_LOOP('',(#599,#604,#522));
#8128=FACE_OUTER_BOUND('',#8127,.T.);
#8129=FACE_SURFACE('',(#8128),#8126,.T.);
#8130=CARTESIAN_POINT('',(3.13934,-13.690448,10.08));
#8131=DIRECTION('',(0.,0.,-1.));
#8132=DIRECTION('',(-0.671557,0.740953,0.));
#8133=AXIS2_PLACEMENT_3D('',#8130,#8131,#8132);
#8134=PLANE('',#8133);
#8135=POLY_LOOP('',(#602,#609,#522));
#8136=FACE_OUTER_BOUND('',#8135,.T.);
#8137=FACE_SURFACE('',(#8136),#8134,.T.);
#8138=CARTESIAN_POINT('',(3.13934,-13.690448,10.08));
#8139=DIRECTION('',(0.,0.,-1.));
#8140=DIRECTION('',(0.996714,0.080998,0.));
#8141=AXIS2_PLACEMENT_3D('',#8138,#8139,#8140);
#8142=PLANE('',#8141);
#8143=POLY_LOOP('',(#602,#522,#604));
#8144=FACE_OUTER_BOUND('',#8143,.T.);
#8145=FACE_SURFACE('',(#8144),#8142,.T.);
#8146=CARTESIAN_POINT('',(3.625975,-14.015607,10.08));
#8147=DIRECTION('',(0.,0.,-1.));
#8148=DIRECTION('',(0.996533,0.083203,0.));
#8149=AXIS2_PLACEMENT_3D('',#8146,#8147,#8148);
#8150=PLANE('',#8149);
#8151=POLY_LOOP('',(#628,#522,#630));
#8152=FACE_OUTER_BOUND('',#8151,.T.);
#8153=FACE_SURFACE('',(#8152),#8150,.T.);
#8154=CARTESIAN_POINT('',(3.764573,-14.065198,10.08));
#8155=DIRECTION('',(0.,0.,-1.));
#8156=DIRECTION('',(0.996502,0.083573,0.));
#8157=AXIS2_PLACEMENT_3D('',#8154,#8155,#8156);
#8158=PLANE('',#8157);
#8159=POLY_LOOP('',(#630,#522,#622));
#8160=FACE_OUTER_BOUND('',#8159,.T.);
#8161=FACE_SURFACE('',(#8160),#8158,.T.);
#8162=CARTESIAN_POINT('',(3.907365,-14.100965,10.08));
#8163=DIRECTION('',(0.,0.,-1.));
#8164=DIRECTION('',(0.996477,0.083863,0.));
#8165=AXIS2_PLACEMENT_3D('',#8162,#8163,#8164);
#8166=PLANE('',#8165);
#8167=POLY_LOOP('',(#622,#522,#624));
#8168=FACE_OUTER_BOUND('',#8167,.T.);
#8169=FACE_SURFACE('',(#8168),#8166,.T.);
#8170=CARTESIAN_POINT('',(4.052974,-14.122564,10.08));
#8171=DIRECTION('',(0.,0.,-1.));
#8172=DIRECTION('',(0.99646,0.084068,0.));
#8173=AXIS2_PLACEMENT_3D('',#8170,#8171,#8172);
#8174=PLANE('',#8173);
#8175=POLY_LOOP('',(#624,#522,#631));
#8176=FACE_OUTER_BOUND('',#8175,.T.);
#8177=FACE_SURFACE('',(#8176),#8174,.T.);
#8178=CARTESIAN_POINT('',(2.707223,-12.776813,6.4));
#8179=DIRECTION('',(0.,0.,1.));
#8180=DIRECTION('',(0.,1.,0.));
#8181=AXIS2_PLACEMENT_3D('',#8178,#8179,#8180);
#8182=PLANE('',#8181);
#8183=POLY_LOOP('',(#617,#635,#644));
#8184=FACE_OUTER_BOUND('',#8183,.T.);
#8185=FACE_SURFACE('',(#8184),#8182,.T.);
#8186=CARTESIAN_POINT('',(2.728822,-12.922422,6.4));
#8187=DIRECTION('',(0.,0.,1.));
#8188=DIRECTION('',(0.,1.,0.));
#8189=AXIS2_PLACEMENT_3D('',#8186,#8187,#8188);
#8190=PLANE('',#8189);
#8191=POLY_LOOP('',(#606,#634,#635));
#8192=FACE_OUTER_BOUND('',#8191,.T.);
#8193=FACE_SURFACE('',(#8192),#8190,.T.);
#8194=CARTESIAN_POINT('',(2.76459,-13.065214,6.4));
#8195=DIRECTION('',(0.,0.,1.));
#8196=DIRECTION('',(0.,1.,0.));
#8197=AXIS2_PLACEMENT_3D('',#8194,#8195,#8196);
#8198=PLANE('',#8197);
#8199=POLY_LOOP('',(#605,#640,#634));
#8200=FACE_OUTER_BOUND('',#8199,.T.);
#8201=FACE_SURFACE('',(#8200),#8198,.T.);
#8202=CARTESIAN_POINT('',(2.814181,-13.203813,6.4));
#8203=DIRECTION('',(0.,0.,1.));
#8204=DIRECTION('',(0.,1.,0.));
#8205=AXIS2_PLACEMENT_3D('',#8202,#8203,#8204);
#8206=PLANE('',#8205);
#8207=POLY_LOOP('',(#614,#639,#640));
#8208=FACE_OUTER_BOUND('',#8207,.T.);
#8209=FACE_SURFACE('',(#8208),#8206,.T.);
#8210=CARTESIAN_POINT('',(2.877118,-13.336883,6.4));
#8211=DIRECTION('',(0.,0.,1.));
#8212=DIRECTION('',(0.,1.,0.));
#8213=AXIS2_PLACEMENT_3D('',#8210,#8211,#8212);
#8214=PLANE('',#8213);
#8215=POLY_LOOP('',(#612,#638,#639));
#8216=FACE_OUTER_BOUND('',#8215,.T.);
#8217=FACE_SURFACE('',(#8216),#8214,.T.);
#8218=CARTESIAN_POINT('',(2.952796,-13.463142,6.4));
#8219=DIRECTION('',(0.,0.,1.));
#8220=DIRECTION('',(0.,1.,0.));
#8221=AXIS2_PLACEMENT_3D('',#8218,#8219,#8220);
#8222=PLANE('',#8221);
#8223=POLY_LOOP('',(#610,#636,#638));
#8224=FACE_OUTER_BOUND('',#8223,.T.);
#8225=FACE_SURFACE('',(#8224),#8222,.T.);
#8226=CARTESIAN_POINT('',(3.040484,-13.581377,6.4));
#8227=DIRECTION('',(0.,0.,1.));
#8228=DIRECTION('',(0.,1.,0.));
#8229=AXIS2_PLACEMENT_3D('',#8226,#8227,#8228);
#8230=PLANE('',#8229);
#8231=POLY_LOOP('',(#608,#637,#636));
#8232=FACE_OUTER_BOUND('',#8231,.T.);
#8233=FACE_SURFACE('',(#8232),#8230,.T.);
#8234=CARTESIAN_POINT('',(3.13934,-13.690448,6.4));
#8235=DIRECTION('',(0.,0.,1.));
#8236=DIRECTION('',(0.,1.,0.));
#8237=AXIS2_PLACEMENT_3D('',#8234,#8235,#8236);
#8238=PLANE('',#8237);
#8239=POLY_LOOP('',(#601,#641,#637));
#8240=FACE_OUTER_BOUND('',#8239,.T.);
#8241=FACE_SURFACE('',(#8240),#8238,.T.);
#8242=CARTESIAN_POINT('',(3.24841,-13.789303,6.4));
#8243=DIRECTION('',(0.,0.,1.));
#8244=DIRECTION('',(0.,1.,0.));
#8245=AXIS2_PLACEMENT_3D('',#8242,#8243,#8244);
#8246=PLANE('',#8245);
#8247=POLY_LOOP('',(#603,#643,#641));
#8248=FACE_OUTER_BOUND('',#8247,.T.);
#8249=FACE_SURFACE('',(#8248),#8246,.T.);
#8250=CARTESIAN_POINT('',(3.366645,-13.876991,6.4));
#8251=DIRECTION('',(0.,0.,1.));
#8252=DIRECTION('',(0.,1.,0.));
#8253=AXIS2_PLACEMENT_3D('',#8250,#8251,#8252);
#8254=PLANE('',#8253);
#8255=POLY_LOOP('',(#598,#642,#643));
#8256=FACE_OUTER_BOUND('',#8255,.T.);
#8257=FACE_SURFACE('',(#8256),#8254,.T.);
#8258=CARTESIAN_POINT('',(4.2,-14.129787,6.4));
#8259=DIRECTION('',(0.,0.,1.));
#8260=DIRECTION('',(0.005071,0.999987,0.));
#8261=AXIS2_PLACEMENT_3D('',#8258,#8259,#8260);
#8262=PLANE('',#8261);
#8263=POLY_LOOP('',(#625,#650,#656));
#8264=FACE_OUTER_BOUND('',#8263,.T.);
#8265=FACE_SURFACE('',(#8264),#8262,.T.);
#8266=CARTESIAN_POINT('',(3.492905,-13.952669,6.4));
#8267=DIRECTION('',(0.,0.,1.));
#8268=DIRECTION('',(0.,1.,0.));
#8269=AXIS2_PLACEMENT_3D('',#8266,#8267,#8268);
#8270=PLANE('',#8269);
#8271=POLY_LOOP('',(#600,#648,#642));
#8272=FACE_OUTER_BOUND('',#8271,.T.);
#8273=FACE_SURFACE('',(#8272),#8270,.T.);
#8274=CARTESIAN_POINT('',(3.625975,-14.015607,6.4));
#8275=DIRECTION('',(0.,0.,1.));
#8276=DIRECTION('',(0.,1.,0.));
#8277=AXIS2_PLACEMENT_3D('',#8274,#8275,#8276);
#8278=PLANE('',#8277);
#8279=POLY_LOOP('',(#626,#649,#648));
#8280=FACE_OUTER_BOUND('',#8279,.T.);
#8281=FACE_SURFACE('',(#8280),#8278,.T.);
#8282=CARTESIAN_POINT('',(3.764573,-14.065198,6.4));
#8283=DIRECTION('',(0.,0.,1.));
#8284=DIRECTION('',(0.,1.,0.));
#8285=AXIS2_PLACEMENT_3D('',#8282,#8283,#8284);
#8286=PLANE('',#8285);
#8287=POLY_LOOP('',(#629,#645,#649));
#8288=FACE_OUTER_BOUND('',#8287,.T.);
#8289=FACE_SURFACE('',(#8288),#8286,.T.);
#8290=CARTESIAN_POINT('',(3.907365,-14.100965,6.4));
#8291=DIRECTION('',(0.,0.,1.));
#8292=DIRECTION('',(0.,1.,0.));
#8293=AXIS2_PLACEMENT_3D('',#8290,#8291,#8292);
#8294=PLANE('',#8293);
#8295=POLY_LOOP('',(#621,#646,#645));
#8296=FACE_OUTER_BOUND('',#8295,.T.);
#8297=FACE_SURFACE('',(#8296),#8294,.T.);
#8298=CARTESIAN_POINT('',(4.052974,-14.122564,6.4));
#8299=DIRECTION('',(0.,0.,1.));
#8300=DIRECTION('',(0.,1.,0.));
#8301=AXIS2_PLACEMENT_3D('',#8298,#8299,#8300);
#8302=PLANE('',#8301);
#8303=POLY_LOOP('',(#623,#647,#646));
#8304=FACE_OUTER_BOUND('',#8303,.T.);
#8305=FACE_SURFACE('',(#8304),#8302,.T.);
#8306=CARTESIAN_POINT('',(4.2,-14.129787,6.4));
#8307=DIRECTION('',(0.,0.,1.));
#8308=DIRECTION('',(0.,1.,0.));
#8309=AXIS2_PLACEMENT_3D('',#8306,#8307,#8308);
#8310=PLANE('',#8309);
#8311=POLY_LOOP('',(#625,#656,#647));
#8312=FACE_OUTER_BOUND('',#8311,.T.);
#8313=FACE_SURFACE('',(#8312),#8310,.T.);
#8314=CARTESIAN_POINT('',(2.7,-12.629787,6.4));
#8315=DIRECTION('',(1.,0.,0.));
#8316=DIRECTION('',(0.,1.,0.));
#8317=AXIS2_PLACEMENT_3D('',#8314,#8315,#8316);
#8318=PLANE('',#8317);
#8319=POLY_LOOP('',(#619,#644,#651));
#8320=FACE_OUTER_BOUND('',#8319,.T.);
#8321=FACE_SURFACE('',(#8320),#8318,.T.);
#8322=CARTESIAN_POINT('',(2.7,30.732979,10.));
#8323=DIRECTION('',(1.,0.,0.));
#8324=DIRECTION('',(0.,0.999999,0.001475));
#8325=AXIS2_PLACEMENT_3D('',#8322,#8323,#8324);
#8326=PLANE('',#8325);
#8327=POLY_LOOP('',(#517,#651,#518));
#8328=FACE_OUTER_BOUND('',#8327,.T.);
#8329=FACE_SURFACE('',(#8328),#8326,.T.);
#8330=CARTESIAN_POINT('',(2.7,30.732979,10.08));
#8331=DIRECTION('',(0.,0.,-1.));
#8332=DIRECTION('',(0.026902,0.999638,0.));
#8333=AXIS2_PLACEMENT_3D('',#8330,#8331,#8332);
#8334=PLANE('',#8333);
#8335=POLY_LOOP('',(#518,#657,#520));
#8336=FACE_OUTER_BOUND('',#8335,.T.);
#8337=FACE_SURFACE('',(#8336),#8334,.T.);
#8338=CARTESIAN_POINT('',(8.850747,32.79686,10.08));
#8339=DIRECTION('',(0.,0.,-1.));
#8340=DIRECTION('',(-0.086326,0.996267,0.));
#8341=AXIS2_PLACEMENT_3D('',#8338,#8339,#8340);
#8342=PLANE('',#8341);
#8343=POLY_LOOP('',(#520,#657,#521));
#8344=FACE_OUTER_BOUND('',#8343,.T.);
#8345=FACE_SURFACE('',(#8344),#8342,.T.);
#8346=CARTESIAN_POINT('',(10.245304,34.996716,10.08));
#8347=DIRECTION('',(0.,0.,-1.));
#8348=DIRECTION('',(-0.116643,0.993174,0.));
#8349=AXIS2_PLACEMENT_3D('',#8346,#8347,#8348);
#8350=PLANE('',#8349);
#8351=POLY_LOOP('',(#521,#657,#523));
#8352=FACE_OUTER_BOUND('',#8351,.T.);
#8353=FACE_SURFACE('',(#8352),#8350,.T.);
#8354=CARTESIAN_POINT('',(11.703393,37.154984,10.08));
#8355=DIRECTION('',(0.,0.,-1.));
#8356=DIRECTION('',(-0.15042,0.988622,0.));
#8357=AXIS2_PLACEMENT_3D('',#8354,#8355,#8356);
#8358=PLANE('',#8357);
#8359=POLY_LOOP('',(#523,#657,#524));
#8360=FACE_OUTER_BOUND('',#8359,.T.);
#8361=FACE_SURFACE('',(#8360),#8358,.T.);
#8362=CARTESIAN_POINT('',(13.223775,39.269836,10.08));
#8363=DIRECTION('',(0.,0.,-1.));
#8364=DIRECTION('',(-0.187779,0.982211,0.));
#8365=AXIS2_PLACEMENT_3D('',#8362,#8363,#8364);
#8366=PLANE('',#8365);
#8367=POLY_LOOP('',(#524,#657,#525));
#8368=FACE_OUTER_BOUND('',#8367,.T.);
#8369=FACE_SURFACE('',(#8368),#8366,.T.);
#8370=CARTESIAN_POINT('',(14.805157,41.339466,10.08));
#8371=DIRECTION('',(0.,0.,-1.));
#8372=DIRECTION('',(-0.228756,0.973484,0.));
#8373=AXIS2_PLACEMENT_3D('',#8370,#8371,#8372);
#8374=PLANE('',#8373);
#8375=POLY_LOOP('',(#525,#657,#526));
#8376=FACE_OUTER_BOUND('',#8375,.T.);
#8377=FACE_SURFACE('',(#8376),#8374,.T.);
#8378=CARTESIAN_POINT('',(16.446196,43.362125,10.08));
#8379=DIRECTION('',(0.,0.,-1.));
#8380=DIRECTION('',(-0.273268,0.961938,0.));
#8381=AXIS2_PLACEMENT_3D('',#8378,#8379,#8380);
#8382=PLANE('',#8381);
#8383=POLY_LOOP('',(#526,#657,#527));
#8384=FACE_OUTER_BOUND('',#8383,.T.);
#8385=FACE_SURFACE('',(#8384),#8382,.T.);
#8386=CARTESIAN_POINT('',(18.145498,45.336086,10.08));
#8387=DIRECTION('',(0.,0.,-1.));
#8388=DIRECTION('',(-0.321075,0.947054,0.));
#8389=AXIS2_PLACEMENT_3D('',#8386,#8387,#8388);
#8390=PLANE('',#8389);
#8391=POLY_LOOP('',(#527,#657,#528));
#8392=FACE_OUTER_BOUND('',#8391,.T.);
#8393=FACE_SURFACE('',(#8392),#8390,.T.);
#8394=CARTESIAN_POINT('',(19.901617,47.259674,10.08));
#8395=DIRECTION('',(0.,0.,-1.));
#8396=DIRECTION('',(-0.371746,0.928335,0.));
#8397=AXIS2_PLACEMENT_3D('',#8394,#8395,#8396);
#8398=PLANE('',#8397);
#8399=POLY_LOOP('',(#528,#657,#529));
#8400=FACE_OUTER_BOUND('',#8399,.T.);
#8401=FACE_SURFACE('',(#8400),#8398,.T.);
#8402=CARTESIAN_POINT('',(21.713062,49.131256,10.08));
#8403=DIRECTION('',(0.,0.,-1.));
#8404=DIRECTION('',(-0.424641,0.905362,0.));
#8405=AXIS2_PLACEMENT_3D('',#8402,#8403,#8404);
#8406=PLANE('',#8405);
#8407=POLY_LOOP('',(#529,#657,#530));
#8408=FACE_OUTER_BOUND('',#8407,.T.);
#8409=FACE_SURFACE('',(#8408),#8406,.T.);
#8410=CARTESIAN_POINT('',(2.7,84.970215,6.4));
#8411=DIRECTION('',(0.998795,-0.049067,0.));
#8412=DIRECTION('',(0.049067,0.998795,0.));
#8413=AXIS2_PLACEMENT_3D('',#8410,#8411,#8412);
#8414=PLANE('',#8413);
#8415=POLY_LOOP('',(#644,#635,#658));
#8416=FACE_OUTER_BOUND('',#8415,.T.);
#8417=FACE_SURFACE('',(#8416),#8414,.T.);
#8418=CARTESIAN_POINT('',(2.707223,85.117241,6.4));
#8419=DIRECTION('',(0.989176,-0.146732,0.));
#8420=DIRECTION('',(0.146732,0.989176,0.));
#8421=AXIS2_PLACEMENT_3D('',#8418,#8419,#8420);
#8422=PLANE('',#8421);
#8423=POLY_LOOP('',(#635,#634,#659));
#8424=FACE_OUTER_BOUND('',#8423,.T.);
#8425=FACE_SURFACE('',(#8424),#8422,.T.);
#8426=CARTESIAN_POINT('',(2.728822,85.262848,6.4));
#8427=DIRECTION('',(0.970031,-0.242981,0.));
#8428=DIRECTION('',(0.242981,0.970031,0.));
#8429=AXIS2_PLACEMENT_3D('',#8426,#8427,#8428);
#8430=PLANE('',#8429);
#8431=POLY_LOOP('',(#634,#640,#660));
#8432=FACE_OUTER_BOUND('',#8431,.T.);
#8433=FACE_SURFACE('',(#8432),#8430,.T.);
#8434=CARTESIAN_POINT('',(2.76459,85.40564,6.4));
#8435=DIRECTION('',(0.941542,-0.336895,0.));
#8436=DIRECTION('',(0.336895,0.941542,0.));
#8437=AXIS2_PLACEMENT_3D('',#8434,#8435,#8436);
#8438=PLANE('',#8437);
#8439=POLY_LOOP('',(#640,#639,#661));
#8440=FACE_OUTER_BOUND('',#8439,.T.);
#8441=FACE_SURFACE('',(#8440),#8438,.T.);
#8442=CARTESIAN_POINT('',(2.814181,85.544235,6.4));
#8443=DIRECTION('',(0.903991,-0.427551,0.));
#8444=DIRECTION('',(0.427551,0.903991,0.));
#8445=AXIS2_PLACEMENT_3D('',#8442,#8443,#8444);
#8446=PLANE('',#8445);
#8447=POLY_LOOP('',(#639,#638,#662));
#8448=FACE_OUTER_BOUND('',#8447,.T.);
#8449=FACE_SURFACE('',(#8448),#8446,.T.);
#8450=CARTESIAN_POINT('',(2.877118,85.677307,6.4));
#8451=DIRECTION('',(0.857726,-0.514107,0.));
#8452=DIRECTION('',(0.514107,0.857726,0.));
#8453=AXIS2_PLACEMENT_3D('',#8450,#8451,#8452);
#8454=PLANE('',#8453);
#8455=POLY_LOOP('',(#638,#636,#663));
#8456=FACE_OUTER_BOUND('',#8455,.T.);
#8457=FACE_SURFACE('',(#8456),#8454,.T.);
#8458=CARTESIAN_POINT('',(2.952796,85.803566,6.4));
#8459=DIRECTION('',(0.803221,-0.595681,0.));
#8460=DIRECTION('',(0.595681,0.803221,0.));
#8461=AXIS2_PLACEMENT_3D('',#8458,#8459,#8460);
#8462=PLANE('',#8461);
#8463=POLY_LOOP('',(#636,#637,#664));
#8464=FACE_OUTER_BOUND('',#8463,.T.);
#8465=FACE_SURFACE('',(#8464),#8462,.T.);
#8466=CARTESIAN_POINT('',(3.040484,85.921806,6.4));
#8467=DIRECTION('',(0.74095,-0.67156,0.));
#8468=DIRECTION('',(0.67156,0.74095,0.));
#8469=AXIS2_PLACEMENT_3D('',#8466,#8467,#8468);
#8470=PLANE('',#8469);
#8471=POLY_LOOP('',(#637,#641,#665));
#8472=FACE_OUTER_BOUND('',#8471,.T.);
#8473=FACE_SURFACE('',(#8472),#8470,.T.);
#8474=CARTESIAN_POINT('',(3.13934,86.030876,6.4));
#8475=DIRECTION('',(0.671554,-0.740955,0.));
#8476=DIRECTION('',(0.740955,0.671554,0.));
#8477=AXIS2_PLACEMENT_3D('',#8474,#8475,#8476);
#8478=PLANE('',#8477);
#8479=POLY_LOOP('',(#641,#643,#666));
#8480=FACE_OUTER_BOUND('',#8479,.T.);
#8481=FACE_SURFACE('',(#8480),#8478,.T.);
#8482=CARTESIAN_POINT('',(3.24841,86.12973,6.4));
#8483=DIRECTION('',(0.595681,-0.803221,0.));
#8484=DIRECTION('',(0.803221,0.595681,0.));
#8485=AXIS2_PLACEMENT_3D('',#8482,#8483,#8484);
#8486=PLANE('',#8485);
#8487=POLY_LOOP('',(#643,#642,#667));
#8488=FACE_OUTER_BOUND('',#8487,.T.);
#8489=FACE_SURFACE('',(#8488),#8486,.T.);
#8490=CARTESIAN_POINT('',(3.366645,86.217415,6.4));
#8491=DIRECTION('',(0.514133,-0.85771,0.));
#8492=DIRECTION('',(0.85771,0.514133,0.));
#8493=AXIS2_PLACEMENT_3D('',#8490,#8491,#8492);
#8494=PLANE('',#8493);
#8495=POLY_LOOP('',(#642,#648,#668));
#8496=FACE_OUTER_BOUND('',#8495,.T.);
#8497=FACE_SURFACE('',(#8496),#8494,.T.);
#8498=CARTESIAN_POINT('',(3.492905,86.293098,6.4));
#8499=DIRECTION('',(0.427541,-0.903996,0.));
#8500=DIRECTION('',(0.903996,0.427541,0.));
#8501=AXIS2_PLACEMENT_3D('',#8498,#8499,#8500);
#8502=PLANE('',#8501);
#8503=POLY_LOOP('',(#648,#649,#669));
#8504=FACE_OUTER_BOUND('',#8503,.T.);
#8505=FACE_SURFACE('',(#8504),#8502,.T.);
#8506=CARTESIAN_POINT('',(3.625975,86.356033,6.4));
#8507=DIRECTION('',(0.336889,-0.941544,0.));
#8508=DIRECTION('',(0.941544,0.336889,0.));
#8509=AXIS2_PLACEMENT_3D('',#8506,#8507,#8508);
#8510=PLANE('',#8509);
#8511=POLY_LOOP('',(#649,#645,#670));
#8512=FACE_OUTER_BOUND('',#8511,.T.);
#8513=FACE_SURFACE('',(#8512),#8510,.T.);
#8514=CARTESIAN_POINT('',(3.764573,86.405624,6.4));
#8515=DIRECTION('',(0.242975,-0.970033,0.));
#8516=DIRECTION('',(0.970033,0.242975,0.));
#8517=AXIS2_PLACEMENT_3D('',#8514,#8515,#8516);
#8518=PLANE('',#8517);
#8519=POLY_LOOP('',(#645,#646,#671));
#8520=FACE_OUTER_BOUND('',#8519,.T.);
#8521=FACE_SURFACE('',(#8520),#8518,.T.);
#8522=CARTESIAN_POINT('',(3.907365,86.441391,6.4));
#8523=DIRECTION('',(0.146728,-0.989177,0.));
#8524=DIRECTION('',(0.989177,0.146728,0.));
#8525=AXIS2_PLACEMENT_3D('',#8522,#8523,#8524);
#8526=PLANE('',#8525);
#8527=POLY_LOOP('',(#646,#647,#672));
#8528=FACE_OUTER_BOUND('',#8527,.T.);
#8529=FACE_SURFACE('',(#8528),#8526,.T.);
#8530=CARTESIAN_POINT('',(4.052974,86.46299,6.4));
#8531=DIRECTION('',(0.049082,-0.998795,0.));
#8532=DIRECTION('',(0.998795,0.049082,0.));
#8533=AXIS2_PLACEMENT_3D('',#8530,#8531,#8532);
#8534=PLANE('',#8533);
#8535=POLY_LOOP('',(#647,#656,#657));
#8536=FACE_OUTER_BOUND('',#8535,.T.);
#8537=FACE_SURFACE('',(#8536),#8534,.T.);
#8538=CARTESIAN_POINT('',(2.7,84.970215,6.4));
#8539=DIRECTION('',(0.998795,-0.049067,0.));
#8540=DIRECTION('',(0.001961,0.039921,0.999201));
#8541=AXIS2_PLACEMENT_3D('',#8538,#8539,#8540);
#8542=PLANE('',#8541);
#8543=POLY_LOOP('',(#644,#658,#651));
#8544=FACE_OUTER_BOUND('',#8543,.T.);
#8545=FACE_SURFACE('',(#8544),#8542,.T.);
#8546=CARTESIAN_POINT('',(2.707223,85.117241,6.4));
#8547=DIRECTION('',(0.989176,-0.146732,0.));
#8548=DIRECTION('',(0.005865,0.039536,0.999201));
#8549=AXIS2_PLACEMENT_3D('',#8546,#8547,#8548);
#8550=PLANE('',#8549);
#8551=POLY_LOOP('',(#635,#659,#658));
#8552=FACE_OUTER_BOUND('',#8551,.T.);
#8553=FACE_SURFACE('',(#8552),#8550,.T.);
#8554=CARTESIAN_POINT('',(2.728822,85.262848,6.4));
#8555=DIRECTION('',(0.970031,-0.242981,0.));
#8556=DIRECTION('',(0.009712,0.038771,0.999201));
#8557=AXIS2_PLACEMENT_3D('',#8554,#8555,#8556);
#8558=PLANE('',#8557);
#8559=POLY_LOOP('',(#634,#660,#659));
#8560=FACE_OUTER_BOUND('',#8559,.T.);
#8561=FACE_SURFACE('',(#8560),#8558,.T.);
#8562=CARTESIAN_POINT('',(2.76459,85.40564,6.4));
#8563=DIRECTION('',(0.941542,-0.336895,0.));
#8564=DIRECTION('',(0.013465,0.037632,0.999201));
#8565=AXIS2_PLACEMENT_3D('',#8562,#8563,#8564);
#8566=PLANE('',#8565);
#8567=POLY_LOOP('',(#640,#661,#660));
#8568=FACE_OUTER_BOUND('',#8567,.T.);
#8569=FACE_SURFACE('',(#8568),#8566,.T.);
#8570=CARTESIAN_POINT('',(2.814181,85.544235,6.4));
#8571=DIRECTION('',(0.903991,-0.427551,0.));
#8572=DIRECTION('',(0.017089,0.036132,0.999201));
#8573=AXIS2_PLACEMENT_3D('',#8570,#8571,#8572);
#8574=PLANE('',#8573);
#8575=POLY_LOOP('',(#639,#662,#661));
#8576=FACE_OUTER_BOUND('',#8575,.T.);
#8577=FACE_SURFACE('',(#8576),#8574,.T.);
#8578=CARTESIAN_POINT('',(2.877118,85.677307,6.4));
#8579=DIRECTION('',(0.857726,-0.514107,0.));
#8580=DIRECTION('',(0.020548,0.034282,0.999201));
#8581=AXIS2_PLACEMENT_3D('',#8578,#8579,#8580);
#8582=PLANE('',#8581);
#8583=POLY_LOOP('',(#638,#663,#662));
#8584=FACE_OUTER_BOUND('',#8583,.T.);
#8585=FACE_SURFACE('',(#8584),#8582,.T.);
#8586=CARTESIAN_POINT('',(2.952796,85.803566,6.4));
#8587=DIRECTION('',(0.803221,-0.595681,0.));
#8588=DIRECTION('',(0.023809,0.032105,0.999201));
#8589=AXIS2_PLACEMENT_3D('',#8586,#8587,#8588);
#8590=PLANE('',#8589);
#8591=POLY_LOOP('',(#636,#664,#663));
#8592=FACE_OUTER_BOUND('',#8591,.T.);
#8593=FACE_SURFACE('',(#8592),#8590,.T.);
#8594=CARTESIAN_POINT('',(3.040484,85.921806,6.4));
#8595=DIRECTION('',(0.74095,-0.67156,0.));
#8596=DIRECTION('',(0.026841,0.029615,0.999201));
#8597=AXIS2_PLACEMENT_3D('',#8594,#8595,#8596);
#8598=PLANE('',#8597);
#8599=POLY_LOOP('',(#637,#665,#664));
#8600=FACE_OUTER_BOUND('',#8599,.T.);
#8601=FACE_SURFACE('',(#8600),#8598,.T.);
#8602=CARTESIAN_POINT('',(3.13934,86.030876,6.4));
#8603=DIRECTION('',(0.671554,-0.740955,0.));
#8604=DIRECTION('',(0.029615,0.026841,0.999201));
#8605=AXIS2_PLACEMENT_3D('',#8602,#8603,#8604);
#8606=PLANE('',#8605);
#8607=POLY_LOOP('',(#641,#666,#665));
#8608=FACE_OUTER_BOUND('',#8607,.T.);
#8609=FACE_SURFACE('',(#8608),#8606,.T.);
#8610=CARTESIAN_POINT('',(3.24841,86.12973,6.4));
#8611=DIRECTION('',(0.595681,-0.803221,0.));
#8612=DIRECTION('',(0.032103,0.023808,0.999201));
#8613=AXIS2_PLACEMENT_3D('',#8610,#8611,#8612);
#8614=PLANE('',#8613);
#8615=POLY_LOOP('',(#643,#667,#666));
#8616=FACE_OUTER_BOUND('',#8615,.T.);
#8617=FACE_SURFACE('',(#8616),#8614,.T.);
#8618=CARTESIAN_POINT('',(3.366645,86.217415,6.4));
#8619=DIRECTION('',(0.514133,-0.85771,0.));
#8620=DIRECTION('',(0.034282,0.02055,0.999201));
#8621=AXIS2_PLACEMENT_3D('',#8618,#8619,#8620);
#8622=PLANE('',#8621);
#8623=POLY_LOOP('',(#642,#668,#667));
#8624=FACE_OUTER_BOUND('',#8623,.T.);
#8625=FACE_SURFACE('',(#8624),#8622,.T.);
#8626=CARTESIAN_POINT('',(3.492905,86.293098,6.4));
#8627=DIRECTION('',(0.427541,-0.903996,0.));
#8628=DIRECTION('',(0.036131,0.017088,0.999201));
#8629=AXIS2_PLACEMENT_3D('',#8626,#8627,#8628);
#8630=PLANE('',#8629);
#8631=POLY_LOOP('',(#648,#669,#668));
#8632=FACE_OUTER_BOUND('',#8631,.T.);
#8633=FACE_SURFACE('',(#8632),#8630,.T.);
#8634=CARTESIAN_POINT('',(3.625975,86.356033,6.4));
#8635=DIRECTION('',(0.336889,-0.941544,0.));
#8636=DIRECTION('',(0.037632,0.013465,0.999201));
#8637=AXIS2_PLACEMENT_3D('',#8634,#8635,#8636);
#8638=PLANE('',#8637);
#8639=POLY_LOOP('',(#649,#670,#669));
#8640=FACE_OUTER_BOUND('',#8639,.T.);
#8641=FACE_SURFACE('',(#8640),#8638,.T.);
#8642=CARTESIAN_POINT('',(3.764573,86.405624,6.4));
#8643=DIRECTION('',(0.242975,-0.970033,0.));
#8644=DIRECTION('',(0.038771,0.009711,0.999201));
#8645=AXIS2_PLACEMENT_3D('',#8642,#8643,#8644);
#8646=PLANE('',#8645);
#8647=POLY_LOOP('',(#645,#671,#670));
#8648=FACE_OUTER_BOUND('',#8647,.T.);
#8649=FACE_SURFACE('',(#8648),#8646,.T.);
#8650=CARTESIAN_POINT('',(3.907365,86.441391,6.4));
#8651=DIRECTION('',(0.146728,-0.989177,0.));
#8652=DIRECTION('',(0.039536,0.005865,0.999201));
#8653=AXIS2_PLACEMENT_3D('',#8650,#8651,#8652);
#8654=PLANE('',#8653);
#8655=POLY_LOOP('',(#646,#672,#671));
#8656=FACE_OUTER_BOUND('',#8655,.T.);
#8657=FACE_SURFACE('',(#8656),#8654,.T.);
#8658=CARTESIAN_POINT('',(4.052974,86.46299,6.4));
#8659=DIRECTION('',(0.049082,-0.998795,0.));
#8660=DIRECTION('',(0.039921,0.001962,0.999201));
#8661=AXIS2_PLACEMENT_3D('',#8658,#8659,#8660);
#8662=PLANE('',#8661);
#8663=POLY_LOOP('',(#647,#657,#672));
#8664=FACE_OUTER_BOUND('',#8663,.T.);
#8665=FACE_SURFACE('',(#8664),#8662,.T.);
#8666=CARTESIAN_POINT('',(2.7,30.732979,10.08));
#8667=DIRECTION('',(0.,0.,-1.));
#8668=DIRECTION('',(0.,1.,0.));
#8669=AXIS2_PLACEMENT_3D('',#8666,#8667,#8668);
#8670=PLANE('',#8669);
#8671=POLY_LOOP('',(#518,#651,#658));
#8672=FACE_OUTER_BOUND('',#8671,.T.);
#8673=FACE_SURFACE('',(#8672),#8670,.T.);
#8674=CARTESIAN_POINT('',(2.7,30.732979,10.08));
#8675=DIRECTION('',(0.,0.,-1.));
#8676=DIRECTION('',(0.000133,1.,0.));
#8677=AXIS2_PLACEMENT_3D('',#8674,#8675,#8676);
#8678=PLANE('',#8677);
#8679=POLY_LOOP('',(#518,#658,#659));
#8680=FACE_OUTER_BOUND('',#8679,.T.);
#8681=FACE_SURFACE('',(#8680),#8678,.T.);
#8682=CARTESIAN_POINT('',(2.7,30.732979,10.08));
#8683=DIRECTION('',(0.,0.,-1.));
#8684=DIRECTION('',(0.000529,1.,0.));
#8685=AXIS2_PLACEMENT_3D('',#8682,#8683,#8684);
#8686=PLANE('',#8685);
#8687=POLY_LOOP('',(#518,#659,#660));
#8688=FACE_OUTER_BOUND('',#8687,.T.);
#8689=FACE_SURFACE('',(#8688),#8686,.T.);
#8690=CARTESIAN_POINT('',(2.7,30.732979,10.08));
#8691=DIRECTION('',(0.,0.,-1.));
#8692=DIRECTION('',(0.001181,0.999999,0.));
#8693=AXIS2_PLACEMENT_3D('',#8690,#8691,#8692);
#8694=PLANE('',#8693);
#8695=POLY_LOOP('',(#518,#660,#661));
#8696=FACE_OUTER_BOUND('',#8695,.T.);
#8697=FACE_SURFACE('',(#8696),#8694,.T.);
#8698=CARTESIAN_POINT('',(2.7,30.732979,10.08));
#8699=DIRECTION('',(0.,0.,-1.));
#8700=DIRECTION('',(0.002083,0.999998,0.));
#8701=AXIS2_PLACEMENT_3D('',#8698,#8699,#8700);
#8702=PLANE('',#8701);
#8703=POLY_LOOP('',(#518,#661,#662));
#8704=FACE_OUTER_BOUND('',#8703,.T.);
#8705=FACE_SURFACE('',(#8704),#8702,.T.);
#8706=CARTESIAN_POINT('',(2.7,30.732979,10.08));
#8707=DIRECTION('',(0.,0.,-1.));
#8708=DIRECTION('',(0.003224,0.999995,0.));
#8709=AXIS2_PLACEMENT_3D('',#8706,#8707,#8708);
#8710=PLANE('',#8709);
#8711=POLY_LOOP('',(#518,#662,#663));
#8712=FACE_OUTER_BOUND('',#8711,.T.);
#8713=FACE_SURFACE('',(#8712),#8710,.T.);
#8714=CARTESIAN_POINT('',(2.7,30.732979,10.08));
#8715=DIRECTION('',(0.,0.,-1.));
#8716=DIRECTION('',(0.00459,0.999989,0.));
#8717=AXIS2_PLACEMENT_3D('',#8714,#8715,#8716);
#8718=PLANE('',#8717);
#8719=POLY_LOOP('',(#518,#663,#664));
#8720=FACE_OUTER_BOUND('',#8719,.T.);
#8721=FACE_SURFACE('',(#8720),#8718,.T.);
#8722=CARTESIAN_POINT('',(2.7,30.732979,10.08));
#8723=DIRECTION('',(0.,0.,-1.));
#8724=DIRECTION('',(0.006169,0.999981,0.));
#8725=AXIS2_PLACEMENT_3D('',#8722,#8723,#8724);
#8726=PLANE('',#8725);
#8727=POLY_LOOP('',(#518,#664,#665));
#8728=FACE_OUTER_BOUND('',#8727,.T.);
#8729=FACE_SURFACE('',(#8728),#8726,.T.);
#8730=CARTESIAN_POINT('',(2.7,30.732979,10.08));
#8731=DIRECTION('',(0.,0.,-1.));
#8732=DIRECTION('',(0.007945,0.999968,0.));
#8733=AXIS2_PLACEMENT_3D('',#8730,#8731,#8732);
#8734=PLANE('',#8733);
#8735=POLY_LOOP('',(#518,#665,#666));
#8736=FACE_OUTER_BOUND('',#8735,.T.);
#8737=FACE_SURFACE('',(#8736),#8734,.T.);
#8738=CARTESIAN_POINT('',(2.7,30.732979,10.08));
#8739=DIRECTION('',(0.,0.,-1.));
#8740=DIRECTION('',(0.009899,0.999951,0.));
#8741=AXIS2_PLACEMENT_3D('',#8738,#8739,#8740);
#8742=PLANE('',#8741);
#8743=POLY_LOOP('',(#518,#666,#667));
#8744=FACE_OUTER_BOUND('',#8743,.T.);
#8745=FACE_SURFACE('',(#8744),#8742,.T.);
#8746=CARTESIAN_POINT('',(2.7,30.732979,10.08));
#8747=DIRECTION('',(0.,0.,-1.));
#8748=DIRECTION('',(0.012014,0.999928,0.));
#8749=AXIS2_PLACEMENT_3D('',#8746,#8747,#8748);
#8750=PLANE('',#8749);
#8751=POLY_LOOP('',(#518,#667,#668));
#8752=FACE_OUTER_BOUND('',#8751,.T.);
#8753=FACE_SURFACE('',(#8752),#8750,.T.);
#8754=CARTESIAN_POINT('',(2.7,30.732979,10.08));
#8755=DIRECTION('',(0.,0.,-1.));
#8756=DIRECTION('',(0.01427,0.999898,0.));
#8757=AXIS2_PLACEMENT_3D('',#8754,#8755,#8756);
#8758=PLANE('',#8757);
#8759=POLY_LOOP('',(#518,#668,#669));
#8760=FACE_OUTER_BOUND('',#8759,.T.);
#8761=FACE_SURFACE('',(#8760),#8758,.T.);
#8762=CARTESIAN_POINT('',(2.7,30.732979,10.08));
#8763=DIRECTION('',(0.,0.,-1.));
#8764=DIRECTION('',(0.016645,0.999861,0.));
#8765=AXIS2_PLACEMENT_3D('',#8762,#8763,#8764);
#8766=PLANE('',#8765);
#8767=POLY_LOOP('',(#518,#669,#670));
#8768=FACE_OUTER_BOUND('',#8767,.T.);
#8769=FACE_SURFACE('',(#8768),#8766,.T.);
#8770=CARTESIAN_POINT('',(2.7,30.732979,10.08));
#8771=DIRECTION('',(0.,0.,-1.));
#8772=DIRECTION('',(0.019119,0.999817,0.));
#8773=AXIS2_PLACEMENT_3D('',#8770,#8771,#8772);
#8774=PLANE('',#8773);
#8775=POLY_LOOP('',(#518,#670,#671));
#8776=FACE_OUTER_BOUND('',#8775,.T.);
#8777=FACE_SURFACE('',(#8776),#8774,.T.);
#8778=CARTESIAN_POINT('',(2.7,30.732979,10.08));
#8779=DIRECTION('',(0.,0.,-1.));
#8780=DIRECTION('',(0.021668,0.999765,0.));
#8781=AXIS2_PLACEMENT_3D('',#8778,#8779,#8780);
#8782=PLANE('',#8781);
#8783=POLY_LOOP('',(#518,#671,#672));
#8784=FACE_OUTER_BOUND('',#8783,.T.);
#8785=FACE_SURFACE('',(#8784),#8782,.T.);
#8786=CARTESIAN_POINT('',(2.7,30.732979,10.08));
#8787=DIRECTION('',(0.,0.,-1.));
#8788=DIRECTION('',(0.02427,0.999705,0.));
#8789=AXIS2_PLACEMENT_3D('',#8786,#8787,#8788);
#8790=PLANE('',#8789);
#8791=POLY_LOOP('',(#518,#672,#657));
#8792=FACE_OUTER_BOUND('',#8791,.T.);
#8793=FACE_SURFACE('',(#8792),#8790,.T.);
#8794=CARTESIAN_POINT('',(23.578293,50.949242,10.08));
#8795=DIRECTION('',(0.,0.,-1.));
#8796=DIRECTION('',(-0.478913,0.877862,0.));
#8797=AXIS2_PLACEMENT_3D('',#8794,#8795,#8796);
#8798=PLANE('',#8797);
#8799=POLY_LOOP('',(#530,#657,#531));
#8800=FACE_OUTER_BOUND('',#8799,.T.);
#8801=FACE_SURFACE('',(#8800),#8798,.T.);
#8802=CARTESIAN_POINT('',(25.495724,52.712082,10.08));
#8803=DIRECTION('',(0.,0.,-1.));
#8804=DIRECTION('',(-0.533542,0.845774,0.));
#8805=AXIS2_PLACEMENT_3D('',#8802,#8803,#8804);
#8806=PLANE('',#8805);
#8807=POLY_LOOP('',(#531,#657,#532));
#8808=FACE_OUTER_BOUND('',#8807,.T.);
#8809=FACE_SURFACE('',(#8808),#8806,.T.);
#8810=CARTESIAN_POINT('',(27.463726,54.418282,10.08));
#8811=DIRECTION('',(0.,0.,-1.));
#8812=DIRECTION('',(-0.587399,0.809297,0.));
#8813=AXIS2_PLACEMENT_3D('',#8810,#8811,#8812);
#8814=PLANE('',#8813);
#8815=POLY_LOOP('',(#532,#657,#533));
#8816=FACE_OUTER_BOUND('',#8815,.T.);
#8817=FACE_SURFACE('',(#8816),#8814,.T.);
#8818=CARTESIAN_POINT('',(29.480627,56.066391,10.08));
#8819=DIRECTION('',(0.,0.,-1.));
#8820=DIRECTION('',(-0.63935,0.768916,0.));
#8821=AXIS2_PLACEMENT_3D('',#8818,#8819,#8820);
#8822=PLANE('',#8821);
#8823=POLY_LOOP('',(#533,#657,#534));
#8824=FACE_OUTER_BOUND('',#8823,.T.);
#8825=FACE_SURFACE('',(#8824),#8822,.T.);
#8826=CARTESIAN_POINT('',(31.544712,57.655006,10.08));
#8827=DIRECTION('',(0.,0.,-1.));
#8828=DIRECTION('',(-0.688356,0.725373,0.));
#8829=AXIS2_PLACEMENT_3D('',#8826,#8827,#8828);
#8830=PLANE('',#8829);
#8831=POLY_LOOP('',(#534,#657,#535));
#8832=FACE_OUTER_BOUND('',#8831,.T.);
#8833=FACE_SURFACE('',(#8832),#8830,.T.);
#8834=CARTESIAN_POINT('',(33.654228,59.182777,10.08));
#8835=DIRECTION('',(0.,0.,-1.));
#8836=DIRECTION('',(-0.733574,0.679609,0.));
#8837=AXIS2_PLACEMENT_3D('',#8834,#8835,#8836);
#8838=PLANE('',#8837);
#8839=POLY_LOOP('',(#535,#657,#536));
#8840=FACE_OUTER_BOUND('',#8839,.T.);
#8841=FACE_SURFACE('',(#8840),#8838,.T.);
#8842=CARTESIAN_POINT('',(35.807381,60.648411,10.08));
#8843=DIRECTION('',(0.,0.,-1.));
#8844=DIRECTION('',(-0.774423,0.632668,0.));
#8845=AXIS2_PLACEMENT_3D('',#8842,#8843,#8844);
#8846=PLANE('',#8845);
#8847=POLY_LOOP('',(#536,#657,#537));
#8848=FACE_OUTER_BOUND('',#8847,.T.);
#8849=FACE_SURFACE('',(#8848),#8846,.T.);
#8850=CARTESIAN_POINT('',(4.2,86.470215,10.08));
#8851=DIRECTION('',(0.,0.,-1.));
#8852=DIRECTION('',(0.84208,-0.539353,0.));
#8853=AXIS2_PLACEMENT_3D('',#8850,#8851,#8852);
#8854=PLANE('',#8853);
#8855=POLY_LOOP('',(#657,#538,#537));
#8856=FACE_OUTER_BOUND('',#8855,.T.);
#8857=FACE_SURFACE('',(#8856),#8854,.T.);
#8858=CARTESIAN_POINT('',(4.2,86.470215,10.08));
#8859=DIRECTION('',(0.,0.,-1.));
#8860=DIRECTION('',(0.869039,-0.494743,0.));
#8861=AXIS2_PLACEMENT_3D('',#8858,#8859,#8860);
#8862=PLANE('',#8861);
#8863=POLY_LOOP('',(#657,#539,#538));
#8864=FACE_OUTER_BOUND('',#8863,.T.);
#8865=FACE_SURFACE('',(#8864),#8862,.T.);
#8866=CARTESIAN_POINT('',(4.2,86.470215,10.08));
#8867=DIRECTION('',(0.,0.,-1.));
#8868=DIRECTION('',(0.89182,-0.45239,0.));
#8869=AXIS2_PLACEMENT_3D('',#8866,#8867,#8868);
#8870=PLANE('',#8869);
#8871=POLY_LOOP('',(#657,#540,#539));
#8872=FACE_OUTER_BOUND('',#8871,.T.);
#8873=FACE_SURFACE('',(#8872),#8870,.T.);
#8874=CARTESIAN_POINT('',(4.2,86.470215,10.08));
#8875=DIRECTION('',(0.,0.,-1.));
#8876=DIRECTION('',(0.910853,-0.412732,0.));
#8877=AXIS2_PLACEMENT_3D('',#8874,#8875,#8876);
#8878=PLANE('',#8877);
#8879=POLY_LOOP('',(#657,#541,#540));
#8880=FACE_OUTER_BOUND('',#8879,.T.);
#8881=FACE_SURFACE('',(#8880),#8878,.T.);
#8882=CARTESIAN_POINT('',(4.2,86.470215,10.08));
#8883=DIRECTION('',(0.,0.,-1.));
#8884=DIRECTION('',(0.926606,-0.376033,0.));
#8885=AXIS2_PLACEMENT_3D('',#8882,#8883,#8884);
#8886=PLANE('',#8885);
#8887=POLY_LOOP('',(#657,#542,#541));
#8888=FACE_OUTER_BOUND('',#8887,.T.);
#8889=FACE_SURFACE('',(#8888),#8886,.T.);
#8890=CARTESIAN_POINT('',(4.2,86.470215,10.08));
#8891=DIRECTION('',(0.,0.,-1.));
#8892=DIRECTION('',(0.939548,-0.342418,0.));
#8893=AXIS2_PLACEMENT_3D('',#8890,#8891,#8892);
#8894=PLANE('',#8893);
#8895=POLY_LOOP('',(#657,#543,#542));
#8896=FACE_OUTER_BOUND('',#8895,.T.);
#8897=FACE_SURFACE('',(#8896),#8894,.T.);
#8898=CARTESIAN_POINT('',(4.2,86.470215,10.08));
#8899=DIRECTION('',(0.,0.,-1.));
#8900=DIRECTION('',(0.950116,-0.311897,0.));
#8901=AXIS2_PLACEMENT_3D('',#8898,#8899,#8900);
#8902=PLANE('',#8901);
#8903=POLY_LOOP('',(#657,#544,#543));
#8904=FACE_OUTER_BOUND('',#8903,.T.);
#8905=FACE_SURFACE('',(#8904),#8902,.T.);
#8906=CARTESIAN_POINT('',(4.2,86.470215,10.08));
#8907=DIRECTION('',(0.,0.,-1.));
#8908=DIRECTION('',(0.958705,-0.284402,0.));
#8909=AXIS2_PLACEMENT_3D('',#8906,#8907,#8908);
#8910=PLANE('',#8909);
#8911=POLY_LOOP('',(#657,#545,#544));
#8912=FACE_OUTER_BOUND('',#8911,.T.);
#8913=FACE_SURFACE('',(#8912),#8910,.T.);
#8914=CARTESIAN_POINT('',(4.2,86.470215,10.08));
#8915=DIRECTION('',(0.,0.,-1.));
#8916=DIRECTION('',(0.965661,-0.259807,0.));
#8917=AXIS2_PLACEMENT_3D('',#8914,#8915,#8916);
#8918=PLANE('',#8917);
#8919=POLY_LOOP('',(#657,#546,#545));
#8920=FACE_OUTER_BOUND('',#8919,.T.);
#8921=FACE_SURFACE('',(#8920),#8918,.T.);
#8922=CARTESIAN_POINT('',(4.7,84.470215,6.4));
#8923=DIRECTION('',(0.,0.,1.));
#8924=DIRECTION('',(1.,0.,0.));
#8925=AXIS2_PLACEMENT_3D('',#8922,#8923,#8924);
#8926=PLANE('',#8925);
#8927=POLY_LOOP('',(#650,#673,#656));
#8928=FACE_OUTER_BOUND('',#8927,.T.);
#8929=FACE_SURFACE('',(#8928),#8926,.T.);
#8930=CARTESIAN_POINT('',(4.2,86.470215,6.4));
#8931=DIRECTION('',(0.,-1.,0.));
#8932=DIRECTION('',(0.999741,0.,0.022766));
#8933=AXIS2_PLACEMENT_3D('',#8930,#8931,#8932);
#8934=PLANE('',#8933);
#8935=POLY_LOOP('',(#656,#674,#657));
#8936=FACE_OUTER_BOUND('',#8935,.T.);
#8937=FACE_SURFACE('',(#8936),#8934,.T.);
#8938=CARTESIAN_POINT('',(4.2,86.470215,10.08));
#8939=DIRECTION('',(0.,0.,-1.));
#8940=DIRECTION('',(0.971277,-0.237952,0.));
#8941=AXIS2_PLACEMENT_3D('',#8938,#8939,#8940);
#8942=PLANE('',#8941);
#8943=POLY_LOOP('',(#657,#547,#546));
#8944=FACE_OUTER_BOUND('',#8943,.T.);
#8945=FACE_SURFACE('',(#8944),#8942,.T.);
#8946=CARTESIAN_POINT('',(4.2,86.470215,10.08));
#8947=DIRECTION('',(0.,0.,-1.));
#8948=DIRECTION('',(0.975801,-0.218661,0.));
#8949=AXIS2_PLACEMENT_3D('',#8946,#8947,#8948);
#8950=PLANE('',#8949);
#8951=POLY_LOOP('',(#657,#548,#547));
#8952=FACE_OUTER_BOUND('',#8951,.T.);
#8953=FACE_SURFACE('',(#8952),#8950,.T.);
#8954=CARTESIAN_POINT('',(4.2,86.470215,10.08));
#8955=DIRECTION('',(0.,0.,-1.));
#8956=DIRECTION('',(0.979437,-0.201748,0.));
#8957=AXIS2_PLACEMENT_3D('',#8954,#8955,#8956);
#8958=PLANE('',#8957);
#8959=POLY_LOOP('',(#657,#549,#548));
#8960=FACE_OUTER_BOUND('',#8959,.T.);
#8961=FACE_SURFACE('',(#8960),#8958,.T.);
#8962=CARTESIAN_POINT('',(4.2,86.470215,10.08));
#8963=DIRECTION('',(0.,0.,-1.));
#8964=DIRECTION('',(0.982354,-0.18703,0.));
#8965=AXIS2_PLACEMENT_3D('',#8962,#8963,#8964);
#8966=PLANE('',#8965);
#8967=POLY_LOOP('',(#657,#550,#549));
#8968=FACE_OUTER_BOUND('',#8967,.T.);
#8969=FACE_SURFACE('',(#8968),#8966,.T.);
#8970=CARTESIAN_POINT('',(4.2,86.470215,10.08));
#8971=DIRECTION('',(0.,0.,-1.));
#8972=DIRECTION('',(0.984687,-0.174329,0.));
#8973=AXIS2_PLACEMENT_3D('',#8970,#8971,#8972);
#8974=PLANE('',#8973);
#8975=POLY_LOOP('',(#657,#551,#550));
#8976=FACE_OUTER_BOUND('',#8975,.T.);
#8977=FACE_SURFACE('',(#8976),#8974,.T.);
#8978=CARTESIAN_POINT('',(4.2,86.470215,10.08));
#8979=DIRECTION('',(0.,0.,-1.));
#8980=DIRECTION('',(0.986547,-0.163478,0.));
#8981=AXIS2_PLACEMENT_3D('',#8978,#8979,#8980);
#8982=PLANE('',#8981);
#8983=POLY_LOOP('',(#657,#552,#551));
#8984=FACE_OUTER_BOUND('',#8983,.T.);
#8985=FACE_SURFACE('',(#8984),#8982,.T.);
#8986=CARTESIAN_POINT('',(4.2,86.470215,10.08));
#8987=DIRECTION('',(0.,0.,-1.));
#8988=DIRECTION('',(1.,0.,0.));
#8989=AXIS2_PLACEMENT_3D('',#8986,#8987,#8988);
#8990=PLANE('',#8989);
#8991=POLY_LOOP('',(#657,#674,#552));
#8992=FACE_OUTER_BOUND('',#8991,.T.);
#8993=FACE_SURFACE('',(#8992),#8990,.T.);
#8994=CARTESIAN_POINT('',(4.7,-12.129787,6.4));
#8995=DIRECTION('',(0.,0.,1.));
#8996=DIRECTION('',(0.999856,-0.016996,0.));
#8997=AXIS2_PLACEMENT_3D('',#8994,#8995,#8996);
#8998=PLANE('',#8997);
#8999=POLY_LOOP('',(#633,#653,#675));
#9000=FACE_OUTER_BOUND('',#8999,.T.);
#9001=FACE_SURFACE('',(#9000),#8998,.T.);
#9002=CARTESIAN_POINT('',(100.,-14.129787,6.4));
#9003=DIRECTION('',(0.,0.,1.));
#9004=DIRECTION('',(0.999531,0.030614,0.));
#9005=AXIS2_PLACEMENT_3D('',#9002,#9003,#9004);
#9006=PLANE('',#9005);
#9007=POLY_LOOP('',(#676,#675,#653));
#9008=FACE_OUTER_BOUND('',#9007,.T.);
#9009=FACE_SURFACE('',(#9008),#9006,.T.);
#9010=CARTESIAN_POINT('',(100.,-14.129787,6.4));
#9011=DIRECTION('',(0.,1.,0.));
#9012=DIRECTION('',(0.,0.,1.));
#9013=AXIS2_PLACEMENT_3D('',#9010,#9011,#9012);
#9014=PLANE('',#9013);
#9015=POLY_LOOP('',(#676,#655,#677));
#9016=FACE_OUTER_BOUND('',#9015,.T.);
#9017=FACE_SURFACE('',(#9016),#9014,.T.);
#9018=CARTESIAN_POINT('',(4.2,-14.129787,10.08));
#9019=DIRECTION('',(0.,1.,0.));
#9020=DIRECTION('',(1.,0.,0.));
#9021=AXIS2_PLACEMENT_3D('',#9018,#9019,#9020);
#9022=PLANE('',#9021);
#9023=POLY_LOOP('',(#631,#678,#655));
#9024=FACE_OUTER_BOUND('',#9023,.T.);
#9025=FACE_SURFACE('',(#9024),#9022,.T.);
#9026=CARTESIAN_POINT('',(4.2,-14.129787,10.08));
#9027=DIRECTION('',(0.,0.,-1.));
#9028=DIRECTION('',(0.99645,0.084187,0.));
#9029=AXIS2_PLACEMENT_3D('',#9026,#9027,#9028);
#9030=PLANE('',#9029);
#9031=POLY_LOOP('',(#631,#522,#678));
#9032=FACE_OUTER_BOUND('',#9031,.T.);
#9033=FACE_SURFACE('',(#9032),#9030,.T.);
#9034=CARTESIAN_POINT('',(100.,-14.129787,6.4));
#9035=DIRECTION('',(0.,0.,1.));
#9036=DIRECTION('',(1.,0.,0.));
#9037=AXIS2_PLACEMENT_3D('',#9034,#9035,#9036);
#9038=PLANE('',#9037);
#9039=POLY_LOOP('',(#676,#677,#675));
#9040=FACE_OUTER_BOUND('',#9039,.T.);
#9041=FACE_SURFACE('',(#9040),#9038,.T.);
#9042=CARTESIAN_POINT('',(165.800003,-14.129787,6.4));
#9043=DIRECTION('',(0.,1.,0.));
#9044=DIRECTION('',(-0.99922,0.,0.039483));
#9045=AXIS2_PLACEMENT_3D('',#9042,#9043,#9044);
#9046=PLANE('',#9045);
#9047=POLY_LOOP('',(#677,#655,#678));
#9048=FACE_OUTER_BOUND('',#9047,.T.);
#9049=FACE_SURFACE('',(#9048),#9046,.T.);
#9050=CARTESIAN_POINT('',(165.800003,-14.129787,6.4));
#9051=DIRECTION('',(-0.049072,0.998795,0.));
#9052=DIRECTION('',(0.,0.,1.));
#9053=AXIS2_PLACEMENT_3D('',#9050,#9051,#9052);
#9054=PLANE('',#9053);
#9055=POLY_LOOP('',(#677,#678,#679));
#9056=FACE_OUTER_BOUND('',#9055,.T.);
#9057=FACE_SURFACE('',(#9056),#9054,.T.);
#9058=CARTESIAN_POINT('',(165.947021,-14.122564,6.4));
#9059=DIRECTION('',(-0.146723,0.989178,0.));
#9060=DIRECTION('',(0.,0.,1.));
#9061=AXIS2_PLACEMENT_3D('',#9058,#9059,#9060);
#9062=PLANE('',#9061);
#9063=POLY_LOOP('',(#679,#680,#681));
#9064=FACE_OUTER_BOUND('',#9063,.T.);
#9065=FACE_SURFACE('',(#9064),#9062,.T.);
#9066=CARTESIAN_POINT('',(166.092636,-14.100965,6.4));
#9067=DIRECTION('',(-0.242981,0.970031,0.));
#9068=DIRECTION('',(0.,0.,1.));
#9069=AXIS2_PLACEMENT_3D('',#9066,#9067,#9068);
#9070=PLANE('',#9069);
#9071=POLY_LOOP('',(#681,#682,#683));
#9072=FACE_OUTER_BOUND('',#9071,.T.);
#9073=FACE_SURFACE('',(#9072),#9070,.T.);
#9074=CARTESIAN_POINT('',(166.235428,-14.065198,6.4));
#9075=DIRECTION('',(-0.336895,0.941542,0.));
#9076=DIRECTION('',(0.,0.,1.));
#9077=AXIS2_PLACEMENT_3D('',#9074,#9075,#9076);
#9078=PLANE('',#9077);
#9079=POLY_LOOP('',(#683,#684,#685));
#9080=FACE_OUTER_BOUND('',#9079,.T.);
#9081=FACE_SURFACE('',(#9080),#9078,.T.);
#9082=CARTESIAN_POINT('',(166.374023,-14.015607,6.4));
#9083=DIRECTION('',(-0.427552,0.903991,0.));
#9084=DIRECTION('',(0.,0.,1.));
#9085=AXIS2_PLACEMENT_3D('',#9082,#9083,#9084);
#9086=PLANE('',#9085);
#9087=POLY_LOOP('',(#685,#686,#687));
#9088=FACE_OUTER_BOUND('',#9087,.T.);
#9089=FACE_SURFACE('',(#9088),#9086,.T.);
#9090=CARTESIAN_POINT('',(166.507095,-13.952669,6.4));
#9091=DIRECTION('',(-0.514086,0.857739,0.));
#9092=DIRECTION('',(0.,0.,1.));
#9093=AXIS2_PLACEMENT_3D('',#9090,#9091,#9092);
#9094=PLANE('',#9093);
#9095=POLY_LOOP('',(#687,#688,#689));
#9096=FACE_OUTER_BOUND('',#9095,.T.);
#9097=FACE_SURFACE('',(#9096),#9094,.T.);
#9098=CARTESIAN_POINT('',(166.633362,-13.876991,6.4));
#9099=DIRECTION('',(-0.595729,0.803186,0.));
#9100=DIRECTION('',(0.,0.,1.));
#9101=AXIS2_PLACEMENT_3D('',#9098,#9099,#9100);
#9102=PLANE('',#9101);
#9103=POLY_LOOP('',(#689,#690,#691));
#9104=FACE_OUTER_BOUND('',#9103,.T.);
#9105=FACE_SURFACE('',(#9104),#9102,.T.);
#9106=CARTESIAN_POINT('',(166.751587,-13.789303,6.4));
#9107=DIRECTION('',(-0.671559,0.740951,0.));
#9108=DIRECTION('',(0.,0.,1.));
#9109=AXIS2_PLACEMENT_3D('',#9106,#9107,#9108);
#9110=PLANE('',#9109);
#9111=POLY_LOOP('',(#691,#692,#693));
#9112=FACE_OUTER_BOUND('',#9111,.T.);
#9113=FACE_SURFACE('',(#9112),#9110,.T.);
#9114=CARTESIAN_POINT('',(166.860657,-13.690448,6.4));
#9115=DIRECTION('',(-0.740932,0.67158,0.));
#9116=DIRECTION('',(0.,0.,1.));
#9117=AXIS2_PLACEMENT_3D('',#9114,#9115,#9116);
#9118=PLANE('',#9117);
#9119=POLY_LOOP('',(#693,#694,#695));
#9120=FACE_OUTER_BOUND('',#9119,.T.);
#9121=FACE_SURFACE('',(#9120),#9118,.T.);
#9122=CARTESIAN_POINT('',(166.959518,-13.581377,6.4));
#9123=DIRECTION('',(-0.803196,0.595715,0.));
#9124=DIRECTION('',(0.,0.,1.));
#9125=AXIS2_PLACEMENT_3D('',#9122,#9123,#9124);
#9126=PLANE('',#9125);
#9127=POLY_LOOP('',(#695,#696,#697));
#9128=FACE_OUTER_BOUND('',#9127,.T.);
#9129=FACE_SURFACE('',(#9128),#9126,.T.);
#9130=CARTESIAN_POINT('',(167.047211,-13.463142,6.4));
#9131=DIRECTION('',(-0.857755,0.514058,0.));
#9132=DIRECTION('',(0.,0.,1.));
#9133=AXIS2_PLACEMENT_3D('',#9130,#9131,#9132);
#9134=PLANE('',#9133);
#9135=POLY_LOOP('',(#697,#698,#699));
#9136=FACE_OUTER_BOUND('',#9135,.T.);
#9137=FACE_SURFACE('',(#9136),#9134,.T.);
#9138=CARTESIAN_POINT('',(167.122879,-13.336883,6.4));
#9139=DIRECTION('',(-0.903976,0.427583,0.));
#9140=DIRECTION('',(0.,0.,1.));
#9141=AXIS2_PLACEMENT_3D('',#9138,#9139,#9140);
#9142=PLANE('',#9141);
#9143=POLY_LOOP('',(#699,#700,#701));
#9144=FACE_OUTER_BOUND('',#9143,.T.);
#9145=FACE_SURFACE('',(#9144),#9142,.T.);
#9146=CARTESIAN_POINT('',(167.185822,-13.203813,6.4));
#9147=DIRECTION('',(-0.941545,0.336888,0.));
#9148=DIRECTION('',(0.,0.,1.));
#9149=AXIS2_PLACEMENT_3D('',#9146,#9147,#9148);
#9150=PLANE('',#9149);
#9151=POLY_LOOP('',(#701,#702,#703));
#9152=FACE_OUTER_BOUND('',#9151,.T.);
#9153=FACE_SURFACE('',(#9152),#9150,.T.);
#9154=CARTESIAN_POINT('',(167.235413,-13.065214,6.4));
#9155=DIRECTION('',(-0.970033,0.242975,0.));
#9156=DIRECTION('',(0.,0.,1.));
#9157=AXIS2_PLACEMENT_3D('',#9154,#9155,#9156);
#9158=PLANE('',#9157);
#9159=POLY_LOOP('',(#703,#704,#705));
#9160=FACE_OUTER_BOUND('',#9159,.T.);
#9161=FACE_SURFACE('',(#9160),#9158,.T.);
#9162=CARTESIAN_POINT('',(167.271179,-12.922422,6.4));
#9163=DIRECTION('',(-0.989184,0.146677,0.));
#9164=DIRECTION('',(0.,0.,1.));
#9165=AXIS2_PLACEMENT_3D('',#9162,#9163,#9164);
#9166=PLANE('',#9165);
#9167=POLY_LOOP('',(#705,#706,#707));
#9168=FACE_OUTER_BOUND('',#9167,.T.);
#9169=FACE_SURFACE('',(#9168),#9166,.T.);
#9170=CARTESIAN_POINT('',(167.29277,-12.776813,6.4));
#9171=DIRECTION('',(-0.998792,0.049134,0.));
#9172=DIRECTION('',(0.,0.,1.));
#9173=AXIS2_PLACEMENT_3D('',#9170,#9171,#9172);
#9174=PLANE('',#9173);
#9175=POLY_LOOP('',(#707,#708,#709));
#9176=FACE_OUTER_BOUND('',#9175,.T.);
#9177=FACE_SURFACE('',(#9176),#9174,.T.);
#9178=CARTESIAN_POINT('',(165.947021,-14.122564,6.4));
#9179=DIRECTION('',(-0.049072,0.998795,0.));
#9180=DIRECTION('',(-0.039919,-0.001961,0.999201));
#9181=AXIS2_PLACEMENT_3D('',#9178,#9179,#9180);
#9182=PLANE('',#9181);
#9183=POLY_LOOP('',(#679,#678,#680));
#9184=FACE_OUTER_BOUND('',#9183,.T.);
#9185=FACE_SURFACE('',(#9184),#9182,.T.);
#9186=CARTESIAN_POINT('',(166.092636,-14.100965,6.4));
#9187=DIRECTION('',(-0.146723,0.989178,0.));
#9188=DIRECTION('',(-0.039538,-0.005865,0.999201));
#9189=AXIS2_PLACEMENT_3D('',#9186,#9187,#9188);
#9190=PLANE('',#9189);
#9191=POLY_LOOP('',(#681,#680,#682));
#9192=FACE_OUTER_BOUND('',#9191,.T.);
#9193=FACE_SURFACE('',(#9192),#9190,.T.);
#9194=CARTESIAN_POINT('',(166.235428,-14.065198,6.4));
#9195=DIRECTION('',(-0.242981,0.970031,0.));
#9196=DIRECTION('',(-0.038771,-0.009712,0.999201));
#9197=AXIS2_PLACEMENT_3D('',#9194,#9195,#9196);
#9198=PLANE('',#9197);
#9199=POLY_LOOP('',(#683,#682,#684));
#9200=FACE_OUTER_BOUND('',#9199,.T.);
#9201=FACE_SURFACE('',(#9200),#9198,.T.);
#9202=CARTESIAN_POINT('',(166.374023,-14.015607,6.4));
#9203=DIRECTION('',(-0.336895,0.941542,0.));
#9204=DIRECTION('',(-0.037632,-0.013465,0.999201));
#9205=AXIS2_PLACEMENT_3D('',#9202,#9203,#9204);
#9206=PLANE('',#9205);
#9207=POLY_LOOP('',(#685,#684,#686));
#9208=FACE_OUTER_BOUND('',#9207,.T.);
#9209=FACE_SURFACE('',(#9208),#9206,.T.);
#9210=CARTESIAN_POINT('',(166.507095,-13.952669,6.4));
#9211=DIRECTION('',(-0.427552,0.903991,0.));
#9212=DIRECTION('',(-0.036132,-0.017089,0.999201));
#9213=AXIS2_PLACEMENT_3D('',#9210,#9211,#9212);
#9214=PLANE('',#9213);
#9215=POLY_LOOP('',(#687,#686,#688));
#9216=FACE_OUTER_BOUND('',#9215,.T.);
#9217=FACE_SURFACE('',(#9216),#9214,.T.);
#9218=CARTESIAN_POINT('',(166.633362,-13.876991,6.4));
#9219=DIRECTION('',(-0.514086,0.857739,0.));
#9220=DIRECTION('',(-0.034284,-0.020548,0.999201));
#9221=AXIS2_PLACEMENT_3D('',#9218,#9219,#9220);
#9222=PLANE('',#9221);
#9223=POLY_LOOP('',(#689,#688,#690));
#9224=FACE_OUTER_BOUND('',#9223,.T.);
#9225=FACE_SURFACE('',(#9224),#9222,.T.);
#9226=CARTESIAN_POINT('',(166.751587,-13.789303,6.4));
#9227=DIRECTION('',(-0.595729,0.803186,0.));
#9228=DIRECTION('',(-0.032101,-0.023809,0.999201));
#9229=AXIS2_PLACEMENT_3D('',#9226,#9227,#9228);
#9230=PLANE('',#9229);
#9231=POLY_LOOP('',(#691,#690,#692));
#9232=FACE_OUTER_BOUND('',#9231,.T.);
#9233=FACE_SURFACE('',(#9232),#9230,.T.);
#9234=CARTESIAN_POINT('',(166.860657,-13.690448,6.4));
#9235=DIRECTION('',(-0.671559,0.740951,0.));
#9236=DIRECTION('',(-0.029615,-0.026841,0.999201));
#9237=AXIS2_PLACEMENT_3D('',#9234,#9235,#9236);
#9238=PLANE('',#9237);
#9239=POLY_LOOP('',(#693,#692,#694));
#9240=FACE_OUTER_BOUND('',#9239,.T.);
#9241=FACE_SURFACE('',(#9240),#9238,.T.);
#9242=CARTESIAN_POINT('',(166.959518,-13.581377,6.4));
#9243=DIRECTION('',(-0.740932,0.67158,0.));
#9244=DIRECTION('',(-0.026843,-0.029615,0.999201));
#9245=AXIS2_PLACEMENT_3D('',#9242,#9243,#9244);
#9246=PLANE('',#9245);
#9247=POLY_LOOP('',(#695,#694,#696));
#9248=FACE_OUTER_BOUND('',#9247,.T.);
#9249=FACE_SURFACE('',(#9248),#9246,.T.);
#9250=CARTESIAN_POINT('',(167.047211,-13.463142,6.4));
#9251=DIRECTION('',(-0.803196,0.595715,0.));
#9252=DIRECTION('',(-0.02381,-0.032103,0.999201));
#9253=AXIS2_PLACEMENT_3D('',#9250,#9251,#9252);
#9254=PLANE('',#9253);
#9255=POLY_LOOP('',(#697,#696,#698));
#9256=FACE_OUTER_BOUND('',#9255,.T.);
#9257=FACE_SURFACE('',(#9256),#9254,.T.);
#9258=CARTESIAN_POINT('',(167.122879,-13.336883,6.4));
#9259=DIRECTION('',(-0.857755,0.514058,0.));
#9260=DIRECTION('',(-0.020546,-0.034282,0.999201));
#9261=AXIS2_PLACEMENT_3D('',#9258,#9259,#9260);
#9262=PLANE('',#9261);
#9263=POLY_LOOP('',(#699,#698,#700));
#9264=FACE_OUTER_BOUND('',#9263,.T.);
#9265=FACE_SURFACE('',(#9264),#9262,.T.);
#9266=CARTESIAN_POINT('',(167.185822,-13.203813,6.4));
#9267=DIRECTION('',(-0.903976,0.427583,0.));
#9268=DIRECTION('',(-0.01709,-0.036131,0.999201));
#9269=AXIS2_PLACEMENT_3D('',#9266,#9267,#9268);
#9270=PLANE('',#9269);
#9271=POLY_LOOP('',(#701,#700,#702));
#9272=FACE_OUTER_BOUND('',#9271,.T.);
#9273=FACE_SURFACE('',(#9272),#9270,.T.);
#9274=CARTESIAN_POINT('',(167.235413,-13.065214,6.4));
#9275=DIRECTION('',(-0.941545,0.336888,0.));
#9276=DIRECTION('',(-0.013465,-0.037633,0.999201));
#9277=AXIS2_PLACEMENT_3D('',#9274,#9275,#9276);
#9278=PLANE('',#9277);
#9279=POLY_LOOP('',(#703,#702,#704));
#9280=FACE_OUTER_BOUND('',#9279,.T.);
#9281=FACE_SURFACE('',(#9280),#9278,.T.);
#9282=CARTESIAN_POINT('',(167.271179,-12.922422,6.4));
#9283=DIRECTION('',(-0.970033,0.242975,0.));
#9284=DIRECTION('',(-0.009711,-0.038771,0.999201));
#9285=AXIS2_PLACEMENT_3D('',#9282,#9283,#9284);
#9286=PLANE('',#9285);
#9287=POLY_LOOP('',(#705,#704,#706));
#9288=FACE_OUTER_BOUND('',#9287,.T.);
#9289=FACE_SURFACE('',(#9288),#9286,.T.);
#9290=CARTESIAN_POINT('',(167.29277,-12.776813,6.4));
#9291=DIRECTION('',(-0.989184,0.146677,0.));
#9292=DIRECTION('',(-0.005862,-0.039536,0.999201));
#9293=AXIS2_PLACEMENT_3D('',#9290,#9291,#9292);
#9294=PLANE('',#9293);
#9295=POLY_LOOP('',(#707,#706,#708));
#9296=FACE_OUTER_BOUND('',#9295,.T.);
#9297=FACE_SURFACE('',(#9296),#9294,.T.);
#9298=CARTESIAN_POINT('',(167.300003,-12.629787,6.4));
#9299=DIRECTION('',(-0.998792,0.049134,0.));
#9300=DIRECTION('',(-0.001964,-0.039921,0.999201));
#9301=AXIS2_PLACEMENT_3D('',#9298,#9299,#9300);
#9302=PLANE('',#9301);
#9303=POLY_LOOP('',(#709,#708,#710));
#9304=FACE_OUTER_BOUND('',#9303,.T.);
#9305=FACE_SURFACE('',(#9304),#9302,.T.);
#9306=CARTESIAN_POINT('',(165.800003,-14.129787,10.08));
#9307=DIRECTION('',(0.,0.,-1.));
#9308=DIRECTION('',(0.108216,0.994127,0.));
#9309=AXIS2_PLACEMENT_3D('',#9306,#9307,#9308);
#9310=PLANE('',#9309);
#9311=POLY_LOOP('',(#678,#522,#680));
#9312=FACE_OUTER_BOUND('',#9311,.T.);
#9313=FACE_SURFACE('',(#9312),#9310,.T.);
#9314=CARTESIAN_POINT('',(165.947021,-14.122564,10.08));
#9315=DIRECTION('',(0.,0.,-1.));
#9316=DIRECTION('',(0.097767,0.995209,0.));
#9317=AXIS2_PLACEMENT_3D('',#9314,#9315,#9316);
#9318=PLANE('',#9317);
#9319=POLY_LOOP('',(#680,#522,#682));
#9320=FACE_OUTER_BOUND('',#9319,.T.);
#9321=FACE_SURFACE('',(#9320),#9318,.T.);
#9322=CARTESIAN_POINT('',(166.092636,-14.100965,10.08));
#9323=DIRECTION('',(0.,0.,-1.));
#9324=DIRECTION('',(0.087466,0.996168,0.));
#9325=AXIS2_PLACEMENT_3D('',#9322,#9323,#9324);
#9326=PLANE('',#9325);
#9327=POLY_LOOP('',(#682,#522,#684));
#9328=FACE_OUTER_BOUND('',#9327,.T.);
#9329=FACE_SURFACE('',(#9328),#9326,.T.);
#9330=CARTESIAN_POINT('',(166.235428,-14.065198,10.08));
#9331=DIRECTION('',(0.,0.,-1.));
#9332=DIRECTION('',(0.077387,0.997001,0.));
#9333=AXIS2_PLACEMENT_3D('',#9330,#9331,#9332);
#9334=PLANE('',#9333);
#9335=POLY_LOOP('',(#684,#522,#686));
#9336=FACE_OUTER_BOUND('',#9335,.T.);
#9337=FACE_SURFACE('',(#9336),#9334,.T.);
#9338=CARTESIAN_POINT('',(166.374023,-14.015607,10.08));
#9339=DIRECTION('',(0.,0.,-1.));
#9340=DIRECTION('',(0.067605,0.997712,0.));
#9341=AXIS2_PLACEMENT_3D('',#9338,#9339,#9340);
#9342=PLANE('',#9341);
#9343=POLY_LOOP('',(#686,#522,#688));
#9344=FACE_OUTER_BOUND('',#9343,.T.);
#9345=FACE_SURFACE('',(#9344),#9342,.T.);
#9346=CARTESIAN_POINT('',(166.507095,-13.952669,10.08));
#9347=DIRECTION('',(0.,0.,-1.));
#9348=DIRECTION('',(0.058192,0.998305,0.));
#9349=AXIS2_PLACEMENT_3D('',#9346,#9347,#9348);
#9350=PLANE('',#9349);
#9351=POLY_LOOP('',(#688,#522,#690));
#9352=FACE_OUTER_BOUND('',#9351,.T.);
#9353=FACE_SURFACE('',(#9352),#9350,.T.);
#9354=CARTESIAN_POINT('',(166.633362,-13.876991,10.08));
#9355=DIRECTION('',(0.,0.,-1.));
#9356=DIRECTION('',(0.049223,0.998788,0.));
#9357=AXIS2_PLACEMENT_3D('',#9354,#9355,#9356);
#9358=PLANE('',#9357);
#9359=POLY_LOOP('',(#690,#522,#692));
#9360=FACE_OUTER_BOUND('',#9359,.T.);
#9361=FACE_SURFACE('',(#9360),#9358,.T.);
#9362=CARTESIAN_POINT('',(166.751587,-13.789303,10.08));
#9363=DIRECTION('',(0.,0.,-1.));
#9364=DIRECTION('',(0.040773,0.999168,0.));
#9365=AXIS2_PLACEMENT_3D('',#9362,#9363,#9364);
#9366=PLANE('',#9365);
#9367=POLY_LOOP('',(#692,#522,#694));
#9368=FACE_OUTER_BOUND('',#9367,.T.);
#9369=FACE_SURFACE('',(#9368),#9366,.T.);
#9370=CARTESIAN_POINT('',(166.860657,-13.690448,10.08));
#9371=DIRECTION('',(0.,0.,-1.));
#9372=DIRECTION('',(0.032916,0.999458,0.));
#9373=AXIS2_PLACEMENT_3D('',#9370,#9371,#9372);
#9374=PLANE('',#9373);
#9375=POLY_LOOP('',(#694,#522,#696));
#9376=FACE_OUTER_BOUND('',#9375,.T.);
#9377=FACE_SURFACE('',(#9376),#9374,.T.);
#9378=CARTESIAN_POINT('',(166.959518,-13.581377,10.08));
#9379=DIRECTION('',(0.,0.,-1.));
#9380=DIRECTION('',(0.025725,0.999669,0.));
#9381=AXIS2_PLACEMENT_3D('',#9378,#9379,#9380);
#9382=PLANE('',#9381);
#9383=POLY_LOOP('',(#696,#522,#698));
#9384=FACE_OUTER_BOUND('',#9383,.T.);
#9385=FACE_SURFACE('',(#9384),#9382,.T.);
#9386=CARTESIAN_POINT('',(167.047211,-13.463142,10.08));
#9387=DIRECTION('',(0.,0.,-1.));
#9388=DIRECTION('',(0.019274,0.999814,0.));
#9389=AXIS2_PLACEMENT_3D('',#9386,#9387,#9388);
#9390=PLANE('',#9389);
#9391=POLY_LOOP('',(#698,#522,#700));
#9392=FACE_OUTER_BOUND('',#9391,.T.);
#9393=FACE_SURFACE('',(#9392),#9390,.T.);
#9394=CARTESIAN_POINT('',(167.122879,-13.336883,10.08));
#9395=DIRECTION('',(0.,0.,-1.));
#9396=DIRECTION('',(0.013637,0.999907,0.));
#9397=AXIS2_PLACEMENT_3D('',#9394,#9395,#9396);
#9398=PLANE('',#9397);
#9399=POLY_LOOP('',(#700,#522,#702));
#9400=FACE_OUTER_BOUND('',#9399,.T.);
#9401=FACE_SURFACE('',(#9400),#9398,.T.);
#9402=CARTESIAN_POINT('',(167.185822,-13.203813,10.08));
#9403=DIRECTION('',(0.,0.,-1.));
#9404=DIRECTION('',(0.008883,0.999961,0.));
#9405=AXIS2_PLACEMENT_3D('',#9402,#9403,#9404);
#9406=PLANE('',#9405);
#9407=POLY_LOOP('',(#702,#522,#704));
#9408=FACE_OUTER_BOUND('',#9407,.T.);
#9409=FACE_SURFACE('',(#9408),#9406,.T.);
#9410=CARTESIAN_POINT('',(167.235413,-13.065214,10.08));
#9411=DIRECTION('',(0.,0.,-1.));
#9412=DIRECTION('',(0.00508,0.999987,0.));
#9413=AXIS2_PLACEMENT_3D('',#9410,#9411,#9412);
#9414=PLANE('',#9413);
#9415=POLY_LOOP('',(#704,#522,#706));
#9416=FACE_OUTER_BOUND('',#9415,.T.);
#9417=FACE_SURFACE('',(#9416),#9414,.T.);
#9418=CARTESIAN_POINT('',(167.271179,-12.922422,10.08));
#9419=DIRECTION('',(0.,0.,-1.));
#9420=DIRECTION('',(0.002293,0.999997,0.));
#9421=AXIS2_PLACEMENT_3D('',#9418,#9419,#9420);
#9422=PLANE('',#9421);
#9423=POLY_LOOP('',(#706,#522,#708));
#9424=FACE_OUTER_BOUND('',#9423,.T.);
#9425=FACE_SURFACE('',(#9424),#9422,.T.);
#9426=CARTESIAN_POINT('',(167.29277,-12.776813,10.08));
#9427=DIRECTION('',(0.,0.,-1.));
#9428=DIRECTION('',(0.000582,1.,0.));
#9429=AXIS2_PLACEMENT_3D('',#9426,#9427,#9428);
#9430=PLANE('',#9429);
#9431=POLY_LOOP('',(#708,#522,#710));
#9432=FACE_OUTER_BOUND('',#9431,.T.);
#9433=FACE_SURFACE('',(#9432),#9430,.T.);
#9434=CARTESIAN_POINT('',(167.300003,-12.629787,10.08));
#9435=DIRECTION('',(-1.,0.,0.));
#9436=DIRECTION('',(0.,1.,0.));
#9437=AXIS2_PLACEMENT_3D('',#9434,#9435,#9436);
#9438=PLANE('',#9437);
#9439=POLY_LOOP('',(#710,#522,#557));
#9440=FACE_OUTER_BOUND('',#9439,.T.);
#9441=FACE_SURFACE('',(#9440),#9438,.T.);
#9442=CARTESIAN_POINT('',(165.800003,-14.129787,6.4));
#9443=DIRECTION('',(0.,0.,1.));
#9444=DIRECTION('',(0.998795,0.049072,0.));
#9445=AXIS2_PLACEMENT_3D('',#9442,#9443,#9444);
#9446=PLANE('',#9445);
#9447=POLY_LOOP('',(#677,#679,#711));
#9448=FACE_OUTER_BOUND('',#9447,.T.);
#9449=FACE_SURFACE('',(#9448),#9446,.T.);
#9450=CARTESIAN_POINT('',(165.947021,-14.122564,6.4));
#9451=DIRECTION('',(0.,0.,1.));
#9452=DIRECTION('',(0.989178,0.146723,0.));
#9453=AXIS2_PLACEMENT_3D('',#9450,#9451,#9452);
#9454=PLANE('',#9453);
#9455=POLY_LOOP('',(#679,#681,#712));
#9456=FACE_OUTER_BOUND('',#9455,.T.);
#9457=FACE_SURFACE('',(#9456),#9454,.T.);
#9458=CARTESIAN_POINT('',(166.092636,-14.100965,6.4));
#9459=DIRECTION('',(0.,0.,1.));
#9460=DIRECTION('',(0.970031,0.242981,0.));
#9461=AXIS2_PLACEMENT_3D('',#9458,#9459,#9460);
#9462=PLANE('',#9461);
#9463=POLY_LOOP('',(#681,#683,#713));
#9464=FACE_OUTER_BOUND('',#9463,.T.);
#9465=FACE_SURFACE('',(#9464),#9462,.T.);
#9466=CARTESIAN_POINT('',(166.235428,-14.065198,6.4));
#9467=DIRECTION('',(0.,0.,1.));
#9468=DIRECTION('',(0.941542,0.336895,0.));
#9469=AXIS2_PLACEMENT_3D('',#9466,#9467,#9468);
#9470=PLANE('',#9469);
#9471=POLY_LOOP('',(#683,#685,#714));
#9472=FACE_OUTER_BOUND('',#9471,.T.);
#9473=FACE_SURFACE('',(#9472),#9470,.T.);
#9474=CARTESIAN_POINT('',(166.374023,-14.015607,6.4));
#9475=DIRECTION('',(0.,0.,1.));
#9476=DIRECTION('',(0.903991,0.427552,0.));
#9477=AXIS2_PLACEMENT_3D('',#9474,#9475,#9476);
#9478=PLANE('',#9477);
#9479=POLY_LOOP('',(#685,#687,#715));
#9480=FACE_OUTER_BOUND('',#9479,.T.);
#9481=FACE_SURFACE('',(#9480),#9478,.T.);
#9482=CARTESIAN_POINT('',(166.507095,-13.952669,6.4));
#9483=DIRECTION('',(0.,0.,1.));
#9484=DIRECTION('',(0.857739,0.514086,0.));
#9485=AXIS2_PLACEMENT_3D('',#9482,#9483,#9484);
#9486=PLANE('',#9485);
#9487=POLY_LOOP('',(#687,#689,#716));
#9488=FACE_OUTER_BOUND('',#9487,.T.);
#9489=FACE_SURFACE('',(#9488),#9486,.T.);
#9490=CARTESIAN_POINT('',(165.800003,-14.129787,6.4));
#9491=DIRECTION('',(0.,0.,1.));
#9492=DIRECTION('',(0.,1.,0.));
#9493=AXIS2_PLACEMENT_3D('',#9490,#9491,#9492);
#9494=PLANE('',#9493);
#9495=POLY_LOOP('',(#677,#711,#675));
#9496=FACE_OUTER_BOUND('',#9495,.T.);
#9497=FACE_SURFACE('',(#9496),#9494,.T.);
#9498=CARTESIAN_POINT('',(166.633362,-13.876991,6.4));
#9499=DIRECTION('',(0.,0.,1.));
#9500=DIRECTION('',(0.803186,0.595729,0.));
#9501=AXIS2_PLACEMENT_3D('',#9498,#9499,#9500);
#9502=PLANE('',#9501);
#9503=POLY_LOOP('',(#689,#691,#717));
#9504=FACE_OUTER_BOUND('',#9503,.T.);
#9505=FACE_SURFACE('',(#9504),#9502,.T.);
#9506=CARTESIAN_POINT('',(166.751587,-13.789303,6.4));
#9507=DIRECTION('',(0.,0.,1.));
#9508=DIRECTION('',(0.740951,0.671559,0.));
#9509=AXIS2_PLACEMENT_3D('',#9506,#9507,#9508);
#9510=PLANE('',#9509);
#9511=POLY_LOOP('',(#691,#693,#718));
#9512=FACE_OUTER_BOUND('',#9511,.T.);
#9513=FACE_SURFACE('',(#9512),#9510,.T.);
#9514=CARTESIAN_POINT('',(166.860657,-13.690448,6.4));
#9515=DIRECTION('',(0.,0.,1.));
#9516=DIRECTION('',(0.67158,0.740932,0.));
#9517=AXIS2_PLACEMENT_3D('',#9514,#9515,#9516);
#9518=PLANE('',#9517);
#9519=POLY_LOOP('',(#693,#695,#719));
#9520=FACE_OUTER_BOUND('',#9519,.T.);
#9521=FACE_SURFACE('',(#9520),#9518,.T.);
#9522=CARTESIAN_POINT('',(166.959518,-13.581377,6.4));
#9523=DIRECTION('',(0.,0.,1.));
#9524=DIRECTION('',(0.595715,0.803196,0.));
#9525=AXIS2_PLACEMENT_3D('',#9522,#9523,#9524);
#9526=PLANE('',#9525);
#9527=POLY_LOOP('',(#695,#697,#720));
#9528=FACE_OUTER_BOUND('',#9527,.T.);
#9529=FACE_SURFACE('',(#9528),#9526,.T.);
#9530=CARTESIAN_POINT('',(167.047211,-13.463142,6.4));
#9531=DIRECTION('',(0.,0.,1.));
#9532=DIRECTION('',(0.514058,0.857755,0.));
#9533=AXIS2_PLACEMENT_3D('',#9530,#9531,#9532);
#9534=PLANE('',#9533);
#9535=POLY_LOOP('',(#697,#699,#721));
#9536=FACE_OUTER_BOUND('',#9535,.T.);
#9537=FACE_SURFACE('',(#9536),#9534,.T.);
#9538=CARTESIAN_POINT('',(167.122879,-13.336883,6.4));
#9539=DIRECTION('',(0.,0.,1.));
#9540=DIRECTION('',(0.427583,0.903976,0.));
#9541=AXIS2_PLACEMENT_3D('',#9538,#9539,#9540);
#9542=PLANE('',#9541);
#9543=POLY_LOOP('',(#699,#701,#722));
#9544=FACE_OUTER_BOUND('',#9543,.T.);
#9545=FACE_SURFACE('',(#9544),#9542,.T.);
#9546=CARTESIAN_POINT('',(167.185822,-13.203813,6.4));
#9547=DIRECTION('',(0.,0.,1.));
#9548=DIRECTION('',(0.336888,0.941545,0.));
#9549=AXIS2_PLACEMENT_3D('',#9546,#9547,#9548);
#9550=PLANE('',#9549);
#9551=POLY_LOOP('',(#701,#703,#723));
#9552=FACE_OUTER_BOUND('',#9551,.T.);
#9553=FACE_SURFACE('',(#9552),#9550,.T.);
#9554=CARTESIAN_POINT('',(167.235413,-13.065214,6.4));
#9555=DIRECTION('',(0.,0.,1.));
#9556=DIRECTION('',(0.242975,0.970033,0.));
#9557=AXIS2_PLACEMENT_3D('',#9554,#9555,#9556);
#9558=PLANE('',#9557);
#9559=POLY_LOOP('',(#703,#705,#724));
#9560=FACE_OUTER_BOUND('',#9559,.T.);
#9561=FACE_SURFACE('',(#9560),#9558,.T.);
#9562=CARTESIAN_POINT('',(167.271179,-12.922422,6.4));
#9563=DIRECTION('',(0.,0.,1.));
#9564=DIRECTION('',(0.146677,0.989184,0.));
#9565=AXIS2_PLACEMENT_3D('',#9562,#9563,#9564);
#9566=PLANE('',#9565);
#9567=POLY_LOOP('',(#705,#707,#725));
#9568=FACE_OUTER_BOUND('',#9567,.T.);
#9569=FACE_SURFACE('',(#9568),#9566,.T.);
#9570=CARTESIAN_POINT('',(167.29277,-12.776813,6.4));
#9571=DIRECTION('',(0.,0.,1.));
#9572=DIRECTION('',(0.049134,0.998792,0.));
#9573=AXIS2_PLACEMENT_3D('',#9570,#9571,#9572);
#9574=PLANE('',#9573);
#9575=POLY_LOOP('',(#707,#709,#726));
#9576=FACE_OUTER_BOUND('',#9575,.T.);
#9577=FACE_SURFACE('',(#9576),#9574,.T.);
#9578=CARTESIAN_POINT('',(167.300003,-12.629787,6.4));
#9579=DIRECTION('',(-1.,0.,0.));
#9580=DIRECTION('',(0.,0.,1.));
#9581=AXIS2_PLACEMENT_3D('',#9578,#9579,#9580);
#9582=PLANE('',#9581);
#9583=POLY_LOOP('',(#709,#710,#727));
#9584=FACE_OUTER_BOUND('',#9583,.T.);
#9585=FACE_SURFACE('',(#9584),#9582,.T.);
#9586=CARTESIAN_POINT('',(167.300003,-12.629787,10.08));
#9587=DIRECTION('',(-1.,0.,0.));
#9588=DIRECTION('',(0.,0.999979,-0.006515));
#9589=AXIS2_PLACEMENT_3D('',#9586,#9587,#9588);
#9590=PLANE('',#9589);
#9591=POLY_LOOP('',(#710,#557,#727));
#9592=FACE_OUTER_BOUND('',#9591,.T.);
#9593=FACE_SURFACE('',(#9592),#9590,.T.);
#9594=CARTESIAN_POINT('',(4.2,86.470215,6.4));
#9595=DIRECTION('',(0.,0.,1.));
#9596=DIRECTION('',(0.999923,-0.012414,0.));
#9597=AXIS2_PLACEMENT_3D('',#9594,#9595,#9596);
#9598=PLANE('',#9597);
#9599=POLY_LOOP('',(#656,#673,#711));
#9600=FACE_OUTER_BOUND('',#9599,.T.);
#9601=FACE_SURFACE('',(#9600),#9598,.T.);
#9602=CARTESIAN_POINT('',(4.2,86.470215,6.4));
#9603=DIRECTION('',(0.,-1.,0.));
#9604=DIRECTION('',(1.,0.,0.));
#9605=AXIS2_PLACEMENT_3D('',#9602,#9603,#9604);
#9606=PLANE('',#9605);
#9607=POLY_LOOP('',(#656,#711,#674));
#9608=FACE_OUTER_BOUND('',#9607,.T.);
#9609=FACE_SURFACE('',(#9608),#9606,.T.);
#9610=CARTESIAN_POINT('',(74.604668,74.80365,10.08));
#9611=DIRECTION('',(0.,0.,-1.));
#9612=DIRECTION('',(0.991916,0.126895,0.));
#9613=AXIS2_PLACEMENT_3D('',#9610,#9611,#9612);
#9614=PLANE('',#9613);
#9615=POLY_LOOP('',(#552,#674,#553));
#9616=FACE_OUTER_BOUND('',#9615,.T.);
#9617=FACE_SURFACE('',(#9616),#9614,.T.);
#9618=CARTESIAN_POINT('',(77.195763,75.068962,10.08));
#9619=DIRECTION('',(0.,0.,-1.));
#9620=DIRECTION('',(0.991823,0.127624,0.));
#9621=AXIS2_PLACEMENT_3D('',#9618,#9619,#9620);
#9622=PLANE('',#9621);
#9623=POLY_LOOP('',(#553,#674,#554));
#9624=FACE_OUTER_BOUND('',#9623,.T.);
#9625=FACE_SURFACE('',(#9624),#9622,.T.);
#9626=CARTESIAN_POINT('',(79.793488,75.258629,10.08));
#9627=DIRECTION('',(0.,0.,-1.));
#9628=DIRECTION('',(0.99161,0.129264,0.));
#9629=AXIS2_PLACEMENT_3D('',#9626,#9627,#9628);
#9630=PLANE('',#9629);
#9631=POLY_LOOP('',(#554,#674,#555));
#9632=FACE_OUTER_BOUND('',#9631,.T.);
#9633=FACE_SURFACE('',(#9632),#9630,.T.);
#9634=CARTESIAN_POINT('',(82.395638,75.372498,10.08));
#9635=DIRECTION('',(0.,0.,-1.));
#9636=DIRECTION('',(0.991263,0.131897,0.));
#9637=AXIS2_PLACEMENT_3D('',#9634,#9635,#9636);
#9638=PLANE('',#9637);
#9639=POLY_LOOP('',(#555,#674,#556));
#9640=FACE_OUTER_BOUND('',#9639,.T.);
#9641=FACE_SURFACE('',(#9640),#9638,.T.);
#9642=CARTESIAN_POINT('',(85.,75.410461,10.08));
#9643=DIRECTION('',(0.,0.,-1.));
#9644=DIRECTION('',(0.990762,0.135614,0.));
#9645=AXIS2_PLACEMENT_3D('',#9642,#9643,#9644);
#9646=PLANE('',#9645);
#9647=POLY_LOOP('',(#556,#674,#566));
#9648=FACE_OUTER_BOUND('',#9647,.T.);
#9649=FACE_SURFACE('',(#9648),#9646,.T.);
#9650=CARTESIAN_POINT('',(87.604362,75.372498,10.08));
#9651=DIRECTION('',(0.,0.,-1.));
#9652=DIRECTION('',(0.990079,0.140514,0.));
#9653=AXIS2_PLACEMENT_3D('',#9650,#9651,#9652);
#9654=PLANE('',#9653);
#9655=POLY_LOOP('',(#566,#674,#567));
#9656=FACE_OUTER_BOUND('',#9655,.T.);
#9657=FACE_SURFACE('',(#9656),#9654,.T.);
#9658=CARTESIAN_POINT('',(90.206512,75.258629,10.08));
#9659=DIRECTION('',(0.,0.,-1.));
#9660=DIRECTION('',(0.98918,0.146709,0.));
#9661=AXIS2_PLACEMENT_3D('',#9658,#9659,#9660);
#9662=PLANE('',#9661);
#9663=POLY_LOOP('',(#567,#674,#568));
#9664=FACE_OUTER_BOUND('',#9663,.T.);
#9665=FACE_SURFACE('',(#9664),#9662,.T.);
#9666=CARTESIAN_POINT('',(95.395332,74.80365,10.08));
#9667=DIRECTION('',(0.,0.,-1.));
#9668=DIRECTION('',(0.986547,0.163478,0.));
#9669=AXIS2_PLACEMENT_3D('',#9666,#9667,#9668);
#9670=PLANE('',#9669);
#9671=POLY_LOOP('',(#569,#674,#570));
#9672=FACE_OUTER_BOUND('',#9671,.T.);
#9673=FACE_SURFACE('',(#9672),#9670,.T.);
#9674=CARTESIAN_POINT('',(97.977592,74.462921,10.08));
#9675=DIRECTION('',(0.,0.,-1.));
#9676=DIRECTION('',(0.984687,0.174329,0.));
#9677=AXIS2_PLACEMENT_3D('',#9674,#9675,#9676);
#9678=PLANE('',#9677);
#9679=POLY_LOOP('',(#570,#674,#571));
#9680=FACE_OUTER_BOUND('',#9679,.T.);
#9681=FACE_SURFACE('',(#9680),#9678,.T.);
#9682=CARTESIAN_POINT('',(92.804237,75.068962,10.08));
#9683=DIRECTION('',(0.,0.,-1.));
#9684=DIRECTION('',(0.988021,0.15432,0.));
#9685=AXIS2_PLACEMENT_3D('',#9682,#9683,#9684);
#9686=PLANE('',#9685);
#9687=POLY_LOOP('',(#568,#674,#569));
#9688=FACE_OUTER_BOUND('',#9687,.T.);
#9689=FACE_SURFACE('',(#9688),#9686,.T.);
#9690=CARTESIAN_POINT('',(103.106834,73.556442,10.08));
#9691=DIRECTION('',(0.,0.,-1.));
#9692=DIRECTION('',(-0.982099,0.188368,0.));
#9693=AXIS2_PLACEMENT_3D('',#9690,#9691,#9692);
#9694=PLANE('',#9693);
#9695=POLY_LOOP('',(#572,#571,#674));
#9696=FACE_OUTER_BOUND('',#9695,.T.);
#9697=FACE_SURFACE('',(#9696),#9694,.T.);
#9698=CARTESIAN_POINT('',(103.106834,73.556442,10.08));
#9699=DIRECTION('',(0.,0.,-1.));
#9700=DIRECTION('',(0.979437,0.201748,0.));
#9701=AXIS2_PLACEMENT_3D('',#9698,#9699,#9700);
#9702=PLANE('',#9701);
#9703=POLY_LOOP('',(#572,#674,#573));
#9704=FACE_OUTER_BOUND('',#9703,.T.);
#9705=FACE_SURFACE('',(#9704),#9702,.T.);
#9706=CARTESIAN_POINT('',(108.17453,72.3526,10.08));
#9707=DIRECTION('',(0.,0.,-1.));
#9708=DIRECTION('',(0.971277,0.237952,0.));
#9709=AXIS2_PLACEMENT_3D('',#9706,#9707,#9708);
#9710=PLANE('',#9709);
#9711=POLY_LOOP('',(#574,#674,#575));
#9712=FACE_OUTER_BOUND('',#9711,.T.);
#9713=FACE_SURFACE('',(#9712),#9710,.T.);
#9714=CARTESIAN_POINT('',(105.64946,72.991463,10.08));
#9715=DIRECTION('',(0.,0.,-1.));
#9716=DIRECTION('',(0.975801,0.218661,0.));
#9717=AXIS2_PLACEMENT_3D('',#9714,#9715,#9716);
#9718=PLANE('',#9717);
#9719=POLY_LOOP('',(#573,#674,#574));
#9720=FACE_OUTER_BOUND('',#9719,.T.);
#9721=FACE_SURFACE('',(#9720),#9718,.T.);
#9722=CARTESIAN_POINT('',(167.300003,-0.35,10.));
#9723=DIRECTION('',(-1.,0.,0.));
#9724=DIRECTION('',(0.,1.,0.));
#9725=AXIS2_PLACEMENT_3D('',#9722,#9723,#9724);
#9726=PLANE('',#9725);
#9727=POLY_LOOP('',(#557,#559,#727));
#9728=FACE_OUTER_BOUND('',#9727,.T.);
#9729=FACE_SURFACE('',(#9728),#9726,.T.);
#9730=CARTESIAN_POINT('',(165.300003,-12.129787,6.4));
#9731=DIRECTION('',(0.,0.,1.));
#9732=DIRECTION('',(0.005071,0.999987,0.));
#9733=AXIS2_PLACEMENT_3D('',#9730,#9731,#9732);
#9734=PLANE('',#9733);
#9735=POLY_LOOP('',(#675,#711,#673));
#9736=FACE_OUTER_BOUND('',#9735,.T.);
#9737=FACE_SURFACE('',(#9736),#9734,.T.);
#9738=CARTESIAN_POINT('',(166.374023,-14.015607,6.4));
#9739=DIRECTION('',(0.,0.,1.));
#9740=DIRECTION('',(0.,1.,0.));
#9741=AXIS2_PLACEMENT_3D('',#9738,#9739,#9740);
#9742=PLANE('',#9741);
#9743=POLY_LOOP('',(#685,#715,#714));
#9744=FACE_OUTER_BOUND('',#9743,.T.);
#9745=FACE_SURFACE('',(#9744),#9742,.T.);
#9746=CARTESIAN_POINT('',(166.507095,-13.952669,6.4));
#9747=DIRECTION('',(0.,0.,1.));
#9748=DIRECTION('',(0.,1.,0.));
#9749=AXIS2_PLACEMENT_3D('',#9746,#9747,#9748);
#9750=PLANE('',#9749);
#9751=POLY_LOOP('',(#687,#716,#715));
#9752=FACE_OUTER_BOUND('',#9751,.T.);
#9753=FACE_SURFACE('',(#9752),#9750,.T.);
#9754=CARTESIAN_POINT('',(165.947021,-14.122564,6.4));
#9755=DIRECTION('',(0.,0.,1.));
#9756=DIRECTION('',(0.,1.,0.));
#9757=AXIS2_PLACEMENT_3D('',#9754,#9755,#9756);
#9758=PLANE('',#9757);
#9759=POLY_LOOP('',(#679,#712,#711));
#9760=FACE_OUTER_BOUND('',#9759,.T.);
#9761=FACE_SURFACE('',(#9760),#9758,.T.);
#9762=CARTESIAN_POINT('',(166.092636,-14.100965,6.4));
#9763=DIRECTION('',(0.,0.,1.));
#9764=DIRECTION('',(0.,1.,0.));
#9765=AXIS2_PLACEMENT_3D('',#9762,#9763,#9764);
#9766=PLANE('',#9765);
#9767=POLY_LOOP('',(#681,#713,#712));
#9768=FACE_OUTER_BOUND('',#9767,.T.);
#9769=FACE_SURFACE('',(#9768),#9766,.T.);
#9770=CARTESIAN_POINT('',(166.235428,-14.065198,6.4));
#9771=DIRECTION('',(0.,0.,1.));
#9772=DIRECTION('',(0.,1.,0.));
#9773=AXIS2_PLACEMENT_3D('',#9770,#9771,#9772);
#9774=PLANE('',#9773);
#9775=POLY_LOOP('',(#683,#714,#713));
#9776=FACE_OUTER_BOUND('',#9775,.T.);
#9777=FACE_SURFACE('',(#9776),#9774,.T.);
#9778=CARTESIAN_POINT('',(167.300003,-12.629787,6.4));
#9779=DIRECTION('',(0.,0.,1.));
#9780=DIRECTION('',(0.,1.,0.));
#9781=AXIS2_PLACEMENT_3D('',#9778,#9779,#9780);
#9782=PLANE('',#9781);
#9783=POLY_LOOP('',(#709,#727,#726));
#9784=FACE_OUTER_BOUND('',#9783,.T.);
#9785=FACE_SURFACE('',(#9784),#9782,.T.);
#9786=CARTESIAN_POINT('',(166.633362,-13.876991,6.4));
#9787=DIRECTION('',(0.,0.,1.));
#9788=DIRECTION('',(0.,1.,0.));
#9789=AXIS2_PLACEMENT_3D('',#9786,#9787,#9788);
#9790=PLANE('',#9789);
#9791=POLY_LOOP('',(#689,#717,#716));
#9792=FACE_OUTER_BOUND('',#9791,.T.);
#9793=FACE_SURFACE('',(#9792),#9790,.T.);
#9794=CARTESIAN_POINT('',(166.751587,-13.789303,6.4));
#9795=DIRECTION('',(0.,0.,1.));
#9796=DIRECTION('',(0.,1.,0.));
#9797=AXIS2_PLACEMENT_3D('',#9794,#9795,#9796);
#9798=PLANE('',#9797);
#9799=POLY_LOOP('',(#691,#718,#717));
#9800=FACE_OUTER_BOUND('',#9799,.T.);
#9801=FACE_SURFACE('',(#9800),#9798,.T.);
#9802=CARTESIAN_POINT('',(166.860657,-13.690448,6.4));
#9803=DIRECTION('',(0.,0.,1.));
#9804=DIRECTION('',(0.,1.,0.));
#9805=AXIS2_PLACEMENT_3D('',#9802,#9803,#9804);
#9806=PLANE('',#9805);
#9807=POLY_LOOP('',(#693,#719,#718));
#9808=FACE_OUTER_BOUND('',#9807,.T.);
#9809=FACE_SURFACE('',(#9808),#9806,.T.);
#9810=CARTESIAN_POINT('',(167.185822,-13.203813,6.4));
#9811=DIRECTION('',(0.,0.,1.));
#9812=DIRECTION('',(0.,1.,0.));
#9813=AXIS2_PLACEMENT_3D('',#9810,#9811,#9812);
#9814=PLANE('',#9813);
#9815=POLY_LOOP('',(#701,#723,#722));
#9816=FACE_OUTER_BOUND('',#9815,.T.);
#9817=FACE_SURFACE('',(#9816),#9814,.T.);
#9818=CARTESIAN_POINT('',(167.122879,-13.336883,6.4));
#9819=DIRECTION('',(0.,0.,1.));
#9820=DIRECTION('',(0.,1.,0.));
#9821=AXIS2_PLACEMENT_3D('',#9818,#9819,#9820);
#9822=PLANE('',#9821);
#9823=POLY_LOOP('',(#699,#722,#721));
#9824=FACE_OUTER_BOUND('',#9823,.T.);
#9825=FACE_SURFACE('',(#9824),#9822,.T.);
#9826=CARTESIAN_POINT('',(167.235413,-13.065214,6.4));
#9827=DIRECTION('',(0.,0.,1.));
#9828=DIRECTION('',(0.,1.,0.));
#9829=AXIS2_PLACEMENT_3D('',#9826,#9827,#9828);
#9830=PLANE('',#9829);
#9831=POLY_LOOP('',(#703,#724,#723));
#9832=FACE_OUTER_BOUND('',#9831,.T.);
#9833=FACE_SURFACE('',(#9832),#9830,.T.);
#9834=CARTESIAN_POINT('',(167.047211,-13.463142,6.4));
#9835=DIRECTION('',(0.,0.,1.));
#9836=DIRECTION('',(0.,1.,0.));
#9837=AXIS2_PLACEMENT_3D('',#9834,#9835,#9836);
#9838=PLANE('',#9837);
#9839=POLY_LOOP('',(#697,#721,#720));
#9840=FACE_OUTER_BOUND('',#9839,.T.);
#9841=FACE_SURFACE('',(#9840),#9838,.T.);
#9842=CARTESIAN_POINT('',(166.959518,-13.581377,6.4));
#9843=DIRECTION('',(0.,0.,1.));
#9844=DIRECTION('',(0.,1.,0.));
#9845=AXIS2_PLACEMENT_3D('',#9842,#9843,#9844);
#9846=PLANE('',#9845);
#9847=POLY_LOOP('',(#695,#720,#719));
#9848=FACE_OUTER_BOUND('',#9847,.T.);
#9849=FACE_SURFACE('',(#9848),#9846,.T.);
#9850=CARTESIAN_POINT('',(167.29277,-12.776813,6.4));
#9851=DIRECTION('',(0.,0.,1.));
#9852=DIRECTION('',(0.,1.,0.));
#9853=AXIS2_PLACEMENT_3D('',#9850,#9851,#9852);
#9854=PLANE('',#9853);
#9855=POLY_LOOP('',(#707,#726,#725));
#9856=FACE_OUTER_BOUND('',#9855,.T.);
#9857=FACE_SURFACE('',(#9856),#9854,.T.);
#9858=CARTESIAN_POINT('',(167.271179,-12.922422,6.4));
#9859=DIRECTION('',(0.,0.,1.));
#9860=DIRECTION('',(0.,1.,0.));
#9861=AXIS2_PLACEMENT_3D('',#9858,#9859,#9860);
#9862=PLANE('',#9861);
#9863=POLY_LOOP('',(#705,#725,#724));
#9864=FACE_OUTER_BOUND('',#9863,.T.);
#9865=FACE_SURFACE('',(#9864),#9862,.T.);
#9866=CARTESIAN_POINT('',(162.374771,30.732979,10.08));
#9867=DIRECTION('',(0.,0.,-1.));
#9868=DIRECTION('',(0.090437,0.995902,0.));
#9869=AXIS2_PLACEMENT_3D('',#9866,#9867,#9868);
#9870=PLANE('',#9869);
#9871=POLY_LOOP('',(#565,#728,#561));
#9872=FACE_OUTER_BOUND('',#9871,.T.);
#9873=FACE_SURFACE('',(#9872),#9870,.T.);
#9874=CARTESIAN_POINT('',(167.300003,30.732979,10.));
#9875=DIRECTION('',(-1.,0.,0.));
#9876=DIRECTION('',(0.,0.,1.));
#9877=AXIS2_PLACEMENT_3D('',#9874,#9875,#9876);
#9878=PLANE('',#9877);
#9879=POLY_LOOP('',(#559,#561,#728));
#9880=FACE_OUTER_BOUND('',#9879,.T.);
#9881=FACE_SURFACE('',(#9880),#9878,.T.);
#9882=CARTESIAN_POINT('',(156.77623,39.269836,10.08));
#9883=DIRECTION('',(0.,0.,-1.));
#9884=DIRECTION('',(-0.607143,0.794593,0.));
#9885=AXIS2_PLACEMENT_3D('',#9882,#9883,#9884);
#9886=PLANE('',#9885);
#9887=POLY_LOOP('',(#595,#593,#674));
#9888=FACE_OUTER_BOUND('',#9887,.T.);
#9889=FACE_SURFACE('',(#9888),#9886,.T.);
#9890=CARTESIAN_POINT('',(158.2966,37.154984,10.08));
#9891=DIRECTION('',(0.,0.,-1.));
#9892=DIRECTION('',(-0.583717,0.811957,0.));
#9893=AXIS2_PLACEMENT_3D('',#9890,#9891,#9892);
#9894=PLANE('',#9893);
#9895=POLY_LOOP('',(#564,#595,#674));
#9896=FACE_OUTER_BOUND('',#9895,.T.);
#9897=FACE_SURFACE('',(#9896),#9894,.T.);
#9898=CARTESIAN_POINT('',(148.286942,49.131256,10.08));
#9899=DIRECTION('',(0.,0.,-1.));
#9900=DIRECTION('',(-0.716119,0.697978,0.));
#9901=AXIS2_PLACEMENT_3D('',#9898,#9899,#9900);
#9902=PLANE('',#9901);
#9903=POLY_LOOP('',(#583,#592,#674));
#9904=FACE_OUTER_BOUND('',#9903,.T.);
#9905=FACE_SURFACE('',(#9904),#9902,.T.);
#9906=CARTESIAN_POINT('',(148.286942,49.131256,10.08));
#9907=DIRECTION('',(0.,0.,-1.));
#9908=DIRECTION('',(0.424641,0.905362,0.));
#9909=AXIS2_PLACEMENT_3D('',#9906,#9907,#9908);
#9910=PLANE('',#9909);
#9911=POLY_LOOP('',(#583,#674,#584));
#9912=FACE_OUTER_BOUND('',#9911,.T.);
#9913=FACE_SURFACE('',(#9912),#9910,.T.);
#9914=CARTESIAN_POINT('',(155.194839,41.339466,10.08));
#9915=DIRECTION('',(0.,0.,-1.));
#9916=DIRECTION('',(-0.630044,0.77656,0.));
#9917=AXIS2_PLACEMENT_3D('',#9914,#9915,#9916);
#9918=PLANE('',#9917);
#9919=POLY_LOOP('',(#593,#594,#674));
#9920=FACE_OUTER_BOUND('',#9919,.T.);
#9921=FACE_SURFACE('',(#9920),#9918,.T.);
#9922=CARTESIAN_POINT('',(153.553802,43.362125,10.08));
#9923=DIRECTION('',(0.,0.,-1.));
#9924=DIRECTION('',(-0.652412,0.757865,0.));
#9925=AXIS2_PLACEMENT_3D('',#9922,#9923,#9924);
#9926=PLANE('',#9925);
#9927=POLY_LOOP('',(#594,#596,#674));
#9928=FACE_OUTER_BOUND('',#9927,.T.);
#9929=FACE_SURFACE('',(#9928),#9926,.T.);
#9930=CARTESIAN_POINT('',(150.098389,47.259674,10.08));
#9931=DIRECTION('',(0.,0.,-1.));
#9932=DIRECTION('',(0.371746,0.928335,0.));
#9933=AXIS2_PLACEMENT_3D('',#9930,#9931,#9932);
#9934=PLANE('',#9933);
#9935=POLY_LOOP('',(#584,#674,#596));
#9936=FACE_OUTER_BOUND('',#9935,.T.);
#9937=FACE_SURFACE('',(#9936),#9934,.T.);
#9938=CARTESIAN_POINT('',(162.374771,30.732979,10.08));
#9939=DIRECTION('',(0.,0.,-1.));
#9940=DIRECTION('',(-0.510568,0.859837,0.));
#9941=AXIS2_PLACEMENT_3D('',#9938,#9939,#9940);
#9942=PLANE('',#9941);
#9943=POLY_LOOP('',(#565,#562,#674));
#9944=FACE_OUTER_BOUND('',#9943,.T.);
#9945=FACE_SURFACE('',(#9944),#9942,.T.);
#9946=CARTESIAN_POINT('',(161.149246,32.79686,10.08));
#9947=DIRECTION('',(0.,0.,-1.));
#9948=DIRECTION('',(-0.535409,0.844593,0.));
#9949=AXIS2_PLACEMENT_3D('',#9946,#9947,#9948);
#9950=PLANE('',#9949);
#9951=POLY_LOOP('',(#562,#563,#674));
#9952=FACE_OUTER_BOUND('',#9951,.T.);
#9953=FACE_SURFACE('',(#9952),#9950,.T.);
#9954=CARTESIAN_POINT('',(159.7547,34.996716,10.08));
#9955=DIRECTION('',(0.,0.,-1.));
#9956=DIRECTION('',(-0.559807,0.828623,0.));
#9957=AXIS2_PLACEMENT_3D('',#9954,#9955,#9956);
#9958=PLANE('',#9957);
#9959=POLY_LOOP('',(#563,#564,#674));
#9960=FACE_OUTER_BOUND('',#9959,.T.);
#9961=FACE_SURFACE('',(#9960),#9958,.T.);
#9962=CARTESIAN_POINT('',(167.300003,30.732979,10.));
#9963=DIRECTION('',(-1.,0.,0.));
#9964=DIRECTION('',(0.,0.999999,0.001475));
#9965=AXIS2_PLACEMENT_3D('',#9962,#9963,#9964);
#9966=PLANE('',#9965);
#9967=POLY_LOOP('',(#559,#728,#727));
#9968=FACE_OUTER_BOUND('',#9967,.T.);
#9969=FACE_SURFACE('',(#9968),#9966,.T.);
#9970=CARTESIAN_POINT('',(166.092636,86.441391,6.4));
#9971=DIRECTION('',(-0.242975,-0.970033,0.));
#9972=DIRECTION('',(0.970033,-0.242975,0.));
#9973=AXIS2_PLACEMENT_3D('',#9970,#9971,#9972);
#9974=PLANE('',#9973);
#9975=POLY_LOOP('',(#713,#714,#729));
#9976=FACE_OUTER_BOUND('',#9975,.T.);
#9977=FACE_SURFACE('',(#9976),#9974,.T.);
#9978=CARTESIAN_POINT('',(166.235428,86.405624,6.4));
#9979=DIRECTION('',(-0.336895,-0.941542,0.));
#9980=DIRECTION('',(0.941542,-0.336895,0.));
#9981=AXIS2_PLACEMENT_3D('',#9978,#9979,#9980);
#9982=PLANE('',#9981);
#9983=POLY_LOOP('',(#714,#715,#730));
#9984=FACE_OUTER_BOUND('',#9983,.T.);
#9985=FACE_SURFACE('',(#9984),#9982,.T.);
#9986=CARTESIAN_POINT('',(166.374023,86.356033,6.4));
#9987=DIRECTION('',(-0.427536,-0.903998,0.));
#9988=DIRECTION('',(0.903998,-0.427536,0.));
#9989=AXIS2_PLACEMENT_3D('',#9986,#9987,#9988);
#9990=PLANE('',#9989);
#9991=POLY_LOOP('',(#715,#716,#731));
#9992=FACE_OUTER_BOUND('',#9991,.T.);
#9993=FACE_SURFACE('',(#9992),#9990,.T.);
#9994=CARTESIAN_POINT('',(165.800003,86.470215,6.4));
#9995=DIRECTION('',(-0.049085,-0.998795,0.));
#9996=DIRECTION('',(0.998795,-0.049085,0.));
#9997=AXIS2_PLACEMENT_3D('',#9994,#9995,#9996);
#9998=PLANE('',#9997);
#9999=POLY_LOOP('',(#711,#712,#732));
#10000=FACE_OUTER_BOUND('',#9999,.T.);
#10001=FACE_SURFACE('',(#10000),#9998,.T.);
#10002=CARTESIAN_POINT('',(165.947021,86.46299,6.4));
#10003=DIRECTION('',(-0.146723,-0.989178,0.));
#10004=DIRECTION('',(0.989178,-0.146723,0.));
#10005=AXIS2_PLACEMENT_3D('',#10002,#10003,#10004);
#10006=PLANE('',#10005);
#10007=POLY_LOOP('',(#712,#713,#733));
#10008=FACE_OUTER_BOUND('',#10007,.T.);
#10009=FACE_SURFACE('',(#10008),#10006,.T.);
#10010=CARTESIAN_POINT('',(167.300003,84.970215,6.4));
#10011=DIRECTION('',(-0.998792,-0.049134,0.));
#10012=DIRECTION('',(0.,0.,1.));
#10013=AXIS2_PLACEMENT_3D('',#10010,#10011,#10012);
#10014=PLANE('',#10013);
#10015=POLY_LOOP('',(#727,#728,#726));
#10016=FACE_OUTER_BOUND('',#10015,.T.);
#10017=FACE_SURFACE('',(#10016),#10014,.T.);
#10018=CARTESIAN_POINT('',(167.29277,85.117241,6.4));
#10019=DIRECTION('',(-0.989184,-0.14668,0.));
#10020=DIRECTION('',(0.,0.,1.));
#10021=AXIS2_PLACEMENT_3D('',#10018,#10019,#10020);
#10022=PLANE('',#10021);
#10023=POLY_LOOP('',(#726,#734,#725));
#10024=FACE_OUTER_BOUND('',#10023,.T.);
#10025=FACE_SURFACE('',(#10024),#10022,.T.);
#10026=CARTESIAN_POINT('',(167.235413,85.40564,6.4));
#10027=DIRECTION('',(-0.941542,-0.336895,0.));
#10028=DIRECTION('',(0.,0.,1.));
#10029=AXIS2_PLACEMENT_3D('',#10026,#10027,#10028);
#10030=PLANE('',#10029);
#10031=POLY_LOOP('',(#724,#735,#723));
#10032=FACE_OUTER_BOUND('',#10031,.T.);
#10033=FACE_SURFACE('',(#10032),#10030,.T.);
#10034=CARTESIAN_POINT('',(167.185822,85.544235,6.4));
#10035=DIRECTION('',(-0.903978,-0.427578,0.));
#10036=DIRECTION('',(0.,0.,1.));
#10037=AXIS2_PLACEMENT_3D('',#10034,#10035,#10036);
#10038=PLANE('',#10037);
#10039=POLY_LOOP('',(#723,#736,#722));
#10040=FACE_OUTER_BOUND('',#10039,.T.);
#10041=FACE_SURFACE('',(#10040),#10038,.T.);
#10042=CARTESIAN_POINT('',(167.122879,85.677307,6.4));
#10043=DIRECTION('',(-0.857753,-0.514061,0.));
#10044=DIRECTION('',(0.,0.,1.));
#10045=AXIS2_PLACEMENT_3D('',#10042,#10043,#10044);
#10046=PLANE('',#10045);
#10047=POLY_LOOP('',(#722,#737,#721));
#10048=FACE_OUTER_BOUND('',#10047,.T.);
#10049=FACE_SURFACE('',(#10048),#10046,.T.);
#10050=CARTESIAN_POINT('',(166.959518,85.921806,6.4));
#10051=DIRECTION('',(-0.80321,-0.595696,0.));
#10052=DIRECTION('',(0.595696,-0.80321,0.));
#10053=AXIS2_PLACEMENT_3D('',#10050,#10051,#10052);
#10054=PLANE('',#10053);
#10055=POLY_LOOP('',(#720,#721,#738));
#10056=FACE_OUTER_BOUND('',#10055,.T.);
#10057=FACE_SURFACE('',(#10056),#10054,.T.);
#10058=CARTESIAN_POINT('',(166.959518,85.921806,6.4));
#10059=DIRECTION('',(-0.740929,-0.671583,0.));
#10060=DIRECTION('',(0.,0.,1.));
#10061=AXIS2_PLACEMENT_3D('',#10058,#10059,#10060);
#10062=PLANE('',#10061);
#10063=POLY_LOOP('',(#720,#739,#719));
#10064=FACE_OUTER_BOUND('',#10063,.T.);
#10065=FACE_SURFACE('',(#10064),#10062,.T.);
#10066=CARTESIAN_POINT('',(167.271179,85.262848,6.4));
#10067=DIRECTION('',(-0.970033,-0.242975,0.));
#10068=DIRECTION('',(0.,0.,1.));
#10069=AXIS2_PLACEMENT_3D('',#10066,#10067,#10068);
#10070=PLANE('',#10069);
#10071=POLY_LOOP('',(#725,#740,#724));
#10072=FACE_OUTER_BOUND('',#10071,.T.);
#10073=FACE_SURFACE('',(#10072),#10070,.T.);
#10074=CARTESIAN_POINT('',(166.633362,86.217415,6.4));
#10075=DIRECTION('',(-0.595712,-0.803198,0.));
#10076=DIRECTION('',(0.803198,-0.595712,0.));
#10077=AXIS2_PLACEMENT_3D('',#10074,#10075,#10076);
#10078=PLANE('',#10077);
#10079=POLY_LOOP('',(#717,#718,#741));
#10080=FACE_OUTER_BOUND('',#10079,.T.);
#10081=FACE_SURFACE('',(#10080),#10078,.T.);
#10082=CARTESIAN_POINT('',(166.860657,86.030876,6.4));
#10083=DIRECTION('',(-0.671555,-0.740955,0.));
#10084=DIRECTION('',(0.,0.,1.));
#10085=AXIS2_PLACEMENT_3D('',#10082,#10083,#10084);
#10086=PLANE('',#10085);
#10087=POLY_LOOP('',(#719,#742,#718));
#10088=FACE_OUTER_BOUND('',#10087,.T.);
#10089=FACE_SURFACE('',(#10088),#10086,.T.);
#10090=CARTESIAN_POINT('',(166.633362,86.217415,6.4));
#10091=DIRECTION('',(-0.514115,-0.857721,0.));
#10092=DIRECTION('',(0.,0.,1.));
#10093=AXIS2_PLACEMENT_3D('',#10090,#10091,#10092);
#10094=PLANE('',#10093);
#10095=POLY_LOOP('',(#717,#743,#716));
#10096=FACE_OUTER_BOUND('',#10095,.T.);
#10097=FACE_SURFACE('',(#10096),#10094,.T.);
#10098=CARTESIAN_POINT('',(165.800003,86.470215,6.4));
#10099=DIRECTION('',(-0.049085,-0.998795,0.));
#10100=DIRECTION('',(0.039919,-0.001962,0.999201));
#10101=AXIS2_PLACEMENT_3D('',#10098,#10099,#10100);
#10102=PLANE('',#10101);
#10103=POLY_LOOP('',(#711,#732,#674));
#10104=FACE_OUTER_BOUND('',#10103,.T.);
#10105=FACE_SURFACE('',(#10104),#10102,.T.);
#10106=CARTESIAN_POINT('',(166.235428,86.405624,6.4));
#10107=DIRECTION('',(-0.336895,-0.941542,0.));
#10108=DIRECTION('',(0.037632,-0.013465,0.999201));
#10109=AXIS2_PLACEMENT_3D('',#10106,#10107,#10108);
#10110=PLANE('',#10109);
#10111=POLY_LOOP('',(#714,#730,#729));
#10112=FACE_OUTER_BOUND('',#10111,.T.);
#10113=FACE_SURFACE('',(#10112),#10110,.T.);
#10114=CARTESIAN_POINT('',(166.507095,86.293098,6.4));
#10115=DIRECTION('',(-0.514115,-0.857721,0.));
#10116=DIRECTION('',(0.034284,-0.02055,0.999201));
#10117=AXIS2_PLACEMENT_3D('',#10114,#10115,#10116);
#10118=PLANE('',#10117);
#10119=POLY_LOOP('',(#716,#743,#731));
#10120=FACE_OUTER_BOUND('',#10119,.T.);
#10121=FACE_SURFACE('',(#10120),#10118,.T.);
#10122=CARTESIAN_POINT('',(166.374023,86.356033,6.4));
#10123=DIRECTION('',(-0.427536,-0.903998,0.));
#10124=DIRECTION('',(0.036132,-0.017088,0.999201));
#10125=AXIS2_PLACEMENT_3D('',#10122,#10123,#10124);
#10126=PLANE('',#10125);
#10127=POLY_LOOP('',(#715,#731,#730));
#10128=FACE_OUTER_BOUND('',#10127,.T.);
#10129=FACE_SURFACE('',(#10128),#10126,.T.);
#10130=CARTESIAN_POINT('',(165.947021,86.46299,6.4));
#10131=DIRECTION('',(-0.146723,-0.989178,0.));
#10132=DIRECTION('',(0.039538,-0.005865,0.999201));
#10133=AXIS2_PLACEMENT_3D('',#10130,#10131,#10132);
#10134=PLANE('',#10133);
#10135=POLY_LOOP('',(#712,#733,#732));
#10136=FACE_OUTER_BOUND('',#10135,.T.);
#10137=FACE_SURFACE('',(#10136),#10134,.T.);
#10138=CARTESIAN_POINT('',(166.092636,86.441391,6.4));
#10139=DIRECTION('',(-0.242975,-0.970033,0.));
#10140=DIRECTION('',(0.038771,-0.009711,0.999201));
#10141=AXIS2_PLACEMENT_3D('',#10138,#10139,#10140);
#10142=PLANE('',#10141);
#10143=POLY_LOOP('',(#713,#729,#733));
#10144=FACE_OUTER_BOUND('',#10143,.T.);
#10145=FACE_SURFACE('',(#10144),#10142,.T.);
#10146=CARTESIAN_POINT('',(167.29277,85.117241,6.4));
#10147=DIRECTION('',(-0.998792,-0.049134,0.));
#10148=DIRECTION('',(0.001964,-0.039921,0.999201));
#10149=AXIS2_PLACEMENT_3D('',#10146,#10147,#10148);
#10150=PLANE('',#10149);
#10151=POLY_LOOP('',(#726,#728,#734));
#10152=FACE_OUTER_BOUND('',#10151,.T.);
#10153=FACE_SURFACE('',(#10152),#10150,.T.);
#10154=CARTESIAN_POINT('',(167.185822,85.544235,6.4));
#10155=DIRECTION('',(-0.941542,-0.336895,0.));
#10156=DIRECTION('',(0.013465,-0.037632,0.999201));
#10157=AXIS2_PLACEMENT_3D('',#10154,#10155,#10156);
#10158=PLANE('',#10157);
#10159=POLY_LOOP('',(#723,#735,#736));
#10160=FACE_OUTER_BOUND('',#10159,.T.);
#10161=FACE_SURFACE('',(#10160),#10158,.T.);
#10162=CARTESIAN_POINT('',(166.860657,86.030876,6.4));
#10163=DIRECTION('',(-0.740929,-0.671583,0.));
#10164=DIRECTION('',(0.026843,-0.029615,0.999201));
#10165=AXIS2_PLACEMENT_3D('',#10162,#10163,#10164);
#10166=PLANE('',#10165);
#10167=POLY_LOOP('',(#719,#739,#742));
#10168=FACE_OUTER_BOUND('',#10167,.T.);
#10169=FACE_SURFACE('',(#10168),#10166,.T.);
#10170=CARTESIAN_POINT('',(167.122879,85.677307,6.4));
#10171=DIRECTION('',(-0.903978,-0.427578,0.));
#10172=DIRECTION('',(0.01709,-0.036132,0.999201));
#10173=AXIS2_PLACEMENT_3D('',#10170,#10171,#10172);
#10174=PLANE('',#10173);
#10175=POLY_LOOP('',(#722,#736,#737));
#10176=FACE_OUTER_BOUND('',#10175,.T.);
#10177=FACE_SURFACE('',(#10176),#10174,.T.);
#10178=CARTESIAN_POINT('',(167.047211,85.803566,6.4));
#10179=DIRECTION('',(-0.857753,-0.514061,0.));
#10180=DIRECTION('',(0.020546,-0.034282,0.999201));
#10181=AXIS2_PLACEMENT_3D('',#10178,#10179,#10180);
#10182=PLANE('',#10181);
#10183=POLY_LOOP('',(#721,#737,#738));
#10184=FACE_OUTER_BOUND('',#10183,.T.);
#10185=FACE_SURFACE('',(#10184),#10182,.T.);
#10186=CARTESIAN_POINT('',(166.959518,85.921806,6.4));
#10187=DIRECTION('',(-0.80321,-0.595696,0.));
#10188=DIRECTION('',(0.02381,-0.032105,0.999201));
#10189=AXIS2_PLACEMENT_3D('',#10186,#10187,#10188);
#10190=PLANE('',#10189);
#10191=POLY_LOOP('',(#720,#738,#739));
#10192=FACE_OUTER_BOUND('',#10191,.T.);
#10193=FACE_SURFACE('',(#10192),#10190,.T.);
#10194=CARTESIAN_POINT('',(167.271179,85.262848,6.4));
#10195=DIRECTION('',(-0.989184,-0.14668,0.));
#10196=DIRECTION('',(0.005862,-0.039536,0.999201));
#10197=AXIS2_PLACEMENT_3D('',#10194,#10195,#10196);
#10198=PLANE('',#10197);
#10199=POLY_LOOP('',(#725,#734,#740));
#10200=FACE_OUTER_BOUND('',#10199,.T.);
#10201=FACE_SURFACE('',(#10200),#10198,.T.);
#10202=CARTESIAN_POINT('',(167.235413,85.40564,6.4));
#10203=DIRECTION('',(-0.970033,-0.242975,0.));
#10204=DIRECTION('',(0.009711,-0.038771,0.999201));
#10205=AXIS2_PLACEMENT_3D('',#10202,#10203,#10204);
#10206=PLANE('',#10205);
#10207=POLY_LOOP('',(#724,#740,#735));
#10208=FACE_OUTER_BOUND('',#10207,.T.);
#10209=FACE_SURFACE('',(#10208),#10206,.T.);
#10210=CARTESIAN_POINT('',(166.633362,86.217415,6.4));
#10211=DIRECTION('',(-0.595712,-0.803198,0.));
#10212=DIRECTION('',(0.032101,-0.023808,0.999201));
#10213=AXIS2_PLACEMENT_3D('',#10210,#10211,#10212);
#10214=PLANE('',#10213);
#10215=POLY_LOOP('',(#717,#741,#743));
#10216=FACE_OUTER_BOUND('',#10215,.T.);
#10217=FACE_SURFACE('',(#10216),#10214,.T.);
#10218=CARTESIAN_POINT('',(166.751587,86.12973,6.4));
#10219=DIRECTION('',(-0.671555,-0.740955,0.));
#10220=DIRECTION('',(0.029615,-0.026841,0.999201));
#10221=AXIS2_PLACEMENT_3D('',#10218,#10219,#10220);
#10222=PLANE('',#10221);
#10223=POLY_LOOP('',(#718,#742,#741));
#10224=FACE_OUTER_BOUND('',#10223,.T.);
#10225=FACE_SURFACE('',(#10224),#10222,.T.);
#10226=CARTESIAN_POINT('',(115.623093,69.998505,10.08));
#10227=DIRECTION('',(0.,0.,-1.));
#10228=DIRECTION('',(0.950116,0.311897,0.));
#10229=AXIS2_PLACEMENT_3D('',#10226,#10227,#10228);
#10230=PLANE('',#10229);
#10231=POLY_LOOP('',(#576,#674,#578));
#10232=FACE_OUTER_BOUND('',#10231,.T.);
#10233=FACE_SURFACE('',(#10232),#10230,.T.);
#10234=CARTESIAN_POINT('',(118.056686,69.07019,10.08));
#10235=DIRECTION('',(0.,0.,-1.));
#10236=DIRECTION('',(0.939548,0.342418,0.));
#10237=AXIS2_PLACEMENT_3D('',#10234,#10235,#10236);
#10238=PLANE('',#10237);
#10239=POLY_LOOP('',(#578,#674,#579));
#10240=FACE_OUTER_BOUND('',#10239,.T.);
#10241=FACE_SURFACE('',(#10240),#10238,.T.);
#10242=CARTESIAN_POINT('',(122.837547,67.002785,10.08));
#10243=DIRECTION('',(0.,0.,-1.));
#10244=DIRECTION('',(-0.911973,0.410249,0.));
#10245=AXIS2_PLACEMENT_3D('',#10242,#10243,#10244);
#10246=PLANE('',#10245);
#10247=POLY_LOOP('',(#580,#579,#674));
#10248=FACE_OUTER_BOUND('',#10247,.T.);
#10249=FACE_SURFACE('',(#10248),#10246,.T.);
#10250=CARTESIAN_POINT('',(122.837547,67.002785,10.08));
#10251=DIRECTION('',(0.,0.,-1.));
#10252=DIRECTION('',(0.910853,0.412732,0.));
#10253=AXIS2_PLACEMENT_3D('',#10250,#10251,#10252);
#10254=PLANE('',#10253);
#10255=POLY_LOOP('',(#580,#674,#582));
#10256=FACE_OUTER_BOUND('',#10255,.T.);
#10257=FACE_SURFACE('',(#10256),#10254,.T.);
#10258=CARTESIAN_POINT('',(134.192612,60.648411,10.08));
#10259=DIRECTION('',(0.,0.,-1.));
#10260=DIRECTION('',(0.774423,0.632668,0.));
#10261=AXIS2_PLACEMENT_3D('',#10258,#10259,#10260);
#10262=PLANE('',#10261);
#10263=POLY_LOOP('',(#585,#674,#587));
#10264=FACE_OUTER_BOUND('',#10263,.T.);
#10265=FACE_SURFACE('',(#10264),#10262,.T.);
#10266=CARTESIAN_POINT('',(136.345764,59.182777,10.08));
#10267=DIRECTION('',(0.,0.,-1.));
#10268=DIRECTION('',(0.733574,0.679609,0.));
#10269=AXIS2_PLACEMENT_3D('',#10266,#10267,#10268);
#10270=PLANE('',#10269);
#10271=POLY_LOOP('',(#587,#674,#588));
#10272=FACE_OUTER_BOUND('',#10271,.T.);
#10273=FACE_SURFACE('',(#10272),#10270,.T.);
#10274=CARTESIAN_POINT('',(140.519379,56.066391,10.08));
#10275=DIRECTION('',(0.,0.,-1.));
#10276=DIRECTION('',(-0.792465,0.609917,0.));
#10277=AXIS2_PLACEMENT_3D('',#10274,#10275,#10276);
#10278=PLANE('',#10277);
#10279=POLY_LOOP('',(#589,#588,#674));
#10280=FACE_OUTER_BOUND('',#10279,.T.);
#10281=FACE_SURFACE('',(#10280),#10278,.T.);
#10282=CARTESIAN_POINT('',(140.519379,56.066391,10.08));
#10283=DIRECTION('',(0.,0.,-1.));
#10284=DIRECTION('',(0.63935,0.768916,0.));
#10285=AXIS2_PLACEMENT_3D('',#10282,#10283,#10284);
#10286=PLANE('',#10285);
#10287=POLY_LOOP('',(#589,#674,#590));
#10288=FACE_OUTER_BOUND('',#10287,.T.);
#10289=FACE_SURFACE('',(#10288),#10286,.T.);
#10290=CARTESIAN_POINT('',(127.489807,64.660286,10.08));
#10291=DIRECTION('',(0.,0.,-1.));
#10292=DIRECTION('',(0.86904,0.494743,0.));
#10293=AXIS2_PLACEMENT_3D('',#10290,#10291,#10292);
#10294=PLANE('',#10293);
#10295=POLY_LOOP('',(#581,#674,#597));
#10296=FACE_OUTER_BOUND('',#10295,.T.);
#10297=FACE_SURFACE('',(#10296),#10294,.T.);
#10298=CARTESIAN_POINT('',(134.192612,60.648411,10.08));
#10299=DIRECTION('',(0.,0.,-1.));
#10300=DIRECTION('',(-0.842712,0.538365,0.));
#10301=AXIS2_PLACEMENT_3D('',#10298,#10299,#10300);
#10302=PLANE('',#10301);
#10303=POLY_LOOP('',(#585,#586,#674));
#10304=FACE_OUTER_BOUND('',#10303,.T.);
#10305=FACE_SURFACE('',(#10304),#10302,.T.);
#10306=CARTESIAN_POINT('',(129.762756,63.388329,10.08));
#10307=DIRECTION('',(0.,0.,-1.));
#10308=DIRECTION('',(0.84208,0.539353,0.));
#10309=AXIS2_PLACEMENT_3D('',#10306,#10307,#10308);
#10310=PLANE('',#10309);
#10311=POLY_LOOP('',(#597,#674,#586));
#10312=FACE_OUTER_BOUND('',#10311,.T.);
#10313=FACE_SURFACE('',(#10312),#10310,.T.);
#10314=CARTESIAN_POINT('',(127.489807,64.660286,10.08));
#10315=DIRECTION('',(0.,0.,-1.));
#10316=DIRECTION('',(-0.886517,0.462696,0.));
#10317=AXIS2_PLACEMENT_3D('',#10314,#10315,#10316);
#10318=PLANE('',#10317);
#10319=POLY_LOOP('',(#581,#582,#674));
#10320=FACE_OUTER_BOUND('',#10319,.T.);
#10321=FACE_SURFACE('',(#10320),#10318,.T.);
#10322=CARTESIAN_POINT('',(110.679916,71.640411,10.08));
#10323=DIRECTION('',(0.,0.,-1.));
#10324=DIRECTION('',(0.965661,0.259807,0.));
#10325=AXIS2_PLACEMENT_3D('',#10322,#10323,#10324);
#10326=PLANE('',#10325);
#10327=POLY_LOOP('',(#575,#674,#577));
#10328=FACE_OUTER_BOUND('',#10327,.T.);
#10329=FACE_SURFACE('',(#10328),#10326,.T.);
#10330=CARTESIAN_POINT('',(115.623093,69.998505,10.08));
#10331=DIRECTION('',(0.,0.,-1.));
#10332=DIRECTION('',(-0.944322,0.329022,0.));
#10333=AXIS2_PLACEMENT_3D('',#10330,#10331,#10332);
#10334=PLANE('',#10333);
#10335=POLY_LOOP('',(#576,#577,#674));
#10336=FACE_OUTER_BOUND('',#10335,.T.);
#10337=FACE_SURFACE('',(#10336),#10334,.T.);
#10338=CARTESIAN_POINT('',(146.421707,50.949242,10.08));
#10339=DIRECTION('',(0.,0.,-1.));
#10340=DIRECTION('',(-0.73616,0.676807,0.));
#10341=AXIS2_PLACEMENT_3D('',#10338,#10339,#10340);
#10342=PLANE('',#10341);
#10343=POLY_LOOP('',(#592,#591,#674));
#10344=FACE_OUTER_BOUND('',#10343,.T.);
#10345=FACE_SURFACE('',(#10344),#10342,.T.);
#10346=CARTESIAN_POINT('',(144.504272,52.712082,10.08));
#10347=DIRECTION('',(0.,0.,-1.));
#10348=DIRECTION('',(-0.755576,0.655062,0.));
#10349=AXIS2_PLACEMENT_3D('',#10346,#10347,#10348);
#10350=PLANE('',#10349);
#10351=POLY_LOOP('',(#591,#590,#674));
#10352=FACE_OUTER_BOUND('',#10351,.T.);
#10353=FACE_SURFACE('',(#10352),#10350,.T.);
#10354=CARTESIAN_POINT('',(162.374771,30.732979,10.08));
#10355=DIRECTION('',(0.,0.,-1.));
#10356=DIRECTION('',(0.090063,0.995936,0.));
#10357=AXIS2_PLACEMENT_3D('',#10354,#10355,#10356);
#10358=PLANE('',#10357);
#10359=POLY_LOOP('',(#565,#734,#728));
#10360=FACE_OUTER_BOUND('',#10359,.T.);
#10361=FACE_SURFACE('',(#10360),#10358,.T.);
#10362=CARTESIAN_POINT('',(162.374771,30.732979,10.08));
#10363=DIRECTION('',(0.,0.,-1.));
#10364=DIRECTION('',(0.089433,0.995993,0.));
#10365=AXIS2_PLACEMENT_3D('',#10362,#10363,#10364);
#10366=PLANE('',#10365);
#10367=POLY_LOOP('',(#565,#740,#734));
#10368=FACE_OUTER_BOUND('',#10367,.T.);
#10369=FACE_SURFACE('',(#10368),#10366,.T.);
#10370=CARTESIAN_POINT('',(162.374771,30.732979,10.08));
#10371=DIRECTION('',(0.,0.,-1.));
#10372=DIRECTION('',(0.088555,0.996071,0.));
#10373=AXIS2_PLACEMENT_3D('',#10370,#10371,#10372);
#10374=PLANE('',#10373);
#10375=POLY_LOOP('',(#565,#735,#740));
#10376=FACE_OUTER_BOUND('',#10375,.T.);
#10377=FACE_SURFACE('',(#10376),#10374,.T.);
#10378=CARTESIAN_POINT('',(162.374771,30.732979,10.08));
#10379=DIRECTION('',(0.,0.,-1.));
#10380=DIRECTION('',(0.061337,0.998117,0.));
#10381=AXIS2_PLACEMENT_3D('',#10378,#10379,#10380);
#10382=PLANE('',#10381);
#10383=POLY_LOOP('',(#565,#674,#732));
#10384=FACE_OUTER_BOUND('',#10383,.T.);
#10385=FACE_SURFACE('',(#10384),#10382,.T.);
#10386=CARTESIAN_POINT('',(162.374771,30.732979,10.08));
#10387=DIRECTION('',(0.,0.,-1.));
#10388=DIRECTION('',(0.063968,0.997952,0.));
#10389=AXIS2_PLACEMENT_3D('',#10386,#10387,#10388);
#10390=PLANE('',#10389);
#10391=POLY_LOOP('',(#565,#732,#733));
#10392=FACE_OUTER_BOUND('',#10391,.T.);
#10393=FACE_SURFACE('',(#10392),#10390,.T.);
#10394=CARTESIAN_POINT('',(162.374771,30.732979,10.08));
#10395=DIRECTION('',(0.,0.,-1.));
#10396=DIRECTION('',(0.06918,0.997604,0.));
#10397=AXIS2_PLACEMENT_3D('',#10394,#10395,#10396);
#10398=PLANE('',#10397);
#10399=POLY_LOOP('',(#565,#729,#730));
#10400=FACE_OUTER_BOUND('',#10399,.T.);
#10401=FACE_SURFACE('',(#10400),#10398,.T.);
#10402=CARTESIAN_POINT('',(162.374771,30.732979,10.08));
#10403=DIRECTION('',(0.,0.,-1.));
#10404=DIRECTION('',(0.071714,0.997425,0.));
#10405=AXIS2_PLACEMENT_3D('',#10402,#10403,#10404);
#10406=PLANE('',#10405);
#10407=POLY_LOOP('',(#565,#730,#731));
#10408=FACE_OUTER_BOUND('',#10407,.T.);
#10409=FACE_SURFACE('',(#10408),#10406,.T.);
#10410=CARTESIAN_POINT('',(162.374771,30.732979,10.08));
#10411=DIRECTION('',(0.,0.,-1.));
#10412=DIRECTION('',(0.074171,0.997246,0.));
#10413=AXIS2_PLACEMENT_3D('',#10410,#10411,#10412);
#10414=PLANE('',#10413);
#10415=POLY_LOOP('',(#565,#731,#743));
#10416=FACE_OUTER_BOUND('',#10415,.T.);
#10417=FACE_SURFACE('',(#10416),#10414,.T.);
#10418=CARTESIAN_POINT('',(162.374771,30.732979,10.08));
#10419=DIRECTION('',(0.,0.,-1.));
#10420=DIRECTION('',(0.06659,0.99778,0.));
#10421=AXIS2_PLACEMENT_3D('',#10418,#10419,#10420);
#10422=PLANE('',#10421);
#10423=POLY_LOOP('',(#565,#733,#729));
#10424=FACE_OUTER_BOUND('',#10423,.T.);
#10425=FACE_SURFACE('',(#10424),#10422,.T.);
#10426=CARTESIAN_POINT('',(162.374771,30.732979,10.08));
#10427=DIRECTION('',(0.,0.,-1.));
#10428=DIRECTION('',(0.084541,0.99642,0.));
#10429=AXIS2_PLACEMENT_3D('',#10426,#10427,#10428);
#10430=PLANE('',#10429);
#10431=POLY_LOOP('',(#565,#738,#737));
#10432=FACE_OUTER_BOUND('',#10431,.T.);
#10433=FACE_SURFACE('',(#10432),#10430,.T.);
#10434=CARTESIAN_POINT('',(162.374771,30.732979,10.08));
#10435=DIRECTION('',(0.,0.,-1.));
#10436=DIRECTION('',(0.078763,0.996893,0.));
#10437=AXIS2_PLACEMENT_3D('',#10434,#10435,#10436);
#10438=PLANE('',#10437);
#10439=POLY_LOOP('',(#565,#741,#742));
#10440=FACE_OUTER_BOUND('',#10439,.T.);
#10441=FACE_SURFACE('',(#10440),#10438,.T.);
#10442=CARTESIAN_POINT('',(162.374771,30.732979,10.08));
#10443=DIRECTION('',(0.,0.,-1.));
#10444=DIRECTION('',(0.082789,0.996567,0.));
#10445=AXIS2_PLACEMENT_3D('',#10442,#10443,#10444);
#10446=PLANE('',#10445);
#10447=POLY_LOOP('',(#565,#739,#738));
#10448=FACE_OUTER_BOUND('',#10447,.T.);
#10449=FACE_SURFACE('',(#10448),#10446,.T.);
#10450=CARTESIAN_POINT('',(162.374771,30.732979,10.08));
#10451=DIRECTION('',(0.,0.,-1.));
#10452=DIRECTION('',(0.080857,0.996726,0.));
#10453=AXIS2_PLACEMENT_3D('',#10450,#10451,#10452);
#10454=PLANE('',#10453);
#10455=POLY_LOOP('',(#565,#742,#739));
#10456=FACE_OUTER_BOUND('',#10455,.T.);
#10457=FACE_SURFACE('',(#10456),#10454,.T.);
#10458=CARTESIAN_POINT('',(162.374771,30.732979,10.08));
#10459=DIRECTION('',(0.,0.,-1.));
#10460=DIRECTION('',(0.087439,0.99617,0.));
#10461=AXIS2_PLACEMENT_3D('',#10458,#10459,#10460);
#10462=PLANE('',#10461);
#10463=POLY_LOOP('',(#565,#736,#735));
#10464=FACE_OUTER_BOUND('',#10463,.T.);
#10465=FACE_SURFACE('',(#10464),#10462,.T.);
#10466=CARTESIAN_POINT('',(162.374771,30.732979,10.08));
#10467=DIRECTION('',(0.,0.,-1.));
#10468=DIRECTION('',(0.086096,0.996287,0.));
#10469=AXIS2_PLACEMENT_3D('',#10466,#10467,#10468);
#10470=PLANE('',#10469);
#10471=POLY_LOOP('',(#565,#737,#736));
#10472=FACE_OUTER_BOUND('',#10471,.T.);
#10473=FACE_SURFACE('',(#10472),#10470,.T.);
#10474=CARTESIAN_POINT('',(162.374771,30.732979,10.08));
#10475=DIRECTION('',(0.,0.,-1.));
#10476=DIRECTION('',(0.076528,0.997067,0.));
#10477=AXIS2_PLACEMENT_3D('',#10474,#10475,#10476);
#10478=PLANE('',#10477);
#10479=POLY_LOOP('',(#565,#743,#741));
#10480=FACE_OUTER_BOUND('',#10479,.T.);
#10481=FACE_SURFACE('',(#10480),#10478,.T.);
#10482=CARTESIAN_POINT('',(4.7,-12.129787,1.6));
#10483=DIRECTION('',(0.,0.,1.));
#10484=DIRECTION('',(0.010105,0.999949,0.));
#10485=AXIS2_PLACEMENT_3D('',#10482,#10483,#10484);
#10486=PLANE('',#10485);
#10487=POLY_LOOP('',(#744,#745,#746));
#10488=FACE_OUTER_BOUND('',#10487,.T.);
#10489=FACE_SURFACE('',(#10488),#10486,.T.);
#10490=CARTESIAN_POINT('',(4.7,-12.129787,1.6));
#10491=DIRECTION('',(0.,0.,1.));
#10492=DIRECTION('',(0.008191,0.999966,0.));
#10493=AXIS2_PLACEMENT_3D('',#10490,#10491,#10492);
#10494=PLANE('',#10493);
#10495=POLY_LOOP('',(#744,#746,#747));
#10496=FACE_OUTER_BOUND('',#10495,.T.);
#10497=FACE_SURFACE('',(#10496),#10494,.T.);
#10498=CARTESIAN_POINT('',(4.7,-12.129787,1.6));
#10499=DIRECTION('',(0.,0.,1.));
#10500=DIRECTION('',(0.007028,0.999975,0.));
#10501=AXIS2_PLACEMENT_3D('',#10498,#10499,#10500);
#10502=PLANE('',#10501);
#10503=POLY_LOOP('',(#744,#747,#748));
#10504=FACE_OUTER_BOUND('',#10503,.T.);
#10505=FACE_SURFACE('',(#10504),#10502,.T.);
#10506=CARTESIAN_POINT('',(4.7,-12.129787,1.6));
#10507=DIRECTION('',(0.,0.,1.));
#10508=DIRECTION('',(0.043075,0.999072,0.));
#10509=AXIS2_PLACEMENT_3D('',#10506,#10507,#10508);
#10510=PLANE('',#10509);
#10511=POLY_LOOP('',(#744,#749,#750));
#10512=FACE_OUTER_BOUND('',#10511,.T.);
#10513=FACE_SURFACE('',(#10512),#10510,.T.);
#10514=CARTESIAN_POINT('',(4.7,-12.129787,1.6));
#10515=DIRECTION('',(0.,0.,1.));
#10516=DIRECTION('',(0.065165,0.997874,0.));
#10517=AXIS2_PLACEMENT_3D('',#10514,#10515,#10516);
#10518=PLANE('',#10517);
#10519=POLY_LOOP('',(#744,#751,#752));
#10520=FACE_OUTER_BOUND('',#10519,.T.);
#10521=FACE_SURFACE('',(#10520),#10518,.T.);
#10522=CARTESIAN_POINT('',(4.7,-12.129787,1.6));
#10523=DIRECTION('',(0.,0.,1.));
#10524=DIRECTION('',(0.050087,0.998745,0.));
#10525=AXIS2_PLACEMENT_3D('',#10522,#10523,#10524);
#10526=PLANE('',#10525);
#10527=POLY_LOOP('',(#744,#753,#749));
#10528=FACE_OUTER_BOUND('',#10527,.T.);
#10529=FACE_SURFACE('',(#10528),#10526,.T.);
#10530=CARTESIAN_POINT('',(4.7,-12.129787,1.6));
#10531=DIRECTION('',(0.,0.,1.));
#10532=DIRECTION('',(0.057479,0.998347,0.));
#10533=AXIS2_PLACEMENT_3D('',#10530,#10531,#10532);
#10534=PLANE('',#10533);
#10535=POLY_LOOP('',(#744,#752,#753));
#10536=FACE_OUTER_BOUND('',#10535,.T.);
#10537=FACE_SURFACE('',(#10536),#10534,.T.);
#10538=CARTESIAN_POINT('',(4.7,-12.129787,1.6));
#10539=DIRECTION('',(0.,0.,1.));
#10540=DIRECTION('',(0.073055,0.997328,0.));
#10541=AXIS2_PLACEMENT_3D('',#10538,#10539,#10540);
#10542=PLANE('',#10541);
#10543=POLY_LOOP('',(#744,#754,#751));
#10544=FACE_OUTER_BOUND('',#10543,.T.);
#10545=FACE_SURFACE('',(#10544),#10542,.T.);
#10546=CARTESIAN_POINT('',(4.7,-12.129787,1.6));
#10547=DIRECTION('',(0.,0.,1.));
#10548=DIRECTION('',(0.081052,0.99671,0.));
#10549=AXIS2_PLACEMENT_3D('',#10546,#10547,#10548);
#10550=PLANE('',#10549);
#10551=POLY_LOOP('',(#744,#755,#754));
#10552=FACE_OUTER_BOUND('',#10551,.T.);
#10553=FACE_SURFACE('',(#10552),#10550,.T.);
#10554=CARTESIAN_POINT('',(4.7,-12.129787,1.6));
#10555=DIRECTION('',(0.,0.,1.));
#10556=DIRECTION('',(0.030498,0.999535,0.));
#10557=AXIS2_PLACEMENT_3D('',#10554,#10555,#10556);
#10558=PLANE('',#10557);
#10559=POLY_LOOP('',(#744,#756,#757));
#10560=FACE_OUTER_BOUND('',#10559,.T.);
#10561=FACE_SURFACE('',(#10560),#10558,.T.);
#10562=CARTESIAN_POINT('',(4.7,-12.129787,1.6));
#10563=DIRECTION('',(0.,0.,1.));
#10564=DIRECTION('',(0.025064,0.999686,0.));
#10565=AXIS2_PLACEMENT_3D('',#10562,#10563,#10564);
#10566=PLANE('',#10565);
#10567=POLY_LOOP('',(#744,#757,#758));
#10568=FACE_OUTER_BOUND('',#10567,.T.);
#10569=FACE_SURFACE('',(#10568),#10566,.T.);
#10570=CARTESIAN_POINT('',(4.7,-12.129787,1.6));
#10571=DIRECTION('',(0.,0.,1.));
#10572=DIRECTION('',(0.036522,0.999333,0.));
#10573=AXIS2_PLACEMENT_3D('',#10570,#10571,#10572);
#10574=PLANE('',#10573);
#10575=POLY_LOOP('',(#744,#750,#756));
#10576=FACE_OUTER_BOUND('',#10575,.T.);
#10577=FACE_SURFACE('',(#10576),#10574,.T.);
#10578=CARTESIAN_POINT('',(4.7,-12.129787,1.6));
#10579=DIRECTION('',(0.,0.,1.));
#10580=DIRECTION('',(0.020271,0.999795,0.));
#10581=AXIS2_PLACEMENT_3D('',#10578,#10579,#10580);
#10582=PLANE('',#10581);
#10583=POLY_LOOP('',(#744,#758,#759));
#10584=FACE_OUTER_BOUND('',#10583,.T.);
#10585=FACE_SURFACE('',(#10584),#10582,.T.);
#10586=CARTESIAN_POINT('',(4.7,-12.129787,1.6));
#10587=DIRECTION('',(0.,0.,1.));
#10588=DIRECTION('',(0.016162,0.999869,0.));
#10589=AXIS2_PLACEMENT_3D('',#10586,#10587,#10588);
#10590=PLANE('',#10589);
#10591=POLY_LOOP('',(#744,#759,#760));
#10592=FACE_OUTER_BOUND('',#10591,.T.);
#10593=FACE_SURFACE('',(#10592),#10590,.T.);
#10594=CARTESIAN_POINT('',(4.7,-12.129787,1.6));
#10595=DIRECTION('',(0.,0.,1.));
#10596=DIRECTION('',(0.012766,0.999919,0.));
#10597=AXIS2_PLACEMENT_3D('',#10594,#10595,#10596);
#10598=PLANE('',#10597);
#10599=POLY_LOOP('',(#744,#760,#745));
#10600=FACE_OUTER_BOUND('',#10599,.T.);
#10601=FACE_SURFACE('',(#10600),#10598,.T.);
#10602=CARTESIAN_POINT('',(4.7,-12.129787,1.6));
#10603=DIRECTION('',(0.,0.,1.));
#10604=DIRECTION('',(0.08906,0.996026,0.));
#10605=AXIS2_PLACEMENT_3D('',#10602,#10603,#10604);
#10606=PLANE('',#10605);
#10607=POLY_LOOP('',(#744,#761,#755));
#10608=FACE_OUTER_BOUND('',#10607,.T.);
#10609=FACE_SURFACE('',(#10608),#10606,.T.);
#10610=CARTESIAN_POINT('',(4.7,-12.129787,1.6));
#10611=DIRECTION('',(0.,0.,1.));
#10612=DIRECTION('',(0.09698,0.995286,0.));
#10613=AXIS2_PLACEMENT_3D('',#10610,#10611,#10612);
#10614=PLANE('',#10613);
#10615=POLY_LOOP('',(#744,#762,#761));
#10616=FACE_OUTER_BOUND('',#10615,.T.);
#10617=FACE_SURFACE('',(#10616),#10614,.T.);
#10618=CARTESIAN_POINT('',(4.7,-12.129787,1.6));
#10619=DIRECTION('',(0.,0.,1.));
#10620=DIRECTION('',(0.104718,0.994502,0.));
#10621=AXIS2_PLACEMENT_3D('',#10618,#10619,#10620);
#10622=PLANE('',#10621);
#10623=POLY_LOOP('',(#744,#763,#762));
#10624=FACE_OUTER_BOUND('',#10623,.T.);
#10625=FACE_SURFACE('',(#10624),#10622,.T.);
#10626=CARTESIAN_POINT('',(4.7,-12.129787,1.6));
#10627=DIRECTION('',(0.,0.,1.));
#10628=DIRECTION('',(0.112182,0.993688,0.));
#10629=AXIS2_PLACEMENT_3D('',#10626,#10627,#10628);
#10630=PLANE('',#10629);
#10631=POLY_LOOP('',(#744,#764,#763));
#10632=FACE_OUTER_BOUND('',#10631,.T.);
#10633=FACE_SURFACE('',(#10632),#10630,.T.);
#10634=CARTESIAN_POINT('',(4.7,-12.129787,1.6));
#10635=DIRECTION('',(0.,0.,1.));
#10636=DIRECTION('',(0.119285,0.99286,0.));
#10637=AXIS2_PLACEMENT_3D('',#10634,#10635,#10636);
#10638=PLANE('',#10637);
#10639=POLY_LOOP('',(#744,#765,#764));
#10640=FACE_OUTER_BOUND('',#10639,.T.);
#10641=FACE_SURFACE('',(#10640),#10638,.T.);
#10642=CARTESIAN_POINT('',(4.7,-12.129787,1.6));
#10643=DIRECTION('',(0.,0.,1.));
#10644=DIRECTION('',(0.125948,0.992037,0.));
#10645=AXIS2_PLACEMENT_3D('',#10642,#10643,#10644);
#10646=PLANE('',#10645);
#10647=POLY_LOOP('',(#744,#766,#765));
#10648=FACE_OUTER_BOUND('',#10647,.T.);
#10649=FACE_SURFACE('',(#10648),#10646,.T.);
#10650=CARTESIAN_POINT('',(4.7,-12.129787,1.6));
#10651=DIRECTION('',(0.,0.,1.));
#10652=DIRECTION('',(0.006609,0.999978,0.));
#10653=AXIS2_PLACEMENT_3D('',#10650,#10651,#10652);
#10654=PLANE('',#10653);
#10655=POLY_LOOP('',(#744,#748,#767));
#10656=FACE_OUTER_BOUND('',#10655,.T.);
#10657=FACE_SURFACE('',(#10656),#10654,.T.);
#10658=CARTESIAN_POINT('',(4.8,3.,1.6));
#10659=DIRECTION('',(0.,0.,1.));
#10660=DIRECTION('',(0.049067,0.998795,0.));
#10661=AXIS2_PLACEMENT_3D('',#10658,#10659,#10660);
#10662=PLANE('',#10661);
#10663=POLY_LOOP('',(#748,#768,#767));
#10664=FACE_OUTER_BOUND('',#10663,.T.);
#10665=FACE_SURFACE('',(#10664),#10662,.T.);
#10666=CARTESIAN_POINT('',(4.805538,3.11272,1.6));
#10667=DIRECTION('',(0.,0.,1.));
#10668=DIRECTION('',(0.146729,0.989177,0.));
#10669=AXIS2_PLACEMENT_3D('',#10666,#10667,#10668);
#10670=PLANE('',#10669);
#10671=POLY_LOOP('',(#768,#769,#770));
#10672=FACE_OUTER_BOUND('',#10671,.T.);
#10673=FACE_SURFACE('',(#10672),#10670,.T.);
#10674=CARTESIAN_POINT('',(4.822097,3.224354,1.6));
#10675=DIRECTION('',(0.,0.,1.));
#10676=DIRECTION('',(0.242982,0.970031,0.));
#10677=AXIS2_PLACEMENT_3D('',#10674,#10675,#10676);
#10678=PLANE('',#10677);
#10679=POLY_LOOP('',(#769,#771,#772));
#10680=FACE_OUTER_BOUND('',#10679,.T.);
#10681=FACE_SURFACE('',(#10680),#10678,.T.);
#10682=CARTESIAN_POINT('',(4.849519,3.333827,1.6));
#10683=DIRECTION('',(0.,0.,1.));
#10684=DIRECTION('',(0.336888,0.941545,0.));
#10685=AXIS2_PLACEMENT_3D('',#10682,#10683,#10684);
#10686=PLANE('',#10685);
#10687=POLY_LOOP('',(#771,#773,#774));
#10688=FACE_OUTER_BOUND('',#10687,.T.);
#10689=FACE_SURFACE('',(#10688),#10686,.T.);
#10690=CARTESIAN_POINT('',(4.887538,3.440086,1.6));
#10691=DIRECTION('',(0.,0.,1.));
#10692=DIRECTION('',(0.427556,0.903989,0.));
#10693=AXIS2_PLACEMENT_3D('',#10690,#10691,#10692);
#10694=PLANE('',#10693);
#10695=POLY_LOOP('',(#773,#775,#776));
#10696=FACE_OUTER_BOUND('',#10695,.T.);
#10697=FACE_SURFACE('',(#10696),#10694,.T.);
#10698=CARTESIAN_POINT('',(4.935791,3.542106,1.6));
#10699=DIRECTION('',(0.,0.,1.));
#10700=DIRECTION('',(0.514104,0.857728,0.));
#10701=AXIS2_PLACEMENT_3D('',#10698,#10699,#10700);
#10702=PLANE('',#10701);
#10703=POLY_LOOP('',(#775,#777,#778));
#10704=FACE_OUTER_BOUND('',#10703,.T.);
#10705=FACE_SURFACE('',(#10704),#10702,.T.);
#10706=CARTESIAN_POINT('',(4.99381,3.638906,1.6));
#10707=DIRECTION('',(0.,0.,1.));
#10708=DIRECTION('',(0.595698,0.803208,0.));
#10709=AXIS2_PLACEMENT_3D('',#10706,#10707,#10708);
#10710=PLANE('',#10709);
#10711=POLY_LOOP('',(#777,#779,#780));
#10712=FACE_OUTER_BOUND('',#10711,.T.);
#10713=FACE_SURFACE('',(#10712),#10710,.T.);
#10714=CARTESIAN_POINT('',(5.061038,3.729552,1.6));
#10715=DIRECTION('',(0.,0.,1.));
#10716=DIRECTION('',(0.671558,0.740952,0.));
#10717=AXIS2_PLACEMENT_3D('',#10714,#10715,#10716);
#10718=PLANE('',#10717);
#10719=POLY_LOOP('',(#779,#781,#782));
#10720=FACE_OUTER_BOUND('',#10719,.T.);
#10721=FACE_SURFACE('',(#10720),#10718,.T.);
#10722=CARTESIAN_POINT('',(5.136827,3.813173,1.6));
#10723=DIRECTION('',(0.,0.,1.));
#10724=DIRECTION('',(0.740951,0.671559,0.));
#10725=AXIS2_PLACEMENT_3D('',#10722,#10723,#10724);
#10726=PLANE('',#10725);
#10727=POLY_LOOP('',(#781,#783,#784));
#10728=FACE_OUTER_BOUND('',#10727,.T.);
#10729=FACE_SURFACE('',(#10728),#10726,.T.);
#10730=CARTESIAN_POINT('',(5.220448,3.888962,1.6));
#10731=DIRECTION('',(0.,0.,1.));
#10732=DIRECTION('',(0.803208,0.595699,0.));
#10733=AXIS2_PLACEMENT_3D('',#10730,#10731,#10732);
#10734=PLANE('',#10733);
#10735=POLY_LOOP('',(#783,#785,#786));
#10736=FACE_OUTER_BOUND('',#10735,.T.);
#10737=FACE_SURFACE('',(#10736),#10734,.T.);
#10738=CARTESIAN_POINT('',(5.311094,3.95619,1.6));
#10739=DIRECTION('',(0.,0.,1.));
#10740=DIRECTION('',(0.857729,0.514102,0.));
#10741=AXIS2_PLACEMENT_3D('',#10738,#10739,#10740);
#10742=PLANE('',#10741);
#10743=POLY_LOOP('',(#785,#787,#788));
#10744=FACE_OUTER_BOUND('',#10743,.T.);
#10745=FACE_SURFACE('',(#10744),#10742,.T.);
#10746=CARTESIAN_POINT('',(5.407894,4.014209,1.6));
#10747=DIRECTION('',(0.,0.,1.));
#10748=DIRECTION('',(0.903989,0.427556,0.));
#10749=AXIS2_PLACEMENT_3D('',#10746,#10747,#10748);
#10750=PLANE('',#10749);
#10751=POLY_LOOP('',(#787,#789,#790));
#10752=FACE_OUTER_BOUND('',#10751,.T.);
#10753=FACE_SURFACE('',(#10752),#10750,.T.);
#10754=CARTESIAN_POINT('',(5.509914,4.062461,1.6));
#10755=DIRECTION('',(0.,0.,1.));
#10756=DIRECTION('',(0.941544,0.336891,0.));
#10757=AXIS2_PLACEMENT_3D('',#10754,#10755,#10756);
#10758=PLANE('',#10757);
#10759=POLY_LOOP('',(#789,#791,#792));
#10760=FACE_OUTER_BOUND('',#10759,.T.);
#10761=FACE_SURFACE('',(#10760),#10758,.T.);
#10762=CARTESIAN_POINT('',(5.616173,4.100482,1.6));
#10763=DIRECTION('',(0.,0.,1.));
#10764=DIRECTION('',(0.970032,0.242979,0.));
#10765=AXIS2_PLACEMENT_3D('',#10762,#10763,#10764);
#10766=PLANE('',#10765);
#10767=POLY_LOOP('',(#791,#793,#794));
#10768=FACE_OUTER_BOUND('',#10767,.T.);
#10769=FACE_SURFACE('',(#10768),#10766,.T.);
#10770=CARTESIAN_POINT('',(5.725646,4.127903,1.6));
#10771=DIRECTION('',(0.,0.,1.));
#10772=DIRECTION('',(0.989176,0.146732,0.));
#10773=AXIS2_PLACEMENT_3D('',#10770,#10771,#10772);
#10774=PLANE('',#10773);
#10775=POLY_LOOP('',(#793,#795,#796));
#10776=FACE_OUTER_BOUND('',#10775,.T.);
#10777=FACE_SURFACE('',(#10776),#10774,.T.);
#10778=CARTESIAN_POINT('',(5.83728,4.144463,1.6));
#10779=DIRECTION('',(0.,0.,1.));
#10780=DIRECTION('',(0.998795,0.049067,0.));
#10781=AXIS2_PLACEMENT_3D('',#10778,#10779,#10780);
#10782=PLANE('',#10781);
#10783=POLY_LOOP('',(#795,#797,#798));
#10784=FACE_OUTER_BOUND('',#10783,.T.);
#10785=FACE_SURFACE('',(#10784),#10782,.T.);
#10786=CARTESIAN_POINT('',(5.95,4.15,1.6));
#10787=DIRECTION('',(0.,0.,1.));
#10788=DIRECTION('',(0.998795,-0.049067,0.));
#10789=AXIS2_PLACEMENT_3D('',#10786,#10787,#10788);
#10790=PLANE('',#10789);
#10791=POLY_LOOP('',(#797,#799,#800));
#10792=FACE_OUTER_BOUND('',#10791,.T.);
#10793=FACE_SURFACE('',(#10792),#10790,.T.);
#10794=CARTESIAN_POINT('',(6.06272,4.144463,1.6));
#10795=DIRECTION('',(0.,0.,1.));
#10796=DIRECTION('',(0.989176,-0.146732,0.));
#10797=AXIS2_PLACEMENT_3D('',#10794,#10795,#10796);
#10798=PLANE('',#10797);
#10799=POLY_LOOP('',(#799,#801,#802));
#10800=FACE_OUTER_BOUND('',#10799,.T.);
#10801=FACE_SURFACE('',(#10800),#10798,.T.);
#10802=CARTESIAN_POINT('',(6.283827,4.100482,1.6));
#10803=DIRECTION('',(0.,0.,1.));
#10804=DIRECTION('',(-0.004941,0.999988,0.));
#10805=AXIS2_PLACEMENT_3D('',#10802,#10803,#10804);
#10806=PLANE('',#10805);
#10807=POLY_LOOP('',(#803,#804,#801));
#10808=FACE_OUTER_BOUND('',#10807,.T.);
#10809=FACE_SURFACE('',(#10808),#10806,.T.);
#10810=CARTESIAN_POINT('',(6.283827,4.100482,1.6));
#10811=DIRECTION('',(0.,0.,1.));
#10812=DIRECTION('',(0.941544,-0.336891,0.));
#10813=AXIS2_PLACEMENT_3D('',#10810,#10811,#10812);
#10814=PLANE('',#10813);
#10815=POLY_LOOP('',(#803,#805,#806));
#10816=FACE_OUTER_BOUND('',#10815,.T.);
#10817=FACE_SURFACE('',(#10816),#10814,.T.);
#10818=CARTESIAN_POINT('',(6.492106,4.014209,1.6));
#10819=DIRECTION('',(0.,0.,1.));
#10820=DIRECTION('',(-0.004574,0.99999,0.));
#10821=AXIS2_PLACEMENT_3D('',#10818,#10819,#10820);
#10822=PLANE('',#10821);
#10823=POLY_LOOP('',(#807,#808,#805));
#10824=FACE_OUTER_BOUND('',#10823,.T.);
#10825=FACE_SURFACE('',(#10824),#10822,.T.);
#10826=CARTESIAN_POINT('',(6.588906,3.95619,1.6));
#10827=DIRECTION('',(0.,0.,1.));
#10828=DIRECTION('',(-0.004319,0.999991,0.));
#10829=AXIS2_PLACEMENT_3D('',#10826,#10827,#10828);
#10830=PLANE('',#10829);
#10831=POLY_LOOP('',(#809,#810,#807));
#10832=FACE_OUTER_BOUND('',#10831,.T.);
#10833=FACE_SURFACE('',(#10832),#10830,.T.);
#10834=CARTESIAN_POINT('',(6.588906,3.95619,1.6));
#10835=DIRECTION('',(0.,0.,1.));
#10836=DIRECTION('',(0.803207,-0.595701,0.));
#10837=AXIS2_PLACEMENT_3D('',#10834,#10835,#10836);
#10838=PLANE('',#10837);
#10839=POLY_LOOP('',(#809,#811,#812));
#10840=FACE_OUTER_BOUND('',#10839,.T.);
#10841=FACE_SURFACE('',(#10840),#10838,.T.);
#10842=CARTESIAN_POINT('',(6.763173,3.813173,1.6));
#10843=DIRECTION('',(0.,0.,1.));
#10844=DIRECTION('',(0.67156,-0.74095,0.));
#10845=AXIS2_PLACEMENT_3D('',#10842,#10843,#10844);
#10846=PLANE('',#10845);
#10847=POLY_LOOP('',(#813,#814,#815));
#10848=FACE_OUTER_BOUND('',#10847,.T.);
#10849=FACE_SURFACE('',(#10848),#10846,.T.);
#10850=CARTESIAN_POINT('',(6.763173,3.813173,1.6));
#10851=DIRECTION('',(0.,0.,1.));
#10852=DIRECTION('',(-0.003687,0.999993,0.));
#10853=AXIS2_PLACEMENT_3D('',#10850,#10851,#10852);
#10854=PLANE('',#10853);
#10855=POLY_LOOP('',(#813,#816,#811));
#10856=FACE_OUTER_BOUND('',#10855,.T.);
#10857=FACE_SURFACE('',(#10856),#10854,.T.);
#10858=CARTESIAN_POINT('',(7.1,3.,1.6));
#10859=DIRECTION('',(0.,0.,1.));
#10860=DIRECTION('',(-0.000915,1.,0.));
#10861=AXIS2_PLACEMENT_3D('',#10858,#10859,#10860);
#10862=PLANE('',#10861);
#10863=POLY_LOOP('',(#817,#818,#819));
#10864=FACE_OUTER_BOUND('',#10863,.T.);
#10865=FACE_SURFACE('',(#10864),#10862,.T.);
#10866=CARTESIAN_POINT('',(7.094462,3.11272,1.6));
#10867=DIRECTION('',(0.,0.,1.));
#10868=DIRECTION('',(-0.000689,1.,0.));
#10869=AXIS2_PLACEMENT_3D('',#10866,#10867,#10868);
#10870=PLANE('',#10869);
#10871=POLY_LOOP('',(#819,#818,#820));
#10872=FACE_OUTER_BOUND('',#10871,.T.);
#10873=FACE_SURFACE('',(#10872),#10870,.T.);
#10874=CARTESIAN_POINT('',(7.077903,3.224354,1.6));
#10875=DIRECTION('',(0.,0.,1.));
#10876=DIRECTION('',(-0.001151,0.999999,0.));
#10877=AXIS2_PLACEMENT_3D('',#10874,#10875,#10876);
#10878=PLANE('',#10877);
#10879=POLY_LOOP('',(#820,#821,#822));
#10880=FACE_OUTER_BOUND('',#10879,.T.);
#10881=FACE_SURFACE('',(#10880),#10878,.T.);
#10882=CARTESIAN_POINT('',(7.050481,3.333827,1.6));
#10883=DIRECTION('',(0.,0.,1.));
#10884=DIRECTION('',(-0.00161,0.999999,0.));
#10885=AXIS2_PLACEMENT_3D('',#10882,#10883,#10884);
#10886=PLANE('',#10885);
#10887=POLY_LOOP('',(#822,#823,#824));
#10888=FACE_OUTER_BOUND('',#10887,.T.);
#10889=FACE_SURFACE('',(#10888),#10886,.T.);
#10890=CARTESIAN_POINT('',(6.96421,3.542106,1.6));
#10891=DIRECTION('',(0.,0.,1.));
#10892=DIRECTION('',(0.427556,-0.903989,0.));
#10893=AXIS2_PLACEMENT_3D('',#10890,#10891,#10892);
#10894=PLANE('',#10893);
#10895=POLY_LOOP('',(#825,#824,#826));
#10896=FACE_OUTER_BOUND('',#10895,.T.);
#10897=FACE_SURFACE('',(#10896),#10894,.T.);
#10898=CARTESIAN_POINT('',(6.96421,3.542106,1.6));
#10899=DIRECTION('',(0.,0.,1.));
#10900=DIRECTION('',(-0.002501,0.999997,0.));
#10901=AXIS2_PLACEMENT_3D('',#10898,#10899,#10900);
#10902=PLANE('',#10901);
#10903=POLY_LOOP('',(#825,#827,#828));
#10904=FACE_OUTER_BOUND('',#10903,.T.);
#10905=FACE_SURFACE('',(#10904),#10902,.T.);
#10906=CARTESIAN_POINT('',(6.90619,3.638906,1.6));
#10907=DIRECTION('',(0.,0.,1.));
#10908=DIRECTION('',(-0.002921,0.999996,0.));
#10909=AXIS2_PLACEMENT_3D('',#10906,#10907,#10908);
#10910=PLANE('',#10909);
#10911=POLY_LOOP('',(#828,#829,#814));
#10912=FACE_OUTER_BOUND('',#10911,.T.);
#10913=FACE_SURFACE('',(#10912),#10910,.T.);
#10914=CARTESIAN_POINT('',(5.220448,3.888962,1.6));
#10915=DIRECTION('',(0.,0.,1.));
#10916=DIRECTION('',(0.,1.,0.));
#10917=AXIS2_PLACEMENT_3D('',#10914,#10915,#10916);
#10918=PLANE('',#10917);
#10919=POLY_LOOP('',(#783,#786,#784));
#10920=FACE_OUTER_BOUND('',#10919,.T.);
#10921=FACE_SURFACE('',(#10920),#10918,.T.);
#10922=CARTESIAN_POINT('',(5.311094,3.95619,1.6));
#10923=DIRECTION('',(0.,0.,1.));
#10924=DIRECTION('',(0.,1.,0.));
#10925=AXIS2_PLACEMENT_3D('',#10922,#10923,#10924);
#10926=PLANE('',#10925);
#10927=POLY_LOOP('',(#785,#788,#786));
#10928=FACE_OUTER_BOUND('',#10927,.T.);
#10929=FACE_SURFACE('',(#10928),#10926,.T.);
#10930=CARTESIAN_POINT('',(5.407894,4.014209,1.6));
#10931=DIRECTION('',(0.,0.,1.));
#10932=DIRECTION('',(0.,1.,0.));
#10933=AXIS2_PLACEMENT_3D('',#10930,#10931,#10932);
#10934=PLANE('',#10933);
#10935=POLY_LOOP('',(#787,#790,#788));
#10936=FACE_OUTER_BOUND('',#10935,.T.);
#10937=FACE_SURFACE('',(#10936),#10934,.T.);
#10938=CARTESIAN_POINT('',(5.509914,4.062461,1.6));
#10939=DIRECTION('',(0.,0.,1.));
#10940=DIRECTION('',(0.,1.,0.));
#10941=AXIS2_PLACEMENT_3D('',#10938,#10939,#10940);
#10942=PLANE('',#10941);
#10943=POLY_LOOP('',(#789,#792,#790));
#10944=FACE_OUTER_BOUND('',#10943,.T.);
#10945=FACE_SURFACE('',(#10944),#10942,.T.);
#10946=CARTESIAN_POINT('',(5.616173,4.100482,1.6));
#10947=DIRECTION('',(0.,0.,1.));
#10948=DIRECTION('',(0.,1.,0.));
#10949=AXIS2_PLACEMENT_3D('',#10946,#10947,#10948);
#10950=PLANE('',#10949);
#10951=POLY_LOOP('',(#791,#794,#792));
#10952=FACE_OUTER_BOUND('',#10951,.T.);
#10953=FACE_SURFACE('',(#10952),#10950,.T.);
#10954=CARTESIAN_POINT('',(5.83728,4.144463,1.6));
#10955=DIRECTION('',(0.,0.,1.));
#10956=DIRECTION('',(0.,1.,0.));
#10957=AXIS2_PLACEMENT_3D('',#10954,#10955,#10956);
#10958=PLANE('',#10957);
#10959=POLY_LOOP('',(#795,#798,#796));
#10960=FACE_OUTER_BOUND('',#10959,.T.);
#10961=FACE_SURFACE('',(#10960),#10958,.T.);
#10962=CARTESIAN_POINT('',(5.725646,4.127903,1.6));
#10963=DIRECTION('',(0.,0.,1.));
#10964=DIRECTION('',(0.,1.,0.));
#10965=AXIS2_PLACEMENT_3D('',#10962,#10963,#10964);
#10966=PLANE('',#10965);
#10967=POLY_LOOP('',(#793,#796,#794));
#10968=FACE_OUTER_BOUND('',#10967,.T.);
#10969=FACE_SURFACE('',(#10968),#10966,.T.);
#10970=CARTESIAN_POINT('',(5.95,4.15,1.6));
#10971=DIRECTION('',(0.,0.,1.));
#10972=DIRECTION('',(0.,1.,0.));
#10973=AXIS2_PLACEMENT_3D('',#10970,#10971,#10972);
#10974=PLANE('',#10973);
#10975=POLY_LOOP('',(#797,#800,#798));
#10976=FACE_OUTER_BOUND('',#10975,.T.);
#10977=FACE_SURFACE('',(#10976),#10974,.T.);
#10978=CARTESIAN_POINT('',(6.06272,4.144463,1.6));
#10979=DIRECTION('',(0.,0.,1.));
#10980=DIRECTION('',(0.,1.,0.));
#10981=AXIS2_PLACEMENT_3D('',#10978,#10979,#10980);
#10982=PLANE('',#10981);
#10983=POLY_LOOP('',(#799,#802,#800));
#10984=FACE_OUTER_BOUND('',#10983,.T.);
#10985=FACE_SURFACE('',(#10984),#10982,.T.);
#10986=CARTESIAN_POINT('',(6.174354,4.127903,1.6));
#10987=DIRECTION('',(0.,0.,1.));
#10988=DIRECTION('',(0.,1.,0.));
#10989=AXIS2_PLACEMENT_3D('',#10986,#10987,#10988);
#10990=PLANE('',#10989);
#10991=POLY_LOOP('',(#801,#804,#802));
#10992=FACE_OUTER_BOUND('',#10991,.T.);
#10993=FACE_SURFACE('',(#10992),#10990,.T.);
#10994=CARTESIAN_POINT('',(4.935791,3.542106,1.6));
#10995=DIRECTION('',(0.,0.,1.));
#10996=DIRECTION('',(0.,1.,0.));
#10997=AXIS2_PLACEMENT_3D('',#10994,#10995,#10996);
#10998=PLANE('',#10997);
#10999=POLY_LOOP('',(#775,#778,#776));
#11000=FACE_OUTER_BOUND('',#10999,.T.);
#11001=FACE_SURFACE('',(#11000),#10998,.T.);
#11002=CARTESIAN_POINT('',(4.849519,3.333827,1.6));
#11003=DIRECTION('',(0.,0.,1.));
#11004=DIRECTION('',(0.,1.,0.));
#11005=AXIS2_PLACEMENT_3D('',#11002,#11003,#11004);
#11006=PLANE('',#11005);
#11007=POLY_LOOP('',(#771,#774,#772));
#11008=FACE_OUTER_BOUND('',#11007,.T.);
#11009=FACE_SURFACE('',(#11008),#11006,.T.);
#11010=CARTESIAN_POINT('',(4.887538,3.440086,1.6));
#11011=DIRECTION('',(0.,0.,1.));
#11012=DIRECTION('',(0.,1.,0.));
#11013=AXIS2_PLACEMENT_3D('',#11010,#11011,#11012);
#11014=PLANE('',#11013);
#11015=POLY_LOOP('',(#773,#776,#774));
#11016=FACE_OUTER_BOUND('',#11015,.T.);
#11017=FACE_SURFACE('',(#11016),#11014,.T.);
#11018=CARTESIAN_POINT('',(4.99381,3.638906,1.6));
#11019=DIRECTION('',(0.,0.,1.));
#11020=DIRECTION('',(0.,1.,0.));
#11021=AXIS2_PLACEMENT_3D('',#11018,#11019,#11020);
#11022=PLANE('',#11021);
#11023=POLY_LOOP('',(#777,#780,#778));
#11024=FACE_OUTER_BOUND('',#11023,.T.);
#11025=FACE_SURFACE('',(#11024),#11022,.T.);
#11026=CARTESIAN_POINT('',(5.061038,3.729552,1.6));
#11027=DIRECTION('',(0.,0.,1.));
#11028=DIRECTION('',(0.,1.,0.));
#11029=AXIS2_PLACEMENT_3D('',#11026,#11027,#11028);
#11030=PLANE('',#11029);
#11031=POLY_LOOP('',(#779,#782,#780));
#11032=FACE_OUTER_BOUND('',#11031,.T.);
#11033=FACE_SURFACE('',(#11032),#11030,.T.);
#11034=CARTESIAN_POINT('',(5.136827,3.813173,1.6));
#11035=DIRECTION('',(0.,0.,1.));
#11036=DIRECTION('',(0.,1.,0.));
#11037=AXIS2_PLACEMENT_3D('',#11034,#11035,#11036);
#11038=PLANE('',#11037);
#11039=POLY_LOOP('',(#781,#784,#782));
#11040=FACE_OUTER_BOUND('',#11039,.T.);
#11041=FACE_SURFACE('',(#11040),#11038,.T.);
#11042=CARTESIAN_POINT('',(4.805538,3.11272,1.6));
#11043=DIRECTION('',(0.,0.,1.));
#11044=DIRECTION('',(0.,1.,0.));
#11045=AXIS2_PLACEMENT_3D('',#11042,#11043,#11044);
#11046=PLANE('',#11045);
#11047=POLY_LOOP('',(#768,#770,#767));
#11048=FACE_OUTER_BOUND('',#11047,.T.);
#11049=FACE_SURFACE('',(#11048),#11046,.T.);
#11050=CARTESIAN_POINT('',(4.822097,3.224354,1.6));
#11051=DIRECTION('',(0.,0.,1.));
#11052=DIRECTION('',(0.,1.,0.));
#11053=AXIS2_PLACEMENT_3D('',#11050,#11051,#11052);
#11054=PLANE('',#11053);
#11055=POLY_LOOP('',(#769,#772,#770));
#11056=FACE_OUTER_BOUND('',#11055,.T.);
#11057=FACE_SURFACE('',(#11056),#11054,.T.);
#11058=CARTESIAN_POINT('',(6.283827,4.100482,1.6));
#11059=DIRECTION('',(0.,0.,1.));
#11060=DIRECTION('',(0.,1.,0.));
#11061=AXIS2_PLACEMENT_3D('',#11058,#11059,#11060);
#11062=PLANE('',#11061);
#11063=POLY_LOOP('',(#803,#806,#804));
#11064=FACE_OUTER_BOUND('',#11063,.T.);
#11065=FACE_SURFACE('',(#11064),#11062,.T.);
#11066=CARTESIAN_POINT('',(6.390086,4.062461,1.6));
#11067=DIRECTION('',(0.,0.,1.));
#11068=DIRECTION('',(0.,1.,0.));
#11069=AXIS2_PLACEMENT_3D('',#11066,#11067,#11068);
#11070=PLANE('',#11069);
#11071=POLY_LOOP('',(#805,#808,#806));
#11072=FACE_OUTER_BOUND('',#11071,.T.);
#11073=FACE_SURFACE('',(#11072),#11070,.T.);
#11074=CARTESIAN_POINT('',(6.492106,4.014209,1.6));
#11075=DIRECTION('',(0.,0.,1.));
#11076=DIRECTION('',(0.,1.,0.));
#11077=AXIS2_PLACEMENT_3D('',#11074,#11075,#11076);
#11078=PLANE('',#11077);
#11079=POLY_LOOP('',(#807,#810,#808));
#11080=FACE_OUTER_BOUND('',#11079,.T.);
#11081=FACE_SURFACE('',(#11080),#11078,.T.);
#11082=CARTESIAN_POINT('',(6.588906,3.95619,1.6));
#11083=DIRECTION('',(0.,0.,1.));
#11084=DIRECTION('',(0.,1.,0.));
#11085=AXIS2_PLACEMENT_3D('',#11082,#11083,#11084);
#11086=PLANE('',#11085);
#11087=POLY_LOOP('',(#809,#812,#810));
#11088=FACE_OUTER_BOUND('',#11087,.T.);
#11089=FACE_SURFACE('',(#11088),#11086,.T.);
#11090=CARTESIAN_POINT('',(6.679552,3.888962,1.6));
#11091=DIRECTION('',(0.,0.,1.));
#11092=DIRECTION('',(0.,1.,0.));
#11093=AXIS2_PLACEMENT_3D('',#11090,#11091,#11092);
#11094=PLANE('',#11093);
#11095=POLY_LOOP('',(#811,#816,#812));
#11096=FACE_OUTER_BOUND('',#11095,.T.);
#11097=FACE_SURFACE('',(#11096),#11094,.T.);
#11098=CARTESIAN_POINT('',(6.838962,3.729552,1.6));
#11099=DIRECTION('',(0.,0.,1.));
#11100=DIRECTION('',(0.,1.,0.));
#11101=AXIS2_PLACEMENT_3D('',#11098,#11099,#11100);
#11102=PLANE('',#11101);
#11103=POLY_LOOP('',(#814,#829,#815));
#11104=FACE_OUTER_BOUND('',#11103,.T.);
#11105=FACE_SURFACE('',(#11104),#11102,.T.);
#11106=CARTESIAN_POINT('',(6.763173,3.813173,1.6));
#11107=DIRECTION('',(0.,0.,1.));
#11108=DIRECTION('',(0.,1.,0.));
#11109=AXIS2_PLACEMENT_3D('',#11106,#11107,#11108);
#11110=PLANE('',#11109);
#11111=POLY_LOOP('',(#813,#815,#816));
#11112=FACE_OUTER_BOUND('',#11111,.T.);
#11113=FACE_SURFACE('',(#11112),#11110,.T.);
#11114=CARTESIAN_POINT('',(6.96421,3.542106,1.6));
#11115=DIRECTION('',(0.,0.,1.));
#11116=DIRECTION('',(0.,1.,0.));
#11117=AXIS2_PLACEMENT_3D('',#11114,#11115,#11116);
#11118=PLANE('',#11117);
#11119=POLY_LOOP('',(#825,#826,#827));
#11120=FACE_OUTER_BOUND('',#11119,.T.);
#11121=FACE_SURFACE('',(#11120),#11118,.T.);
#11122=CARTESIAN_POINT('',(6.90619,3.638906,1.6));
#11123=DIRECTION('',(0.,0.,1.));
#11124=DIRECTION('',(0.,1.,0.));
#11125=AXIS2_PLACEMENT_3D('',#11122,#11123,#11124);
#11126=PLANE('',#11125);
#11127=POLY_LOOP('',(#828,#827,#829));
#11128=FACE_OUTER_BOUND('',#11127,.T.);
#11129=FACE_SURFACE('',(#11128),#11126,.T.);
#11130=CARTESIAN_POINT('',(7.012462,3.440086,1.6));
#11131=DIRECTION('',(0.,0.,1.));
#11132=DIRECTION('',(0.,1.,0.));
#11133=AXIS2_PLACEMENT_3D('',#11130,#11131,#11132);
#11134=PLANE('',#11133);
#11135=POLY_LOOP('',(#824,#823,#826));
#11136=FACE_OUTER_BOUND('',#11135,.T.);
#11137=FACE_SURFACE('',(#11136),#11134,.T.);
#11138=CARTESIAN_POINT('',(7.050481,3.333827,1.6));
#11139=DIRECTION('',(0.,0.,1.));
#11140=DIRECTION('',(0.,1.,0.));
#11141=AXIS2_PLACEMENT_3D('',#11138,#11139,#11140);
#11142=PLANE('',#11141);
#11143=POLY_LOOP('',(#822,#821,#823));
#11144=FACE_OUTER_BOUND('',#11143,.T.);
#11145=FACE_SURFACE('',(#11144),#11142,.T.);
#11146=CARTESIAN_POINT('',(7.077903,3.224354,1.6));
#11147=DIRECTION('',(0.,0.,1.));
#11148=DIRECTION('',(0.,1.,0.));
#11149=AXIS2_PLACEMENT_3D('',#11146,#11147,#11148);
#11150=PLANE('',#11149);
#11151=POLY_LOOP('',(#820,#818,#821));
#11152=FACE_OUTER_BOUND('',#11151,.T.);
#11153=FACE_SURFACE('',(#11152),#11150,.T.);
#11154=CARTESIAN_POINT('',(4.7,-12.129787,1.6));
#11155=DIRECTION('',(0.,0.,1.));
#11156=DIRECTION('',(0.002531,0.999997,0.));
#11157=AXIS2_PLACEMENT_3D('',#11154,#11155,#11156);
#11158=PLANE('',#11157);
#11159=POLY_LOOP('',(#744,#767,#830));
#11160=FACE_OUTER_BOUND('',#11159,.T.);
#11161=FACE_SURFACE('',(#11160),#11158,.T.);
#11162=CARTESIAN_POINT('',(4.7,-12.129787,1.6));
#11163=DIRECTION('',(1.,0.,0.));
#11164=DIRECTION('',(0.,0.998768,0.049628));
#11165=AXIS2_PLACEMENT_3D('',#11162,#11163,#11164);
#11166=PLANE('',#11165);
#11167=POLY_LOOP('',(#744,#650,#633));
#11168=FACE_OUTER_BOUND('',#11167,.T.);
#11169=FACE_SURFACE('',(#11168),#11166,.T.);
#11170=CARTESIAN_POINT('',(4.7,-12.129787,1.6));
#11171=DIRECTION('',(0.,1.,0.));
#11172=DIRECTION('',(0.,0.,1.));
#11173=AXIS2_PLACEMENT_3D('',#11170,#11171,#11172);
#11174=PLANE('',#11173);
#11175=POLY_LOOP('',(#744,#633,#831));
#11176=FACE_OUTER_BOUND('',#11175,.T.);
#11177=FACE_SURFACE('',(#11176),#11174,.T.);
#11178=CARTESIAN_POINT('',(4.7,-12.129787,1.6));
#11179=DIRECTION('',(0.,0.,1.));
#11180=DIRECTION('',(0.856927,0.515437,0.));
#11181=AXIS2_PLACEMENT_3D('',#11178,#11179,#11180);
#11182=PLANE('',#11181);
#11183=POLY_LOOP('',(#744,#832,#766));
#11184=FACE_OUTER_BOUND('',#11183,.T.);
#11185=FACE_SURFACE('',(#11184),#11182,.T.);
#11186=CARTESIAN_POINT('',(6.492106,1.98579,1.6));
#11187=DIRECTION('',(0.,0.,1.));
#11188=DIRECTION('',(0.887436,0.460932,0.));
#11189=AXIS2_PLACEMENT_3D('',#11186,#11187,#11188);
#11190=PLANE('',#11189);
#11191=POLY_LOOP('',(#766,#832,#833));
#11192=FACE_OUTER_BOUND('',#11191,.T.);
#11193=FACE_SURFACE('',(#11192),#11190,.T.);
#11194=CARTESIAN_POINT('',(6.588906,2.04381,1.6));
#11195=DIRECTION('',(0.,0.,1.));
#11196=DIRECTION('',(0.887453,0.460898,0.));
#11197=AXIS2_PLACEMENT_3D('',#11194,#11195,#11196);
#11198=PLANE('',#11197);
#11199=POLY_LOOP('',(#833,#832,#834));
#11200=FACE_OUTER_BOUND('',#11199,.T.);
#11201=FACE_SURFACE('',(#11200),#11198,.T.);
#11202=CARTESIAN_POINT('',(6.679552,2.111038,1.6));
#11203=DIRECTION('',(0.,0.,1.));
#11204=DIRECTION('',(0.887499,0.460809,0.));
#11205=AXIS2_PLACEMENT_3D('',#11202,#11203,#11204);
#11206=PLANE('',#11205);
#11207=POLY_LOOP('',(#834,#832,#835));
#11208=FACE_OUTER_BOUND('',#11207,.T.);
#11209=FACE_SURFACE('',(#11208),#11206,.T.);
#11210=CARTESIAN_POINT('',(6.763173,2.186827,1.6));
#11211=DIRECTION('',(0.,0.,1.));
#11212=DIRECTION('',(0.887573,0.460666,0.));
#11213=AXIS2_PLACEMENT_3D('',#11210,#11211,#11212);
#11214=PLANE('',#11213);
#11215=POLY_LOOP('',(#835,#832,#836));
#11216=FACE_OUTER_BOUND('',#11215,.T.);
#11217=FACE_SURFACE('',(#11216),#11214,.T.);
#11218=CARTESIAN_POINT('',(6.838962,2.270448,1.6));
#11219=DIRECTION('',(0.,0.,1.));
#11220=DIRECTION('',(0.887675,0.460471,0.));
#11221=AXIS2_PLACEMENT_3D('',#11218,#11219,#11220);
#11222=PLANE('',#11221);
#11223=POLY_LOOP('',(#836,#832,#837));
#11224=FACE_OUTER_BOUND('',#11223,.T.);
#11225=FACE_SURFACE('',(#11224),#11222,.T.);
#11226=CARTESIAN_POINT('',(6.90619,2.361094,1.6));
#11227=DIRECTION('',(0.,0.,1.));
#11228=DIRECTION('',(0.887803,0.460224,0.));
#11229=AXIS2_PLACEMENT_3D('',#11226,#11227,#11228);
#11230=PLANE('',#11229);
#11231=POLY_LOOP('',(#837,#832,#838));
#11232=FACE_OUTER_BOUND('',#11231,.T.);
#11233=FACE_SURFACE('',(#11232),#11230,.T.);
#11234=CARTESIAN_POINT('',(6.96421,2.457894,1.6));
#11235=DIRECTION('',(0.,0.,1.));
#11236=DIRECTION('',(0.887955,0.459929,0.));
#11237=AXIS2_PLACEMENT_3D('',#11234,#11235,#11236);
#11238=PLANE('',#11237);
#11239=POLY_LOOP('',(#838,#832,#839));
#11240=FACE_OUTER_BOUND('',#11239,.T.);
#11241=FACE_SURFACE('',(#11240),#11238,.T.);
#11242=CARTESIAN_POINT('',(7.012462,2.559914,1.6));
#11243=DIRECTION('',(0.,0.,1.));
#11244=DIRECTION('',(0.888132,0.459589,0.));
#11245=AXIS2_PLACEMENT_3D('',#11242,#11243,#11244);
#11246=PLANE('',#11245);
#11247=POLY_LOOP('',(#839,#832,#840));
#11248=FACE_OUTER_BOUND('',#11247,.T.);
#11249=FACE_SURFACE('',(#11248),#11246,.T.);
#11250=CARTESIAN_POINT('',(7.050481,2.666173,1.6));
#11251=DIRECTION('',(0.,0.,1.));
#11252=DIRECTION('',(0.88833,0.459205,0.));
#11253=AXIS2_PLACEMENT_3D('',#11250,#11251,#11252);
#11254=PLANE('',#11253);
#11255=POLY_LOOP('',(#840,#832,#841));
#11256=FACE_OUTER_BOUND('',#11255,.T.);
#11257=FACE_SURFACE('',(#11256),#11254,.T.);
#11258=CARTESIAN_POINT('',(7.077903,2.775646,1.6));
#11259=DIRECTION('',(0.,0.,1.));
#11260=DIRECTION('',(0.888548,0.458783,0.));
#11261=AXIS2_PLACEMENT_3D('',#11258,#11259,#11260);
#11262=PLANE('',#11261);
#11263=POLY_LOOP('',(#841,#832,#842));
#11264=FACE_OUTER_BOUND('',#11263,.T.);
#11265=FACE_SURFACE('',(#11264),#11262,.T.);
#11266=CARTESIAN_POINT('',(7.094462,2.88728,1.6));
#11267=DIRECTION('',(0.,0.,1.));
#11268=DIRECTION('',(0.888784,0.458326,0.));
#11269=AXIS2_PLACEMENT_3D('',#11266,#11267,#11268);
#11270=PLANE('',#11269);
#11271=POLY_LOOP('',(#842,#832,#817));
#11272=FACE_OUTER_BOUND('',#11271,.T.);
#11273=FACE_SURFACE('',(#11272),#11270,.T.);
#11274=CARTESIAN_POINT('',(4.8,27.382978,1.6));
#11275=DIRECTION('',(0.,0.,1.));
#11276=DIRECTION('',(0.049067,0.998795,0.));
#11277=AXIS2_PLACEMENT_3D('',#11274,#11275,#11276);
#11278=PLANE('',#11277);
#11279=POLY_LOOP('',(#767,#843,#830));
#11280=FACE_OUTER_BOUND('',#11279,.T.);
#11281=FACE_SURFACE('',(#11280),#11278,.T.);
#11282=CARTESIAN_POINT('',(4.805538,27.495699,1.6));
#11283=DIRECTION('',(0.,0.,1.));
#11284=DIRECTION('',(0.14673,0.989177,0.));
#11285=AXIS2_PLACEMENT_3D('',#11282,#11283,#11284);
#11286=PLANE('',#11285);
#11287=POLY_LOOP('',(#843,#844,#830));
#11288=FACE_OUTER_BOUND('',#11287,.T.);
#11289=FACE_SURFACE('',(#11288),#11286,.T.);
#11290=CARTESIAN_POINT('',(4.822097,27.607332,1.6));
#11291=DIRECTION('',(0.,0.,1.));
#11292=DIRECTION('',(0.242981,0.970031,0.));
#11293=AXIS2_PLACEMENT_3D('',#11290,#11291,#11292);
#11294=PLANE('',#11293);
#11295=POLY_LOOP('',(#844,#845,#830));
#11296=FACE_OUTER_BOUND('',#11295,.T.);
#11297=FACE_SURFACE('',(#11296),#11294,.T.);
#11298=CARTESIAN_POINT('',(4.849519,27.716806,1.6));
#11299=DIRECTION('',(0.,0.,1.));
#11300=DIRECTION('',(0.336888,0.941545,0.));
#11301=AXIS2_PLACEMENT_3D('',#11298,#11299,#11300);
#11302=PLANE('',#11301);
#11303=POLY_LOOP('',(#845,#846,#830));
#11304=FACE_OUTER_BOUND('',#11303,.T.);
#11305=FACE_SURFACE('',(#11304),#11302,.T.);
#11306=CARTESIAN_POINT('',(4.887538,27.823065,1.6));
#11307=DIRECTION('',(0.,0.,1.));
#11308=DIRECTION('',(0.427556,0.903989,0.));
#11309=AXIS2_PLACEMENT_3D('',#11306,#11307,#11308);
#11310=PLANE('',#11309);
#11311=POLY_LOOP('',(#846,#847,#830));
#11312=FACE_OUTER_BOUND('',#11311,.T.);
#11313=FACE_SURFACE('',(#11312),#11310,.T.);
#11314=CARTESIAN_POINT('',(4.935791,27.925085,1.6));
#11315=DIRECTION('',(0.,0.,1.));
#11316=DIRECTION('',(0.514103,0.857728,0.));
#11317=AXIS2_PLACEMENT_3D('',#11314,#11315,#11316);
#11318=PLANE('',#11317);
#11319=POLY_LOOP('',(#847,#848,#830));
#11320=FACE_OUTER_BOUND('',#11319,.T.);
#11321=FACE_SURFACE('',(#11320),#11318,.T.);
#11322=CARTESIAN_POINT('',(4.99381,28.021885,1.6));
#11323=DIRECTION('',(0.,0.,1.));
#11324=DIRECTION('',(0.595697,0.803209,0.));
#11325=AXIS2_PLACEMENT_3D('',#11322,#11323,#11324);
#11326=PLANE('',#11325);
#11327=POLY_LOOP('',(#848,#849,#830));
#11328=FACE_OUTER_BOUND('',#11327,.T.);
#11329=FACE_SURFACE('',(#11328),#11326,.T.);
#11330=CARTESIAN_POINT('',(5.061038,28.112532,1.6));
#11331=DIRECTION('',(0.,0.,1.));
#11332=DIRECTION('',(0.67156,0.74095,0.));
#11333=AXIS2_PLACEMENT_3D('',#11330,#11331,#11332);
#11334=PLANE('',#11333);
#11335=POLY_LOOP('',(#849,#850,#830));
#11336=FACE_OUTER_BOUND('',#11335,.T.);
#11337=FACE_SURFACE('',(#11336),#11334,.T.);
#11338=CARTESIAN_POINT('',(5.136827,28.196152,1.6));
#11339=DIRECTION('',(0.,0.,1.));
#11340=DIRECTION('',(0.740954,0.671555,0.));
#11341=AXIS2_PLACEMENT_3D('',#11338,#11339,#11340);
#11342=PLANE('',#11341);
#11343=POLY_LOOP('',(#850,#851,#830));
#11344=FACE_OUTER_BOUND('',#11343,.T.);
#11345=FACE_SURFACE('',(#11344),#11342,.T.);
#11346=CARTESIAN_POINT('',(5.220448,28.27194,1.6));
#11347=DIRECTION('',(0.,0.,1.));
#11348=DIRECTION('',(0.803207,0.5957,0.));
#11349=AXIS2_PLACEMENT_3D('',#11346,#11347,#11348);
#11350=PLANE('',#11349);
#11351=POLY_LOOP('',(#851,#852,#830));
#11352=FACE_OUTER_BOUND('',#11351,.T.);
#11353=FACE_SURFACE('',(#11352),#11350,.T.);
#11354=CARTESIAN_POINT('',(5.311094,28.339169,1.6));
#11355=DIRECTION('',(0.,0.,1.));
#11356=DIRECTION('',(0.857727,0.514105,0.));
#11357=AXIS2_PLACEMENT_3D('',#11354,#11355,#11356);
#11358=PLANE('',#11357);
#11359=POLY_LOOP('',(#852,#853,#830));
#11360=FACE_OUTER_BOUND('',#11359,.T.);
#11361=FACE_SURFACE('',(#11360),#11358,.T.);
#11362=CARTESIAN_POINT('',(5.407894,28.397188,1.6));
#11363=DIRECTION('',(0.,0.,1.));
#11364=DIRECTION('',(0.903989,0.427556,0.));
#11365=AXIS2_PLACEMENT_3D('',#11362,#11363,#11364);
#11366=PLANE('',#11365);
#11367=POLY_LOOP('',(#853,#854,#830));
#11368=FACE_OUTER_BOUND('',#11367,.T.);
#11369=FACE_SURFACE('',(#11368),#11366,.T.);
#11370=CARTESIAN_POINT('',(5.509914,28.44544,1.6));
#11371=DIRECTION('',(0.,0.,1.));
#11372=DIRECTION('',(0.941546,0.336883,0.));
#11373=AXIS2_PLACEMENT_3D('',#11370,#11371,#11372);
#11374=PLANE('',#11373);
#11375=POLY_LOOP('',(#854,#855,#830));
#11376=FACE_OUTER_BOUND('',#11375,.T.);
#11377=FACE_SURFACE('',(#11376),#11374,.T.);
#11378=CARTESIAN_POINT('',(5.616173,28.483459,1.6));
#11379=DIRECTION('',(0.,0.,1.));
#11380=DIRECTION('',(0.970031,0.242983,0.));
#11381=AXIS2_PLACEMENT_3D('',#11378,#11379,#11380);
#11382=PLANE('',#11381);
#11383=POLY_LOOP('',(#855,#856,#830));
#11384=FACE_OUTER_BOUND('',#11383,.T.);
#11385=FACE_SURFACE('',(#11384),#11382,.T.);
#11386=CARTESIAN_POINT('',(5.725646,28.510881,1.6));
#11387=DIRECTION('',(0.,0.,1.));
#11388=DIRECTION('',(0.989176,0.146732,0.));
#11389=AXIS2_PLACEMENT_3D('',#11386,#11387,#11388);
#11390=PLANE('',#11389);
#11391=POLY_LOOP('',(#856,#857,#830));
#11392=FACE_OUTER_BOUND('',#11391,.T.);
#11393=FACE_SURFACE('',(#11392),#11390,.T.);
#11394=CARTESIAN_POINT('',(5.83728,28.527441,1.6));
#11395=DIRECTION('',(0.,0.,1.));
#11396=DIRECTION('',(0.998796,0.049063,0.));
#11397=AXIS2_PLACEMENT_3D('',#11394,#11395,#11396);
#11398=PLANE('',#11397);
#11399=POLY_LOOP('',(#857,#858,#830));
#11400=FACE_OUTER_BOUND('',#11399,.T.);
#11401=FACE_SURFACE('',(#11400),#11398,.T.);
#11402=CARTESIAN_POINT('',(4.7,-12.129787,1.6));
#11403=DIRECTION('',(1.,0.,0.));
#11404=DIRECTION('',(0.,1.,0.));
#11405=AXIS2_PLACEMENT_3D('',#11402,#11403,#11404);
#11406=PLANE('',#11405);
#11407=POLY_LOOP('',(#744,#830,#650));
#11408=FACE_OUTER_BOUND('',#11407,.T.);
#11409=FACE_SURFACE('',(#11408),#11406,.T.);
#11410=CARTESIAN_POINT('',(7.1,3.,1.6));
#11411=DIRECTION('',(0.,0.,1.));
#11412=DIRECTION('',(0.889036,0.457838,0.));
#11413=AXIS2_PLACEMENT_3D('',#11410,#11411,#11412);
#11414=PLANE('',#11413);
#11415=POLY_LOOP('',(#817,#832,#818));
#11416=FACE_OUTER_BOUND('',#11415,.T.);
#11417=FACE_SURFACE('',(#11416),#11414,.T.);
#11418=CARTESIAN_POINT('',(5.95,28.532978,1.6));
#11419=DIRECTION('',(0.,0.,1.));
#11420=DIRECTION('',(0.998796,-0.049063,0.));
#11421=AXIS2_PLACEMENT_3D('',#11418,#11419,#11420);
#11422=PLANE('',#11421);
#11423=POLY_LOOP('',(#858,#859,#832));
#11424=FACE_OUTER_BOUND('',#11423,.T.);
#11425=FACE_SURFACE('',(#11424),#11422,.T.);
#11426=CARTESIAN_POINT('',(7.077903,27.158625,1.6));
#11427=DIRECTION('',(0.,0.,1.));
#11428=DIRECTION('',(0.94022,0.340569,0.));
#11429=AXIS2_PLACEMENT_3D('',#11426,#11427,#11428);
#11430=PLANE('',#11429);
#11431=POLY_LOOP('',(#818,#832,#860));
#11432=FACE_OUTER_BOUND('',#11431,.T.);
#11433=FACE_SURFACE('',(#11432),#11430,.T.);
#11434=CARTESIAN_POINT('',(7.094462,27.27026,1.6));
#11435=DIRECTION('',(0.,0.,1.));
#11436=DIRECTION('',(0.940421,0.340013,0.));
#11437=AXIS2_PLACEMENT_3D('',#11434,#11435,#11436);
#11438=PLANE('',#11437);
#11439=POLY_LOOP('',(#860,#832,#861));
#11440=FACE_OUTER_BOUND('',#11439,.T.);
#11441=FACE_SURFACE('',(#11440),#11438,.T.);
#11442=CARTESIAN_POINT('',(7.1,27.382978,1.6));
#11443=DIRECTION('',(0.,0.,1.));
#11444=DIRECTION('',(0.940631,0.339431,0.));
#11445=AXIS2_PLACEMENT_3D('',#11442,#11443,#11444);
#11446=PLANE('',#11445);
#11447=POLY_LOOP('',(#861,#832,#862));
#11448=FACE_OUTER_BOUND('',#11447,.T.);
#11449=FACE_SURFACE('',(#11448),#11446,.T.);
#11450=CARTESIAN_POINT('',(7.094462,27.495699,1.6));
#11451=DIRECTION('',(0.,0.,1.));
#11452=DIRECTION('',(0.940849,0.338828,0.));
#11453=AXIS2_PLACEMENT_3D('',#11450,#11451,#11452);
#11454=PLANE('',#11453);
#11455=POLY_LOOP('',(#862,#832,#863));
#11456=FACE_OUTER_BOUND('',#11455,.T.);
#11457=FACE_SURFACE('',(#11456),#11454,.T.);
#11458=CARTESIAN_POINT('',(7.077903,27.607332,1.6));
#11459=DIRECTION('',(0.,0.,1.));
#11460=DIRECTION('',(0.941071,0.338208,0.));
#11461=AXIS2_PLACEMENT_3D('',#11458,#11459,#11460);
#11462=PLANE('',#11461);
#11463=POLY_LOOP('',(#863,#832,#864));
#11464=FACE_OUTER_BOUND('',#11463,.T.);
#11465=FACE_SURFACE('',(#11464),#11462,.T.);
#11466=CARTESIAN_POINT('',(7.050481,27.716806,1.6));
#11467=DIRECTION('',(0.,0.,1.));
#11468=DIRECTION('',(0.941297,0.33758,0.));
#11469=AXIS2_PLACEMENT_3D('',#11466,#11467,#11468);
#11470=PLANE('',#11469);
#11471=POLY_LOOP('',(#864,#832,#865));
#11472=FACE_OUTER_BOUND('',#11471,.T.);
#11473=FACE_SURFACE('',(#11472),#11470,.T.);
#11474=CARTESIAN_POINT('',(7.012462,27.823065,1.6));
#11475=DIRECTION('',(0.,0.,1.));
#11476=DIRECTION('',(0.941523,0.336948,0.));
#11477=AXIS2_PLACEMENT_3D('',#11474,#11475,#11476);
#11478=PLANE('',#11477);
#11479=POLY_LOOP('',(#865,#832,#866));
#11480=FACE_OUTER_BOUND('',#11479,.T.);
#11481=FACE_SURFACE('',(#11480),#11478,.T.);
#11482=CARTESIAN_POINT('',(6.283827,28.483459,1.6));
#11483=DIRECTION('',(0.,0.,1.));
#11484=DIRECTION('',(0.943244,0.332099,0.));
#11485=AXIS2_PLACEMENT_3D('',#11482,#11483,#11484);
#11486=PLANE('',#11485);
#11487=POLY_LOOP('',(#867,#832,#868));
#11488=FACE_OUTER_BOUND('',#11487,.T.);
#11489=FACE_SURFACE('',(#11488),#11486,.T.);
#11490=CARTESIAN_POINT('',(6.283827,28.483459,1.6));
#11491=DIRECTION('',(0.,0.,1.));
#11492=DIRECTION('',(0.941546,-0.336883,0.));
#11493=AXIS2_PLACEMENT_3D('',#11490,#11491,#11492);
#11494=PLANE('',#11493);
#11495=POLY_LOOP('',(#867,#869,#832));
#11496=FACE_OUTER_BOUND('',#11495,.T.);
#11497=FACE_SURFACE('',(#11496),#11494,.T.);
#11498=CARTESIAN_POINT('',(6.174354,28.510881,1.6));
#11499=DIRECTION('',(0.,0.,1.));
#11500=DIRECTION('',(0.943367,0.331752,0.));
#11501=AXIS2_PLACEMENT_3D('',#11498,#11499,#11500);
#11502=PLANE('',#11501);
#11503=POLY_LOOP('',(#868,#832,#859));
#11504=FACE_OUTER_BOUND('',#11503,.T.);
#11505=FACE_SURFACE('',(#11504),#11502,.T.);
#11506=CARTESIAN_POINT('',(6.588906,28.339169,1.6));
#11507=DIRECTION('',(0.,0.,1.));
#11508=DIRECTION('',(0.942775,0.333429,0.));
#11509=AXIS2_PLACEMENT_3D('',#11506,#11507,#11508);
#11510=PLANE('',#11509);
#11511=POLY_LOOP('',(#870,#832,#871));
#11512=FACE_OUTER_BOUND('',#11511,.T.);
#11513=FACE_SURFACE('',(#11512),#11510,.T.);
#11514=CARTESIAN_POINT('',(6.390086,28.44544,1.6));
#11515=DIRECTION('',(0.,0.,1.));
#11516=DIRECTION('',(0.903989,-0.427556,0.));
#11517=AXIS2_PLACEMENT_3D('',#11514,#11515,#11516);
#11518=PLANE('',#11517);
#11519=POLY_LOOP('',(#869,#871,#832));
#11520=FACE_OUTER_BOUND('',#11519,.T.);
#11521=FACE_SURFACE('',(#11520),#11518,.T.);
#11522=CARTESIAN_POINT('',(6.763173,28.196152,1.6));
#11523=DIRECTION('',(0.,0.,1.));
#11524=DIRECTION('',(0.671562,-0.740948,0.));
#11525=AXIS2_PLACEMENT_3D('',#11522,#11523,#11524);
#11526=PLANE('',#11525);
#11527=POLY_LOOP('',(#872,#873,#832));
#11528=FACE_OUTER_BOUND('',#11527,.T.);
#11529=FACE_SURFACE('',(#11528),#11526,.T.);
#11530=CARTESIAN_POINT('',(6.763173,28.196152,1.6));
#11531=DIRECTION('',(0.,0.,1.));
#11532=DIRECTION('',(0.942392,0.33451,0.));
#11533=AXIS2_PLACEMENT_3D('',#11530,#11531,#11532);
#11534=PLANE('',#11533);
#11535=POLY_LOOP('',(#872,#832,#874));
#11536=FACE_OUTER_BOUND('',#11535,.T.);
#11537=FACE_SURFACE('',(#11536),#11534,.T.);
#11538=CARTESIAN_POINT('',(6.96421,27.925085,1.6));
#11539=DIRECTION('',(0.,0.,1.));
#11540=DIRECTION('',(0.941748,0.336319,0.));
#11541=AXIS2_PLACEMENT_3D('',#11538,#11539,#11540);
#11542=PLANE('',#11541);
#11543=POLY_LOOP('',(#866,#832,#875));
#11544=FACE_OUTER_BOUND('',#11543,.T.);
#11545=FACE_SURFACE('',(#11544),#11542,.T.);
#11546=CARTESIAN_POINT('',(6.90619,28.021885,1.6));
#11547=DIRECTION('',(0.,0.,1.));
#11548=DIRECTION('',(0.941969,0.335699,0.));
#11549=AXIS2_PLACEMENT_3D('',#11546,#11547,#11548);
#11550=PLANE('',#11549);
#11551=POLY_LOOP('',(#875,#832,#873));
#11552=FACE_OUTER_BOUND('',#11551,.T.);
#11553=FACE_SURFACE('',(#11552),#11550,.T.);
#11554=CARTESIAN_POINT('',(6.679552,28.27194,1.6));
#11555=DIRECTION('',(0.,0.,1.));
#11556=DIRECTION('',(0.942589,0.333954,0.));
#11557=AXIS2_PLACEMENT_3D('',#11554,#11555,#11556);
#11558=PLANE('',#11557);
#11559=POLY_LOOP('',(#874,#832,#870));
#11560=FACE_OUTER_BOUND('',#11559,.T.);
#11561=FACE_SURFACE('',(#11560),#11558,.T.);
#11562=CARTESIAN_POINT('',(5.95,28.532978,1.6));
#11563=DIRECTION('',(0.,0.,1.));
#11564=DIRECTION('',(0.943554,0.331219,0.));
#11565=AXIS2_PLACEMENT_3D('',#11562,#11563,#11564);
#11566=PLANE('',#11565);
#11567=POLY_LOOP('',(#858,#832,#830));
#11568=FACE_OUTER_BOUND('',#11567,.T.);
#11569=FACE_SURFACE('',(#11568),#11566,.T.);
#11570=CARTESIAN_POINT('',(4.7,84.470215,1.6));
#11571=DIRECTION('',(0.,-1.,0.));
#11572=DIRECTION('',(0.999554,0.,0.029875));
#11573=AXIS2_PLACEMENT_3D('',#11570,#11571,#11572);
#11574=PLANE('',#11573);
#11575=POLY_LOOP('',(#830,#673,#650));
#11576=FACE_OUTER_BOUND('',#11575,.T.);
#11577=FACE_SURFACE('',(#11576),#11574,.T.);
#11578=CARTESIAN_POINT('',(4.7,-12.129787,1.6));
#11579=DIRECTION('',(0.,0.,1.));
#11580=DIRECTION('',(1.,0.,0.));
#11581=AXIS2_PLACEMENT_3D('',#11578,#11579,#11580);
#11582=PLANE('',#11581);
#11583=POLY_LOOP('',(#744,#831,#876));
#11584=FACE_OUTER_BOUND('',#11583,.T.);
#11585=FACE_SURFACE('',(#11584),#11582,.T.);
#11586=CARTESIAN_POINT('',(4.7,-12.129787,1.6));
#11587=DIRECTION('',(0.,0.,1.));
#11588=DIRECTION('',(0.995658,0.093092,0.));
#11589=AXIS2_PLACEMENT_3D('',#11586,#11587,#11588);
#11590=PLANE('',#11589);
#11591=POLY_LOOP('',(#744,#876,#877));
#11592=FACE_OUTER_BOUND('',#11591,.T.);
#11593=FACE_SURFACE('',(#11592),#11590,.T.);
#11594=CARTESIAN_POINT('',(4.7,-12.129787,1.6));
#11595=DIRECTION('',(0.,0.,1.));
#11596=DIRECTION('',(0.995592,0.09379,0.));
#11597=AXIS2_PLACEMENT_3D('',#11594,#11595,#11596);
#11598=PLANE('',#11597);
#11599=POLY_LOOP('',(#744,#877,#878));
#11600=FACE_OUTER_BOUND('',#11599,.T.);
#11601=FACE_SURFACE('',(#11600),#11598,.T.);
#11602=CARTESIAN_POINT('',(4.7,-12.129787,1.6));
#11603=DIRECTION('',(0.,0.,1.));
#11604=DIRECTION('',(0.995525,0.094497,0.));
#11605=AXIS2_PLACEMENT_3D('',#11602,#11603,#11604);
#11606=PLANE('',#11605);
#11607=POLY_LOOP('',(#744,#878,#879));
#11608=FACE_OUTER_BOUND('',#11607,.T.);
#11609=FACE_SURFACE('',(#11608),#11606,.T.);
#11610=CARTESIAN_POINT('',(4.7,-12.129787,1.6));
#11611=DIRECTION('',(0.,0.,1.));
#11612=DIRECTION('',(0.995458,0.095203,0.));
#11613=AXIS2_PLACEMENT_3D('',#11610,#11611,#11612);
#11614=PLANE('',#11613);
#11615=POLY_LOOP('',(#744,#879,#880));
#11616=FACE_OUTER_BOUND('',#11615,.T.);
#11617=FACE_SURFACE('',(#11616),#11614,.T.);
#11618=CARTESIAN_POINT('',(4.7,-12.129787,1.6));
#11619=DIRECTION('',(0.,0.,1.));
#11620=DIRECTION('',(0.995391,0.095902,0.));
#11621=AXIS2_PLACEMENT_3D('',#11618,#11619,#11620);
#11622=PLANE('',#11621);
#11623=POLY_LOOP('',(#744,#880,#881));
#11624=FACE_OUTER_BOUND('',#11623,.T.);
#11625=FACE_SURFACE('',(#11624),#11622,.T.);
#11626=CARTESIAN_POINT('',(4.7,-12.129787,6.4));
#11627=DIRECTION('',(0.,1.,0.));
#11628=DIRECTION('',(1.,0.,0.));
#11629=AXIS2_PLACEMENT_3D('',#11626,#11627,#11628);
#11630=PLANE('',#11629);
#11631=POLY_LOOP('',(#633,#675,#831));
#11632=FACE_OUTER_BOUND('',#11631,.T.);
#11633=FACE_SURFACE('',(#11632),#11630,.T.);
#11634=CARTESIAN_POINT('',(4.7,-12.129787,1.6));
#11635=DIRECTION('',(0.,0.,1.));
#11636=DIRECTION('',(0.970859,0.239653,0.));
#11637=AXIS2_PLACEMENT_3D('',#11634,#11635,#11636);
#11638=PLANE('',#11637);
#11639=POLY_LOOP('',(#744,#881,#882));
#11640=FACE_OUTER_BOUND('',#11639,.T.);
#11641=FACE_SURFACE('',(#11640),#11638,.T.);
#11642=CARTESIAN_POINT('',(4.7,-12.129787,1.6));
#11643=DIRECTION('',(0.,0.,1.));
#11644=DIRECTION('',(0.970693,0.240321,0.));
#11645=AXIS2_PLACEMENT_3D('',#11642,#11643,#11644);
#11646=PLANE('',#11645);
#11647=POLY_LOOP('',(#744,#882,#883));
#11648=FACE_OUTER_BOUND('',#11647,.T.);
#11649=FACE_SURFACE('',(#11648),#11646,.T.);
#11650=CARTESIAN_POINT('',(4.7,-12.129787,1.6));
#11651=DIRECTION('',(0.,0.,1.));
#11652=DIRECTION('',(0.970527,0.240993,0.));
#11653=AXIS2_PLACEMENT_3D('',#11650,#11651,#11652);
#11654=PLANE('',#11653);
#11655=POLY_LOOP('',(#744,#883,#884));
#11656=FACE_OUTER_BOUND('',#11655,.T.);
#11657=FACE_SURFACE('',(#11656),#11654,.T.);
#11658=CARTESIAN_POINT('',(4.7,-12.129787,1.6));
#11659=DIRECTION('',(0.,0.,1.));
#11660=DIRECTION('',(0.970361,0.241662,0.));
#11661=AXIS2_PLACEMENT_3D('',#11658,#11659,#11660);
#11662=PLANE('',#11661);
#11663=POLY_LOOP('',(#744,#884,#885));
#11664=FACE_OUTER_BOUND('',#11663,.T.);
#11665=FACE_SURFACE('',(#11664),#11662,.T.);
#11666=CARTESIAN_POINT('',(4.7,-12.129787,1.6));
#11667=DIRECTION('',(0.,0.,1.));
#11668=DIRECTION('',(0.970196,0.242321,0.));
#11669=AXIS2_PLACEMENT_3D('',#11666,#11667,#11668);
#11670=PLANE('',#11669);
#11671=POLY_LOOP('',(#744,#885,#832));
#11672=FACE_OUTER_BOUND('',#11671,.T.);
#11673=FACE_SURFACE('',(#11672),#11670,.T.);
#11674=CARTESIAN_POINT('',(165.300003,-12.129787,1.6));
#11675=DIRECTION('',(0.,0.,1.));
#11676=DIRECTION('',(-0.150513,0.988608,0.));
#11677=AXIS2_PLACEMENT_3D('',#11674,#11675,#11676);
#11678=PLANE('',#11677);
#11679=POLY_LOOP('',(#831,#886,#887));
#11680=FACE_OUTER_BOUND('',#11679,.T.);
#11681=FACE_SURFACE('',(#11680),#11678,.T.);
#11682=CARTESIAN_POINT('',(165.300003,-12.129787,1.6));
#11683=DIRECTION('',(0.,0.,1.));
#11684=DIRECTION('',(-0.153377,0.988168,0.));
#11685=AXIS2_PLACEMENT_3D('',#11682,#11683,#11684);
#11686=PLANE('',#11685);
#11687=POLY_LOOP('',(#831,#887,#888));
#11688=FACE_OUTER_BOUND('',#11687,.T.);
#11689=FACE_SURFACE('',(#11688),#11686,.T.);
#11690=CARTESIAN_POINT('',(165.300003,-12.129787,1.6));
#11691=DIRECTION('',(0.,0.,1.));
#11692=DIRECTION('',(-0.155506,0.987835,0.));
#11693=AXIS2_PLACEMENT_3D('',#11690,#11691,#11692);
#11694=PLANE('',#11693);
#11695=POLY_LOOP('',(#831,#888,#876));
#11696=FACE_OUTER_BOUND('',#11695,.T.);
#11697=FACE_SURFACE('',(#11696),#11694,.T.);
#11698=CARTESIAN_POINT('',(165.300003,-12.129787,1.6));
#11699=DIRECTION('',(0.,0.,1.));
#11700=DIRECTION('',(-0.132102,0.991236,0.));
#11701=AXIS2_PLACEMENT_3D('',#11698,#11699,#11700);
#11702=PLANE('',#11701);
#11703=POLY_LOOP('',(#831,#889,#890));
#11704=FACE_OUTER_BOUND('',#11703,.T.);
#11705=FACE_SURFACE('',(#11704),#11702,.T.);
#11706=CARTESIAN_POINT('',(165.300003,-12.129787,1.6));
#11707=DIRECTION('',(0.,0.,1.));
#11708=DIRECTION('',(-0.125949,0.992037,0.));
#11709=AXIS2_PLACEMENT_3D('',#11706,#11707,#11708);
#11710=PLANE('',#11709);
#11711=POLY_LOOP('',(#831,#891,#889));
#11712=FACE_OUTER_BOUND('',#11711,.T.);
#11713=FACE_SURFACE('',(#11712),#11710,.T.);
#11714=CARTESIAN_POINT('',(165.300003,-12.129787,1.6));
#11715=DIRECTION('',(0.,0.,1.));
#11716=DIRECTION('',(-0.119285,0.99286,0.));
#11717=AXIS2_PLACEMENT_3D('',#11714,#11715,#11716);
#11718=PLANE('',#11717);
#11719=POLY_LOOP('',(#831,#892,#891));
#11720=FACE_OUTER_BOUND('',#11719,.T.);
#11721=FACE_SURFACE('',(#11720),#11718,.T.);
#11722=CARTESIAN_POINT('',(165.300003,-12.129787,1.6));
#11723=DIRECTION('',(0.,0.,1.));
#11724=DIRECTION('',(-0.104718,0.994502,0.));
#11725=AXIS2_PLACEMENT_3D('',#11722,#11723,#11724);
#11726=PLANE('',#11725);
#11727=POLY_LOOP('',(#831,#893,#894));
#11728=FACE_OUTER_BOUND('',#11727,.T.);
#11729=FACE_SURFACE('',(#11728),#11726,.T.);
#11730=CARTESIAN_POINT('',(165.300003,-12.129787,1.6));
#11731=DIRECTION('',(0.,0.,1.));
#11732=DIRECTION('',(-0.112182,0.993688,0.));
#11733=AXIS2_PLACEMENT_3D('',#11730,#11731,#11732);
#11734=PLANE('',#11733);
#11735=POLY_LOOP('',(#831,#894,#892));
#11736=FACE_OUTER_BOUND('',#11735,.T.);
#11737=FACE_SURFACE('',(#11736),#11734,.T.);
#11738=CARTESIAN_POINT('',(165.300003,-12.129787,1.6));
#11739=DIRECTION('',(0.,0.,1.));
#11740=DIRECTION('',(-0.09698,0.995286,0.));
#11741=AXIS2_PLACEMENT_3D('',#11738,#11739,#11740);
#11742=PLANE('',#11741);
#11743=POLY_LOOP('',(#831,#895,#893));
#11744=FACE_OUTER_BOUND('',#11743,.T.);
#11745=FACE_SURFACE('',(#11744),#11742,.T.);
#11746=CARTESIAN_POINT('',(165.300003,-12.129787,1.6));
#11747=DIRECTION('',(0.,0.,1.));
#11748=DIRECTION('',(-0.08906,0.996026,0.));
#11749=AXIS2_PLACEMENT_3D('',#11746,#11747,#11748);
#11750=PLANE('',#11749);
#11751=POLY_LOOP('',(#831,#896,#895));
#11752=FACE_OUTER_BOUND('',#11751,.T.);
#11753=FACE_SURFACE('',(#11752),#11750,.T.);
#11754=CARTESIAN_POINT('',(165.300003,-12.129787,1.6));
#11755=DIRECTION('',(0.,0.,1.));
#11756=DIRECTION('',(-0.081052,0.99671,0.));
#11757=AXIS2_PLACEMENT_3D('',#11754,#11755,#11756);
#11758=PLANE('',#11757);
#11759=POLY_LOOP('',(#831,#897,#896));
#11760=FACE_OUTER_BOUND('',#11759,.T.);
#11761=FACE_SURFACE('',(#11760),#11758,.T.);
#11762=CARTESIAN_POINT('',(165.300003,-12.129787,1.6));
#11763=DIRECTION('',(0.,0.,1.));
#11764=DIRECTION('',(-0.137682,0.990477,0.));
#11765=AXIS2_PLACEMENT_3D('',#11762,#11763,#11764);
#11766=PLANE('',#11765);
#11767=POLY_LOOP('',(#831,#890,#898));
#11768=FACE_OUTER_BOUND('',#11767,.T.);
#11769=FACE_SURFACE('',(#11768),#11766,.T.);
#11770=CARTESIAN_POINT('',(165.300003,-12.129787,1.6));
#11771=DIRECTION('',(0.,0.,1.));
#11772=DIRECTION('',(-0.142637,0.989775,0.));
#11773=AXIS2_PLACEMENT_3D('',#11770,#11771,#11772);
#11774=PLANE('',#11773);
#11775=POLY_LOOP('',(#831,#898,#899));
#11776=FACE_OUTER_BOUND('',#11775,.T.);
#11777=FACE_SURFACE('',(#11776),#11774,.T.);
#11778=CARTESIAN_POINT('',(165.300003,-12.129787,1.6));
#11779=DIRECTION('',(0.,0.,1.));
#11780=DIRECTION('',(-0.146925,0.989148,0.));
#11781=AXIS2_PLACEMENT_3D('',#11778,#11779,#11780);
#11782=PLANE('',#11781);
#11783=POLY_LOOP('',(#831,#899,#886));
#11784=FACE_OUTER_BOUND('',#11783,.T.);
#11785=FACE_SURFACE('',(#11784),#11782,.T.);
#11786=CARTESIAN_POINT('',(165.300003,-12.129787,1.6));
#11787=DIRECTION('',(0.,0.,1.));
#11788=DIRECTION('',(-0.073055,0.997328,0.));
#11789=AXIS2_PLACEMENT_3D('',#11786,#11787,#11788);
#11790=PLANE('',#11789);
#11791=POLY_LOOP('',(#831,#900,#897));
#11792=FACE_OUTER_BOUND('',#11791,.T.);
#11793=FACE_SURFACE('',(#11792),#11790,.T.);
#11794=CARTESIAN_POINT('',(165.300003,-12.129787,1.6));
#11795=DIRECTION('',(0.,0.,1.));
#11796=DIRECTION('',(-0.065165,0.997874,0.));
#11797=AXIS2_PLACEMENT_3D('',#11794,#11795,#11796);
#11798=PLANE('',#11797);
#11799=POLY_LOOP('',(#831,#901,#900));
#11800=FACE_OUTER_BOUND('',#11799,.T.);
#11801=FACE_SURFACE('',(#11800),#11798,.T.);
#11802=CARTESIAN_POINT('',(165.300003,-12.129787,1.6));
#11803=DIRECTION('',(0.,0.,1.));
#11804=DIRECTION('',(-0.057479,0.998347,0.));
#11805=AXIS2_PLACEMENT_3D('',#11802,#11803,#11804);
#11806=PLANE('',#11805);
#11807=POLY_LOOP('',(#831,#902,#901));
#11808=FACE_OUTER_BOUND('',#11807,.T.);
#11809=FACE_SURFACE('',(#11808),#11806,.T.);
#11810=CARTESIAN_POINT('',(165.300003,-12.129787,1.6));
#11811=DIRECTION('',(0.,0.,1.));
#11812=DIRECTION('',(-0.050087,0.998745,0.));
#11813=AXIS2_PLACEMENT_3D('',#11810,#11811,#11812);
#11814=PLANE('',#11813);
#11815=POLY_LOOP('',(#831,#903,#902));
#11816=FACE_OUTER_BOUND('',#11815,.T.);
#11817=FACE_SURFACE('',(#11816),#11814,.T.);
#11818=CARTESIAN_POINT('',(165.300003,-12.129787,1.6));
#11819=DIRECTION('',(0.,0.,1.));
#11820=DIRECTION('',(-0.043075,0.999072,0.));
#11821=AXIS2_PLACEMENT_3D('',#11818,#11819,#11820);
#11822=PLANE('',#11821);
#11823=POLY_LOOP('',(#831,#904,#903));
#11824=FACE_OUTER_BOUND('',#11823,.T.);
#11825=FACE_SURFACE('',(#11824),#11822,.T.);
#11826=CARTESIAN_POINT('',(165.300003,-12.129787,1.6));
#11827=DIRECTION('',(0.,0.,1.));
#11828=DIRECTION('',(-0.036522,0.999333,0.));
#11829=AXIS2_PLACEMENT_3D('',#11826,#11827,#11828);
#11830=PLANE('',#11829);
#11831=POLY_LOOP('',(#831,#905,#904));
#11832=FACE_OUTER_BOUND('',#11831,.T.);
#11833=FACE_SURFACE('',(#11832),#11830,.T.);
#11834=CARTESIAN_POINT('',(165.300003,-12.129787,1.6));
#11835=DIRECTION('',(0.,0.,1.));
#11836=DIRECTION('',(-0.030498,0.999535,0.));
#11837=AXIS2_PLACEMENT_3D('',#11834,#11835,#11836);
#11838=PLANE('',#11837);
#11839=POLY_LOOP('',(#831,#906,#905));
#11840=FACE_OUTER_BOUND('',#11839,.T.);
#11841=FACE_SURFACE('',(#11840),#11838,.T.);
#11842=CARTESIAN_POINT('',(165.300003,-12.129787,1.6));
#11843=DIRECTION('',(0.,0.,1.));
#11844=DIRECTION('',(-0.025064,0.999686,0.));
#11845=AXIS2_PLACEMENT_3D('',#11842,#11843,#11844);
#11846=PLANE('',#11845);
#11847=POLY_LOOP('',(#831,#907,#906));
#11848=FACE_OUTER_BOUND('',#11847,.T.);
#11849=FACE_SURFACE('',(#11848),#11846,.T.);
#11850=CARTESIAN_POINT('',(165.300003,-12.129787,1.6));
#11851=DIRECTION('',(0.,0.,1.));
#11852=DIRECTION('',(-0.020271,0.999795,0.));
#11853=AXIS2_PLACEMENT_3D('',#11850,#11851,#11852);
#11854=PLANE('',#11853);
#11855=POLY_LOOP('',(#831,#908,#907));
#11856=FACE_OUTER_BOUND('',#11855,.T.);
#11857=FACE_SURFACE('',(#11856),#11854,.T.);
#11858=CARTESIAN_POINT('',(165.300003,-12.129787,1.6));
#11859=DIRECTION('',(0.,0.,1.));
#11860=DIRECTION('',(-0.016162,0.999869,0.));
#11861=AXIS2_PLACEMENT_3D('',#11858,#11859,#11860);
#11862=PLANE('',#11861);
#11863=POLY_LOOP('',(#831,#909,#908));
#11864=FACE_OUTER_BOUND('',#11863,.T.);
#11865=FACE_SURFACE('',(#11864),#11862,.T.);
#11866=CARTESIAN_POINT('',(165.300003,-12.129787,1.6));
#11867=DIRECTION('',(0.,0.,1.));
#11868=DIRECTION('',(-0.012766,0.999919,0.));
#11869=AXIS2_PLACEMENT_3D('',#11866,#11867,#11868);
#11870=PLANE('',#11869);
#11871=POLY_LOOP('',(#831,#910,#909));
#11872=FACE_OUTER_BOUND('',#11871,.T.);
#11873=FACE_SURFACE('',(#11872),#11870,.T.);
#11874=CARTESIAN_POINT('',(165.300003,-12.129787,1.6));
#11875=DIRECTION('',(0.,0.,1.));
#11876=DIRECTION('',(-0.010105,0.999949,0.));
#11877=AXIS2_PLACEMENT_3D('',#11874,#11875,#11876);
#11878=PLANE('',#11877);
#11879=POLY_LOOP('',(#831,#911,#910));
#11880=FACE_OUTER_BOUND('',#11879,.T.);
#11881=FACE_SURFACE('',(#11880),#11878,.T.);
#11882=CARTESIAN_POINT('',(165.300003,-12.129787,1.6));
#11883=DIRECTION('',(0.,0.,1.));
#11884=DIRECTION('',(-0.008191,0.999966,0.));
#11885=AXIS2_PLACEMENT_3D('',#11882,#11883,#11884);
#11886=PLANE('',#11885);
#11887=POLY_LOOP('',(#831,#912,#911));
#11888=FACE_OUTER_BOUND('',#11887,.T.);
#11889=FACE_SURFACE('',(#11888),#11886,.T.);
#11890=CARTESIAN_POINT('',(165.300003,-12.129787,1.6));
#11891=DIRECTION('',(0.,0.,1.));
#11892=DIRECTION('',(-0.007028,0.999975,0.));
#11893=AXIS2_PLACEMENT_3D('',#11890,#11891,#11892);
#11894=PLANE('',#11893);
#11895=POLY_LOOP('',(#831,#913,#912));
#11896=FACE_OUTER_BOUND('',#11895,.T.);
#11897=FACE_SURFACE('',(#11896),#11894,.T.);
#11898=CARTESIAN_POINT('',(165.300003,-12.129787,1.6));
#11899=DIRECTION('',(0.,0.,1.));
#11900=DIRECTION('',(-0.00661,0.999978,0.));
#11901=AXIS2_PLACEMENT_3D('',#11898,#11899,#11900);
#11902=PLANE('',#11901);
#11903=POLY_LOOP('',(#831,#914,#913));
#11904=FACE_OUTER_BOUND('',#11903,.T.);
#11905=FACE_SURFACE('',(#11904),#11902,.T.);
#11906=CARTESIAN_POINT('',(162.905533,3.11272,1.6));
#11907=DIRECTION('',(0.,0.,1.));
#11908=DIRECTION('',(0.146832,0.989161,0.));
#11909=AXIS2_PLACEMENT_3D('',#11906,#11907,#11908);
#11910=PLANE('',#11909);
#11911=POLY_LOOP('',(#880,#915,#881));
#11912=FACE_OUTER_BOUND('',#11911,.T.);
#11913=FACE_SURFACE('',(#11912),#11910,.T.);
#11914=CARTESIAN_POINT('',(162.922104,3.224354,1.6));
#11915=DIRECTION('',(0.,0.,1.));
#11916=DIRECTION('',(0.242966,0.970035,0.));
#11917=AXIS2_PLACEMENT_3D('',#11914,#11915,#11916);
#11918=PLANE('',#11917);
#11919=POLY_LOOP('',(#915,#916,#881));
#11920=FACE_OUTER_BOUND('',#11919,.T.);
#11921=FACE_SURFACE('',(#11920),#11918,.T.);
#11922=CARTESIAN_POINT('',(162.949524,3.333827,1.6));
#11923=DIRECTION('',(0.,0.,1.));
#11924=DIRECTION('',(0.33681,0.941573,0.));
#11925=AXIS2_PLACEMENT_3D('',#11922,#11923,#11924);
#11926=PLANE('',#11925);
#11927=POLY_LOOP('',(#916,#917,#881));
#11928=FACE_OUTER_BOUND('',#11927,.T.);
#11929=FACE_SURFACE('',(#11928),#11926,.T.);
#11930=CARTESIAN_POINT('',(162.987534,3.440086,1.6));
#11931=DIRECTION('',(0.,0.,1.));
#11932=DIRECTION('',(0.427639,0.90395,0.));
#11933=AXIS2_PLACEMENT_3D('',#11930,#11931,#11932);
#11934=PLANE('',#11933);
#11935=POLY_LOOP('',(#917,#918,#881));
#11936=FACE_OUTER_BOUND('',#11935,.T.);
#11937=FACE_SURFACE('',(#11936),#11934,.T.);
#11938=CARTESIAN_POINT('',(163.035797,3.542106,1.6));
#11939=DIRECTION('',(0.,0.,1.));
#11940=DIRECTION('',(0.514067,0.85775,0.));
#11941=AXIS2_PLACEMENT_3D('',#11938,#11939,#11940);
#11942=PLANE('',#11941);
#11943=POLY_LOOP('',(#918,#919,#920));
#11944=FACE_OUTER_BOUND('',#11943,.T.);
#11945=FACE_SURFACE('',(#11944),#11942,.T.);
#11946=CARTESIAN_POINT('',(163.093811,3.638906,1.6));
#11947=DIRECTION('',(0.,0.,1.));
#11948=DIRECTION('',(0.595712,0.803198,0.));
#11949=AXIS2_PLACEMENT_3D('',#11946,#11947,#11948);
#11950=PLANE('',#11949);
#11951=POLY_LOOP('',(#919,#921,#922));
#11952=FACE_OUTER_BOUND('',#11951,.T.);
#11953=FACE_SURFACE('',(#11952),#11950,.T.);
#11954=CARTESIAN_POINT('',(163.161041,3.729552,1.6));
#11955=DIRECTION('',(0.,0.,1.));
#11956=DIRECTION('',(0.671565,0.740946,0.));
#11957=AXIS2_PLACEMENT_3D('',#11954,#11955,#11956);
#11958=PLANE('',#11957);
#11959=POLY_LOOP('',(#921,#923,#924));
#11960=FACE_OUTER_BOUND('',#11959,.T.);
#11961=FACE_SURFACE('',(#11960),#11958,.T.);
#11962=CARTESIAN_POINT('',(163.236832,3.813173,1.6));
#11963=DIRECTION('',(0.,0.,1.));
#11964=DIRECTION('',(0.740942,0.671569,0.));
#11965=AXIS2_PLACEMENT_3D('',#11962,#11963,#11964);
#11966=PLANE('',#11965);
#11967=POLY_LOOP('',(#923,#925,#926));
#11968=FACE_OUTER_BOUND('',#11967,.T.);
#11969=FACE_SURFACE('',(#11968),#11966,.T.);
#11970=CARTESIAN_POINT('',(163.32045,3.888962,1.6));
#11971=DIRECTION('',(0.,0.,1.));
#11972=DIRECTION('',(0.803178,0.595739,0.));
#11973=AXIS2_PLACEMENT_3D('',#11970,#11971,#11972);
#11974=PLANE('',#11973);
#11975=POLY_LOOP('',(#925,#927,#928));
#11976=FACE_OUTER_BOUND('',#11975,.T.);
#11977=FACE_SURFACE('',(#11976),#11974,.T.);
#11978=CARTESIAN_POINT('',(163.411087,3.95619,1.6));
#11979=DIRECTION('',(0.,0.,1.));
#11980=DIRECTION('',(0.857735,0.514092,0.));
#11981=AXIS2_PLACEMENT_3D('',#11978,#11979,#11980);
#11982=PLANE('',#11981);
#11983=POLY_LOOP('',(#927,#929,#930));
#11984=FACE_OUTER_BOUND('',#11983,.T.);
#11985=FACE_SURFACE('',(#11984),#11982,.T.);
#11986=CARTESIAN_POINT('',(163.507889,4.014209,1.6));
#11987=DIRECTION('',(0.,0.,1.));
#11988=DIRECTION('',(0.903989,0.427556,0.));
#11989=AXIS2_PLACEMENT_3D('',#11986,#11987,#11988);
#11990=PLANE('',#11989);
#11991=POLY_LOOP('',(#929,#931,#932));
#11992=FACE_OUTER_BOUND('',#11991,.T.);
#11993=FACE_SURFACE('',(#11992),#11990,.T.);
#11994=CARTESIAN_POINT('',(163.609909,4.062461,1.6));
#11995=DIRECTION('',(0.,0.,1.));
#11996=DIRECTION('',(0.941547,0.336881,0.));
#11997=AXIS2_PLACEMENT_3D('',#11994,#11995,#11996);
#11998=PLANE('',#11997);
#11999=POLY_LOOP('',(#931,#933,#934));
#12000=FACE_OUTER_BOUND('',#11999,.T.);
#12001=FACE_SURFACE('',(#12000),#11998,.T.);
#12002=CARTESIAN_POINT('',(163.716171,4.100482,1.6));
#12003=DIRECTION('',(0.,0.,1.));
#12004=DIRECTION('',(0.970036,0.242961,0.));
#12005=AXIS2_PLACEMENT_3D('',#12002,#12003,#12004);
#12006=PLANE('',#12005);
#12007=POLY_LOOP('',(#933,#935,#936));
#12008=FACE_OUTER_BOUND('',#12007,.T.);
#12009=FACE_SURFACE('',(#12008),#12006,.T.);
#12010=CARTESIAN_POINT('',(163.825653,4.127903,1.6));
#12011=DIRECTION('',(0.,0.,1.));
#12012=DIRECTION('',(0.989176,0.146734,0.));
#12013=AXIS2_PLACEMENT_3D('',#12010,#12011,#12012);
#12014=PLANE('',#12013);
#12015=POLY_LOOP('',(#935,#937,#938));
#12016=FACE_OUTER_BOUND('',#12015,.T.);
#12017=FACE_SURFACE('',(#12016),#12014,.T.);
#12018=CARTESIAN_POINT('',(163.937286,4.144463,1.6));
#12019=DIRECTION('',(0.,0.,1.));
#12020=DIRECTION('',(0.998795,0.049069,0.));
#12021=AXIS2_PLACEMENT_3D('',#12018,#12019,#12020);
#12022=PLANE('',#12021);
#12023=POLY_LOOP('',(#937,#939,#940));
#12024=FACE_OUTER_BOUND('',#12023,.T.);
#12025=FACE_SURFACE('',(#12024),#12022,.T.);
#12026=CARTESIAN_POINT('',(164.16272,4.144463,1.6));
#12027=DIRECTION('',(0.,0.,1.));
#12028=DIRECTION('',(-0.005103,0.999987,0.));
#12029=AXIS2_PLACEMENT_3D('',#12026,#12027,#12028);
#12030=PLANE('',#12029);
#12031=POLY_LOOP('',(#941,#942,#939));
#12032=FACE_OUTER_BOUND('',#12031,.T.);
#12033=FACE_SURFACE('',(#12032),#12030,.T.);
#12034=CARTESIAN_POINT('',(164.16272,4.144463,1.6));
#12035=DIRECTION('',(0.,0.,1.));
#12036=DIRECTION('',(0.989176,-0.146734,0.));
#12037=AXIS2_PLACEMENT_3D('',#12034,#12035,#12036);
#12038=PLANE('',#12037);
#12039=POLY_LOOP('',(#941,#943,#944));
#12040=FACE_OUTER_BOUND('',#12039,.T.);
#12041=FACE_SURFACE('',(#12040),#12038,.T.);
#12042=CARTESIAN_POINT('',(164.274353,4.127903,1.6));
#12043=DIRECTION('',(0.,0.,1.));
#12044=DIRECTION('',(0.970036,-0.242961,0.));
#12045=AXIS2_PLACEMENT_3D('',#12042,#12043,#12044);
#12046=PLANE('',#12045);
#12047=POLY_LOOP('',(#943,#945,#946));
#12048=FACE_OUTER_BOUND('',#12047,.T.);
#12049=FACE_SURFACE('',(#12048),#12046,.T.);
#12050=CARTESIAN_POINT('',(164.490082,4.062461,1.6));
#12051=DIRECTION('',(0.,0.,1.));
#12052=DIRECTION('',(-0.004782,0.999989,0.));
#12053=AXIS2_PLACEMENT_3D('',#12050,#12051,#12052);
#12054=PLANE('',#12053);
#12055=POLY_LOOP('',(#947,#948,#945));
#12056=FACE_OUTER_BOUND('',#12055,.T.);
#12057=FACE_SURFACE('',(#12056),#12054,.T.);
#12058=CARTESIAN_POINT('',(165.177902,3.224354,1.6));
#12059=DIRECTION('',(0.,0.,1.));
#12060=DIRECTION('',(-0.001151,0.999999,0.));
#12061=AXIS2_PLACEMENT_3D('',#12058,#12059,#12060);
#12062=PLANE('',#12061);
#12063=POLY_LOOP('',(#949,#950,#951));
#12064=FACE_OUTER_BOUND('',#12063,.T.);
#12065=FACE_SURFACE('',(#12064),#12062,.T.);
#12066=CARTESIAN_POINT('',(165.150482,3.333827,1.6));
#12067=DIRECTION('',(0.,0.,1.));
#12068=DIRECTION('',(-0.001611,0.999999,0.));
#12069=AXIS2_PLACEMENT_3D('',#12066,#12067,#12068);
#12070=PLANE('',#12069);
#12071=POLY_LOOP('',(#951,#952,#953));
#12072=FACE_OUTER_BOUND('',#12071,.T.);
#12073=FACE_SURFACE('',(#12072),#12070,.T.);
#12074=CARTESIAN_POINT('',(165.177902,3.224354,1.6));
#12075=DIRECTION('',(0.,0.,1.));
#12076=DIRECTION('',(0.1467,-0.989181,0.));
#12077=AXIS2_PLACEMENT_3D('',#12074,#12075,#12076);
#12078=PLANE('',#12077);
#12079=POLY_LOOP('',(#949,#954,#955));
#12080=FACE_OUTER_BOUND('',#12079,.T.);
#12081=FACE_SURFACE('',(#12080),#12078,.T.);
#12082=CARTESIAN_POINT('',(164.592102,4.014209,1.6));
#12083=DIRECTION('',(0.,0.,1.));
#12084=DIRECTION('',(0.857735,-0.514092,0.));
#12085=AXIS2_PLACEMENT_3D('',#12082,#12083,#12084);
#12086=PLANE('',#12085);
#12087=POLY_LOOP('',(#956,#957,#958));
#12088=FACE_OUTER_BOUND('',#12087,.T.);
#12089=FACE_SURFACE('',(#12088),#12086,.T.);
#12090=CARTESIAN_POINT('',(164.863174,3.813173,1.6));
#12091=DIRECTION('',(0.,0.,1.));
#12092=DIRECTION('',(-0.003687,0.999993,0.));
#12093=AXIS2_PLACEMENT_3D('',#12090,#12091,#12092);
#12094=PLANE('',#12093);
#12095=POLY_LOOP('',(#959,#960,#961));
#12096=FACE_OUTER_BOUND('',#12095,.T.);
#12097=FACE_SURFACE('',(#12096),#12094,.T.);
#12098=CARTESIAN_POINT('',(164.779556,3.888962,1.6));
#12099=DIRECTION('',(0.,0.,1.));
#12100=DIRECTION('',(-0.004022,0.999992,0.));
#12101=AXIS2_PLACEMENT_3D('',#12098,#12099,#12100);
#12102=PLANE('',#12101);
#12103=POLY_LOOP('',(#961,#962,#957));
#12104=FACE_OUTER_BOUND('',#12103,.T.);
#12105=FACE_SURFACE('',(#12104),#12102,.T.);
#12106=CARTESIAN_POINT('',(164.592102,4.014209,1.6));
#12107=DIRECTION('',(0.,0.,1.));
#12108=DIRECTION('',(-0.004574,0.99999,0.));
#12109=AXIS2_PLACEMENT_3D('',#12106,#12107,#12108);
#12110=PLANE('',#12109);
#12111=POLY_LOOP('',(#956,#963,#947));
#12112=FACE_OUTER_BOUND('',#12111,.T.);
#12113=FACE_SURFACE('',(#12112),#12110,.T.);
#12114=CARTESIAN_POINT('',(165.006195,3.638906,1.6));
#12115=DIRECTION('',(0.,0.,1.));
#12116=DIRECTION('',(-0.002921,0.999996,0.));
#12117=AXIS2_PLACEMENT_3D('',#12114,#12115,#12116);
#12118=PLANE('',#12117);
#12119=POLY_LOOP('',(#964,#965,#966));
#12120=FACE_OUTER_BOUND('',#12119,.T.);
#12121=FACE_SURFACE('',(#12120),#12118,.T.);
#12122=CARTESIAN_POINT('',(165.006195,3.638906,1.6));
#12123=DIRECTION('',(0.,0.,1.));
#12124=DIRECTION('',(0.514067,-0.85775,0.));
#12125=AXIS2_PLACEMENT_3D('',#12122,#12123,#12124);
#12126=PLANE('',#12125);
#12127=POLY_LOOP('',(#964,#967,#968));
#12128=FACE_OUTER_BOUND('',#12127,.T.);
#12129=FACE_SURFACE('',(#12128),#12126,.T.);
#12130=CARTESIAN_POINT('',(164.938965,3.729552,1.6));
#12131=DIRECTION('',(0.,0.,1.));
#12132=DIRECTION('',(-0.003318,0.999994,0.));
#12133=AXIS2_PLACEMENT_3D('',#12130,#12131,#12132);
#12134=PLANE('',#12133);
#12135=POLY_LOOP('',(#966,#969,#959));
#12136=FACE_OUTER_BOUND('',#12135,.T.);
#12137=FACE_SURFACE('',(#12136),#12134,.T.);
#12138=CARTESIAN_POINT('',(165.112457,3.440086,1.6));
#12139=DIRECTION('',(0.,0.,1.));
#12140=DIRECTION('',(-0.002062,0.999998,0.));
#12141=AXIS2_PLACEMENT_3D('',#12138,#12139,#12140);
#12142=PLANE('',#12141);
#12143=POLY_LOOP('',(#953,#970,#967));
#12144=FACE_OUTER_BOUND('',#12143,.T.);
#12145=FACE_SURFACE('',(#12144),#12142,.T.);
#12146=CARTESIAN_POINT('',(163.32045,3.888962,1.6));
#12147=DIRECTION('',(0.,0.,1.));
#12148=DIRECTION('',(0.,1.,0.));
#12149=AXIS2_PLACEMENT_3D('',#12146,#12147,#12148);
#12150=PLANE('',#12149);
#12151=POLY_LOOP('',(#925,#928,#926));
#12152=FACE_OUTER_BOUND('',#12151,.T.);
#12153=FACE_SURFACE('',(#12152),#12150,.T.);
#12154=CARTESIAN_POINT('',(163.411087,3.95619,1.6));
#12155=DIRECTION('',(0.,0.,1.));
#12156=DIRECTION('',(0.,1.,0.));
#12157=AXIS2_PLACEMENT_3D('',#12154,#12155,#12156);
#12158=PLANE('',#12157);
#12159=POLY_LOOP('',(#927,#930,#928));
#12160=FACE_OUTER_BOUND('',#12159,.T.);
#12161=FACE_SURFACE('',(#12160),#12158,.T.);
#12162=CARTESIAN_POINT('',(163.507889,4.014209,1.6));
#12163=DIRECTION('',(0.,0.,1.));
#12164=DIRECTION('',(0.,1.,0.));
#12165=AXIS2_PLACEMENT_3D('',#12162,#12163,#12164);
#12166=PLANE('',#12165);
#12167=POLY_LOOP('',(#929,#932,#930));
#12168=FACE_OUTER_BOUND('',#12167,.T.);
#12169=FACE_SURFACE('',(#12168),#12166,.T.);
#12170=CARTESIAN_POINT('',(163.609909,4.062461,1.6));
#12171=DIRECTION('',(0.,0.,1.));
#12172=DIRECTION('',(0.,1.,0.));
#12173=AXIS2_PLACEMENT_3D('',#12170,#12171,#12172);
#12174=PLANE('',#12173);
#12175=POLY_LOOP('',(#931,#934,#932));
#12176=FACE_OUTER_BOUND('',#12175,.T.);
#12177=FACE_SURFACE('',(#12176),#12174,.T.);
#12178=CARTESIAN_POINT('',(163.716171,4.100482,1.6));
#12179=DIRECTION('',(0.,0.,1.));
#12180=DIRECTION('',(0.,1.,0.));
#12181=AXIS2_PLACEMENT_3D('',#12178,#12179,#12180);
#12182=PLANE('',#12181);
#12183=POLY_LOOP('',(#933,#936,#934));
#12184=FACE_OUTER_BOUND('',#12183,.T.);
#12185=FACE_SURFACE('',(#12184),#12182,.T.);
#12186=CARTESIAN_POINT('',(163.825653,4.127903,1.6));
#12187=DIRECTION('',(0.,0.,1.));
#12188=DIRECTION('',(0.,1.,0.));
#12189=AXIS2_PLACEMENT_3D('',#12186,#12187,#12188);
#12190=PLANE('',#12189);
#12191=POLY_LOOP('',(#935,#938,#936));
#12192=FACE_OUTER_BOUND('',#12191,.T.);
#12193=FACE_SURFACE('',(#12192),#12190,.T.);
#12194=CARTESIAN_POINT('',(163.093811,3.638906,1.6));
#12195=DIRECTION('',(0.,0.,1.));
#12196=DIRECTION('',(0.,1.,0.));
#12197=AXIS2_PLACEMENT_3D('',#12194,#12195,#12196);
#12198=PLANE('',#12197);
#12199=POLY_LOOP('',(#919,#922,#920));
#12200=FACE_OUTER_BOUND('',#12199,.T.);
#12201=FACE_SURFACE('',(#12200),#12198,.T.);
#12202=CARTESIAN_POINT('',(163.161041,3.729552,1.6));
#12203=DIRECTION('',(0.,0.,1.));
#12204=DIRECTION('',(0.,1.,0.));
#12205=AXIS2_PLACEMENT_3D('',#12202,#12203,#12204);
#12206=PLANE('',#12205);
#12207=POLY_LOOP('',(#921,#924,#922));
#12208=FACE_OUTER_BOUND('',#12207,.T.);
#12209=FACE_SURFACE('',(#12208),#12206,.T.);
#12210=CARTESIAN_POINT('',(163.035797,3.542106,1.6));
#12211=DIRECTION('',(0.,0.,1.));
#12212=DIRECTION('',(0.,1.,0.));
#12213=AXIS2_PLACEMENT_3D('',#12210,#12211,#12212);
#12214=PLANE('',#12213);
#12215=POLY_LOOP('',(#918,#920,#881));
#12216=FACE_OUTER_BOUND('',#12215,.T.);
#12217=FACE_SURFACE('',(#12216),#12214,.T.);
#12218=CARTESIAN_POINT('',(163.236832,3.813173,1.6));
#12219=DIRECTION('',(0.,0.,1.));
#12220=DIRECTION('',(0.,1.,0.));
#12221=AXIS2_PLACEMENT_3D('',#12218,#12219,#12220);
#12222=PLANE('',#12221);
#12223=POLY_LOOP('',(#923,#926,#924));
#12224=FACE_OUTER_BOUND('',#12223,.T.);
#12225=FACE_SURFACE('',(#12224),#12222,.T.);
#12226=CARTESIAN_POINT('',(163.937286,4.144463,1.6));
#12227=DIRECTION('',(0.,0.,1.));
#12228=DIRECTION('',(0.,1.,0.));
#12229=AXIS2_PLACEMENT_3D('',#12226,#12227,#12228);
#12230=PLANE('',#12229);
#12231=POLY_LOOP('',(#937,#940,#938));
#12232=FACE_OUTER_BOUND('',#12231,.T.);
#12233=FACE_SURFACE('',(#12232),#12230,.T.);
#12234=CARTESIAN_POINT('',(164.050003,4.15,1.6));
#12235=DIRECTION('',(0.,0.,1.));
#12236=DIRECTION('',(0.,1.,0.));
#12237=AXIS2_PLACEMENT_3D('',#12234,#12235,#12236);
#12238=PLANE('',#12237);
#12239=POLY_LOOP('',(#939,#942,#940));
#12240=FACE_OUTER_BOUND('',#12239,.T.);
#12241=FACE_SURFACE('',(#12240),#12238,.T.);
#12242=CARTESIAN_POINT('',(164.16272,4.144463,1.6));
#12243=DIRECTION('',(0.,0.,1.));
#12244=DIRECTION('',(0.,1.,0.));
#12245=AXIS2_PLACEMENT_3D('',#12242,#12243,#12244);
#12246=PLANE('',#12245);
#12247=POLY_LOOP('',(#941,#944,#942));
#12248=FACE_OUTER_BOUND('',#12247,.T.);
#12249=FACE_SURFACE('',(#12248),#12246,.T.);
#12250=CARTESIAN_POINT('',(164.274353,4.127903,1.6));
#12251=DIRECTION('',(0.,0.,1.));
#12252=DIRECTION('',(0.,1.,0.));
#12253=AXIS2_PLACEMENT_3D('',#12250,#12251,#12252);
#12254=PLANE('',#12253);
#12255=POLY_LOOP('',(#943,#946,#944));
#12256=FACE_OUTER_BOUND('',#12255,.T.);
#12257=FACE_SURFACE('',(#12256),#12254,.T.);
#12258=CARTESIAN_POINT('',(164.383835,4.100482,1.6));
#12259=DIRECTION('',(0.,0.,1.));
#12260=DIRECTION('',(0.,1.,0.));
#12261=AXIS2_PLACEMENT_3D('',#12258,#12259,#12260);
#12262=PLANE('',#12261);
#12263=POLY_LOOP('',(#945,#948,#946));
#12264=FACE_OUTER_BOUND('',#12263,.T.);
#12265=FACE_SURFACE('',(#12264),#12262,.T.);
#12266=CARTESIAN_POINT('',(164.490082,4.062461,1.6));
#12267=DIRECTION('',(0.,0.,1.));
#12268=DIRECTION('',(0.,1.,0.));
#12269=AXIS2_PLACEMENT_3D('',#12266,#12267,#12268);
#12270=PLANE('',#12269);
#12271=POLY_LOOP('',(#947,#963,#948));
#12272=FACE_OUTER_BOUND('',#12271,.T.);
#12273=FACE_SURFACE('',(#12272),#12270,.T.);
#12274=CARTESIAN_POINT('',(164.592102,4.014209,1.6));
#12275=DIRECTION('',(0.,0.,1.));
#12276=DIRECTION('',(0.,1.,0.));
#12277=AXIS2_PLACEMENT_3D('',#12274,#12275,#12276);
#12278=PLANE('',#12277);
#12279=POLY_LOOP('',(#956,#958,#963));
#12280=FACE_OUTER_BOUND('',#12279,.T.);
#12281=FACE_SURFACE('',(#12280),#12278,.T.);
#12282=CARTESIAN_POINT('',(164.688904,3.95619,1.6));
#12283=DIRECTION('',(0.,0.,1.));
#12284=DIRECTION('',(0.,1.,0.));
#12285=AXIS2_PLACEMENT_3D('',#12282,#12283,#12284);
#12286=PLANE('',#12285);
#12287=POLY_LOOP('',(#957,#962,#958));
#12288=FACE_OUTER_BOUND('',#12287,.T.);
#12289=FACE_SURFACE('',(#12288),#12286,.T.);
#12290=CARTESIAN_POINT('',(164.779556,3.888962,1.6));
#12291=DIRECTION('',(0.,0.,1.));
#12292=DIRECTION('',(0.,1.,0.));
#12293=AXIS2_PLACEMENT_3D('',#12290,#12291,#12292);
#12294=PLANE('',#12293);
#12295=POLY_LOOP('',(#961,#960,#962));
#12296=FACE_OUTER_BOUND('',#12295,.T.);
#12297=FACE_SURFACE('',(#12296),#12294,.T.);
#12298=CARTESIAN_POINT('',(164.863174,3.813173,1.6));
#12299=DIRECTION('',(0.,0.,1.));
#12300=DIRECTION('',(0.,1.,0.));
#12301=AXIS2_PLACEMENT_3D('',#12298,#12299,#12300);
#12302=PLANE('',#12301);
#12303=POLY_LOOP('',(#959,#969,#960));
#12304=FACE_OUTER_BOUND('',#12303,.T.);
#12305=FACE_SURFACE('',(#12304),#12302,.T.);
#12306=CARTESIAN_POINT('',(164.938965,3.729552,1.6));
#12307=DIRECTION('',(0.,0.,1.));
#12308=DIRECTION('',(0.,1.,0.));
#12309=AXIS2_PLACEMENT_3D('',#12306,#12307,#12308);
#12310=PLANE('',#12309);
#12311=POLY_LOOP('',(#966,#965,#969));
#12312=FACE_OUTER_BOUND('',#12311,.T.);
#12313=FACE_SURFACE('',(#12312),#12310,.T.);
#12314=CARTESIAN_POINT('',(165.006195,3.638906,1.6));
#12315=DIRECTION('',(0.,0.,1.));
#12316=DIRECTION('',(0.,1.,0.));
#12317=AXIS2_PLACEMENT_3D('',#12314,#12315,#12316);
#12318=PLANE('',#12317);
#12319=POLY_LOOP('',(#964,#968,#965));
#12320=FACE_OUTER_BOUND('',#12319,.T.);
#12321=FACE_SURFACE('',(#12320),#12318,.T.);
#12322=CARTESIAN_POINT('',(165.064209,3.542106,1.6));
#12323=DIRECTION('',(0.,0.,1.));
#12324=DIRECTION('',(0.,1.,0.));
#12325=AXIS2_PLACEMENT_3D('',#12322,#12323,#12324);
#12326=PLANE('',#12325);
#12327=POLY_LOOP('',(#967,#970,#968));
#12328=FACE_OUTER_BOUND('',#12327,.T.);
#12329=FACE_SURFACE('',(#12328),#12326,.T.);
#12330=CARTESIAN_POINT('',(165.112457,3.440086,1.6));
#12331=DIRECTION('',(0.,0.,1.));
#12332=DIRECTION('',(0.,1.,0.));
#12333=AXIS2_PLACEMENT_3D('',#12330,#12331,#12332);
#12334=PLANE('',#12333);
#12335=POLY_LOOP('',(#953,#952,#970));
#12336=FACE_OUTER_BOUND('',#12335,.T.);
#12337=FACE_SURFACE('',(#12336),#12334,.T.);
#12338=CARTESIAN_POINT('',(165.150482,3.333827,1.6));
#12339=DIRECTION('',(0.,0.,1.));
#12340=DIRECTION('',(0.,1.,0.));
#12341=AXIS2_PLACEMENT_3D('',#12338,#12339,#12340);
#12342=PLANE('',#12341);
#12343=POLY_LOOP('',(#951,#950,#952));
#12344=FACE_OUTER_BOUND('',#12343,.T.);
#12345=FACE_SURFACE('',(#12344),#12342,.T.);
#12346=CARTESIAN_POINT('',(165.177902,3.224354,1.6));
#12347=DIRECTION('',(0.,0.,1.));
#12348=DIRECTION('',(0.,1.,0.));
#12349=AXIS2_PLACEMENT_3D('',#12346,#12347,#12348);
#12350=PLANE('',#12349);
#12351=POLY_LOOP('',(#949,#955,#950));
#12352=FACE_OUTER_BOUND('',#12351,.T.);
#12353=FACE_SURFACE('',(#12352),#12350,.T.);
#12354=CARTESIAN_POINT('',(165.194458,3.11272,1.6));
#12355=DIRECTION('',(0.,0.,1.));
#12356=DIRECTION('',(0.,1.,0.));
#12357=AXIS2_PLACEMENT_3D('',#12354,#12355,#12356);
#12358=PLANE('',#12357);
#12359=POLY_LOOP('',(#954,#971,#955));
#12360=FACE_OUTER_BOUND('',#12359,.T.);
#12361=FACE_SURFACE('',(#12360),#12358,.T.);
#12362=CARTESIAN_POINT('',(165.194458,3.11272,1.6));
#12363=DIRECTION('',(0.,0.,1.));
#12364=DIRECTION('',(0.000228,1.,0.));
#12365=AXIS2_PLACEMENT_3D('',#12362,#12363,#12364);
#12366=PLANE('',#12365);
#12367=POLY_LOOP('',(#954,#972,#971));
#12368=FACE_OUTER_BOUND('',#12367,.T.);
#12369=FACE_SURFACE('',(#12368),#12366,.T.);
#12370=CARTESIAN_POINT('',(165.300003,-12.129787,1.6));
#12371=DIRECTION('',(0.,0.,1.));
#12372=DIRECTION('',(0.,1.,0.));
#12373=AXIS2_PLACEMENT_3D('',#12370,#12371,#12372);
#12374=PLANE('',#12373);
#12375=POLY_LOOP('',(#831,#832,#914));
#12376=FACE_OUTER_BOUND('',#12375,.T.);
#12377=FACE_SURFACE('',(#12376),#12374,.T.);
#12378=CARTESIAN_POINT('',(165.199997,3.,1.6));
#12379=DIRECTION('',(0.,0.,1.));
#12380=DIRECTION('',(0.001228,0.999999,0.));
#12381=AXIS2_PLACEMENT_3D('',#12378,#12379,#12380);
#12382=PLANE('',#12381);
#12383=POLY_LOOP('',(#914,#832,#954));
#12384=FACE_OUTER_BOUND('',#12383,.T.);
#12385=FACE_SURFACE('',(#12384),#12382,.T.);
#12386=CARTESIAN_POINT('',(165.300003,-12.129787,1.6));
#12387=DIRECTION('',(-1.,0.,0.));
#12388=DIRECTION('',(0.,0.,1.));
#12389=AXIS2_PLACEMENT_3D('',#12386,#12387,#12388);
#12390=PLANE('',#12389);
#12391=POLY_LOOP('',(#831,#675,#832));
#12392=FACE_OUTER_BOUND('',#12391,.T.);
#12393=FACE_SURFACE('',(#12392),#12390,.T.);
#12394=CARTESIAN_POINT('',(4.7,84.470215,1.6));
#12395=DIRECTION('',(0.,-1.,0.));
#12396=DIRECTION('',(1.,0.,0.));
#12397=AXIS2_PLACEMENT_3D('',#12394,#12395,#12396);
#12398=PLANE('',#12397);
#12399=POLY_LOOP('',(#830,#832,#673));
#12400=FACE_OUTER_BOUND('',#12399,.T.);
#12401=FACE_SURFACE('',(#12400),#12398,.T.);
#12402=CARTESIAN_POINT('',(165.194458,3.11272,1.6));
#12403=DIRECTION('',(0.,0.,1.));
#12404=DIRECTION('',(0.001297,0.999999,0.));
#12405=AXIS2_PLACEMENT_3D('',#12402,#12403,#12404);
#12406=PLANE('',#12405);
#12407=POLY_LOOP('',(#954,#832,#972));
#12408=FACE_OUTER_BOUND('',#12407,.T.);
#12409=FACE_SURFACE('',(#12408),#12406,.T.);
#12410=CARTESIAN_POINT('',(162.899994,27.382978,1.6));
#12411=DIRECTION('',(0.,0.,1.));
#12412=DIRECTION('',(0.04908,0.998795,0.));
#12413=AXIS2_PLACEMENT_3D('',#12410,#12411,#12412);
#12414=PLANE('',#12413);
#12415=POLY_LOOP('',(#885,#973,#832));
#12416=FACE_OUTER_BOUND('',#12415,.T.);
#12417=FACE_SURFACE('',(#12416),#12414,.T.);
#12418=CARTESIAN_POINT('',(162.905533,27.495699,1.6));
#12419=DIRECTION('',(0.,0.,1.));
#12420=DIRECTION('',(0.146833,0.989161,0.));
#12421=AXIS2_PLACEMENT_3D('',#12418,#12419,#12420);
#12422=PLANE('',#12421);
#12423=POLY_LOOP('',(#973,#974,#832));
#12424=FACE_OUTER_BOUND('',#12423,.T.);
#12425=FACE_SURFACE('',(#12424),#12422,.T.);
#12426=CARTESIAN_POINT('',(162.922104,27.607332,1.6));
#12427=DIRECTION('',(0.,0.,1.));
#12428=DIRECTION('',(0.242965,0.970035,0.));
#12429=AXIS2_PLACEMENT_3D('',#12426,#12427,#12428);
#12430=PLANE('',#12429);
#12431=POLY_LOOP('',(#974,#975,#832));
#12432=FACE_OUTER_BOUND('',#12431,.T.);
#12433=FACE_SURFACE('',(#12432),#12430,.T.);
#12434=CARTESIAN_POINT('',(162.949524,27.716806,1.6));
#12435=DIRECTION('',(0.,0.,1.));
#12436=DIRECTION('',(0.33681,0.941573,0.));
#12437=AXIS2_PLACEMENT_3D('',#12434,#12435,#12436);
#12438=PLANE('',#12437);
#12439=POLY_LOOP('',(#975,#976,#832));
#12440=FACE_OUTER_BOUND('',#12439,.T.);
#12441=FACE_SURFACE('',(#12440),#12438,.T.);
#12442=CARTESIAN_POINT('',(162.987534,27.823065,1.6));
#12443=DIRECTION('',(0.,0.,1.));
#12444=DIRECTION('',(0.427639,0.90395,0.));
#12445=AXIS2_PLACEMENT_3D('',#12442,#12443,#12444);
#12446=PLANE('',#12445);
#12447=POLY_LOOP('',(#976,#977,#832));
#12448=FACE_OUTER_BOUND('',#12447,.T.);
#12449=FACE_SURFACE('',(#12448),#12446,.T.);
#12450=CARTESIAN_POINT('',(163.035797,27.925085,1.6));
#12451=DIRECTION('',(0.,0.,1.));
#12452=DIRECTION('',(0.514066,0.857751,0.));
#12453=AXIS2_PLACEMENT_3D('',#12450,#12451,#12452);
#12454=PLANE('',#12453);
#12455=POLY_LOOP('',(#977,#978,#832));
#12456=FACE_OUTER_BOUND('',#12455,.T.);
#12457=FACE_SURFACE('',(#12456),#12454,.T.);
#12458=CARTESIAN_POINT('',(165.150482,27.716806,1.6));
#12459=DIRECTION('',(0.,0.,1.));
#12460=DIRECTION('',(0.002635,0.999997,0.));
#12461=AXIS2_PLACEMENT_3D('',#12458,#12459,#12460);
#12462=PLANE('',#12461);
#12463=POLY_LOOP('',(#979,#832,#980));
#12464=FACE_OUTER_BOUND('',#12463,.T.);
#12465=FACE_SURFACE('',(#12464),#12462,.T.);
#12466=CARTESIAN_POINT('',(165.112457,27.823065,1.6));
#12467=DIRECTION('',(0.,0.,1.));
#12468=DIRECTION('',(0.003311,0.999995,0.));
#12469=AXIS2_PLACEMENT_3D('',#12466,#12467,#12468);
#12470=PLANE('',#12469);
#12471=POLY_LOOP('',(#980,#832,#981));
#12472=FACE_OUTER_BOUND('',#12471,.T.);
#12473=FACE_SURFACE('',(#12472),#12470,.T.);
#12474=CARTESIAN_POINT('',(163.093811,28.021885,1.6));
#12475=DIRECTION('',(0.,0.,1.));
#12476=DIRECTION('',(0.595711,0.803199,0.));
#12477=AXIS2_PLACEMENT_3D('',#12474,#12475,#12476);
#12478=PLANE('',#12477);
#12479=POLY_LOOP('',(#978,#982,#832));
#12480=FACE_OUTER_BOUND('',#12479,.T.);
#12481=FACE_SURFACE('',(#12480),#12478,.T.);
#12482=CARTESIAN_POINT('',(163.161041,28.112532,1.6));
#12483=DIRECTION('',(0.,0.,1.));
#12484=DIRECTION('',(0.671567,0.740944,0.));
#12485=AXIS2_PLACEMENT_3D('',#12482,#12483,#12484);
#12486=PLANE('',#12485);
#12487=POLY_LOOP('',(#982,#983,#832));
#12488=FACE_OUTER_BOUND('',#12487,.T.);
#12489=FACE_SURFACE('',(#12488),#12486,.T.);
#12490=CARTESIAN_POINT('',(163.236832,28.196152,1.6));
#12491=DIRECTION('',(0.,0.,1.));
#12492=DIRECTION('',(0.740945,0.671566,0.));
#12493=AXIS2_PLACEMENT_3D('',#12490,#12491,#12492);
#12494=PLANE('',#12493);
#12495=POLY_LOOP('',(#983,#984,#832));
#12496=FACE_OUTER_BOUND('',#12495,.T.);
#12497=FACE_SURFACE('',(#12496),#12494,.T.);
#12498=CARTESIAN_POINT('',(163.32045,28.27194,1.6));
#12499=DIRECTION('',(0.,0.,1.));
#12500=DIRECTION('',(0.803177,0.59574,0.));
#12501=AXIS2_PLACEMENT_3D('',#12498,#12499,#12500);
#12502=PLANE('',#12501);
#12503=POLY_LOOP('',(#984,#985,#832));
#12504=FACE_OUTER_BOUND('',#12503,.T.);
#12505=FACE_SURFACE('',(#12504),#12502,.T.);
#12506=CARTESIAN_POINT('',(163.411087,28.339169,1.6));
#12507=DIRECTION('',(0.,0.,1.));
#12508=DIRECTION('',(0.857733,0.514096,0.));
#12509=AXIS2_PLACEMENT_3D('',#12506,#12507,#12508);
#12510=PLANE('',#12509);
#12511=POLY_LOOP('',(#985,#986,#832));
#12512=FACE_OUTER_BOUND('',#12511,.T.);
#12513=FACE_SURFACE('',(#12512),#12510,.T.);
#12514=CARTESIAN_POINT('',(163.507889,28.397188,1.6));
#12515=DIRECTION('',(0.,0.,1.));
#12516=DIRECTION('',(0.903989,0.427556,0.));
#12517=AXIS2_PLACEMENT_3D('',#12514,#12515,#12516);
#12518=PLANE('',#12517);
#12519=POLY_LOOP('',(#986,#987,#832));
#12520=FACE_OUTER_BOUND('',#12519,.T.);
#12521=FACE_SURFACE('',(#12520),#12518,.T.);
#12522=CARTESIAN_POINT('',(163.609909,28.44544,1.6));
#12523=DIRECTION('',(0.,0.,1.));
#12524=DIRECTION('',(0.94155,0.336874,0.));
#12525=AXIS2_PLACEMENT_3D('',#12522,#12523,#12524);
#12526=PLANE('',#12525);
#12527=POLY_LOOP('',(#987,#988,#832));
#12528=FACE_OUTER_BOUND('',#12527,.T.);
#12529=FACE_SURFACE('',(#12528),#12526,.T.);
#12530=CARTESIAN_POINT('',(163.716171,28.483459,1.6));
#12531=DIRECTION('',(0.,0.,1.));
#12532=DIRECTION('',(0.970035,0.242965,0.));
#12533=AXIS2_PLACEMENT_3D('',#12530,#12531,#12532);
#12534=PLANE('',#12533);
#12535=POLY_LOOP('',(#988,#989,#832));
#12536=FACE_OUTER_BOUND('',#12535,.T.);
#12537=FACE_SURFACE('',(#12536),#12534,.T.);
#12538=CARTESIAN_POINT('',(163.825653,28.510881,1.6));
#12539=DIRECTION('',(0.,0.,1.));
#12540=DIRECTION('',(0.989176,0.146734,0.));
#12541=AXIS2_PLACEMENT_3D('',#12538,#12539,#12540);
#12542=PLANE('',#12541);
#12543=POLY_LOOP('',(#989,#990,#832));
#12544=FACE_OUTER_BOUND('',#12543,.T.);
#12545=FACE_SURFACE('',(#12544),#12542,.T.);
#12546=CARTESIAN_POINT('',(163.937286,28.527441,1.6));
#12547=DIRECTION('',(0.,0.,1.));
#12548=DIRECTION('',(0.998796,0.049064,0.));
#12549=AXIS2_PLACEMENT_3D('',#12546,#12547,#12548);
#12550=PLANE('',#12549);
#12551=POLY_LOOP('',(#990,#991,#832));
#12552=FACE_OUTER_BOUND('',#12551,.T.);
#12553=FACE_SURFACE('',(#12552),#12550,.T.);
#12554=CARTESIAN_POINT('',(164.050003,28.532978,1.6));
#12555=DIRECTION('',(0.,0.,1.));
#12556=DIRECTION('',(0.998796,-0.049064,0.));
#12557=AXIS2_PLACEMENT_3D('',#12554,#12555,#12556);
#12558=PLANE('',#12557);
#12559=POLY_LOOP('',(#991,#992,#832));
#12560=FACE_OUTER_BOUND('',#12559,.T.);
#12561=FACE_SURFACE('',(#12560),#12558,.T.);
#12562=CARTESIAN_POINT('',(164.274353,28.510881,1.6));
#12563=DIRECTION('',(0.,0.,1.));
#12564=DIRECTION('',(0.970035,-0.242965,0.));
#12565=AXIS2_PLACEMENT_3D('',#12562,#12563,#12564);
#12566=PLANE('',#12565);
#12567=POLY_LOOP('',(#993,#994,#832));
#12568=FACE_OUTER_BOUND('',#12567,.T.);
#12569=FACE_SURFACE('',(#12568),#12566,.T.);
#12570=CARTESIAN_POINT('',(164.274353,28.510881,1.6));
#12571=DIRECTION('',(0.,0.,1.));
#12572=DIRECTION('',(0.018325,0.999832,0.));
#12573=AXIS2_PLACEMENT_3D('',#12570,#12571,#12572);
#12574=PLANE('',#12573);
#12575=POLY_LOOP('',(#993,#832,#992));
#12576=FACE_OUTER_BOUND('',#12575,.T.);
#12577=FACE_SURFACE('',(#12576),#12574,.T.);
#12578=CARTESIAN_POINT('',(164.592102,28.397188,1.6));
#12579=DIRECTION('',(0.,0.,1.));
#12580=DIRECTION('',(0.857733,-0.514096,0.));
#12581=AXIS2_PLACEMENT_3D('',#12578,#12579,#12580);
#12582=PLANE('',#12581);
#12583=POLY_LOOP('',(#995,#996,#832));
#12584=FACE_OUTER_BOUND('',#12583,.T.);
#12585=FACE_SURFACE('',(#12584),#12582,.T.);
#12586=CARTESIAN_POINT('',(164.490082,28.44544,1.6));
#12587=DIRECTION('',(0.,0.,1.));
#12588=DIRECTION('',(0.903989,-0.427556,0.));
#12589=AXIS2_PLACEMENT_3D('',#12586,#12587,#12588);
#12590=PLANE('',#12589);
#12591=POLY_LOOP('',(#997,#995,#832));
#12592=FACE_OUTER_BOUND('',#12591,.T.);
#12593=FACE_SURFACE('',(#12592),#12590,.T.);
#12594=CARTESIAN_POINT('',(164.490082,28.44544,1.6));
#12595=DIRECTION('',(0.,0.,1.));
#12596=DIRECTION('',(0.014455,0.999896,0.));
#12597=AXIS2_PLACEMENT_3D('',#12594,#12595,#12596);
#12598=PLANE('',#12597);
#12599=POLY_LOOP('',(#997,#832,#994));
#12600=FACE_OUTER_BOUND('',#12599,.T.);
#12601=FACE_SURFACE('',(#12600),#12598,.T.);
#12602=CARTESIAN_POINT('',(164.779556,28.27194,1.6));
#12603=DIRECTION('',(0.,0.,1.));
#12604=DIRECTION('',(0.740945,-0.671566,0.));
#12605=AXIS2_PLACEMENT_3D('',#12602,#12603,#12604);
#12606=PLANE('',#12605);
#12607=POLY_LOOP('',(#998,#999,#832));
#12608=FACE_OUTER_BOUND('',#12607,.T.);
#12609=FACE_SURFACE('',(#12608),#12606,.T.);
#12610=CARTESIAN_POINT('',(165.006195,28.021885,1.6));
#12611=DIRECTION('',(0.,0.,1.));
#12612=DIRECTION('',(0.514066,-0.857751,0.));
#12613=AXIS2_PLACEMENT_3D('',#12610,#12611,#12612);
#12614=PLANE('',#12613);
#12615=POLY_LOOP('',(#1000,#981,#832));
#12616=FACE_OUTER_BOUND('',#12615,.T.);
#12617=FACE_SURFACE('',(#12616),#12614,.T.);
#12618=CARTESIAN_POINT('',(165.006195,28.021885,1.6));
#12619=DIRECTION('',(0.,0.,1.));
#12620=DIRECTION('',(0.005205,0.999986,0.));
#12621=AXIS2_PLACEMENT_3D('',#12618,#12619,#12620);
#12622=PLANE('',#12621);
#12623=POLY_LOOP('',(#1000,#832,#1001));
#12624=FACE_OUTER_BOUND('',#12623,.T.);
#12625=FACE_SURFACE('',(#12624),#12622,.T.);
#12626=CARTESIAN_POINT('',(164.938965,28.112532,1.6));
#12627=DIRECTION('',(0.,0.,1.));
#12628=DIRECTION('',(0.006406,0.999979,0.));
#12629=AXIS2_PLACEMENT_3D('',#12626,#12627,#12628);
#12630=PLANE('',#12629);
#12631=POLY_LOOP('',(#1001,#832,#999));
#12632=FACE_OUTER_BOUND('',#12631,.T.);
#12633=FACE_SURFACE('',(#12632),#12630,.T.);
#12634=CARTESIAN_POINT('',(164.779556,28.27194,1.6));
#12635=DIRECTION('',(0.,0.,1.));
#12636=DIRECTION('',(0.009261,0.999957,0.));
#12637=AXIS2_PLACEMENT_3D('',#12634,#12635,#12636);
#12638=PLANE('',#12637);
#12639=POLY_LOOP('',(#998,#832,#996));
#12640=FACE_OUTER_BOUND('',#12639,.T.);
#12641=FACE_SURFACE('',(#12640),#12638,.T.);
#12642=CARTESIAN_POINT('',(165.199997,27.382978,1.6));
#12643=DIRECTION('',(0.,0.,1.));
#12644=DIRECTION('',(0.001752,0.999998,0.));
#12645=AXIS2_PLACEMENT_3D('',#12642,#12643,#12644);
#12646=PLANE('',#12645);
#12647=POLY_LOOP('',(#972,#832,#1002));
#12648=FACE_OUTER_BOUND('',#12647,.T.);
#12649=FACE_SURFACE('',(#12648),#12646,.T.);
#12650=CARTESIAN_POINT('',(165.194458,27.495699,1.6));
#12651=DIRECTION('',(0.,0.,1.));
#12652=DIRECTION('',(0.001852,0.999998,0.));
#12653=AXIS2_PLACEMENT_3D('',#12650,#12651,#12652);
#12654=PLANE('',#12653);
#12655=POLY_LOOP('',(#1002,#832,#1003));
#12656=FACE_OUTER_BOUND('',#12655,.T.);
#12657=FACE_SURFACE('',(#12656),#12654,.T.);
#12658=CARTESIAN_POINT('',(165.177902,27.607332,1.6));
#12659=DIRECTION('',(0.,0.,1.));
#12660=DIRECTION('',(0.002147,0.999998,0.));
#12661=AXIS2_PLACEMENT_3D('',#12658,#12659,#12660);
#12662=PLANE('',#12661);
#12663=POLY_LOOP('',(#1003,#832,#979));
#12664=FACE_OUTER_BOUND('',#12663,.T.);
#12665=FACE_SURFACE('',(#12664),#12662,.T.);
#12666=CARTESIAN_POINT('',(165.300003,-12.129787,6.4));
#12667=DIRECTION('',(-1.,0.,0.));
#12668=DIRECTION('',(0.,1.,0.));
#12669=AXIS2_PLACEMENT_3D('',#12666,#12667,#12668);
#12670=PLANE('',#12669);
#12671=POLY_LOOP('',(#675,#673,#832));
#12672=FACE_OUTER_BOUND('',#12671,.T.);
#12673=FACE_SURFACE('',(#12672),#12670,.T.);
#12674=CARTESIAN_POINT('',(70.,-13.749787,3.4));
#12675=DIRECTION('',(0.,0.,1.));
#12676=DIRECTION('',(0.,-1.,0.));
#12677=AXIS2_PLACEMENT_3D('',#12674,#12675,#12676);
#12678=PLANE('',#12677);
#12679=POLY_LOOP('',(#1004,#171,#1005));
#12680=FACE_OUTER_BOUND('',#12679,.T.);
#12681=FACE_SURFACE('',(#12680),#12678,.T.);
#12682=CARTESIAN_POINT('',(77.,-13.749787,3.4));
#12683=DIRECTION('',(0.,0.,1.));
#12684=DIRECTION('',(-0.946773,-0.321903,0.));
#12685=AXIS2_PLACEMENT_3D('',#12682,#12683,#12684);
#12686=PLANE('',#12685);
#12687=POLY_LOOP('',(#1005,#171,#174));
#12688=FACE_OUTER_BOUND('',#12687,.T.);
#12689=FACE_SURFACE('',(#12688),#12686,.T.);
#12690=CARTESIAN_POINT('',(70.,-13.749787,3.4));
#12691=DIRECTION('',(0.,-1.,0.));
#12692=DIRECTION('',(1.,0.,0.));
#12693=AXIS2_PLACEMENT_3D('',#12690,#12691,#12692);
#12694=PLANE('',#12693);
#12695=POLY_LOOP('',(#1004,#1005,#653));
#12696=FACE_OUTER_BOUND('',#12695,.T.);
#12697=FACE_SURFACE('',(#12696),#12694,.T.);
#12698=CARTESIAN_POINT('',(70.,-13.749787,3.4));
#12699=DIRECTION('',(1.,0.,0.));
#12700=DIRECTION('',(0.,-0.391141,0.920331));
#12701=AXIS2_PLACEMENT_3D('',#12698,#12699,#12700);
#12702=PLANE('',#12701);
#12703=POLY_LOOP('',(#1004,#175,#171));
#12704=FACE_OUTER_BOUND('',#12703,.T.);
#12705=FACE_SURFACE('',(#12704),#12702,.T.);
#12706=CARTESIAN_POINT('',(70.,-13.749787,3.4));
#12707=DIRECTION('',(1.,0.,0.));
#12708=DIRECTION('',(0.,0.,1.));
#12709=AXIS2_PLACEMENT_3D('',#12706,#12707,#12708);
#12710=PLANE('',#12709);
#12711=POLY_LOOP('',(#1004,#652,#632));
#12712=FACE_OUTER_BOUND('',#12711,.T.);
#12713=FACE_SURFACE('',(#12712),#12710,.T.);
#12714=CARTESIAN_POINT('',(70.,-13.749787,3.4));
#12715=DIRECTION('',(0.,-1.,0.));
#12716=DIRECTION('',(0.995037,0.,0.099504));
#12717=AXIS2_PLACEMENT_3D('',#12714,#12715,#12716);
#12718=PLANE('',#12717);
#12719=POLY_LOOP('',(#1004,#653,#652));
#12720=FACE_OUTER_BOUND('',#12719,.T.);
#12721=FACE_SURFACE('',(#12720),#12718,.T.);
#12722=CARTESIAN_POINT('',(70.,-13.749787,3.4));
#12723=DIRECTION('',(1.,0.,0.));
#12724=DIRECTION('',(0.,-0.125663,0.992073));
#12725=AXIS2_PLACEMENT_3D('',#12722,#12723,#12724);
#12726=PLANE('',#12725);
#12727=POLY_LOOP('',(#1004,#632,#175));
#12728=FACE_OUTER_BOUND('',#12727,.T.);
#12729=FACE_SURFACE('',(#12728),#12726,.T.);
#12730=CARTESIAN_POINT('',(70.,-14.129787,6.4));
#12731=DIRECTION('',(1.,0.,0.));
#12732=DIRECTION('',(0.,0.,1.));
#12733=AXIS2_PLACEMENT_3D('',#12730,#12731,#12732);
#12734=PLANE('',#12733);
#12735=POLY_LOOP('',(#632,#654,#175));
#12736=FACE_OUTER_BOUND('',#12735,.T.);
#12737=FACE_SURFACE('',(#12736),#12734,.T.);
#12738=CARTESIAN_POINT('',(70.,-14.129787,9.));
#12739=DIRECTION('',(0.,0.,-1.));
#12740=DIRECTION('',(0.997785,-0.066519,0.));
#12741=AXIS2_PLACEMENT_3D('',#12738,#12739,#12740);
#12742=PLANE('',#12741);
#12743=POLY_LOOP('',(#654,#436,#175));
#12744=FACE_OUTER_BOUND('',#12743,.T.);
#12745=FACE_SURFACE('',(#12744),#12742,.T.);
#12746=CARTESIAN_POINT('',(93.,-13.749787,3.4));
#12747=DIRECTION('',(0.,0.,1.));
#12748=DIRECTION('',(0.,-1.,0.));
#12749=AXIS2_PLACEMENT_3D('',#12746,#12747,#12748);
#12750=PLANE('',#12749);
#12751=POLY_LOOP('',(#1006,#277,#1007));
#12752=FACE_OUTER_BOUND('',#12751,.T.);
#12753=FACE_SURFACE('',(#12752),#12750,.T.);
#12754=CARTESIAN_POINT('',(77.,-13.749787,3.4));
#12755=DIRECTION('',(0.,-1.,0.));
#12756=DIRECTION('',(1.,0.,0.));
#12757=AXIS2_PLACEMENT_3D('',#12754,#12755,#12756);
#12758=PLANE('',#12757);
#12759=POLY_LOOP('',(#1005,#1006,#653));
#12760=FACE_OUTER_BOUND('',#12759,.T.);
#12761=FACE_SURFACE('',(#12760),#12758,.T.);
#12762=CARTESIAN_POINT('',(100.,-13.749787,3.4));
#12763=DIRECTION('',(0.,0.,1.));
#12764=DIRECTION('',(-0.946773,-0.321903,0.));
#12765=AXIS2_PLACEMENT_3D('',#12762,#12763,#12764);
#12766=PLANE('',#12765);
#12767=POLY_LOOP('',(#1007,#277,#276));
#12768=FACE_OUTER_BOUND('',#12767,.T.);
#12769=FACE_SURFACE('',(#12768),#12766,.T.);
#12770=CARTESIAN_POINT('',(93.,-13.749787,3.4));
#12771=DIRECTION('',(0.,-1.,0.));
#12772=DIRECTION('',(1.,0.,0.));
#12773=AXIS2_PLACEMENT_3D('',#12770,#12771,#12772);
#12774=PLANE('',#12773);
#12775=POLY_LOOP('',(#1006,#1007,#653));
#12776=FACE_OUTER_BOUND('',#12775,.T.);
#12777=FACE_SURFACE('',(#12776),#12774,.T.);
#12778=CARTESIAN_POINT('',(100.,-13.749787,3.4));
#12779=DIRECTION('',(-1.,0.,0.));
#12780=DIRECTION('',(0.,-1.,0.));
#12781=AXIS2_PLACEMENT_3D('',#12778,#12779,#12780);
#12782=PLANE('',#12781);
#12783=POLY_LOOP('',(#1007,#276,#676));
#12784=FACE_OUTER_BOUND('',#12783,.T.);
#12785=FACE_SURFACE('',(#12784),#12782,.T.);
#12786=CARTESIAN_POINT('',(100.,-13.749787,3.4));
#12787=DIRECTION('',(-1.,0.,0.));
#12788=DIRECTION('',(0.,-0.125663,0.992073));
#12789=AXIS2_PLACEMENT_3D('',#12786,#12787,#12788);
#12790=PLANE('',#12789);
#12791=POLY_LOOP('',(#1007,#676,#653));
#12792=FACE_OUTER_BOUND('',#12791,.T.);
#12793=FACE_SURFACE('',(#12792),#12790,.T.);
#12794=CARTESIAN_POINT('',(100.,-14.129787,6.4));
#12795=DIRECTION('',(-1.,0.,0.));
#12796=DIRECTION('',(0.,-0.5547,-0.83205));
#12797=AXIS2_PLACEMENT_3D('',#12794,#12795,#12796);
#12798=PLANE('',#12797);
#12799=POLY_LOOP('',(#676,#276,#655));
#12800=FACE_OUTER_BOUND('',#12799,.T.);
#12801=FACE_SURFACE('',(#12800),#12798,.T.);
#12802=CARTESIAN_POINT('',(100.,-14.129787,9.));
#12803=DIRECTION('',(-1.,0.,0.));
#12804=DIRECTION('',(0.,-0.336336,-0.941742));
#12805=AXIS2_PLACEMENT_3D('',#12802,#12803,#12804);
#12806=PLANE('',#12805);
#12807=POLY_LOOP('',(#655,#276,#436));
#12808=FACE_OUTER_BOUND('',#12807,.T.);
#12809=FACE_SURFACE('',(#12808),#12806,.T.);
#12810=CARTESIAN_POINT('',(70.,-14.129787,9.));
#12811=DIRECTION('',(0.,0.,-1.));
#12812=DIRECTION('',(1.,0.,0.));
#12813=AXIS2_PLACEMENT_3D('',#12810,#12811,#12812);
#12814=PLANE('',#12813);
#12815=POLY_LOOP('',(#654,#655,#436));
#12816=FACE_OUTER_BOUND('',#12815,.T.);
#12817=FACE_SURFACE('',(#12816),#12814,.T.);
#12818=CARTESIAN_POINT('',(77.,-13.749787,1.6));
#12819=DIRECTION('',(1.,0.,0.));
#12820=DIRECTION('',(0.,-0.797581,0.603212));
#12821=AXIS2_PLACEMENT_3D('',#12818,#12819,#12820);
#12822=PLANE('',#12821);
#12823=POLY_LOOP('',(#1008,#174,#149));
#12824=FACE_OUTER_BOUND('',#12823,.T.);
#12825=FACE_SURFACE('',(#12824),#12822,.T.);
#12826=CARTESIAN_POINT('',(77.,-13.749787,1.6));
#12827=DIRECTION('',(0.,0.,1.));
#12828=DIRECTION('',(0.,-1.,0.));
#12829=AXIS2_PLACEMENT_3D('',#12826,#12827,#12828);
#12830=PLANE('',#12829);
#12831=POLY_LOOP('',(#1008,#149,#1009));
#12832=FACE_OUTER_BOUND('',#12831,.T.);
#12833=FACE_SURFACE('',(#12832),#12830,.T.);
#12834=CARTESIAN_POINT('',(77.,-13.749787,1.6));
#12835=DIRECTION('',(1.,0.,0.));
#12836=DIRECTION('',(0.,0.,1.));
#12837=AXIS2_PLACEMENT_3D('',#12834,#12835,#12836);
#12838=PLANE('',#12837);
#12839=POLY_LOOP('',(#1008,#1005,#174));
#12840=FACE_OUTER_BOUND('',#12839,.T.);
#12841=FACE_SURFACE('',(#12840),#12838,.T.);
#12842=CARTESIAN_POINT('',(77.,-13.749787,1.6));
#12843=DIRECTION('',(0.,-1.,0.));
#12844=DIRECTION('',(0.993731,0.,0.111795));
#12845=AXIS2_PLACEMENT_3D('',#12842,#12843,#12844);
#12846=PLANE('',#12845);
#12847=POLY_LOOP('',(#1008,#1006,#1005));
#12848=FACE_OUTER_BOUND('',#12847,.T.);
#12849=FACE_SURFACE('',(#12848),#12846,.T.);
#12850=CARTESIAN_POINT('',(93.,-13.749787,1.6));
#12851=DIRECTION('',(0.,0.,1.));
#12852=DIRECTION('',(-0.989117,-0.147131,0.));
#12853=AXIS2_PLACEMENT_3D('',#12850,#12851,#12852);
#12854=PLANE('',#12853);
#12855=POLY_LOOP('',(#1009,#149,#148));
#12856=FACE_OUTER_BOUND('',#12855,.T.);
#12857=FACE_SURFACE('',(#12856),#12854,.T.);
#12858=CARTESIAN_POINT('',(77.,-13.749787,1.6));
#12859=DIRECTION('',(0.,-1.,0.));
#12860=DIRECTION('',(1.,0.,0.));
#12861=AXIS2_PLACEMENT_3D('',#12858,#12859,#12860);
#12862=PLANE('',#12861);
#12863=POLY_LOOP('',(#1008,#1009,#1006));
#12864=FACE_OUTER_BOUND('',#12863,.T.);
#12865=FACE_SURFACE('',(#12864),#12862,.T.);
#12866=CARTESIAN_POINT('',(93.,-13.749787,1.6));
#12867=DIRECTION('',(-1.,0.,0.));
#12868=DIRECTION('',(0.,-1.,0.));
#12869=AXIS2_PLACEMENT_3D('',#12866,#12867,#12868);
#12870=PLANE('',#12869);
#12871=POLY_LOOP('',(#1009,#148,#1006));
#12872=FACE_OUTER_BOUND('',#12871,.T.);
#12873=FACE_SURFACE('',(#12872),#12870,.T.);
#12874=CARTESIAN_POINT('',(93.,-13.749787,3.4));
#12875=DIRECTION('',(-1.,0.,0.));
#12876=DIRECTION('',(0.,-0.797581,-0.603212));
#12877=AXIS2_PLACEMENT_3D('',#12874,#12875,#12876);
#12878=PLANE('',#12877);
#12879=POLY_LOOP('',(#1006,#148,#277));
#12880=FACE_OUTER_BOUND('',#12879,.T.);
#12881=FACE_SURFACE('',(#12880),#12878,.T.);
#12882=CARTESIAN_POINT('',(5.061038,2.270448,1.6));
#12883=DIRECTION('',(0.740952,0.671558,0.));
#12884=DIRECTION('',(0.047251,-0.052133,-0.997522));
#12885=AXIS2_PLACEMENT_3D('',#12882,#12883,#12884);
#12886=PLANE('',#12885);
#12887=POLY_LOOP('',(#757,#30,#29));
#12888=FACE_OUTER_BOUND('',#12887,.T.);
#12889=FACE_SURFACE('',(#12888),#12886,.T.);
#12890=CARTESIAN_POINT('',(5.407894,1.98579,1.6));
#12891=DIRECTION('',(0.427555,0.903989,0.));
#12892=DIRECTION('',(0.063605,-0.030083,-0.997522));
#12893=AXIS2_PLACEMENT_3D('',#12890,#12891,#12892);
#12894=PLANE('',#12893);
#12895=POLY_LOOP('',(#753,#23,#34));
#12896=FACE_OUTER_BOUND('',#12895,.T.);
#12897=FACE_SURFACE('',(#12896),#12894,.T.);
#12898=CARTESIAN_POINT('',(5.311094,2.04381,1.6));
#12899=DIRECTION('',(0.514103,0.857728,0.));
#12900=DIRECTION('',(0.06035,-0.036172,-0.997522));
#12901=AXIS2_PLACEMENT_3D('',#12898,#12899,#12900);
#12902=PLANE('',#12901);
#12903=POLY_LOOP('',(#749,#34,#28));
#12904=FACE_OUTER_BOUND('',#12903,.T.);
#12905=FACE_SURFACE('',(#12904),#12902,.T.);
#12906=CARTESIAN_POINT('',(5.220448,2.111038,1.6));
#12907=DIRECTION('',(0.595699,0.803208,0.));
#12908=DIRECTION('',(0.056514,-0.041913,-0.997522));
#12909=AXIS2_PLACEMENT_3D('',#12906,#12907,#12908);
#12910=PLANE('',#12909);
#12911=POLY_LOOP('',(#750,#28,#27));
#12912=FACE_OUTER_BOUND('',#12911,.T.);
#12913=FACE_SURFACE('',(#12912),#12910,.T.);
#12914=CARTESIAN_POINT('',(5.136827,2.186827,1.6));
#12915=DIRECTION('',(0.671559,0.740951,0.));
#12916=DIRECTION('',(0.052133,-0.047251,-0.997522));
#12917=AXIS2_PLACEMENT_3D('',#12914,#12915,#12916);
#12918=PLANE('',#12917);
#12919=POLY_LOOP('',(#756,#27,#30));
#12920=FACE_OUTER_BOUND('',#12919,.T.);
#12921=FACE_SURFACE('',(#12920),#12918,.T.);
#12922=CARTESIAN_POINT('',(4.935791,2.457894,1.6));
#12923=DIRECTION('',(0.857728,0.514104,0.));
#12924=DIRECTION('',(0.036172,-0.06035,-0.997522));
#12925=AXIS2_PLACEMENT_3D('',#12922,#12923,#12924);
#12926=PLANE('',#12925);
#12927=POLY_LOOP('',(#759,#31,#33));
#12928=FACE_OUTER_BOUND('',#12927,.T.);
#12929=FACE_SURFACE('',(#12928),#12926,.T.);
#12930=CARTESIAN_POINT('',(4.99381,2.361094,1.6));
#12931=DIRECTION('',(0.803208,0.595698,0.));
#12932=DIRECTION('',(0.041913,-0.056514,-0.997522));
#12933=AXIS2_PLACEMENT_3D('',#12930,#12931,#12932);
#12934=PLANE('',#12933);
#12935=POLY_LOOP('',(#758,#29,#31));
#12936=FACE_OUTER_BOUND('',#12935,.T.);
#12937=FACE_SURFACE('',(#12936),#12934,.T.);
#12938=CARTESIAN_POINT('',(4.887538,2.559914,1.6));
#12939=DIRECTION('',(0.903989,0.427556,0.));
#12940=DIRECTION('',(0.030083,-0.063605,-0.997522));
#12941=AXIS2_PLACEMENT_3D('',#12938,#12939,#12940);
#12942=PLANE('',#12941);
#12943=POLY_LOOP('',(#760,#33,#32));
#12944=FACE_OUTER_BOUND('',#12943,.T.);
#12945=FACE_SURFACE('',(#12944),#12942,.T.);
#12946=CARTESIAN_POINT('',(4.849519,2.666173,1.6));
#12947=DIRECTION('',(0.941545,0.336888,0.));
#12948=DIRECTION('',(0.023703,-0.066247,-0.997522));
#12949=AXIS2_PLACEMENT_3D('',#12946,#12947,#12948);
#12950=PLANE('',#12949);
#12951=POLY_LOOP('',(#745,#32,#35));
#12952=FACE_OUTER_BOUND('',#12951,.T.);
#12953=FACE_SURFACE('',(#12952),#12950,.T.);
#12954=CARTESIAN_POINT('',(5.509914,1.937539,1.6));
#12955=DIRECTION('',(0.336889,0.941544,0.));
#12956=DIRECTION('',(0.066247,-0.023704,-0.997522));
#12957=AXIS2_PLACEMENT_3D('',#12954,#12955,#12956);
#12958=PLANE('',#12957);
#12959=POLY_LOOP('',(#752,#24,#23));
#12960=FACE_OUTER_BOUND('',#12959,.T.);
#12961=FACE_SURFACE('',(#12960),#12958,.T.);
#12962=CARTESIAN_POINT('',(5.725646,1.872097,1.6));
#12963=DIRECTION('',(0.14673,0.989177,0.));
#12964=DIRECTION('',(0.069598,-0.010324,-0.997522));
#12965=AXIS2_PLACEMENT_3D('',#12962,#12963,#12964);
#12966=PLANE('',#12965);
#12967=POLY_LOOP('',(#754,#26,#25));
#12968=FACE_OUTER_BOUND('',#12967,.T.);
#12969=FACE_SURFACE('',(#12968),#12966,.T.);
#12970=CARTESIAN_POINT('',(5.616173,1.899519,1.6));
#12971=DIRECTION('',(0.242981,0.970031,0.));
#12972=DIRECTION('',(0.068251,-0.017096,-0.997522));
#12973=AXIS2_PLACEMENT_3D('',#12970,#12971,#12972);
#12974=PLANE('',#12973);
#12975=POLY_LOOP('',(#751,#25,#24));
#12976=FACE_OUTER_BOUND('',#12975,.T.);
#12977=FACE_SURFACE('',(#12976),#12974,.T.);
#12978=CARTESIAN_POINT('',(5.83728,1.855538,1.6));
#12979=DIRECTION('',(0.049067,0.998795,0.));
#12980=DIRECTION('',(0.070275,-0.003452,-0.997522));
#12981=AXIS2_PLACEMENT_3D('',#12978,#12979,#12980);
#12982=PLANE('',#12981);
#12983=POLY_LOOP('',(#755,#150,#26));
#12984=FACE_OUTER_BOUND('',#12983,.T.);
#12985=FACE_SURFACE('',(#12984),#12982,.T.);
#12986=CARTESIAN_POINT('',(5.95,1.85,1.6));
#12987=DIRECTION('',(-0.049067,0.998795,0.));
#12988=DIRECTION('',(0.070275,0.003452,-0.997522));
#12989=AXIS2_PLACEMENT_3D('',#12986,#12987,#12988);
#12990=PLANE('',#12989);
#12991=POLY_LOOP('',(#761,#151,#150));
#12992=FACE_OUTER_BOUND('',#12991,.T.);
#12993=FACE_SURFACE('',(#12992),#12990,.T.);
#12994=CARTESIAN_POINT('',(6.06272,1.855538,1.6));
#12995=DIRECTION('',(-0.14673,0.989177,0.));
#12996=DIRECTION('',(0.069598,0.010324,-0.997522));
#12997=AXIS2_PLACEMENT_3D('',#12994,#12995,#12996);
#12998=PLANE('',#12997);
#12999=POLY_LOOP('',(#762,#152,#151));
#13000=FACE_OUTER_BOUND('',#12999,.T.);
#13001=FACE_SURFACE('',(#13000),#12998,.T.);
#13002=CARTESIAN_POINT('',(4.822097,2.775646,1.6));
#13003=DIRECTION('',(0.970031,0.242982,0.));
#13004=DIRECTION('',(0.017096,-0.068251,-0.997522));
#13005=AXIS2_PLACEMENT_3D('',#13002,#13003,#13004);
#13006=PLANE('',#13005);
#13007=POLY_LOOP('',(#746,#35,#36));
#13008=FACE_OUTER_BOUND('',#13007,.T.);
#13009=FACE_SURFACE('',(#13008),#13006,.T.);
#13010=CARTESIAN_POINT('',(4.805538,2.88728,1.6));
#13011=DIRECTION('',(0.989177,0.146729,0.));
#13012=DIRECTION('',(0.010324,-0.069598,-0.997522));
#13013=AXIS2_PLACEMENT_3D('',#13010,#13011,#13012);
#13014=PLANE('',#13013);
#13015=POLY_LOOP('',(#747,#36,#22));
#13016=FACE_OUTER_BOUND('',#13015,.T.);
#13017=FACE_SURFACE('',(#13016),#13014,.T.);
#13018=CARTESIAN_POINT('',(4.8,3.,1.6));
#13019=DIRECTION('',(0.998795,0.049067,0.));
#13020=DIRECTION('',(0.003452,-0.070275,-0.997522));
#13021=AXIS2_PLACEMENT_3D('',#13018,#13019,#13020);
#13022=PLANE('',#13021);
#13023=POLY_LOOP('',(#748,#22,#21));
#13024=FACE_OUTER_BOUND('',#13023,.T.);
#13025=FACE_SURFACE('',(#13024),#13022,.T.);
#13026=CARTESIAN_POINT('',(4.805538,3.11272,1.6));
#13027=DIRECTION('',(0.998795,-0.049067,0.));
#13028=DIRECTION('',(-0.003452,-0.070275,-0.997522));
#13029=AXIS2_PLACEMENT_3D('',#13026,#13027,#13028);
#13030=PLANE('',#13029);
#13031=POLY_LOOP('',(#768,#21,#75));
#13032=FACE_OUTER_BOUND('',#13031,.T.);
#13033=FACE_SURFACE('',(#13032),#13030,.T.);
#13034=CARTESIAN_POINT('',(4.822097,3.224354,1.6));
#13035=DIRECTION('',(0.989177,-0.146729,0.));
#13036=DIRECTION('',(-0.010324,-0.069598,-0.997522));
#13037=AXIS2_PLACEMENT_3D('',#13034,#13035,#13036);
#13038=PLANE('',#13037);
#13039=POLY_LOOP('',(#769,#75,#77));
#13040=FACE_OUTER_BOUND('',#13039,.T.);
#13041=FACE_SURFACE('',(#13040),#13038,.T.);
#13042=CARTESIAN_POINT('',(4.849519,3.333827,1.6));
#13043=DIRECTION('',(0.970031,-0.242982,0.));
#13044=DIRECTION('',(-0.017096,-0.068251,-0.997522));
#13045=AXIS2_PLACEMENT_3D('',#13042,#13043,#13044);
#13046=PLANE('',#13045);
#13047=POLY_LOOP('',(#771,#77,#79));
#13048=FACE_OUTER_BOUND('',#13047,.T.);
#13049=FACE_SURFACE('',(#13048),#13046,.T.);
#13050=CARTESIAN_POINT('',(4.887538,3.440086,1.6));
#13051=DIRECTION('',(0.941545,-0.336888,0.));
#13052=DIRECTION('',(-0.023703,-0.066247,-0.997522));
#13053=AXIS2_PLACEMENT_3D('',#13050,#13051,#13052);
#13054=PLANE('',#13053);
#13055=POLY_LOOP('',(#773,#79,#81));
#13056=FACE_OUTER_BOUND('',#13055,.T.);
#13057=FACE_SURFACE('',(#13056),#13054,.T.);
#13058=CARTESIAN_POINT('',(6.174354,1.872097,1.6));
#13059=DIRECTION('',(-0.242981,0.970031,0.));
#13060=DIRECTION('',(0.068251,0.017096,-0.997522));
#13061=AXIS2_PLACEMENT_3D('',#13058,#13059,#13060);
#13062=PLANE('',#13061);
#13063=POLY_LOOP('',(#763,#153,#152));
#13064=FACE_OUTER_BOUND('',#13063,.T.);
#13065=FACE_SURFACE('',(#13064),#13062,.T.);
#13066=CARTESIAN_POINT('',(6.283827,1.899519,1.6));
#13067=DIRECTION('',(-0.336889,0.941544,0.));
#13068=DIRECTION('',(0.066247,0.023704,-0.997522));
#13069=AXIS2_PLACEMENT_3D('',#13066,#13067,#13068);
#13070=PLANE('',#13069);
#13071=POLY_LOOP('',(#764,#154,#153));
#13072=FACE_OUTER_BOUND('',#13071,.T.);
#13073=FACE_SURFACE('',(#13072),#13070,.T.);
#13074=CARTESIAN_POINT('',(6.390086,1.937539,1.6));
#13075=DIRECTION('',(-0.427555,0.903989,0.));
#13076=DIRECTION('',(0.063605,0.030083,-0.997522));
#13077=AXIS2_PLACEMENT_3D('',#13074,#13075,#13076);
#13078=PLANE('',#13077);
#13079=POLY_LOOP('',(#765,#155,#154));
#13080=FACE_OUTER_BOUND('',#13079,.T.);
#13081=FACE_SURFACE('',(#13080),#13078,.T.);
#13082=CARTESIAN_POINT('',(6.492106,1.98579,1.6));
#13083=DIRECTION('',(-0.514103,0.857728,0.));
#13084=DIRECTION('',(0.06035,0.036172,-0.997522));
#13085=AXIS2_PLACEMENT_3D('',#13082,#13083,#13084);
#13086=PLANE('',#13085);
#13087=POLY_LOOP('',(#766,#156,#155));
#13088=FACE_OUTER_BOUND('',#13087,.T.);
#13089=FACE_SURFACE('',(#13088),#13086,.T.);
#13090=CARTESIAN_POINT('',(6.588906,2.04381,1.6));
#13091=DIRECTION('',(-0.595701,0.803207,0.));
#13092=DIRECTION('',(0.056514,0.041913,-0.997522));
#13093=AXIS2_PLACEMENT_3D('',#13090,#13091,#13092);
#13094=PLANE('',#13093);
#13095=POLY_LOOP('',(#833,#157,#156));
#13096=FACE_OUTER_BOUND('',#13095,.T.);
#13097=FACE_SURFACE('',(#13096),#13094,.T.);
#13098=CARTESIAN_POINT('',(6.679552,2.111038,1.6));
#13099=DIRECTION('',(-0.671559,0.740951,0.));
#13100=DIRECTION('',(0.052133,0.047251,-0.997522));
#13101=AXIS2_PLACEMENT_3D('',#13098,#13099,#13100);
#13102=PLANE('',#13101);
#13103=POLY_LOOP('',(#834,#158,#157));
#13104=FACE_OUTER_BOUND('',#13103,.T.);
#13105=FACE_SURFACE('',(#13104),#13102,.T.);
#13106=CARTESIAN_POINT('',(6.763173,2.186827,1.6));
#13107=DIRECTION('',(-0.74095,0.67156,0.));
#13108=DIRECTION('',(0.047251,0.052133,-0.997522));
#13109=AXIS2_PLACEMENT_3D('',#13106,#13107,#13108);
#13110=PLANE('',#13109);
#13111=POLY_LOOP('',(#835,#159,#158));
#13112=FACE_OUTER_BOUND('',#13111,.T.);
#13113=FACE_SURFACE('',(#13112),#13110,.T.);
#13114=CARTESIAN_POINT('',(6.838962,2.270448,1.6));
#13115=DIRECTION('',(-0.803208,0.595698,0.));
#13116=DIRECTION('',(0.041913,0.056514,-0.997522));
#13117=AXIS2_PLACEMENT_3D('',#13114,#13115,#13116);
#13118=PLANE('',#13117);
#13119=POLY_LOOP('',(#836,#160,#159));
#13120=FACE_OUTER_BOUND('',#13119,.T.);
#13121=FACE_SURFACE('',(#13120),#13118,.T.);
#13122=CARTESIAN_POINT('',(6.90619,2.361094,1.6));
#13123=DIRECTION('',(-0.857728,0.514104,0.));
#13124=DIRECTION('',(0.036172,0.06035,-0.997522));
#13125=AXIS2_PLACEMENT_3D('',#13122,#13123,#13124);
#13126=PLANE('',#13125);
#13127=POLY_LOOP('',(#837,#161,#160));
#13128=FACE_OUTER_BOUND('',#13127,.T.);
#13129=FACE_SURFACE('',(#13128),#13126,.T.);
#13130=CARTESIAN_POINT('',(6.96421,2.457894,1.6));
#13131=DIRECTION('',(-0.903989,0.427556,0.));
#13132=DIRECTION('',(0.030083,0.063605,-0.997522));
#13133=AXIS2_PLACEMENT_3D('',#13130,#13131,#13132);
#13134=PLANE('',#13133);
#13135=POLY_LOOP('',(#838,#162,#161));
#13136=FACE_OUTER_BOUND('',#13135,.T.);
#13137=FACE_SURFACE('',(#13136),#13134,.T.);
#13138=CARTESIAN_POINT('',(7.012462,2.559914,1.6));
#13139=DIRECTION('',(-0.941545,0.336888,0.));
#13140=DIRECTION('',(0.023703,0.066247,-0.997522));
#13141=AXIS2_PLACEMENT_3D('',#13138,#13139,#13140);
#13142=PLANE('',#13141);
#13143=POLY_LOOP('',(#839,#163,#162));
#13144=FACE_OUTER_BOUND('',#13143,.T.);
#13145=FACE_SURFACE('',(#13144),#13142,.T.);
#13146=CARTESIAN_POINT('',(7.050481,2.666173,1.6));
#13147=DIRECTION('',(-0.970031,0.242982,0.));
#13148=DIRECTION('',(0.017096,0.068251,-0.997522));
#13149=AXIS2_PLACEMENT_3D('',#13146,#13147,#13148);
#13150=PLANE('',#13149);
#13151=POLY_LOOP('',(#840,#164,#163));
#13152=FACE_OUTER_BOUND('',#13151,.T.);
#13153=FACE_SURFACE('',(#13152),#13150,.T.);
#13154=CARTESIAN_POINT('',(7.077903,2.775646,1.6));
#13155=DIRECTION('',(-0.989177,0.146729,0.));
#13156=DIRECTION('',(0.010324,0.069598,-0.997522));
#13157=AXIS2_PLACEMENT_3D('',#13154,#13155,#13156);
#13158=PLANE('',#13157);
#13159=POLY_LOOP('',(#841,#165,#164));
#13160=FACE_OUTER_BOUND('',#13159,.T.);
#13161=FACE_SURFACE('',(#13160),#13158,.T.);
#13162=CARTESIAN_POINT('',(7.094462,2.88728,1.6));
#13163=DIRECTION('',(-0.998795,0.049067,0.));
#13164=DIRECTION('',(0.003452,0.070275,-0.997522));
#13165=AXIS2_PLACEMENT_3D('',#13162,#13163,#13164);
#13166=PLANE('',#13165);
#13167=POLY_LOOP('',(#842,#166,#165));
#13168=FACE_OUTER_BOUND('',#13167,.T.);
#13169=FACE_SURFACE('',(#13168),#13166,.T.);
#13170=CARTESIAN_POINT('',(7.1,3.,1.6));
#13171=DIRECTION('',(-0.998795,-0.049067,0.));
#13172=DIRECTION('',(-0.003452,0.070275,-0.997522));
#13173=AXIS2_PLACEMENT_3D('',#13170,#13171,#13172);
#13174=PLANE('',#13173);
#13175=POLY_LOOP('',(#817,#167,#166));
#13176=FACE_OUTER_BOUND('',#13175,.T.);
#13177=FACE_SURFACE('',(#13176),#13174,.T.);
#13178=CARTESIAN_POINT('',(7.094462,3.11272,1.6));
#13179=DIRECTION('',(-0.989177,-0.146729,0.));
#13180=DIRECTION('',(-0.010324,0.069598,-0.997522));
#13181=AXIS2_PLACEMENT_3D('',#13178,#13179,#13180);
#13182=PLANE('',#13181);
#13183=POLY_LOOP('',(#819,#168,#167));
#13184=FACE_OUTER_BOUND('',#13183,.T.);
#13185=FACE_SURFACE('',(#13184),#13182,.T.);
#13186=CARTESIAN_POINT('',(7.077903,3.224354,1.6));
#13187=DIRECTION('',(-0.970031,-0.242982,0.));
#13188=DIRECTION('',(-0.017096,0.068251,-0.997522));
#13189=AXIS2_PLACEMENT_3D('',#13186,#13187,#13188);
#13190=PLANE('',#13189);
#13191=POLY_LOOP('',(#820,#169,#168));
#13192=FACE_OUTER_BOUND('',#13191,.T.);
#13193=FACE_SURFACE('',(#13192),#13190,.T.);
#13194=CARTESIAN_POINT('',(7.012462,3.440086,1.6));
#13195=DIRECTION('',(-0.903989,-0.427556,0.));
#13196=DIRECTION('',(-0.030083,0.063605,-0.997522));
#13197=AXIS2_PLACEMENT_3D('',#13194,#13195,#13196);
#13198=PLANE('',#13197);
#13199=POLY_LOOP('',(#824,#172,#170));
#13200=FACE_OUTER_BOUND('',#13199,.T.);
#13201=FACE_SURFACE('',(#13200),#13198,.T.);
#13202=CARTESIAN_POINT('',(7.050481,3.333827,1.6));
#13203=DIRECTION('',(-0.941545,-0.336888,0.));
#13204=DIRECTION('',(-0.023703,0.066247,-0.997522));
#13205=AXIS2_PLACEMENT_3D('',#13202,#13203,#13204);
#13206=PLANE('',#13205);
#13207=POLY_LOOP('',(#822,#170,#169));
#13208=FACE_OUTER_BOUND('',#13207,.T.);
#13209=FACE_SURFACE('',(#13208),#13206,.T.);
#13210=CARTESIAN_POINT('',(5.136827,2.186827,1.6));
#13211=DIRECTION('',(0.740952,0.671558,0.));
#13212=DIRECTION('',(0.,0.,-1.));
#13213=AXIS2_PLACEMENT_3D('',#13210,#13211,#13212);
#13214=PLANE('',#13213);
#13215=POLY_LOOP('',(#756,#30,#757));
#13216=FACE_OUTER_BOUND('',#13215,.T.);
#13217=FACE_SURFACE('',(#13216),#13214,.T.);
#13218=CARTESIAN_POINT('',(5.407894,1.98579,1.6));
#13219=DIRECTION('',(0.427555,0.903989,0.));
#13220=DIRECTION('',(0.903989,-0.427555,0.));
#13221=AXIS2_PLACEMENT_3D('',#13218,#13219,#13220);
#13222=PLANE('',#13221);
#13223=POLY_LOOP('',(#753,#752,#23));
#13224=FACE_OUTER_BOUND('',#13223,.T.);
#13225=FACE_SURFACE('',(#13224),#13222,.T.);
#13226=CARTESIAN_POINT('',(5.311094,2.04381,1.6));
#13227=DIRECTION('',(0.514103,0.857728,0.));
#13228=DIRECTION('',(0.857728,-0.514103,0.));
#13229=AXIS2_PLACEMENT_3D('',#13226,#13227,#13228);
#13230=PLANE('',#13229);
#13231=POLY_LOOP('',(#749,#753,#34));
#13232=FACE_OUTER_BOUND('',#13231,.T.);
#13233=FACE_SURFACE('',(#13232),#13230,.T.);
#13234=CARTESIAN_POINT('',(5.311094,2.04381,1.6));
#13235=DIRECTION('',(0.595699,0.803208,0.));
#13236=DIRECTION('',(0.,0.,-1.));
#13237=AXIS2_PLACEMENT_3D('',#13234,#13235,#13236);
#13238=PLANE('',#13237);
#13239=POLY_LOOP('',(#749,#28,#750));
#13240=FACE_OUTER_BOUND('',#13239,.T.);
#13241=FACE_SURFACE('',(#13240),#13238,.T.);
#13242=CARTESIAN_POINT('',(5.136827,2.186827,1.6));
#13243=DIRECTION('',(0.671559,0.740951,0.));
#13244=DIRECTION('',(0.740951,-0.671559,0.));
#13245=AXIS2_PLACEMENT_3D('',#13242,#13243,#13244);
#13246=PLANE('',#13245);
#13247=POLY_LOOP('',(#756,#750,#27));
#13248=FACE_OUTER_BOUND('',#13247,.T.);
#13249=FACE_SURFACE('',(#13248),#13246,.T.);
#13250=CARTESIAN_POINT('',(5.061038,2.270448,1.6));
#13251=DIRECTION('',(0.803208,0.595698,0.));
#13252=DIRECTION('',(0.,0.,-1.));
#13253=AXIS2_PLACEMENT_3D('',#13250,#13251,#13252);
#13254=PLANE('',#13253);
#13255=POLY_LOOP('',(#757,#29,#758));
#13256=FACE_OUTER_BOUND('',#13255,.T.);
#13257=FACE_SURFACE('',(#13256),#13254,.T.);
#13258=CARTESIAN_POINT('',(4.935791,2.457894,1.6));
#13259=DIRECTION('',(0.857728,0.514104,0.));
#13260=DIRECTION('',(0.514104,-0.857728,0.));
#13261=AXIS2_PLACEMENT_3D('',#13258,#13259,#13260);
#13262=PLANE('',#13261);
#13263=POLY_LOOP('',(#759,#758,#31));
#13264=FACE_OUTER_BOUND('',#13263,.T.);
#13265=FACE_SURFACE('',(#13264),#13262,.T.);
#13266=CARTESIAN_POINT('',(4.935791,2.457894,1.6));
#13267=DIRECTION('',(0.903989,0.427556,0.));
#13268=DIRECTION('',(0.,0.,-1.));
#13269=AXIS2_PLACEMENT_3D('',#13266,#13267,#13268);
#13270=PLANE('',#13269);
#13271=POLY_LOOP('',(#759,#33,#760));
#13272=FACE_OUTER_BOUND('',#13271,.T.);
#13273=FACE_SURFACE('',(#13272),#13270,.T.);
#13274=CARTESIAN_POINT('',(4.887538,2.559914,1.6));
#13275=DIRECTION('',(0.941545,0.336888,0.));
#13276=DIRECTION('',(0.,0.,-1.));
#13277=AXIS2_PLACEMENT_3D('',#13274,#13275,#13276);
#13278=PLANE('',#13277);
#13279=POLY_LOOP('',(#760,#32,#745));
#13280=FACE_OUTER_BOUND('',#13279,.T.);
#13281=FACE_SURFACE('',(#13280),#13278,.T.);
#13282=CARTESIAN_POINT('',(5.616173,1.899519,1.6));
#13283=DIRECTION('',(0.336889,0.941544,0.));
#13284=DIRECTION('',(0.,0.,-1.));
#13285=AXIS2_PLACEMENT_3D('',#13282,#13283,#13284);
#13286=PLANE('',#13285);
#13287=POLY_LOOP('',(#751,#24,#752));
#13288=FACE_OUTER_BOUND('',#13287,.T.);
#13289=FACE_SURFACE('',(#13288),#13286,.T.);
#13290=CARTESIAN_POINT('',(5.725646,1.872097,1.6));
#13291=DIRECTION('',(0.14673,0.989177,0.));
#13292=DIRECTION('',(0.989177,-0.14673,0.));
#13293=AXIS2_PLACEMENT_3D('',#13290,#13291,#13292);
#13294=PLANE('',#13293);
#13295=POLY_LOOP('',(#754,#755,#26));
#13296=FACE_OUTER_BOUND('',#13295,.T.);
#13297=FACE_SURFACE('',(#13296),#13294,.T.);
#13298=CARTESIAN_POINT('',(5.616173,1.899519,1.6));
#13299=DIRECTION('',(0.242981,0.970031,0.));
#13300=DIRECTION('',(0.970031,-0.242981,0.));
#13301=AXIS2_PLACEMENT_3D('',#13298,#13299,#13300);
#13302=PLANE('',#13301);
#13303=POLY_LOOP('',(#751,#754,#25));
#13304=FACE_OUTER_BOUND('',#13303,.T.);
#13305=FACE_SURFACE('',(#13304),#13302,.T.);
#13306=CARTESIAN_POINT('',(5.83728,1.855538,1.6));
#13307=DIRECTION('',(0.049067,0.998795,0.));
#13308=DIRECTION('',(0.998795,-0.049067,0.));
#13309=AXIS2_PLACEMENT_3D('',#13306,#13307,#13308);
#13310=PLANE('',#13309);
#13311=POLY_LOOP('',(#755,#761,#150));
#13312=FACE_OUTER_BOUND('',#13311,.T.);
#13313=FACE_SURFACE('',(#13312),#13310,.T.);
#13314=CARTESIAN_POINT('',(5.95,1.85,1.6));
#13315=DIRECTION('',(-0.049067,0.998795,0.));
#13316=DIRECTION('',(0.998795,0.049067,0.));
#13317=AXIS2_PLACEMENT_3D('',#13314,#13315,#13316);
#13318=PLANE('',#13317);
#13319=POLY_LOOP('',(#761,#762,#151));
#13320=FACE_OUTER_BOUND('',#13319,.T.);
#13321=FACE_SURFACE('',(#13320),#13318,.T.);
#13322=CARTESIAN_POINT('',(6.06272,1.855538,1.6));
#13323=DIRECTION('',(-0.14673,0.989177,0.));
#13324=DIRECTION('',(0.989177,0.14673,0.));
#13325=AXIS2_PLACEMENT_3D('',#13322,#13323,#13324);
#13326=PLANE('',#13325);
#13327=POLY_LOOP('',(#762,#763,#152));
#13328=FACE_OUTER_BOUND('',#13327,.T.);
#13329=FACE_SURFACE('',(#13328),#13326,.T.);
#13330=CARTESIAN_POINT('',(4.849519,2.666173,1.6));
#13331=DIRECTION('',(0.970031,0.242982,0.));
#13332=DIRECTION('',(0.,0.,-1.));
#13333=AXIS2_PLACEMENT_3D('',#13330,#13331,#13332);
#13334=PLANE('',#13333);
#13335=POLY_LOOP('',(#745,#35,#746));
#13336=FACE_OUTER_BOUND('',#13335,.T.);
#13337=FACE_SURFACE('',(#13336),#13334,.T.);
#13338=CARTESIAN_POINT('',(4.822097,2.775646,1.6));
#13339=DIRECTION('',(0.989177,0.146729,0.));
#13340=DIRECTION('',(0.,0.,-1.));
#13341=AXIS2_PLACEMENT_3D('',#13338,#13339,#13340);
#13342=PLANE('',#13341);
#13343=POLY_LOOP('',(#746,#36,#747));
#13344=FACE_OUTER_BOUND('',#13343,.T.);
#13345=FACE_SURFACE('',(#13344),#13342,.T.);
#13346=CARTESIAN_POINT('',(4.805538,2.88728,1.6));
#13347=DIRECTION('',(0.998795,0.049067,0.));
#13348=DIRECTION('',(0.,0.,-1.));
#13349=AXIS2_PLACEMENT_3D('',#13346,#13347,#13348);
#13350=PLANE('',#13349);
#13351=POLY_LOOP('',(#747,#22,#748));
#13352=FACE_OUTER_BOUND('',#13351,.T.);
#13353=FACE_SURFACE('',(#13352),#13350,.T.);
#13354=CARTESIAN_POINT('',(4.8,3.,1.6));
#13355=DIRECTION('',(0.998795,-0.049067,0.));
#13356=DIRECTION('',(0.,0.,-1.));
#13357=AXIS2_PLACEMENT_3D('',#13354,#13355,#13356);
#13358=PLANE('',#13357);
#13359=POLY_LOOP('',(#748,#21,#768));
#13360=FACE_OUTER_BOUND('',#13359,.T.);
#13361=FACE_SURFACE('',(#13360),#13358,.T.);
#13362=CARTESIAN_POINT('',(4.805538,3.11272,1.6));
#13363=DIRECTION('',(0.989177,-0.146729,0.));
#13364=DIRECTION('',(0.,0.,-1.));
#13365=AXIS2_PLACEMENT_3D('',#13362,#13363,#13364);
#13366=PLANE('',#13365);
#13367=POLY_LOOP('',(#768,#75,#769));
#13368=FACE_OUTER_BOUND('',#13367,.T.);
#13369=FACE_SURFACE('',(#13368),#13366,.T.);
#13370=CARTESIAN_POINT('',(4.822097,3.224354,1.6));
#13371=DIRECTION('',(0.970031,-0.242982,0.));
#13372=DIRECTION('',(0.,0.,-1.));
#13373=AXIS2_PLACEMENT_3D('',#13370,#13371,#13372);
#13374=PLANE('',#13373);
#13375=POLY_LOOP('',(#769,#77,#771));
#13376=FACE_OUTER_BOUND('',#13375,.T.);
#13377=FACE_SURFACE('',(#13376),#13374,.T.);
#13378=CARTESIAN_POINT('',(4.849519,3.333827,1.6));
#13379=DIRECTION('',(0.941545,-0.336888,0.));
#13380=DIRECTION('',(0.,0.,-1.));
#13381=AXIS2_PLACEMENT_3D('',#13378,#13379,#13380);
#13382=PLANE('',#13381);
#13383=POLY_LOOP('',(#771,#79,#773));
#13384=FACE_OUTER_BOUND('',#13383,.T.);
#13385=FACE_SURFACE('',(#13384),#13382,.T.);
#13386=CARTESIAN_POINT('',(4.887538,3.440086,1.6));
#13387=DIRECTION('',(0.903989,-0.427556,0.));
#13388=DIRECTION('',(0.,0.,-1.));
#13389=AXIS2_PLACEMENT_3D('',#13386,#13387,#13388);
#13390=PLANE('',#13389);
#13391=POLY_LOOP('',(#773,#81,#775));
#13392=FACE_OUTER_BOUND('',#13391,.T.);
#13393=FACE_SURFACE('',(#13392),#13390,.T.);
#13394=CARTESIAN_POINT('',(6.174354,1.872097,1.6));
#13395=DIRECTION('',(-0.242981,0.970031,0.));
#13396=DIRECTION('',(0.970031,0.242981,0.));
#13397=AXIS2_PLACEMENT_3D('',#13394,#13395,#13396);
#13398=PLANE('',#13397);
#13399=POLY_LOOP('',(#763,#764,#153));
#13400=FACE_OUTER_BOUND('',#13399,.T.);
#13401=FACE_SURFACE('',(#13400),#13398,.T.);
#13402=CARTESIAN_POINT('',(6.283827,1.899519,1.6));
#13403=DIRECTION('',(-0.336889,0.941544,0.));
#13404=DIRECTION('',(0.941544,0.336889,0.));
#13405=AXIS2_PLACEMENT_3D('',#13402,#13403,#13404);
#13406=PLANE('',#13405);
#13407=POLY_LOOP('',(#764,#765,#154));
#13408=FACE_OUTER_BOUND('',#13407,.T.);
#13409=FACE_SURFACE('',(#13408),#13406,.T.);
#13410=CARTESIAN_POINT('',(6.390086,1.937539,1.6));
#13411=DIRECTION('',(-0.427555,0.903989,0.));
#13412=DIRECTION('',(0.903989,0.427555,0.));
#13413=AXIS2_PLACEMENT_3D('',#13410,#13411,#13412);
#13414=PLANE('',#13413);
#13415=POLY_LOOP('',(#765,#766,#155));
#13416=FACE_OUTER_BOUND('',#13415,.T.);
#13417=FACE_SURFACE('',(#13416),#13414,.T.);
#13418=CARTESIAN_POINT('',(6.492106,1.98579,1.6));
#13419=DIRECTION('',(-0.514103,0.857728,0.));
#13420=DIRECTION('',(0.857728,0.514103,0.));
#13421=AXIS2_PLACEMENT_3D('',#13418,#13419,#13420);
#13422=PLANE('',#13421);
#13423=POLY_LOOP('',(#766,#833,#156));
#13424=FACE_OUTER_BOUND('',#13423,.T.);
#13425=FACE_SURFACE('',(#13424),#13422,.T.);
#13426=CARTESIAN_POINT('',(6.588906,2.04381,1.6));
#13427=DIRECTION('',(-0.595701,0.803207,0.));
#13428=DIRECTION('',(0.803207,0.595701,0.));
#13429=AXIS2_PLACEMENT_3D('',#13426,#13427,#13428);
#13430=PLANE('',#13429);
#13431=POLY_LOOP('',(#833,#834,#157));
#13432=FACE_OUTER_BOUND('',#13431,.T.);
#13433=FACE_SURFACE('',(#13432),#13430,.T.);
#13434=CARTESIAN_POINT('',(6.679552,2.111038,1.6));
#13435=DIRECTION('',(-0.671559,0.740951,0.));
#13436=DIRECTION('',(0.740951,0.671559,0.));
#13437=AXIS2_PLACEMENT_3D('',#13434,#13435,#13436);
#13438=PLANE('',#13437);
#13439=POLY_LOOP('',(#834,#835,#158));
#13440=FACE_OUTER_BOUND('',#13439,.T.);
#13441=FACE_SURFACE('',(#13440),#13438,.T.);
#13442=CARTESIAN_POINT('',(6.763173,2.186827,1.6));
#13443=DIRECTION('',(-0.74095,0.67156,0.));
#13444=DIRECTION('',(0.67156,0.74095,0.));
#13445=AXIS2_PLACEMENT_3D('',#13442,#13443,#13444);
#13446=PLANE('',#13445);
#13447=POLY_LOOP('',(#835,#836,#159));
#13448=FACE_OUTER_BOUND('',#13447,.T.);
#13449=FACE_SURFACE('',(#13448),#13446,.T.);
#13450=CARTESIAN_POINT('',(6.838962,2.270448,1.6));
#13451=DIRECTION('',(-0.803208,0.595698,0.));
#13452=DIRECTION('',(0.595698,0.803208,0.));
#13453=AXIS2_PLACEMENT_3D('',#13450,#13451,#13452);
#13454=PLANE('',#13453);
#13455=POLY_LOOP('',(#836,#837,#160));
#13456=FACE_OUTER_BOUND('',#13455,.T.);
#13457=FACE_SURFACE('',(#13456),#13454,.T.);
#13458=CARTESIAN_POINT('',(6.90619,2.361094,1.6));
#13459=DIRECTION('',(-0.857728,0.514104,0.));
#13460=DIRECTION('',(0.514104,0.857728,0.));
#13461=AXIS2_PLACEMENT_3D('',#13458,#13459,#13460);
#13462=PLANE('',#13461);
#13463=POLY_LOOP('',(#837,#838,#161));
#13464=FACE_OUTER_BOUND('',#13463,.T.);
#13465=FACE_SURFACE('',(#13464),#13462,.T.);
#13466=CARTESIAN_POINT('',(6.96421,2.457894,1.6));
#13467=DIRECTION('',(-0.903989,0.427556,0.));
#13468=DIRECTION('',(0.427556,0.903989,0.));
#13469=AXIS2_PLACEMENT_3D('',#13466,#13467,#13468);
#13470=PLANE('',#13469);
#13471=POLY_LOOP('',(#838,#839,#162));
#13472=FACE_OUTER_BOUND('',#13471,.T.);
#13473=FACE_SURFACE('',(#13472),#13470,.T.);
#13474=CARTESIAN_POINT('',(7.012462,2.559914,1.6));
#13475=DIRECTION('',(-0.941545,0.336888,0.));
#13476=DIRECTION('',(0.336888,0.941545,0.));
#13477=AXIS2_PLACEMENT_3D('',#13474,#13475,#13476);
#13478=PLANE('',#13477);
#13479=POLY_LOOP('',(#839,#840,#163));
#13480=FACE_OUTER_BOUND('',#13479,.T.);
#13481=FACE_SURFACE('',(#13480),#13478,.T.);
#13482=CARTESIAN_POINT('',(7.050481,2.666173,1.6));
#13483=DIRECTION('',(-0.970031,0.242982,0.));
#13484=DIRECTION('',(0.242982,0.970031,0.));
#13485=AXIS2_PLACEMENT_3D('',#13482,#13483,#13484);
#13486=PLANE('',#13485);
#13487=POLY_LOOP('',(#840,#841,#164));
#13488=FACE_OUTER_BOUND('',#13487,.T.);
#13489=FACE_SURFACE('',(#13488),#13486,.T.);
#13490=CARTESIAN_POINT('',(7.077903,2.775646,1.6));
#13491=DIRECTION('',(-0.989177,0.146729,0.));
#13492=DIRECTION('',(0.146729,0.989177,0.));
#13493=AXIS2_PLACEMENT_3D('',#13490,#13491,#13492);
#13494=PLANE('',#13493);
#13495=POLY_LOOP('',(#841,#842,#165));
#13496=FACE_OUTER_BOUND('',#13495,.T.);
#13497=FACE_SURFACE('',(#13496),#13494,.T.);
#13498=CARTESIAN_POINT('',(7.094462,2.88728,1.6));
#13499=DIRECTION('',(-0.998795,0.049067,0.));
#13500=DIRECTION('',(0.049067,0.998795,0.));
#13501=AXIS2_PLACEMENT_3D('',#13498,#13499,#13500);
#13502=PLANE('',#13501);
#13503=POLY_LOOP('',(#842,#817,#166));
#13504=FACE_OUTER_BOUND('',#13503,.T.);
#13505=FACE_SURFACE('',(#13504),#13502,.T.);
#13506=CARTESIAN_POINT('',(7.1,3.,1.6));
#13507=DIRECTION('',(-0.998795,-0.049067,0.));
#13508=DIRECTION('',(-0.049067,0.998795,0.));
#13509=AXIS2_PLACEMENT_3D('',#13506,#13507,#13508);
#13510=PLANE('',#13509);
#13511=POLY_LOOP('',(#817,#819,#167));
#13512=FACE_OUTER_BOUND('',#13511,.T.);
#13513=FACE_SURFACE('',(#13512),#13510,.T.);
#13514=CARTESIAN_POINT('',(7.094462,3.11272,1.6));
#13515=DIRECTION('',(-0.989177,-0.146729,0.));
#13516=DIRECTION('',(-0.146729,0.989177,0.));
#13517=AXIS2_PLACEMENT_3D('',#13514,#13515,#13516);
#13518=PLANE('',#13517);
#13519=POLY_LOOP('',(#819,#820,#168));
#13520=FACE_OUTER_BOUND('',#13519,.T.);
#13521=FACE_SURFACE('',(#13520),#13518,.T.);
#13522=CARTESIAN_POINT('',(7.077903,3.224354,1.6));
#13523=DIRECTION('',(-0.970031,-0.242982,0.));
#13524=DIRECTION('',(-0.242982,0.970031,0.));
#13525=AXIS2_PLACEMENT_3D('',#13522,#13523,#13524);
#13526=PLANE('',#13525);
#13527=POLY_LOOP('',(#820,#822,#169));
#13528=FACE_OUTER_BOUND('',#13527,.T.);
#13529=FACE_SURFACE('',(#13528),#13526,.T.);
#13530=CARTESIAN_POINT('',(7.050481,3.333827,1.6));
#13531=DIRECTION('',(-0.941545,-0.336888,0.));
#13532=DIRECTION('',(-0.336888,0.941545,0.));
#13533=AXIS2_PLACEMENT_3D('',#13530,#13531,#13532);
#13534=PLANE('',#13533);
#13535=POLY_LOOP('',(#822,#824,#170));
#13536=FACE_OUTER_BOUND('',#13535,.T.);
#13537=FACE_SURFACE('',(#13536),#13534,.T.);
#13538=CARTESIAN_POINT('',(4.935791,3.542106,1.6));
#13539=DIRECTION('',(0.903989,-0.427556,0.));
#13540=DIRECTION('',(-0.030083,-0.063605,-0.997522));
#13541=AXIS2_PLACEMENT_3D('',#13538,#13539,#13540);
#13542=PLANE('',#13541);
#13543=POLY_LOOP('',(#775,#81,#83));
#13544=FACE_OUTER_BOUND('',#13543,.T.);
#13545=FACE_SURFACE('',(#13544),#13542,.T.);
#13546=CARTESIAN_POINT('',(4.99381,3.638906,1.6));
#13547=DIRECTION('',(0.857728,-0.514104,0.));
#13548=DIRECTION('',(-0.036172,-0.06035,-0.997522));
#13549=AXIS2_PLACEMENT_3D('',#13546,#13547,#13548);
#13550=PLANE('',#13549);
#13551=POLY_LOOP('',(#777,#83,#85));
#13552=FACE_OUTER_BOUND('',#13551,.T.);
#13553=FACE_SURFACE('',(#13552),#13550,.T.);
#13554=CARTESIAN_POINT('',(5.061038,3.729552,1.6));
#13555=DIRECTION('',(0.803208,-0.595698,0.));
#13556=DIRECTION('',(-0.041913,-0.056514,-0.997522));
#13557=AXIS2_PLACEMENT_3D('',#13554,#13555,#13556);
#13558=PLANE('',#13557);
#13559=POLY_LOOP('',(#779,#85,#87));
#13560=FACE_OUTER_BOUND('',#13559,.T.);
#13561=FACE_SURFACE('',(#13560),#13558,.T.);
#13562=CARTESIAN_POINT('',(5.136827,3.813173,1.6));
#13563=DIRECTION('',(0.740952,-0.671558,0.));
#13564=DIRECTION('',(-0.047251,-0.052133,-0.997522));
#13565=AXIS2_PLACEMENT_3D('',#13562,#13563,#13564);
#13566=PLANE('',#13565);
#13567=POLY_LOOP('',(#781,#87,#89));
#13568=FACE_OUTER_BOUND('',#13567,.T.);
#13569=FACE_SURFACE('',(#13568),#13566,.T.);
#13570=CARTESIAN_POINT('',(5.220448,3.888962,1.6));
#13571=DIRECTION('',(0.671559,-0.740951,0.));
#13572=DIRECTION('',(-0.052133,-0.047251,-0.997522));
#13573=AXIS2_PLACEMENT_3D('',#13570,#13571,#13572);
#13574=PLANE('',#13573);
#13575=POLY_LOOP('',(#783,#89,#91));
#13576=FACE_OUTER_BOUND('',#13575,.T.);
#13577=FACE_SURFACE('',(#13576),#13574,.T.);
#13578=CARTESIAN_POINT('',(5.311094,3.95619,1.6));
#13579=DIRECTION('',(0.595699,-0.803208,0.));
#13580=DIRECTION('',(-0.056514,-0.041913,-0.997522));
#13581=AXIS2_PLACEMENT_3D('',#13578,#13579,#13580);
#13582=PLANE('',#13581);
#13583=POLY_LOOP('',(#785,#91,#93));
#13584=FACE_OUTER_BOUND('',#13583,.T.);
#13585=FACE_SURFACE('',(#13584),#13582,.T.);
#13586=CARTESIAN_POINT('',(5.407894,4.014209,1.6));
#13587=DIRECTION('',(0.514102,-0.857729,0.));
#13588=DIRECTION('',(-0.06035,-0.036172,-0.997522));
#13589=AXIS2_PLACEMENT_3D('',#13586,#13587,#13588);
#13590=PLANE('',#13589);
#13591=POLY_LOOP('',(#787,#93,#95));
#13592=FACE_OUTER_BOUND('',#13591,.T.);
#13593=FACE_SURFACE('',(#13592),#13590,.T.);
#13594=CARTESIAN_POINT('',(5.509914,4.062461,1.6));
#13595=DIRECTION('',(0.427556,-0.903989,0.));
#13596=DIRECTION('',(-0.063605,-0.030083,-0.997522));
#13597=AXIS2_PLACEMENT_3D('',#13594,#13595,#13596);
#13598=PLANE('',#13597);
#13599=POLY_LOOP('',(#789,#95,#97));
#13600=FACE_OUTER_BOUND('',#13599,.T.);
#13601=FACE_SURFACE('',(#13600),#13598,.T.);
#13602=CARTESIAN_POINT('',(5.616173,4.100482,1.6));
#13603=DIRECTION('',(0.336891,-0.941544,0.));
#13604=DIRECTION('',(-0.066247,-0.023704,-0.997522));
#13605=AXIS2_PLACEMENT_3D('',#13602,#13603,#13604);
#13606=PLANE('',#13605);
#13607=POLY_LOOP('',(#791,#97,#99));
#13608=FACE_OUTER_BOUND('',#13607,.T.);
#13609=FACE_SURFACE('',(#13608),#13606,.T.);
#13610=CARTESIAN_POINT('',(5.725646,4.127903,1.6));
#13611=DIRECTION('',(0.242979,-0.970032,0.));
#13612=DIRECTION('',(-0.068251,-0.017096,-0.997522));
#13613=AXIS2_PLACEMENT_3D('',#13610,#13611,#13612);
#13614=PLANE('',#13613);
#13615=POLY_LOOP('',(#793,#99,#101));
#13616=FACE_OUTER_BOUND('',#13615,.T.);
#13617=FACE_SURFACE('',(#13616),#13614,.T.);
#13618=CARTESIAN_POINT('',(5.83728,4.144463,1.6));
#13619=DIRECTION('',(0.146732,-0.989176,0.));
#13620=DIRECTION('',(-0.069598,-0.010324,-0.997522));
#13621=AXIS2_PLACEMENT_3D('',#13618,#13619,#13620);
#13622=PLANE('',#13621);
#13623=POLY_LOOP('',(#795,#101,#103));
#13624=FACE_OUTER_BOUND('',#13623,.T.);
#13625=FACE_SURFACE('',(#13624),#13622,.T.);
#13626=CARTESIAN_POINT('',(5.95,4.15,1.6));
#13627=DIRECTION('',(0.049067,-0.998795,0.));
#13628=DIRECTION('',(-0.070275,-0.003452,-0.997522));
#13629=AXIS2_PLACEMENT_3D('',#13626,#13627,#13628);
#13630=PLANE('',#13629);
#13631=POLY_LOOP('',(#797,#103,#105));
#13632=FACE_OUTER_BOUND('',#13631,.T.);
#13633=FACE_SURFACE('',(#13632),#13630,.T.);
#13634=CARTESIAN_POINT('',(6.174354,4.127903,1.6));
#13635=DIRECTION('',(-0.146732,-0.989176,0.));
#13636=DIRECTION('',(-0.069598,0.010324,-0.997522));
#13637=AXIS2_PLACEMENT_3D('',#13634,#13635,#13636);
#13638=PLANE('',#13637);
#13639=POLY_LOOP('',(#801,#107,#109));
#13640=FACE_OUTER_BOUND('',#13639,.T.);
#13641=FACE_SURFACE('',(#13640),#13638,.T.);
#13642=CARTESIAN_POINT('',(6.06272,4.144463,1.6));
#13643=DIRECTION('',(-0.049067,-0.998795,0.));
#13644=DIRECTION('',(-0.070275,0.003452,-0.997522));
#13645=AXIS2_PLACEMENT_3D('',#13642,#13643,#13644);
#13646=PLANE('',#13645);
#13647=POLY_LOOP('',(#799,#105,#107));
#13648=FACE_OUTER_BOUND('',#13647,.T.);
#13649=FACE_SURFACE('',(#13648),#13646,.T.);
#13650=CARTESIAN_POINT('',(6.838962,3.729552,1.6));
#13651=DIRECTION('',(-0.74095,-0.67156,0.));
#13652=DIRECTION('',(-0.047251,0.052133,-0.997522));
#13653=AXIS2_PLACEMENT_3D('',#13650,#13651,#13652);
#13654=PLANE('',#13653);
#13655=POLY_LOOP('',(#814,#120,#122));
#13656=FACE_OUTER_BOUND('',#13655,.T.);
#13657=FACE_SURFACE('',(#13656),#13654,.T.);
#13658=CARTESIAN_POINT('',(6.763173,3.813173,1.6));
#13659=DIRECTION('',(-0.671559,-0.740951,0.));
#13660=DIRECTION('',(-0.052133,0.047251,-0.997522));
#13661=AXIS2_PLACEMENT_3D('',#13658,#13659,#13660);
#13662=PLANE('',#13661);
#13663=POLY_LOOP('',(#813,#118,#120));
#13664=FACE_OUTER_BOUND('',#13663,.T.);
#13665=FACE_SURFACE('',(#13664),#13662,.T.);
#13666=CARTESIAN_POINT('',(6.492106,4.014209,1.6));
#13667=DIRECTION('',(-0.427556,-0.903989,0.));
#13668=DIRECTION('',(-0.063605,0.030083,-0.997522));
#13669=AXIS2_PLACEMENT_3D('',#13666,#13667,#13668);
#13670=PLANE('',#13669);
#13671=POLY_LOOP('',(#807,#113,#115));
#13672=FACE_OUTER_BOUND('',#13671,.T.);
#13673=FACE_SURFACE('',(#13672),#13670,.T.);
#13674=CARTESIAN_POINT('',(6.390086,4.062461,1.6));
#13675=DIRECTION('',(-0.336891,-0.941544,0.));
#13676=DIRECTION('',(-0.066247,0.023704,-0.997522));
#13677=AXIS2_PLACEMENT_3D('',#13674,#13675,#13676);
#13678=PLANE('',#13677);
#13679=POLY_LOOP('',(#805,#111,#113));
#13680=FACE_OUTER_BOUND('',#13679,.T.);
#13681=FACE_SURFACE('',(#13680),#13678,.T.);
#13682=CARTESIAN_POINT('',(6.283827,4.100482,1.6));
#13683=DIRECTION('',(-0.242979,-0.970032,0.));
#13684=DIRECTION('',(-0.068251,0.017096,-0.997522));
#13685=AXIS2_PLACEMENT_3D('',#13682,#13683,#13684);
#13686=PLANE('',#13685);
#13687=POLY_LOOP('',(#803,#109,#111));
#13688=FACE_OUTER_BOUND('',#13687,.T.);
#13689=FACE_SURFACE('',(#13688),#13686,.T.);
#13690=CARTESIAN_POINT('',(6.679552,3.888962,1.6));
#13691=DIRECTION('',(-0.595701,-0.803207,0.));
#13692=DIRECTION('',(-0.056514,0.041913,-0.997522));
#13693=AXIS2_PLACEMENT_3D('',#13690,#13691,#13692);
#13694=PLANE('',#13693);
#13695=POLY_LOOP('',(#811,#116,#118));
#13696=FACE_OUTER_BOUND('',#13695,.T.);
#13697=FACE_SURFACE('',(#13696),#13694,.T.);
#13698=CARTESIAN_POINT('',(6.588906,3.95619,1.6));
#13699=DIRECTION('',(-0.514102,-0.857729,0.));
#13700=DIRECTION('',(-0.06035,0.036172,-0.997522));
#13701=AXIS2_PLACEMENT_3D('',#13698,#13699,#13700);
#13702=PLANE('',#13701);
#13703=POLY_LOOP('',(#809,#115,#116));
#13704=FACE_OUTER_BOUND('',#13703,.T.);
#13705=FACE_SURFACE('',(#13704),#13702,.T.);
#13706=CARTESIAN_POINT('',(6.96421,3.542106,1.6));
#13707=DIRECTION('',(-0.857728,-0.514104,0.));
#13708=DIRECTION('',(-0.036172,0.06035,-0.997522));
#13709=AXIS2_PLACEMENT_3D('',#13706,#13707,#13708);
#13710=PLANE('',#13709);
#13711=POLY_LOOP('',(#825,#173,#172));
#13712=FACE_OUTER_BOUND('',#13711,.T.);
#13713=FACE_SURFACE('',(#13712),#13710,.T.);
#13714=CARTESIAN_POINT('',(6.90619,3.638906,1.6));
#13715=DIRECTION('',(-0.803208,-0.595698,0.));
#13716=DIRECTION('',(-0.041913,0.056514,-0.997522));
#13717=AXIS2_PLACEMENT_3D('',#13714,#13715,#13716);
#13718=PLANE('',#13717);
#13719=POLY_LOOP('',(#828,#122,#173));
#13720=FACE_OUTER_BOUND('',#13719,.T.);
#13721=FACE_SURFACE('',(#13720),#13718,.T.);
#13722=CARTESIAN_POINT('',(4.935791,3.542106,1.6));
#13723=DIRECTION('',(0.857728,-0.514104,0.));
#13724=DIRECTION('',(0.,0.,-1.));
#13725=AXIS2_PLACEMENT_3D('',#13722,#13723,#13724);
#13726=PLANE('',#13725);
#13727=POLY_LOOP('',(#775,#83,#777));
#13728=FACE_OUTER_BOUND('',#13727,.T.);
#13729=FACE_SURFACE('',(#13728),#13726,.T.);
#13730=CARTESIAN_POINT('',(4.99381,3.638906,1.6));
#13731=DIRECTION('',(0.803208,-0.595698,0.));
#13732=DIRECTION('',(0.,0.,-1.));
#13733=AXIS2_PLACEMENT_3D('',#13730,#13731,#13732);
#13734=PLANE('',#13733);
#13735=POLY_LOOP('',(#777,#85,#779));
#13736=FACE_OUTER_BOUND('',#13735,.T.);
#13737=FACE_SURFACE('',(#13736),#13734,.T.);
#13738=CARTESIAN_POINT('',(5.061038,3.729552,1.6));
#13739=DIRECTION('',(0.740952,-0.671558,0.));
#13740=DIRECTION('',(0.,0.,-1.));
#13741=AXIS2_PLACEMENT_3D('',#13738,#13739,#13740);
#13742=PLANE('',#13741);
#13743=POLY_LOOP('',(#779,#87,#781));
#13744=FACE_OUTER_BOUND('',#13743,.T.);
#13745=FACE_SURFACE('',(#13744),#13742,.T.);
#13746=CARTESIAN_POINT('',(5.136827,3.813173,1.6));
#13747=DIRECTION('',(0.671559,-0.740951,0.));
#13748=DIRECTION('',(0.,0.,-1.));
#13749=AXIS2_PLACEMENT_3D('',#13746,#13747,#13748);
#13750=PLANE('',#13749);
#13751=POLY_LOOP('',(#781,#89,#783));
#13752=FACE_OUTER_BOUND('',#13751,.T.);
#13753=FACE_SURFACE('',(#13752),#13750,.T.);
#13754=CARTESIAN_POINT('',(5.220448,3.888962,1.6));
#13755=DIRECTION('',(0.595699,-0.803208,0.));
#13756=DIRECTION('',(0.,0.,-1.));
#13757=AXIS2_PLACEMENT_3D('',#13754,#13755,#13756);
#13758=PLANE('',#13757);
#13759=POLY_LOOP('',(#783,#91,#785));
#13760=FACE_OUTER_BOUND('',#13759,.T.);
#13761=FACE_SURFACE('',(#13760),#13758,.T.);
#13762=CARTESIAN_POINT('',(5.311094,3.95619,1.6));
#13763=DIRECTION('',(0.514102,-0.857729,0.));
#13764=DIRECTION('',(0.,0.,-1.));
#13765=AXIS2_PLACEMENT_3D('',#13762,#13763,#13764);
#13766=PLANE('',#13765);
#13767=POLY_LOOP('',(#785,#93,#787));
#13768=FACE_OUTER_BOUND('',#13767,.T.);
#13769=FACE_SURFACE('',(#13768),#13766,.T.);
#13770=CARTESIAN_POINT('',(5.407894,4.014209,1.6));
#13771=DIRECTION('',(0.427556,-0.903989,0.));
#13772=DIRECTION('',(0.,0.,-1.));
#13773=AXIS2_PLACEMENT_3D('',#13770,#13771,#13772);
#13774=PLANE('',#13773);
#13775=POLY_LOOP('',(#787,#95,#789));
#13776=FACE_OUTER_BOUND('',#13775,.T.);
#13777=FACE_SURFACE('',(#13776),#13774,.T.);
#13778=CARTESIAN_POINT('',(5.509914,4.062461,1.6));
#13779=DIRECTION('',(0.336891,-0.941544,0.));
#13780=DIRECTION('',(0.,0.,-1.));
#13781=AXIS2_PLACEMENT_3D('',#13778,#13779,#13780);
#13782=PLANE('',#13781);
#13783=POLY_LOOP('',(#789,#97,#791));
#13784=FACE_OUTER_BOUND('',#13783,.T.);
#13785=FACE_SURFACE('',(#13784),#13782,.T.);
#13786=CARTESIAN_POINT('',(5.616173,4.100482,1.6));
#13787=DIRECTION('',(0.242979,-0.970032,0.));
#13788=DIRECTION('',(0.,0.,-1.));
#13789=AXIS2_PLACEMENT_3D('',#13786,#13787,#13788);
#13790=PLANE('',#13789);
#13791=POLY_LOOP('',(#791,#99,#793));
#13792=FACE_OUTER_BOUND('',#13791,.T.);
#13793=FACE_SURFACE('',(#13792),#13790,.T.);
#13794=CARTESIAN_POINT('',(5.725646,4.127903,1.6));
#13795=DIRECTION('',(0.146732,-0.989176,0.));
#13796=DIRECTION('',(0.,0.,-1.));
#13797=AXIS2_PLACEMENT_3D('',#13794,#13795,#13796);
#13798=PLANE('',#13797);
#13799=POLY_LOOP('',(#793,#101,#795));
#13800=FACE_OUTER_BOUND('',#13799,.T.);
#13801=FACE_SURFACE('',(#13800),#13798,.T.);
#13802=CARTESIAN_POINT('',(5.83728,4.144463,1.6));
#13803=DIRECTION('',(0.049067,-0.998795,0.));
#13804=DIRECTION('',(0.,0.,-1.));
#13805=AXIS2_PLACEMENT_3D('',#13802,#13803,#13804);
#13806=PLANE('',#13805);
#13807=POLY_LOOP('',(#795,#103,#797));
#13808=FACE_OUTER_BOUND('',#13807,.T.);
#13809=FACE_SURFACE('',(#13808),#13806,.T.);
#13810=CARTESIAN_POINT('',(6.06272,4.144463,1.6));
#13811=DIRECTION('',(-0.146732,-0.989176,0.));
#13812=DIRECTION('',(0.,0.,-1.));
#13813=AXIS2_PLACEMENT_3D('',#13810,#13811,#13812);
#13814=PLANE('',#13813);
#13815=POLY_LOOP('',(#799,#107,#801));
#13816=FACE_OUTER_BOUND('',#13815,.T.);
#13817=FACE_SURFACE('',(#13816),#13814,.T.);
#13818=CARTESIAN_POINT('',(5.95,4.15,1.6));
#13819=DIRECTION('',(-0.049067,-0.998795,0.));
#13820=DIRECTION('',(0.,0.,-1.));
#13821=AXIS2_PLACEMENT_3D('',#13818,#13819,#13820);
#13822=PLANE('',#13821);
#13823=POLY_LOOP('',(#797,#105,#799));
#13824=FACE_OUTER_BOUND('',#13823,.T.);
#13825=FACE_SURFACE('',(#13824),#13822,.T.);
#13826=CARTESIAN_POINT('',(6.763173,3.813173,1.6));
#13827=DIRECTION('',(-0.74095,-0.67156,0.));
#13828=DIRECTION('',(0.,0.,-1.));
#13829=AXIS2_PLACEMENT_3D('',#13826,#13827,#13828);
#13830=PLANE('',#13829);
#13831=POLY_LOOP('',(#813,#120,#814));
#13832=FACE_OUTER_BOUND('',#13831,.T.);
#13833=FACE_SURFACE('',(#13832),#13830,.T.);
#13834=CARTESIAN_POINT('',(6.763173,3.813173,1.6));
#13835=DIRECTION('',(-0.671559,-0.740951,0.));
#13836=DIRECTION('',(-0.740951,0.671559,0.));
#13837=AXIS2_PLACEMENT_3D('',#13834,#13835,#13836);
#13838=PLANE('',#13837);
#13839=POLY_LOOP('',(#813,#811,#118));
#13840=FACE_OUTER_BOUND('',#13839,.T.);
#13841=FACE_SURFACE('',(#13840),#13838,.T.);
#13842=CARTESIAN_POINT('',(6.283827,4.100482,1.6));
#13843=DIRECTION('',(-0.336891,-0.941544,0.));
#13844=DIRECTION('',(0.,0.,-1.));
#13845=AXIS2_PLACEMENT_3D('',#13842,#13843,#13844);
#13846=PLANE('',#13845);
#13847=POLY_LOOP('',(#803,#111,#805));
#13848=FACE_OUTER_BOUND('',#13847,.T.);
#13849=FACE_SURFACE('',(#13848),#13846,.T.);
#13850=CARTESIAN_POINT('',(6.492106,4.014209,1.6));
#13851=DIRECTION('',(-0.427556,-0.903989,0.));
#13852=DIRECTION('',(-0.903989,0.427556,0.));
#13853=AXIS2_PLACEMENT_3D('',#13850,#13851,#13852);
#13854=PLANE('',#13853);
#13855=POLY_LOOP('',(#807,#805,#113));
#13856=FACE_OUTER_BOUND('',#13855,.T.);
#13857=FACE_SURFACE('',(#13856),#13854,.T.);
#13858=CARTESIAN_POINT('',(6.283827,4.100482,1.6));
#13859=DIRECTION('',(-0.242979,-0.970032,0.));
#13860=DIRECTION('',(-0.970032,0.242979,0.));
#13861=AXIS2_PLACEMENT_3D('',#13858,#13859,#13860);
#13862=PLANE('',#13861);
#13863=POLY_LOOP('',(#803,#801,#109));
#13864=FACE_OUTER_BOUND('',#13863,.T.);
#13865=FACE_SURFACE('',(#13864),#13862,.T.);
#13866=CARTESIAN_POINT('',(6.588906,3.95619,1.6));
#13867=DIRECTION('',(-0.595701,-0.803207,0.));
#13868=DIRECTION('',(0.,0.,-1.));
#13869=AXIS2_PLACEMENT_3D('',#13866,#13867,#13868);
#13870=PLANE('',#13869);
#13871=POLY_LOOP('',(#809,#116,#811));
#13872=FACE_OUTER_BOUND('',#13871,.T.);
#13873=FACE_SURFACE('',(#13872),#13870,.T.);
#13874=CARTESIAN_POINT('',(6.588906,3.95619,1.6));
#13875=DIRECTION('',(-0.514102,-0.857729,0.));
#13876=DIRECTION('',(-0.857729,0.514102,0.));
#13877=AXIS2_PLACEMENT_3D('',#13874,#13875,#13876);
#13878=PLANE('',#13877);
#13879=POLY_LOOP('',(#809,#807,#115));
#13880=FACE_OUTER_BOUND('',#13879,.T.);
#13881=FACE_SURFACE('',(#13880),#13878,.T.);
#13882=CARTESIAN_POINT('',(6.96421,3.542106,1.6));
#13883=DIRECTION('',(-0.903989,-0.427556,0.));
#13884=DIRECTION('',(0.,0.,-1.));
#13885=AXIS2_PLACEMENT_3D('',#13882,#13883,#13884);
#13886=PLANE('',#13885);
#13887=POLY_LOOP('',(#825,#172,#824));
#13888=FACE_OUTER_BOUND('',#13887,.T.);
#13889=FACE_SURFACE('',(#13888),#13886,.T.);
#13890=CARTESIAN_POINT('',(6.96421,3.542106,1.6));
#13891=DIRECTION('',(-0.857728,-0.514104,0.));
#13892=DIRECTION('',(-0.514104,0.857728,0.));
#13893=AXIS2_PLACEMENT_3D('',#13890,#13891,#13892);
#13894=PLANE('',#13893);
#13895=POLY_LOOP('',(#825,#828,#173));
#13896=FACE_OUTER_BOUND('',#13895,.T.);
#13897=FACE_SURFACE('',(#13896),#13894,.T.);
#13898=CARTESIAN_POINT('',(6.90619,3.638906,1.6));
#13899=DIRECTION('',(-0.803208,-0.595698,0.));
#13900=DIRECTION('',(-0.595698,0.803208,0.));
#13901=AXIS2_PLACEMENT_3D('',#13898,#13899,#13900);
#13902=PLANE('',#13901);
#13903=POLY_LOOP('',(#828,#814,#122));
#13904=FACE_OUTER_BOUND('',#13903,.T.);
#13905=FACE_SURFACE('',(#13904),#13902,.T.);
#13906=CARTESIAN_POINT('',(5.407894,26.368769,1.6));
#13907=DIRECTION('',(0.427556,0.903989,0.));
#13908=DIRECTION('',(0.063605,-0.030083,-0.997522));
#13909=AXIS2_PLACEMENT_3D('',#13906,#13907,#13908);
#13910=PLANE('',#13909);
#13911=POLY_LOOP('',(#790,#96,#94));
#13912=FACE_OUTER_BOUND('',#13911,.T.);
#13913=FACE_SURFACE('',(#13912),#13910,.T.);
#13914=CARTESIAN_POINT('',(5.509914,26.320517,1.6));
#13915=DIRECTION('',(0.336883,0.941546,0.));
#13916=DIRECTION('',(0.066247,-0.023703,-0.997522));
#13917=AXIS2_PLACEMENT_3D('',#13914,#13915,#13916);
#13918=PLANE('',#13917);
#13919=POLY_LOOP('',(#792,#98,#96));
#13920=FACE_OUTER_BOUND('',#13919,.T.);
#13921=FACE_SURFACE('',(#13920),#13918,.T.);
#13922=CARTESIAN_POINT('',(5.725646,26.255075,1.6));
#13923=DIRECTION('',(0.146732,0.989176,0.));
#13924=DIRECTION('',(0.069598,-0.010324,-0.997522));
#13925=AXIS2_PLACEMENT_3D('',#13922,#13923,#13924);
#13926=PLANE('',#13925);
#13927=POLY_LOOP('',(#796,#102,#100));
#13928=FACE_OUTER_BOUND('',#13927,.T.);
#13929=FACE_SURFACE('',(#13928),#13926,.T.);
#13930=CARTESIAN_POINT('',(5.616173,26.282497,1.6));
#13931=DIRECTION('',(0.242983,0.970031,0.));
#13932=DIRECTION('',(0.068251,-0.017096,-0.997522));
#13933=AXIS2_PLACEMENT_3D('',#13930,#13931,#13932);
#13934=PLANE('',#13933);
#13935=POLY_LOOP('',(#794,#100,#98));
#13936=FACE_OUTER_BOUND('',#13935,.T.);
#13937=FACE_SURFACE('',(#13936),#13934,.T.);
#13938=CARTESIAN_POINT('',(5.83728,26.238516,1.6));
#13939=DIRECTION('',(0.049063,0.998796,0.));
#13940=DIRECTION('',(0.070275,-0.003452,-0.997522));
#13941=AXIS2_PLACEMENT_3D('',#13938,#13939,#13940);
#13942=PLANE('',#13941);
#13943=POLY_LOOP('',(#798,#104,#102));
#13944=FACE_OUTER_BOUND('',#13943,.T.);
#13945=FACE_SURFACE('',(#13944),#13942,.T.);
#13946=CARTESIAN_POINT('',(5.95,26.232979,1.6));
#13947=DIRECTION('',(-0.049063,0.998796,0.));
#13948=DIRECTION('',(0.070275,0.003452,-0.997522));
#13949=AXIS2_PLACEMENT_3D('',#13946,#13947,#13948);
#13950=PLANE('',#13949);
#13951=POLY_LOOP('',(#800,#106,#104));
#13952=FACE_OUTER_BOUND('',#13951,.T.);
#13953=FACE_SURFACE('',(#13952),#13950,.T.);
#13954=CARTESIAN_POINT('',(6.06272,26.238516,1.6));
#13955=DIRECTION('',(-0.146732,0.989176,0.));
#13956=DIRECTION('',(0.069598,0.010324,-0.997522));
#13957=AXIS2_PLACEMENT_3D('',#13954,#13955,#13956);
#13958=PLANE('',#13957);
#13959=POLY_LOOP('',(#802,#108,#106));
#13960=FACE_OUTER_BOUND('',#13959,.T.);
#13961=FACE_SURFACE('',(#13960),#13958,.T.);
#13962=CARTESIAN_POINT('',(6.174354,26.255075,1.6));
#13963=DIRECTION('',(-0.242983,0.970031,0.));
#13964=DIRECTION('',(0.068251,0.017096,-0.997522));
#13965=AXIS2_PLACEMENT_3D('',#13962,#13963,#13964);
#13966=PLANE('',#13965);
#13967=POLY_LOOP('',(#804,#110,#108));
#13968=FACE_OUTER_BOUND('',#13967,.T.);
#13969=FACE_SURFACE('',(#13968),#13966,.T.);
#13970=CARTESIAN_POINT('',(6.283827,26.282497,1.6));
#13971=DIRECTION('',(-0.336883,0.941546,0.));
#13972=DIRECTION('',(0.066247,0.023703,-0.997522));
#13973=AXIS2_PLACEMENT_3D('',#13970,#13971,#13972);
#13974=PLANE('',#13973);
#13975=POLY_LOOP('',(#806,#112,#110));
#13976=FACE_OUTER_BOUND('',#13975,.T.);
#13977=FACE_SURFACE('',(#13976),#13974,.T.);
#13978=CARTESIAN_POINT('',(6.390086,26.320517,1.6));
#13979=DIRECTION('',(-0.427556,0.903989,0.));
#13980=DIRECTION('',(0.063605,0.030083,-0.997522));
#13981=AXIS2_PLACEMENT_3D('',#13978,#13979,#13980);
#13982=PLANE('',#13981);
#13983=POLY_LOOP('',(#808,#114,#112));
#13984=FACE_OUTER_BOUND('',#13983,.T.);
#13985=FACE_SURFACE('',(#13984),#13982,.T.);
#13986=CARTESIAN_POINT('',(5.061038,26.653427,1.6));
#13987=DIRECTION('',(0.740958,0.671551,0.));
#13988=DIRECTION('',(0.047251,-0.052134,-0.997522));
#13989=AXIS2_PLACEMENT_3D('',#13986,#13987,#13988);
#13990=PLANE('',#13989);
#13991=POLY_LOOP('',(#782,#88,#86));
#13992=FACE_OUTER_BOUND('',#13991,.T.);
#13993=FACE_SURFACE('',(#13992),#13990,.T.);
#13994=CARTESIAN_POINT('',(4.99381,26.744074,1.6));
#13995=DIRECTION('',(0.803209,0.595697,0.));
#13996=DIRECTION('',(0.041913,-0.056514,-0.997522));
#13997=AXIS2_PLACEMENT_3D('',#13994,#13995,#13996);
#13998=PLANE('',#13997);
#13999=POLY_LOOP('',(#780,#86,#84));
#14000=FACE_OUTER_BOUND('',#13999,.T.);
#14001=FACE_SURFACE('',(#14000),#13998,.T.);
#14002=CARTESIAN_POINT('',(5.220448,26.494017,1.6));
#14003=DIRECTION('',(0.5957,0.803207,0.));
#14004=DIRECTION('',(0.056514,-0.041914,-0.997522));
#14005=AXIS2_PLACEMENT_3D('',#14002,#14003,#14004);
#14006=PLANE('',#14005);
#14007=POLY_LOOP('',(#786,#92,#90));
#14008=FACE_OUTER_BOUND('',#14007,.T.);
#14009=FACE_SURFACE('',(#14008),#14006,.T.);
#14010=CARTESIAN_POINT('',(5.136827,26.569805,1.6));
#14011=DIRECTION('',(0.671555,0.740954,0.));
#14012=DIRECTION('',(0.052133,-0.04725,-0.997522));
#14013=AXIS2_PLACEMENT_3D('',#14010,#14011,#14012);
#14014=PLANE('',#14013);
#14015=POLY_LOOP('',(#784,#90,#88));
#14016=FACE_OUTER_BOUND('',#14015,.T.);
#14017=FACE_SURFACE('',(#14016),#14014,.T.);
#14018=CARTESIAN_POINT('',(5.311094,26.426788,1.6));
#14019=DIRECTION('',(0.514105,0.857727,0.));
#14020=DIRECTION('',(0.06035,-0.036172,-0.997522));
#14021=AXIS2_PLACEMENT_3D('',#14018,#14019,#14020);
#14022=PLANE('',#14021);
#14023=POLY_LOOP('',(#788,#94,#92));
#14024=FACE_OUTER_BOUND('',#14023,.T.);
#14025=FACE_SURFACE('',(#14024),#14022,.T.);
#14026=CARTESIAN_POINT('',(4.935791,26.840872,1.6));
#14027=DIRECTION('',(0.857724,0.51411,0.));
#14028=DIRECTION('',(0.036172,-0.060349,-0.997522));
#14029=AXIS2_PLACEMENT_3D('',#14026,#14027,#14028);
#14030=PLANE('',#14029);
#14031=POLY_LOOP('',(#778,#84,#82));
#14032=FACE_OUTER_BOUND('',#14031,.T.);
#14033=FACE_SURFACE('',(#14032),#14030,.T.);
#14034=CARTESIAN_POINT('',(4.887538,26.942892,1.6));
#14035=DIRECTION('',(0.903989,0.427556,0.));
#14036=DIRECTION('',(0.030083,-0.063605,-0.997522));
#14037=AXIS2_PLACEMENT_3D('',#14034,#14035,#14036);
#14038=PLANE('',#14037);
#14039=POLY_LOOP('',(#776,#82,#80));
#14040=FACE_OUTER_BOUND('',#14039,.T.);
#14041=FACE_SURFACE('',(#14040),#14038,.T.);
#14042=CARTESIAN_POINT('',(4.849519,27.04915,1.6));
#14043=DIRECTION('',(0.941545,0.336888,0.));
#14044=DIRECTION('',(0.023703,-0.066247,-0.997522));
#14045=AXIS2_PLACEMENT_3D('',#14042,#14043,#14044);
#14046=PLANE('',#14045);
#14047=POLY_LOOP('',(#774,#80,#78));
#14048=FACE_OUTER_BOUND('',#14047,.T.);
#14049=FACE_SURFACE('',(#14048),#14046,.T.);
#14050=CARTESIAN_POINT('',(4.822097,27.158625,1.6));
#14051=DIRECTION('',(0.970031,0.242981,0.));
#14052=DIRECTION('',(0.017096,-0.068252,-0.997522));
#14053=AXIS2_PLACEMENT_3D('',#14050,#14051,#14052);
#14054=PLANE('',#14053);
#14055=POLY_LOOP('',(#772,#78,#76));
#14056=FACE_OUTER_BOUND('',#14055,.T.);
#14057=FACE_SURFACE('',(#14056),#14054,.T.);
#14058=CARTESIAN_POINT('',(4.805538,27.27026,1.6));
#14059=DIRECTION('',(0.989177,0.146727,0.));
#14060=DIRECTION('',(0.010324,-0.069599,-0.997522));
#14061=AXIS2_PLACEMENT_3D('',#14058,#14059,#14060);
#14062=PLANE('',#14061);
#14063=POLY_LOOP('',(#770,#76,#74));
#14064=FACE_OUTER_BOUND('',#14063,.T.);
#14065=FACE_SURFACE('',(#14064),#14062,.T.);
#14066=CARTESIAN_POINT('',(4.8,27.382978,1.6));
#14067=DIRECTION('',(0.998795,0.049068,0.));
#14068=DIRECTION('',(0.003452,-0.070275,-0.997522));
#14069=AXIS2_PLACEMENT_3D('',#14066,#14067,#14068);
#14070=PLANE('',#14069);
#14071=POLY_LOOP('',(#767,#74,#125));
#14072=FACE_OUTER_BOUND('',#14071,.T.);
#14073=FACE_SURFACE('',(#14072),#14070,.T.);
#14074=CARTESIAN_POINT('',(4.805538,27.495699,1.6));
#14075=DIRECTION('',(0.998795,-0.049067,0.));
#14076=DIRECTION('',(-0.003452,-0.070276,-0.997522));
#14077=AXIS2_PLACEMENT_3D('',#14074,#14075,#14076);
#14078=PLANE('',#14077);
#14079=POLY_LOOP('',(#843,#125,#126));
#14080=FACE_OUTER_BOUND('',#14079,.T.);
#14081=FACE_SURFACE('',(#14080),#14078,.T.);
#14082=CARTESIAN_POINT('',(4.822097,27.607332,1.6));
#14083=DIRECTION('',(0.989177,-0.14673,0.));
#14084=DIRECTION('',(-0.010324,-0.069598,-0.997522));
#14085=AXIS2_PLACEMENT_3D('',#14082,#14083,#14084);
#14086=PLANE('',#14085);
#14087=POLY_LOOP('',(#844,#126,#127));
#14088=FACE_OUTER_BOUND('',#14087,.T.);
#14089=FACE_SURFACE('',(#14088),#14086,.T.);
#14090=CARTESIAN_POINT('',(4.849519,27.716806,1.6));
#14091=DIRECTION('',(0.970031,-0.242981,0.));
#14092=DIRECTION('',(-0.017096,-0.068252,-0.997522));
#14093=AXIS2_PLACEMENT_3D('',#14090,#14091,#14092);
#14094=PLANE('',#14093);
#14095=POLY_LOOP('',(#845,#127,#128));
#14096=FACE_OUTER_BOUND('',#14095,.T.);
#14097=FACE_SURFACE('',(#14096),#14094,.T.);
#14098=CARTESIAN_POINT('',(4.887538,27.823065,1.6));
#14099=DIRECTION('',(0.941545,-0.336888,0.));
#14100=DIRECTION('',(-0.023703,-0.066247,-0.997522));
#14101=AXIS2_PLACEMENT_3D('',#14098,#14099,#14100);
#14102=PLANE('',#14101);
#14103=POLY_LOOP('',(#846,#128,#129));
#14104=FACE_OUTER_BOUND('',#14103,.T.);
#14105=FACE_SURFACE('',(#14104),#14102,.T.);
#14106=CARTESIAN_POINT('',(4.935791,27.925085,1.6));
#14107=DIRECTION('',(0.903989,-0.427556,0.));
#14108=DIRECTION('',(-0.030083,-0.063605,-0.997522));
#14109=AXIS2_PLACEMENT_3D('',#14106,#14107,#14108);
#14110=PLANE('',#14109);
#14111=POLY_LOOP('',(#847,#129,#130));
#14112=FACE_OUTER_BOUND('',#14111,.T.);
#14113=FACE_SURFACE('',(#14112),#14110,.T.);
#14114=CARTESIAN_POINT('',(4.99381,28.021885,1.6));
#14115=DIRECTION('',(0.857728,-0.514103,0.));
#14116=DIRECTION('',(-0.036172,-0.06035,-0.997522));
#14117=AXIS2_PLACEMENT_3D('',#14114,#14115,#14116);
#14118=PLANE('',#14117);
#14119=POLY_LOOP('',(#848,#130,#131));
#14120=FACE_OUTER_BOUND('',#14119,.T.);
#14121=FACE_SURFACE('',(#14120),#14118,.T.);
#14122=CARTESIAN_POINT('',(5.061038,28.112532,1.6));
#14123=DIRECTION('',(0.803209,-0.595697,0.));
#14124=DIRECTION('',(-0.041913,-0.056514,-0.997522));
#14125=AXIS2_PLACEMENT_3D('',#14122,#14123,#14124);
#14126=PLANE('',#14125);
#14127=POLY_LOOP('',(#849,#131,#132));
#14128=FACE_OUTER_BOUND('',#14127,.T.);
#14129=FACE_SURFACE('',(#14128),#14126,.T.);
#14130=CARTESIAN_POINT('',(5.136827,28.196152,1.6));
#14131=DIRECTION('',(0.74095,-0.67156,0.));
#14132=DIRECTION('',(-0.047251,-0.052133,-0.997522));
#14133=AXIS2_PLACEMENT_3D('',#14130,#14131,#14132);
#14134=PLANE('',#14133);
#14135=POLY_LOOP('',(#850,#132,#133));
#14136=FACE_OUTER_BOUND('',#14135,.T.);
#14137=FACE_SURFACE('',(#14136),#14134,.T.);
#14138=CARTESIAN_POINT('',(5.220448,28.27194,1.6));
#14139=DIRECTION('',(0.671555,-0.740954,0.));
#14140=DIRECTION('',(-0.052133,-0.04725,-0.997522));
#14141=AXIS2_PLACEMENT_3D('',#14138,#14139,#14140);
#14142=PLANE('',#14141);
#14143=POLY_LOOP('',(#851,#133,#134));
#14144=FACE_OUTER_BOUND('',#14143,.T.);
#14145=FACE_SURFACE('',(#14144),#14142,.T.);
#14146=CARTESIAN_POINT('',(5.311094,28.339169,1.6));
#14147=DIRECTION('',(0.5957,-0.803207,0.));
#14148=DIRECTION('',(-0.056514,-0.041914,-0.997522));
#14149=AXIS2_PLACEMENT_3D('',#14146,#14147,#14148);
#14150=PLANE('',#14149);
#14151=POLY_LOOP('',(#852,#134,#135));
#14152=FACE_OUTER_BOUND('',#14151,.T.);
#14153=FACE_SURFACE('',(#14152),#14150,.T.);
#14154=CARTESIAN_POINT('',(5.407894,28.397188,1.6));
#14155=DIRECTION('',(0.514105,-0.857727,0.));
#14156=DIRECTION('',(-0.06035,-0.036172,-0.997522));
#14157=AXIS2_PLACEMENT_3D('',#14154,#14155,#14156);
#14158=PLANE('',#14157);
#14159=POLY_LOOP('',(#853,#135,#136));
#14160=FACE_OUTER_BOUND('',#14159,.T.);
#14161=FACE_SURFACE('',(#14160),#14158,.T.);
#14162=CARTESIAN_POINT('',(5.509914,28.44544,1.6));
#14163=DIRECTION('',(0.427556,-0.903989,0.));
#14164=DIRECTION('',(-0.063605,-0.030083,-0.997522));
#14165=AXIS2_PLACEMENT_3D('',#14162,#14163,#14164);
#14166=PLANE('',#14165);
#14167=POLY_LOOP('',(#854,#136,#137));
#14168=FACE_OUTER_BOUND('',#14167,.T.);
#14169=FACE_SURFACE('',(#14168),#14166,.T.);
#14170=CARTESIAN_POINT('',(5.616173,28.483459,1.6));
#14171=DIRECTION('',(0.336883,-0.941546,0.));
#14172=DIRECTION('',(-0.066247,-0.023703,-0.997522));
#14173=AXIS2_PLACEMENT_3D('',#14170,#14171,#14172);
#14174=PLANE('',#14173);
#14175=POLY_LOOP('',(#855,#137,#138));
#14176=FACE_OUTER_BOUND('',#14175,.T.);
#14177=FACE_SURFACE('',(#14176),#14174,.T.);
#14178=CARTESIAN_POINT('',(5.725646,28.510881,1.6));
#14179=DIRECTION('',(0.242983,-0.970031,0.));
#14180=DIRECTION('',(-0.068251,-0.017096,-0.997522));
#14181=AXIS2_PLACEMENT_3D('',#14178,#14179,#14180);
#14182=PLANE('',#14181);
#14183=POLY_LOOP('',(#856,#138,#139));
#14184=FACE_OUTER_BOUND('',#14183,.T.);
#14185=FACE_SURFACE('',(#14184),#14182,.T.);
#14186=CARTESIAN_POINT('',(5.83728,28.527441,1.6));
#14187=DIRECTION('',(0.146732,-0.989176,0.));
#14188=DIRECTION('',(-0.069598,-0.010324,-0.997522));
#14189=AXIS2_PLACEMENT_3D('',#14186,#14187,#14188);
#14190=PLANE('',#14189);
#14191=POLY_LOOP('',(#857,#139,#140));
#14192=FACE_OUTER_BOUND('',#14191,.T.);
#14193=FACE_SURFACE('',(#14192),#14190,.T.);
#14194=CARTESIAN_POINT('',(5.95,28.532978,1.6));
#14195=DIRECTION('',(0.049063,-0.998796,0.));
#14196=DIRECTION('',(-0.070275,-0.003452,-0.997522));
#14197=AXIS2_PLACEMENT_3D('',#14194,#14195,#14196);
#14198=PLANE('',#14197);
#14199=POLY_LOOP('',(#858,#140,#141));
#14200=FACE_OUTER_BOUND('',#14199,.T.);
#14201=FACE_SURFACE('',(#14200),#14198,.T.);
#14202=CARTESIAN_POINT('',(6.174354,28.510881,1.6));
#14203=DIRECTION('',(-0.146732,-0.989176,0.));
#14204=DIRECTION('',(-0.069598,0.010324,-0.997522));
#14205=AXIS2_PLACEMENT_3D('',#14202,#14203,#14204);
#14206=PLANE('',#14205);
#14207=POLY_LOOP('',(#868,#142,#143));
#14208=FACE_OUTER_BOUND('',#14207,.T.);
#14209=FACE_SURFACE('',(#14208),#14206,.T.);
#14210=CARTESIAN_POINT('',(6.06272,28.527441,1.6));
#14211=DIRECTION('',(-0.049063,-0.998796,0.));
#14212=DIRECTION('',(-0.070275,0.003452,-0.997522));
#14213=AXIS2_PLACEMENT_3D('',#14210,#14211,#14212);
#14214=PLANE('',#14213);
#14215=POLY_LOOP('',(#859,#141,#142));
#14216=FACE_OUTER_BOUND('',#14215,.T.);
#14217=FACE_SURFACE('',(#14216),#14214,.T.);
#14218=CARTESIAN_POINT('',(6.492106,26.368769,1.6));
#14219=DIRECTION('',(-0.514105,0.857727,0.));
#14220=DIRECTION('',(0.06035,0.036172,-0.997522));
#14221=AXIS2_PLACEMENT_3D('',#14218,#14219,#14220);
#14222=PLANE('',#14221);
#14223=POLY_LOOP('',(#810,#123,#114));
#14224=FACE_OUTER_BOUND('',#14223,.T.);
#14225=FACE_SURFACE('',(#14224),#14222,.T.);
#14226=CARTESIAN_POINT('',(6.588906,26.426788,1.6));
#14227=DIRECTION('',(-0.595702,0.803206,0.));
#14228=DIRECTION('',(0.056514,0.041914,-0.997522));
#14229=AXIS2_PLACEMENT_3D('',#14226,#14227,#14228);
#14230=PLANE('',#14229);
#14231=POLY_LOOP('',(#812,#117,#123));
#14232=FACE_OUTER_BOUND('',#14231,.T.);
#14233=FACE_SURFACE('',(#14232),#14230,.T.);
#14234=CARTESIAN_POINT('',(6.679552,26.494017,1.6));
#14235=DIRECTION('',(-0.671555,0.740954,0.));
#14236=DIRECTION('',(0.052133,0.04725,-0.997522));
#14237=AXIS2_PLACEMENT_3D('',#14234,#14235,#14236);
#14238=PLANE('',#14237);
#14239=POLY_LOOP('',(#816,#119,#117));
#14240=FACE_OUTER_BOUND('',#14239,.T.);
#14241=FACE_SURFACE('',(#14240),#14238,.T.);
#14242=CARTESIAN_POINT('',(6.763173,26.569805,1.6));
#14243=DIRECTION('',(-0.740956,0.671554,0.));
#14244=DIRECTION('',(0.047251,0.052134,-0.997522));
#14245=AXIS2_PLACEMENT_3D('',#14242,#14243,#14244);
#14246=PLANE('',#14245);
#14247=POLY_LOOP('',(#815,#121,#119));
#14248=FACE_OUTER_BOUND('',#14247,.T.);
#14249=FACE_SURFACE('',(#14248),#14246,.T.);
#14250=CARTESIAN_POINT('',(6.838962,26.653427,1.6));
#14251=DIRECTION('',(-0.803209,0.595697,0.));
#14252=DIRECTION('',(0.041913,0.056514,-0.997522));
#14253=AXIS2_PLACEMENT_3D('',#14250,#14251,#14252);
#14254=PLANE('',#14253);
#14255=POLY_LOOP('',(#829,#176,#121));
#14256=FACE_OUTER_BOUND('',#14255,.T.);
#14257=FACE_SURFACE('',(#14256),#14254,.T.);
#14258=CARTESIAN_POINT('',(6.90619,26.744074,1.6));
#14259=DIRECTION('',(-0.857724,0.51411,0.));
#14260=DIRECTION('',(0.036172,0.060349,-0.997522));
#14261=AXIS2_PLACEMENT_3D('',#14258,#14259,#14260);
#14262=PLANE('',#14261);
#14263=POLY_LOOP('',(#827,#177,#176));
#14264=FACE_OUTER_BOUND('',#14263,.T.);
#14265=FACE_SURFACE('',(#14264),#14262,.T.);
#14266=CARTESIAN_POINT('',(6.96421,26.840872,1.6));
#14267=DIRECTION('',(-0.903989,0.427556,0.));
#14268=DIRECTION('',(0.030083,0.063605,-0.997522));
#14269=AXIS2_PLACEMENT_3D('',#14266,#14267,#14268);
#14270=PLANE('',#14269);
#14271=POLY_LOOP('',(#826,#178,#177));
#14272=FACE_OUTER_BOUND('',#14271,.T.);
#14273=FACE_SURFACE('',(#14272),#14270,.T.);
#14274=CARTESIAN_POINT('',(7.012462,26.942892,1.6));
#14275=DIRECTION('',(-0.941545,0.336888,0.));
#14276=DIRECTION('',(0.023703,0.066247,-0.997522));
#14277=AXIS2_PLACEMENT_3D('',#14274,#14275,#14276);
#14278=PLANE('',#14277);
#14279=POLY_LOOP('',(#823,#179,#178));
#14280=FACE_OUTER_BOUND('',#14279,.T.);
#14281=FACE_SURFACE('',(#14280),#14278,.T.);
#14282=CARTESIAN_POINT('',(7.050481,27.04915,1.6));
#14283=DIRECTION('',(-0.970031,0.242981,0.));
#14284=DIRECTION('',(0.017096,0.068252,-0.997522));
#14285=AXIS2_PLACEMENT_3D('',#14282,#14283,#14284);
#14286=PLANE('',#14285);
#14287=POLY_LOOP('',(#821,#180,#179));
#14288=FACE_OUTER_BOUND('',#14287,.T.);
#14289=FACE_SURFACE('',(#14288),#14286,.T.);
#14290=CARTESIAN_POINT('',(7.077903,27.158625,1.6));
#14291=DIRECTION('',(-0.989177,0.146727,0.));
#14292=DIRECTION('',(0.010324,0.069599,-0.997522));
#14293=AXIS2_PLACEMENT_3D('',#14290,#14291,#14292);
#14294=PLANE('',#14293);
#14295=POLY_LOOP('',(#818,#181,#180));
#14296=FACE_OUTER_BOUND('',#14295,.T.);
#14297=FACE_SURFACE('',(#14296),#14294,.T.);
#14298=CARTESIAN_POINT('',(7.094462,27.27026,1.6));
#14299=DIRECTION('',(-0.998795,0.049068,0.));
#14300=DIRECTION('',(0.003452,0.070275,-0.997522));
#14301=AXIS2_PLACEMENT_3D('',#14298,#14299,#14300);
#14302=PLANE('',#14301);
#14303=POLY_LOOP('',(#860,#182,#181));
#14304=FACE_OUTER_BOUND('',#14303,.T.);
#14305=FACE_SURFACE('',(#14304),#14302,.T.);
#14306=CARTESIAN_POINT('',(7.1,27.382978,1.6));
#14307=DIRECTION('',(-0.998795,-0.049067,0.));
#14308=DIRECTION('',(-0.003452,0.070276,-0.997522));
#14309=AXIS2_PLACEMENT_3D('',#14306,#14307,#14308);
#14310=PLANE('',#14309);
#14311=POLY_LOOP('',(#861,#183,#182));
#14312=FACE_OUTER_BOUND('',#14311,.T.);
#14313=FACE_SURFACE('',(#14312),#14310,.T.);
#14314=CARTESIAN_POINT('',(7.094462,27.495699,1.6));
#14315=DIRECTION('',(-0.989177,-0.14673,0.));
#14316=DIRECTION('',(-0.010324,0.069598,-0.997522));
#14317=AXIS2_PLACEMENT_3D('',#14314,#14315,#14316);
#14318=PLANE('',#14317);
#14319=POLY_LOOP('',(#862,#184,#183));
#14320=FACE_OUTER_BOUND('',#14319,.T.);
#14321=FACE_SURFACE('',(#14320),#14318,.T.);
#14322=CARTESIAN_POINT('',(7.077903,27.607332,1.6));
#14323=DIRECTION('',(-0.970031,-0.242981,0.));
#14324=DIRECTION('',(-0.017096,0.068252,-0.997522));
#14325=AXIS2_PLACEMENT_3D('',#14322,#14323,#14324);
#14326=PLANE('',#14325);
#14327=POLY_LOOP('',(#863,#185,#184));
#14328=FACE_OUTER_BOUND('',#14327,.T.);
#14329=FACE_SURFACE('',(#14328),#14326,.T.);
#14330=CARTESIAN_POINT('',(7.050481,27.716806,1.6));
#14331=DIRECTION('',(-0.941545,-0.336888,0.));
#14332=DIRECTION('',(-0.023703,0.066247,-0.997522));
#14333=AXIS2_PLACEMENT_3D('',#14330,#14331,#14332);
#14334=PLANE('',#14333);
#14335=POLY_LOOP('',(#864,#186,#185));
#14336=FACE_OUTER_BOUND('',#14335,.T.);
#14337=FACE_SURFACE('',(#14336),#14334,.T.);
#14338=CARTESIAN_POINT('',(7.012462,27.823065,1.6));
#14339=DIRECTION('',(-0.903989,-0.427556,0.));
#14340=DIRECTION('',(-0.030083,0.063605,-0.997522));
#14341=AXIS2_PLACEMENT_3D('',#14338,#14339,#14340);
#14342=PLANE('',#14341);
#14343=POLY_LOOP('',(#865,#187,#186));
#14344=FACE_OUTER_BOUND('',#14343,.T.);
#14345=FACE_SURFACE('',(#14344),#14342,.T.);
#14346=CARTESIAN_POINT('',(6.96421,27.925085,1.6));
#14347=DIRECTION('',(-0.857728,-0.514103,0.));
#14348=DIRECTION('',(-0.036172,0.06035,-0.997522));
#14349=AXIS2_PLACEMENT_3D('',#14346,#14347,#14348);
#14350=PLANE('',#14349);
#14351=POLY_LOOP('',(#866,#188,#187));
#14352=FACE_OUTER_BOUND('',#14351,.T.);
#14353=FACE_SURFACE('',(#14352),#14350,.T.);
#14354=CARTESIAN_POINT('',(6.838962,28.112532,1.6));
#14355=DIRECTION('',(-0.740948,-0.671562,0.));
#14356=DIRECTION('',(-0.047251,0.052133,-0.997522));
#14357=AXIS2_PLACEMENT_3D('',#14354,#14355,#14356);
#14358=PLANE('',#14357);
#14359=POLY_LOOP('',(#873,#191,#190));
#14360=FACE_OUTER_BOUND('',#14359,.T.);
#14361=FACE_SURFACE('',(#14360),#14358,.T.);
#14362=CARTESIAN_POINT('',(6.679552,28.27194,1.6));
#14363=DIRECTION('',(-0.595702,-0.803206,0.));
#14364=DIRECTION('',(-0.056514,0.041914,-0.997522));
#14365=AXIS2_PLACEMENT_3D('',#14362,#14363,#14364);
#14366=PLANE('',#14365);
#14367=POLY_LOOP('',(#874,#194,#192));
#14368=FACE_OUTER_BOUND('',#14367,.T.);
#14369=FACE_SURFACE('',(#14368),#14366,.T.);
#14370=CARTESIAN_POINT('',(6.588906,28.339169,1.6));
#14371=DIRECTION('',(-0.514105,-0.857727,0.));
#14372=DIRECTION('',(-0.06035,0.036172,-0.997522));
#14373=AXIS2_PLACEMENT_3D('',#14370,#14371,#14372);
#14374=PLANE('',#14373);
#14375=POLY_LOOP('',(#870,#193,#194));
#14376=FACE_OUTER_BOUND('',#14375,.T.);
#14377=FACE_SURFACE('',(#14376),#14374,.T.);
#14378=CARTESIAN_POINT('',(6.763173,28.196152,1.6));
#14379=DIRECTION('',(-0.671555,-0.740954,0.));
#14380=DIRECTION('',(-0.052133,0.04725,-0.997522));
#14381=AXIS2_PLACEMENT_3D('',#14378,#14379,#14380);
#14382=PLANE('',#14381);
#14383=POLY_LOOP('',(#872,#192,#191));
#14384=FACE_OUTER_BOUND('',#14383,.T.);
#14385=FACE_SURFACE('',(#14384),#14382,.T.);
#14386=CARTESIAN_POINT('',(6.283827,28.483459,1.6));
#14387=DIRECTION('',(-0.242983,-0.970031,0.));
#14388=DIRECTION('',(-0.068251,0.017096,-0.997522));
#14389=AXIS2_PLACEMENT_3D('',#14386,#14387,#14388);
#14390=PLANE('',#14389);
#14391=POLY_LOOP('',(#867,#143,#144));
#14392=FACE_OUTER_BOUND('',#14391,.T.);
#14393=FACE_SURFACE('',(#14392),#14390,.T.);
#14394=CARTESIAN_POINT('',(6.492106,28.397188,1.6));
#14395=DIRECTION('',(-0.427556,-0.903989,0.));
#14396=DIRECTION('',(-0.063605,0.030083,-0.997522));
#14397=AXIS2_PLACEMENT_3D('',#14394,#14395,#14396);
#14398=PLANE('',#14397);
#14399=POLY_LOOP('',(#871,#189,#193));
#14400=FACE_OUTER_BOUND('',#14399,.T.);
#14401=FACE_SURFACE('',(#14400),#14398,.T.);
#14402=CARTESIAN_POINT('',(6.390086,28.44544,1.6));
#14403=DIRECTION('',(-0.336883,-0.941546,0.));
#14404=DIRECTION('',(-0.066247,0.023703,-0.997522));
#14405=AXIS2_PLACEMENT_3D('',#14402,#14403,#14404);
#14406=PLANE('',#14405);
#14407=POLY_LOOP('',(#869,#144,#189));
#14408=FACE_OUTER_BOUND('',#14407,.T.);
#14409=FACE_SURFACE('',(#14408),#14406,.T.);
#14410=CARTESIAN_POINT('',(6.90619,28.021885,1.6));
#14411=DIRECTION('',(-0.803209,-0.595697,0.));
#14412=DIRECTION('',(-0.041913,0.056514,-0.997522));
#14413=AXIS2_PLACEMENT_3D('',#14410,#14411,#14412);
#14414=PLANE('',#14413);
#14415=POLY_LOOP('',(#875,#190,#188));
#14416=FACE_OUTER_BOUND('',#14415,.T.);
#14417=FACE_SURFACE('',(#14416),#14414,.T.);
#14418=CARTESIAN_POINT('',(5.407894,26.368769,1.6));
#14419=DIRECTION('',(0.427556,0.903989,0.));
#14420=DIRECTION('',(0.903989,-0.427556,0.));
#14421=AXIS2_PLACEMENT_3D('',#14418,#14419,#14420);
#14422=PLANE('',#14421);
#14423=POLY_LOOP('',(#790,#792,#96));
#14424=FACE_OUTER_BOUND('',#14423,.T.);
#14425=FACE_SURFACE('',(#14424),#14422,.T.);
#14426=CARTESIAN_POINT('',(5.616173,26.282497,1.6));
#14427=DIRECTION('',(0.336883,0.941546,0.));
#14428=DIRECTION('',(0.,0.,-1.));
#14429=AXIS2_PLACEMENT_3D('',#14426,#14427,#14428);
#14430=PLANE('',#14429);
#14431=POLY_LOOP('',(#794,#98,#792));
#14432=FACE_OUTER_BOUND('',#14431,.T.);
#14433=FACE_SURFACE('',(#14432),#14430,.T.);
#14434=CARTESIAN_POINT('',(5.725646,26.255075,1.6));
#14435=DIRECTION('',(0.146732,0.989176,0.));
#14436=DIRECTION('',(0.989176,-0.146732,0.));
#14437=AXIS2_PLACEMENT_3D('',#14434,#14435,#14436);
#14438=PLANE('',#14437);
#14439=POLY_LOOP('',(#796,#798,#102));
#14440=FACE_OUTER_BOUND('',#14439,.T.);
#14441=FACE_SURFACE('',(#14440),#14438,.T.);
#14442=CARTESIAN_POINT('',(5.616173,26.282497,1.6));
#14443=DIRECTION('',(0.242983,0.970031,0.));
#14444=DIRECTION('',(0.970031,-0.242983,0.));
#14445=AXIS2_PLACEMENT_3D('',#14442,#14443,#14444);
#14446=PLANE('',#14445);
#14447=POLY_LOOP('',(#794,#796,#100));
#14448=FACE_OUTER_BOUND('',#14447,.T.);
#14449=FACE_SURFACE('',(#14448),#14446,.T.);
#14450=CARTESIAN_POINT('',(5.83728,26.238516,1.6));
#14451=DIRECTION('',(0.049063,0.998796,0.));
#14452=DIRECTION('',(0.998796,-0.049063,0.));
#14453=AXIS2_PLACEMENT_3D('',#14450,#14451,#14452);
#14454=PLANE('',#14453);
#14455=POLY_LOOP('',(#798,#800,#104));
#14456=FACE_OUTER_BOUND('',#14455,.T.);
#14457=FACE_SURFACE('',(#14456),#14454,.T.);
#14458=CARTESIAN_POINT('',(5.95,26.232979,1.6));
#14459=DIRECTION('',(-0.049063,0.998796,0.));
#14460=DIRECTION('',(0.998796,0.049063,0.));
#14461=AXIS2_PLACEMENT_3D('',#14458,#14459,#14460);
#14462=PLANE('',#14461);
#14463=POLY_LOOP('',(#800,#802,#106));
#14464=FACE_OUTER_BOUND('',#14463,.T.);
#14465=FACE_SURFACE('',(#14464),#14462,.T.);
#14466=CARTESIAN_POINT('',(6.06272,26.238516,1.6));
#14467=DIRECTION('',(-0.146732,0.989176,0.));
#14468=DIRECTION('',(0.989176,0.146732,0.));
#14469=AXIS2_PLACEMENT_3D('',#14466,#14467,#14468);
#14470=PLANE('',#14469);
#14471=POLY_LOOP('',(#802,#804,#108));
#14472=FACE_OUTER_BOUND('',#14471,.T.);
#14473=FACE_SURFACE('',(#14472),#14470,.T.);
#14474=CARTESIAN_POINT('',(6.174354,26.255075,1.6));
#14475=DIRECTION('',(-0.242983,0.970031,0.));
#14476=DIRECTION('',(0.970031,0.242983,0.));
#14477=AXIS2_PLACEMENT_3D('',#14474,#14475,#14476);
#14478=PLANE('',#14477);
#14479=POLY_LOOP('',(#804,#806,#110));
#14480=FACE_OUTER_BOUND('',#14479,.T.);
#14481=FACE_SURFACE('',(#14480),#14478,.T.);
#14482=CARTESIAN_POINT('',(6.283827,26.282497,1.6));
#14483=DIRECTION('',(-0.336883,0.941546,0.));
#14484=DIRECTION('',(0.941546,0.336883,0.));
#14485=AXIS2_PLACEMENT_3D('',#14482,#14483,#14484);
#14486=PLANE('',#14485);
#14487=POLY_LOOP('',(#806,#808,#112));
#14488=FACE_OUTER_BOUND('',#14487,.T.);
#14489=FACE_SURFACE('',(#14488),#14486,.T.);
#14490=CARTESIAN_POINT('',(6.390086,26.320517,1.6));
#14491=DIRECTION('',(-0.427556,0.903989,0.));
#14492=DIRECTION('',(0.903989,0.427556,0.));
#14493=AXIS2_PLACEMENT_3D('',#14490,#14491,#14492);
#14494=PLANE('',#14493);
#14495=POLY_LOOP('',(#808,#810,#114));
#14496=FACE_OUTER_BOUND('',#14495,.T.);
#14497=FACE_SURFACE('',(#14496),#14494,.T.);
#14498=CARTESIAN_POINT('',(5.136827,26.569805,1.6));
#14499=DIRECTION('',(0.740958,0.671551,0.));
#14500=DIRECTION('',(0.,0.,-1.));
#14501=AXIS2_PLACEMENT_3D('',#14498,#14499,#14500);
#14502=PLANE('',#14501);
#14503=POLY_LOOP('',(#784,#88,#782));
#14504=FACE_OUTER_BOUND('',#14503,.T.);
#14505=FACE_SURFACE('',(#14504),#14502,.T.);
#14506=CARTESIAN_POINT('',(5.061038,26.653427,1.6));
#14507=DIRECTION('',(0.803209,0.595697,0.));
#14508=DIRECTION('',(0.,0.,-1.));
#14509=AXIS2_PLACEMENT_3D('',#14506,#14507,#14508);
#14510=PLANE('',#14509);
#14511=POLY_LOOP('',(#782,#86,#780));
#14512=FACE_OUTER_BOUND('',#14511,.T.);
#14513=FACE_SURFACE('',(#14512),#14510,.T.);
#14514=CARTESIAN_POINT('',(5.311094,26.426788,1.6));
#14515=DIRECTION('',(0.5957,0.803207,0.));
#14516=DIRECTION('',(0.,0.,-1.));
#14517=AXIS2_PLACEMENT_3D('',#14514,#14515,#14516);
#14518=PLANE('',#14517);
#14519=POLY_LOOP('',(#788,#92,#786));
#14520=FACE_OUTER_BOUND('',#14519,.T.);
#14521=FACE_SURFACE('',(#14520),#14518,.T.);
#14522=CARTESIAN_POINT('',(5.220448,26.494017,1.6));
#14523=DIRECTION('',(0.671555,0.740954,0.));
#14524=DIRECTION('',(0.,0.,-1.));
#14525=AXIS2_PLACEMENT_3D('',#14522,#14523,#14524);
#14526=PLANE('',#14525);
#14527=POLY_LOOP('',(#786,#90,#784));
#14528=FACE_OUTER_BOUND('',#14527,.T.);
#14529=FACE_SURFACE('',(#14528),#14526,.T.);
#14530=CARTESIAN_POINT('',(5.311094,26.426788,1.6));
#14531=DIRECTION('',(0.514105,0.857727,0.));
#14532=DIRECTION('',(0.857727,-0.514105,0.));
#14533=AXIS2_PLACEMENT_3D('',#14530,#14531,#14532);
#14534=PLANE('',#14533);
#14535=POLY_LOOP('',(#788,#790,#94));
#14536=FACE_OUTER_BOUND('',#14535,.T.);
#14537=FACE_SURFACE('',(#14536),#14534,.T.);
#14538=CARTESIAN_POINT('',(4.935791,26.840872,1.6));
#14539=DIRECTION('',(0.903989,0.427556,0.));
#14540=DIRECTION('',(0.,0.,-1.));
#14541=AXIS2_PLACEMENT_3D('',#14538,#14539,#14540);
#14542=PLANE('',#14541);
#14543=POLY_LOOP('',(#778,#82,#776));
#14544=FACE_OUTER_BOUND('',#14543,.T.);
#14545=FACE_SURFACE('',(#14544),#14542,.T.);
#14546=CARTESIAN_POINT('',(4.935791,26.840872,1.6));
#14547=DIRECTION('',(0.857724,0.51411,0.));
#14548=DIRECTION('',(0.51411,-0.857724,0.));
#14549=AXIS2_PLACEMENT_3D('',#14546,#14547,#14548);
#14550=PLANE('',#14549);
#14551=POLY_LOOP('',(#778,#780,#84));
#14552=FACE_OUTER_BOUND('',#14551,.T.);
#14553=FACE_SURFACE('',(#14552),#14550,.T.);
#14554=CARTESIAN_POINT('',(4.887538,26.942892,1.6));
#14555=DIRECTION('',(0.941545,0.336888,0.));
#14556=DIRECTION('',(0.,0.,-1.));
#14557=AXIS2_PLACEMENT_3D('',#14554,#14555,#14556);
#14558=PLANE('',#14557);
#14559=POLY_LOOP('',(#776,#80,#774));
#14560=FACE_OUTER_BOUND('',#14559,.T.);
#14561=FACE_SURFACE('',(#14560),#14558,.T.);
#14562=CARTESIAN_POINT('',(4.849519,27.04915,1.6));
#14563=DIRECTION('',(0.970031,0.242981,0.));
#14564=DIRECTION('',(0.,0.,-1.));
#14565=AXIS2_PLACEMENT_3D('',#14562,#14563,#14564);
#14566=PLANE('',#14565);
#14567=POLY_LOOP('',(#774,#78,#772));
#14568=FACE_OUTER_BOUND('',#14567,.T.);
#14569=FACE_SURFACE('',(#14568),#14566,.T.);
#14570=CARTESIAN_POINT('',(4.805538,27.27026,1.6));
#14571=DIRECTION('',(0.989177,0.146727,0.));
#14572=DIRECTION('',(0.146727,-0.989177,0.));
#14573=AXIS2_PLACEMENT_3D('',#14570,#14571,#14572);
#14574=PLANE('',#14573);
#14575=POLY_LOOP('',(#770,#772,#76));
#14576=FACE_OUTER_BOUND('',#14575,.T.);
#14577=FACE_SURFACE('',(#14576),#14574,.T.);
#14578=CARTESIAN_POINT('',(4.805538,27.27026,1.6));
#14579=DIRECTION('',(0.998795,0.049068,0.));
#14580=DIRECTION('',(0.,0.,-1.));
#14581=AXIS2_PLACEMENT_3D('',#14578,#14579,#14580);
#14582=PLANE('',#14581);
#14583=POLY_LOOP('',(#770,#74,#767));
#14584=FACE_OUTER_BOUND('',#14583,.T.);
#14585=FACE_SURFACE('',(#14584),#14582,.T.);
#14586=CARTESIAN_POINT('',(4.8,27.382978,1.6));
#14587=DIRECTION('',(0.998795,-0.049067,0.));
#14588=DIRECTION('',(0.,0.,-1.));
#14589=AXIS2_PLACEMENT_3D('',#14586,#14587,#14588);
#14590=PLANE('',#14589);
#14591=POLY_LOOP('',(#767,#125,#843));
#14592=FACE_OUTER_BOUND('',#14591,.T.);
#14593=FACE_SURFACE('',(#14592),#14590,.T.);
#14594=CARTESIAN_POINT('',(4.805538,27.495699,1.6));
#14595=DIRECTION('',(0.989177,-0.14673,0.));
#14596=DIRECTION('',(0.,0.,-1.));
#14597=AXIS2_PLACEMENT_3D('',#14594,#14595,#14596);
#14598=PLANE('',#14597);
#14599=POLY_LOOP('',(#843,#126,#844));
#14600=FACE_OUTER_BOUND('',#14599,.T.);
#14601=FACE_SURFACE('',(#14600),#14598,.T.);
#14602=CARTESIAN_POINT('',(4.822097,27.607332,1.6));
#14603=DIRECTION('',(0.970031,-0.242981,0.));
#14604=DIRECTION('',(0.,0.,-1.));
#14605=AXIS2_PLACEMENT_3D('',#14602,#14603,#14604);
#14606=PLANE('',#14605);
#14607=POLY_LOOP('',(#844,#127,#845));
#14608=FACE_OUTER_BOUND('',#14607,.T.);
#14609=FACE_SURFACE('',(#14608),#14606,.T.);
#14610=CARTESIAN_POINT('',(4.849519,27.716806,1.6));
#14611=DIRECTION('',(0.941545,-0.336888,0.));
#14612=DIRECTION('',(0.,0.,-1.));
#14613=AXIS2_PLACEMENT_3D('',#14610,#14611,#14612);
#14614=PLANE('',#14613);
#14615=POLY_LOOP('',(#845,#128,#846));
#14616=FACE_OUTER_BOUND('',#14615,.T.);
#14617=FACE_SURFACE('',(#14616),#14614,.T.);
#14618=CARTESIAN_POINT('',(4.887538,27.823065,1.6));
#14619=DIRECTION('',(0.903989,-0.427556,0.));
#14620=DIRECTION('',(0.,0.,-1.));
#14621=AXIS2_PLACEMENT_3D('',#14618,#14619,#14620);
#14622=PLANE('',#14621);
#14623=POLY_LOOP('',(#846,#129,#847));
#14624=FACE_OUTER_BOUND('',#14623,.T.);
#14625=FACE_SURFACE('',(#14624),#14622,.T.);
#14626=CARTESIAN_POINT('',(4.935791,27.925085,1.6));
#14627=DIRECTION('',(0.857728,-0.514103,0.));
#14628=DIRECTION('',(0.,0.,-1.));
#14629=AXIS2_PLACEMENT_3D('',#14626,#14627,#14628);
#14630=PLANE('',#14629);
#14631=POLY_LOOP('',(#847,#130,#848));
#14632=FACE_OUTER_BOUND('',#14631,.T.);
#14633=FACE_SURFACE('',(#14632),#14630,.T.);
#14634=CARTESIAN_POINT('',(4.99381,28.021885,1.6));
#14635=DIRECTION('',(0.803209,-0.595697,0.));
#14636=DIRECTION('',(0.,0.,-1.));
#14637=AXIS2_PLACEMENT_3D('',#14634,#14635,#14636);
#14638=PLANE('',#14637);
#14639=POLY_LOOP('',(#848,#131,#849));
#14640=FACE_OUTER_BOUND('',#14639,.T.);
#14641=FACE_SURFACE('',(#14640),#14638,.T.);
#14642=CARTESIAN_POINT('',(5.061038,28.112532,1.6));
#14643=DIRECTION('',(0.74095,-0.67156,0.));
#14644=DIRECTION('',(0.,0.,-1.));
#14645=AXIS2_PLACEMENT_3D('',#14642,#14643,#14644);
#14646=PLANE('',#14645);
#14647=POLY_LOOP('',(#849,#132,#850));
#14648=FACE_OUTER_BOUND('',#14647,.T.);
#14649=FACE_SURFACE('',(#14648),#14646,.T.);
#14650=CARTESIAN_POINT('',(5.136827,28.196152,1.6));
#14651=DIRECTION('',(0.671555,-0.740954,0.));
#14652=DIRECTION('',(0.,0.,-1.));
#14653=AXIS2_PLACEMENT_3D('',#14650,#14651,#14652);
#14654=PLANE('',#14653);
#14655=POLY_LOOP('',(#850,#133,#851));
#14656=FACE_OUTER_BOUND('',#14655,.T.);
#14657=FACE_SURFACE('',(#14656),#14654,.T.);
#14658=CARTESIAN_POINT('',(5.220448,28.27194,1.6));
#14659=DIRECTION('',(0.5957,-0.803207,0.));
#14660=DIRECTION('',(0.,0.,-1.));
#14661=AXIS2_PLACEMENT_3D('',#14658,#14659,#14660);
#14662=PLANE('',#14661);
#14663=POLY_LOOP('',(#851,#134,#852));
#14664=FACE_OUTER_BOUND('',#14663,.T.);
#14665=FACE_SURFACE('',(#14664),#14662,.T.);
#14666=CARTESIAN_POINT('',(5.311094,28.339169,1.6));
#14667=DIRECTION('',(0.514105,-0.857727,0.));
#14668=DIRECTION('',(0.,0.,-1.));
#14669=AXIS2_PLACEMENT_3D('',#14666,#14667,#14668);
#14670=PLANE('',#14669);
#14671=POLY_LOOP('',(#852,#135,#853));
#14672=FACE_OUTER_BOUND('',#14671,.T.);
#14673=FACE_SURFACE('',(#14672),#14670,.T.);
#14674=CARTESIAN_POINT('',(5.407894,28.397188,1.6));
#14675=DIRECTION('',(0.427556,-0.903989,0.));
#14676=DIRECTION('',(0.,0.,-1.));
#14677=AXIS2_PLACEMENT_3D('',#14674,#14675,#14676);
#14678=PLANE('',#14677);
#14679=POLY_LOOP('',(#853,#136,#854));
#14680=FACE_OUTER_BOUND('',#14679,.T.);
#14681=FACE_SURFACE('',(#14680),#14678,.T.);
#14682=CARTESIAN_POINT('',(5.509914,28.44544,1.6));
#14683=DIRECTION('',(0.336883,-0.941546,0.));
#14684=DIRECTION('',(0.,0.,-1.));
#14685=AXIS2_PLACEMENT_3D('',#14682,#14683,#14684);
#14686=PLANE('',#14685);
#14687=POLY_LOOP('',(#854,#137,#855));
#14688=FACE_OUTER_BOUND('',#14687,.T.);
#14689=FACE_SURFACE('',(#14688),#14686,.T.);
#14690=CARTESIAN_POINT('',(5.616173,28.483459,1.6));
#14691=DIRECTION('',(0.242983,-0.970031,0.));
#14692=DIRECTION('',(0.,0.,-1.));
#14693=AXIS2_PLACEMENT_3D('',#14690,#14691,#14692);
#14694=PLANE('',#14693);
#14695=POLY_LOOP('',(#855,#138,#856));
#14696=FACE_OUTER_BOUND('',#14695,.T.);
#14697=FACE_SURFACE('',(#14696),#14694,.T.);
#14698=CARTESIAN_POINT('',(5.725646,28.510881,1.6));
#14699=DIRECTION('',(0.146732,-0.989176,0.));
#14700=DIRECTION('',(0.,0.,-1.));
#14701=AXIS2_PLACEMENT_3D('',#14698,#14699,#14700);
#14702=PLANE('',#14701);
#14703=POLY_LOOP('',(#856,#139,#857));
#14704=FACE_OUTER_BOUND('',#14703,.T.);
#14705=FACE_SURFACE('',(#14704),#14702,.T.);
#14706=CARTESIAN_POINT('',(5.83728,28.527441,1.6));
#14707=DIRECTION('',(0.049063,-0.998796,0.));
#14708=DIRECTION('',(0.,0.,-1.));
#14709=AXIS2_PLACEMENT_3D('',#14706,#14707,#14708);
#14710=PLANE('',#14709);
#14711=POLY_LOOP('',(#857,#140,#858));
#14712=FACE_OUTER_BOUND('',#14711,.T.);
#14713=FACE_SURFACE('',(#14712),#14710,.T.);
#14714=CARTESIAN_POINT('',(6.174354,28.510881,1.6));
#14715=DIRECTION('',(-0.146732,-0.989176,0.));
#14716=DIRECTION('',(-0.989176,0.146732,0.));
#14717=AXIS2_PLACEMENT_3D('',#14714,#14715,#14716);
#14718=PLANE('',#14717);
#14719=POLY_LOOP('',(#868,#859,#142));
#14720=FACE_OUTER_BOUND('',#14719,.T.);
#14721=FACE_SURFACE('',(#14720),#14718,.T.);
#14722=CARTESIAN_POINT('',(5.95,28.532978,1.6));
#14723=DIRECTION('',(-0.049063,-0.998796,0.));
#14724=DIRECTION('',(0.,0.,-1.));
#14725=AXIS2_PLACEMENT_3D('',#14722,#14723,#14724);
#14726=PLANE('',#14725);
#14727=POLY_LOOP('',(#858,#141,#859));
#14728=FACE_OUTER_BOUND('',#14727,.T.);
#14729=FACE_SURFACE('',(#14728),#14726,.T.);
#14730=CARTESIAN_POINT('',(6.492106,26.368769,1.6));
#14731=DIRECTION('',(-0.514105,0.857727,0.));
#14732=DIRECTION('',(0.857727,0.514105,0.));
#14733=AXIS2_PLACEMENT_3D('',#14730,#14731,#14732);
#14734=PLANE('',#14733);
#14735=POLY_LOOP('',(#810,#812,#123));
#14736=FACE_OUTER_BOUND('',#14735,.T.);
#14737=FACE_SURFACE('',(#14736),#14734,.T.);
#14738=CARTESIAN_POINT('',(6.588906,26.426788,1.6));
#14739=DIRECTION('',(-0.595702,0.803206,0.));
#14740=DIRECTION('',(0.803206,0.595702,0.));
#14741=AXIS2_PLACEMENT_3D('',#14738,#14739,#14740);
#14742=PLANE('',#14741);
#14743=POLY_LOOP('',(#812,#816,#117));
#14744=FACE_OUTER_BOUND('',#14743,.T.);
#14745=FACE_SURFACE('',(#14744),#14742,.T.);
#14746=CARTESIAN_POINT('',(6.679552,26.494017,1.6));
#14747=DIRECTION('',(-0.671555,0.740954,0.));
#14748=DIRECTION('',(0.740954,0.671555,0.));
#14749=AXIS2_PLACEMENT_3D('',#14746,#14747,#14748);
#14750=PLANE('',#14749);
#14751=POLY_LOOP('',(#816,#815,#119));
#14752=FACE_OUTER_BOUND('',#14751,.T.);
#14753=FACE_SURFACE('',(#14752),#14750,.T.);
#14754=CARTESIAN_POINT('',(6.763173,26.569805,1.6));
#14755=DIRECTION('',(-0.740956,0.671554,0.));
#14756=DIRECTION('',(0.671554,0.740956,0.));
#14757=AXIS2_PLACEMENT_3D('',#14754,#14755,#14756);
#14758=PLANE('',#14757);
#14759=POLY_LOOP('',(#815,#829,#121));
#14760=FACE_OUTER_BOUND('',#14759,.T.);
#14761=FACE_SURFACE('',(#14760),#14758,.T.);
#14762=CARTESIAN_POINT('',(6.838962,26.653427,1.6));
#14763=DIRECTION('',(-0.803209,0.595697,0.));
#14764=DIRECTION('',(0.595697,0.803209,0.));
#14765=AXIS2_PLACEMENT_3D('',#14762,#14763,#14764);
#14766=PLANE('',#14765);
#14767=POLY_LOOP('',(#829,#827,#176));
#14768=FACE_OUTER_BOUND('',#14767,.T.);
#14769=FACE_SURFACE('',(#14768),#14766,.T.);
#14770=CARTESIAN_POINT('',(6.90619,26.744074,1.6));
#14771=DIRECTION('',(-0.857724,0.51411,0.));
#14772=DIRECTION('',(0.51411,0.857724,0.));
#14773=AXIS2_PLACEMENT_3D('',#14770,#14771,#14772);
#14774=PLANE('',#14773);
#14775=POLY_LOOP('',(#827,#826,#177));
#14776=FACE_OUTER_BOUND('',#14775,.T.);
#14777=FACE_SURFACE('',(#14776),#14774,.T.);
#14778=CARTESIAN_POINT('',(6.96421,26.840872,1.6));
#14779=DIRECTION('',(-0.903989,0.427556,0.));
#14780=DIRECTION('',(0.427556,0.903989,0.));
#14781=AXIS2_PLACEMENT_3D('',#14778,#14779,#14780);
#14782=PLANE('',#14781);
#14783=POLY_LOOP('',(#826,#823,#178));
#14784=FACE_OUTER_BOUND('',#14783,.T.);
#14785=FACE_SURFACE('',(#14784),#14782,.T.);
#14786=CARTESIAN_POINT('',(7.012462,26.942892,1.6));
#14787=DIRECTION('',(-0.941545,0.336888,0.));
#14788=DIRECTION('',(0.336888,0.941545,0.));
#14789=AXIS2_PLACEMENT_3D('',#14786,#14787,#14788);
#14790=PLANE('',#14789);
#14791=POLY_LOOP('',(#823,#821,#179));
#14792=FACE_OUTER_BOUND('',#14791,.T.);
#14793=FACE_SURFACE('',(#14792),#14790,.T.);
#14794=CARTESIAN_POINT('',(7.050481,27.04915,1.6));
#14795=DIRECTION('',(-0.970031,0.242981,0.));
#14796=DIRECTION('',(0.242981,0.970031,0.));
#14797=AXIS2_PLACEMENT_3D('',#14794,#14795,#14796);
#14798=PLANE('',#14797);
#14799=POLY_LOOP('',(#821,#818,#180));
#14800=FACE_OUTER_BOUND('',#14799,.T.);
#14801=FACE_SURFACE('',(#14800),#14798,.T.);
#14802=CARTESIAN_POINT('',(7.077903,27.158625,1.6));
#14803=DIRECTION('',(-0.989177,0.146727,0.));
#14804=DIRECTION('',(0.146727,0.989177,0.));
#14805=AXIS2_PLACEMENT_3D('',#14802,#14803,#14804);
#14806=PLANE('',#14805);
#14807=POLY_LOOP('',(#818,#860,#181));
#14808=FACE_OUTER_BOUND('',#14807,.T.);
#14809=FACE_SURFACE('',(#14808),#14806,.T.);
#14810=CARTESIAN_POINT('',(7.094462,27.27026,1.6));
#14811=DIRECTION('',(-0.998795,0.049068,0.));
#14812=DIRECTION('',(0.049068,0.998795,0.));
#14813=AXIS2_PLACEMENT_3D('',#14810,#14811,#14812);
#14814=PLANE('',#14813);
#14815=POLY_LOOP('',(#860,#861,#182));
#14816=FACE_OUTER_BOUND('',#14815,.T.);
#14817=FACE_SURFACE('',(#14816),#14814,.T.);
#14818=CARTESIAN_POINT('',(7.1,27.382978,1.6));
#14819=DIRECTION('',(-0.998795,-0.049067,0.));
#14820=DIRECTION('',(-0.049067,0.998795,0.));
#14821=AXIS2_PLACEMENT_3D('',#14818,#14819,#14820);
#14822=PLANE('',#14821);
#14823=POLY_LOOP('',(#861,#862,#183));
#14824=FACE_OUTER_BOUND('',#14823,.T.);
#14825=FACE_SURFACE('',(#14824),#14822,.T.);
#14826=CARTESIAN_POINT('',(7.094462,27.495699,1.6));
#14827=DIRECTION('',(-0.989177,-0.14673,0.));
#14828=DIRECTION('',(-0.14673,0.989177,0.));
#14829=AXIS2_PLACEMENT_3D('',#14826,#14827,#14828);
#14830=PLANE('',#14829);
#14831=POLY_LOOP('',(#862,#863,#184));
#14832=FACE_OUTER_BOUND('',#14831,.T.);
#14833=FACE_SURFACE('',(#14832),#14830,.T.);
#14834=CARTESIAN_POINT('',(7.077903,27.607332,1.6));
#14835=DIRECTION('',(-0.970031,-0.242981,0.));
#14836=DIRECTION('',(-0.242981,0.970031,0.));
#14837=AXIS2_PLACEMENT_3D('',#14834,#14835,#14836);
#14838=PLANE('',#14837);
#14839=POLY_LOOP('',(#863,#864,#185));
#14840=FACE_OUTER_BOUND('',#14839,.T.);
#14841=FACE_SURFACE('',(#14840),#14838,.T.);
#14842=CARTESIAN_POINT('',(7.050481,27.716806,1.6));
#14843=DIRECTION('',(-0.941545,-0.336888,0.));
#14844=DIRECTION('',(-0.336888,0.941545,0.));
#14845=AXIS2_PLACEMENT_3D('',#14842,#14843,#14844);
#14846=PLANE('',#14845);
#14847=POLY_LOOP('',(#864,#865,#186));
#14848=FACE_OUTER_BOUND('',#14847,.T.);
#14849=FACE_SURFACE('',(#14848),#14846,.T.);
#14850=CARTESIAN_POINT('',(7.012462,27.823065,1.6));
#14851=DIRECTION('',(-0.903989,-0.427556,0.));
#14852=DIRECTION('',(-0.427556,0.903989,0.));
#14853=AXIS2_PLACEMENT_3D('',#14850,#14851,#14852);
#14854=PLANE('',#14853);
#14855=POLY_LOOP('',(#865,#866,#187));
#14856=FACE_OUTER_BOUND('',#14855,.T.);
#14857=FACE_SURFACE('',(#14856),#14854,.T.);
#14858=CARTESIAN_POINT('',(6.96421,27.925085,1.6));
#14859=DIRECTION('',(-0.857728,-0.514103,0.));
#14860=DIRECTION('',(-0.514103,0.857728,0.));
#14861=AXIS2_PLACEMENT_3D('',#14858,#14859,#14860);
#14862=PLANE('',#14861);
#14863=POLY_LOOP('',(#866,#875,#188));
#14864=FACE_OUTER_BOUND('',#14863,.T.);
#14865=FACE_SURFACE('',(#14864),#14862,.T.);
#14866=CARTESIAN_POINT('',(6.763173,28.196152,1.6));
#14867=DIRECTION('',(-0.740948,-0.671562,0.));
#14868=DIRECTION('',(0.,0.,-1.));
#14869=AXIS2_PLACEMENT_3D('',#14866,#14867,#14868);
#14870=PLANE('',#14869);
#14871=POLY_LOOP('',(#872,#191,#873));
#14872=FACE_OUTER_BOUND('',#14871,.T.);
#14873=FACE_SURFACE('',(#14872),#14870,.T.);
#14874=CARTESIAN_POINT('',(6.679552,28.27194,1.6));
#14875=DIRECTION('',(-0.595702,-0.803206,0.));
#14876=DIRECTION('',(-0.803206,0.595702,0.));
#14877=AXIS2_PLACEMENT_3D('',#14874,#14875,#14876);
#14878=PLANE('',#14877);
#14879=POLY_LOOP('',(#874,#870,#194));
#14880=FACE_OUTER_BOUND('',#14879,.T.);
#14881=FACE_SURFACE('',(#14880),#14878,.T.);
#14882=CARTESIAN_POINT('',(6.588906,28.339169,1.6));
#14883=DIRECTION('',(-0.514105,-0.857727,0.));
#14884=DIRECTION('',(-0.857727,0.514105,0.));
#14885=AXIS2_PLACEMENT_3D('',#14882,#14883,#14884);
#14886=PLANE('',#14885);
#14887=POLY_LOOP('',(#870,#871,#193));
#14888=FACE_OUTER_BOUND('',#14887,.T.);
#14889=FACE_SURFACE('',(#14888),#14886,.T.);
#14890=CARTESIAN_POINT('',(6.763173,28.196152,1.6));
#14891=DIRECTION('',(-0.671555,-0.740954,0.));
#14892=DIRECTION('',(-0.740954,0.671555,0.));
#14893=AXIS2_PLACEMENT_3D('',#14890,#14891,#14892);
#14894=PLANE('',#14893);
#14895=POLY_LOOP('',(#872,#874,#192));
#14896=FACE_OUTER_BOUND('',#14895,.T.);
#14897=FACE_SURFACE('',(#14896),#14894,.T.);
#14898=CARTESIAN_POINT('',(6.283827,28.483459,1.6));
#14899=DIRECTION('',(-0.242983,-0.970031,0.));
#14900=DIRECTION('',(-0.970031,0.242983,0.));
#14901=AXIS2_PLACEMENT_3D('',#14898,#14899,#14900);
#14902=PLANE('',#14901);
#14903=POLY_LOOP('',(#867,#868,#143));
#14904=FACE_OUTER_BOUND('',#14903,.T.);
#14905=FACE_SURFACE('',(#14904),#14902,.T.);
#14906=CARTESIAN_POINT('',(6.283827,28.483459,1.6));
#14907=DIRECTION('',(-0.336883,-0.941546,0.));
#14908=DIRECTION('',(0.,0.,-1.));
#14909=AXIS2_PLACEMENT_3D('',#14906,#14907,#14908);
#14910=PLANE('',#14909);
#14911=POLY_LOOP('',(#867,#144,#869));
#14912=FACE_OUTER_BOUND('',#14911,.T.);
#14913=FACE_SURFACE('',(#14912),#14910,.T.);
#14914=CARTESIAN_POINT('',(6.390086,28.44544,1.6));
#14915=DIRECTION('',(-0.427556,-0.903989,0.));
#14916=DIRECTION('',(0.,0.,-1.));
#14917=AXIS2_PLACEMENT_3D('',#14914,#14915,#14916);
#14918=PLANE('',#14917);
#14919=POLY_LOOP('',(#869,#189,#871));
#14920=FACE_OUTER_BOUND('',#14919,.T.);
#14921=FACE_SURFACE('',(#14920),#14918,.T.);
#14922=CARTESIAN_POINT('',(6.90619,28.021885,1.6));
#14923=DIRECTION('',(-0.803209,-0.595697,0.));
#14924=DIRECTION('',(-0.595697,0.803209,0.));
#14925=AXIS2_PLACEMENT_3D('',#14922,#14923,#14924);
#14926=PLANE('',#14925);
#14927=POLY_LOOP('',(#875,#873,#190));
#14928=FACE_OUTER_BOUND('',#14927,.T.);
#14929=FACE_SURFACE('',(#14928),#14926,.T.);
#14930=CARTESIAN_POINT('',(163.093811,2.361094,1.6));
#14931=DIRECTION('',(0.803198,0.595712,0.));
#14932=DIRECTION('',(0.041915,-0.056514,-0.997522));
#14933=AXIS2_PLACEMENT_3D('',#14930,#14931,#14932);
#14934=PLANE('',#14933);
#14935=POLY_LOOP('',(#886,#297,#296));
#14936=FACE_OUTER_BOUND('',#14935,.T.);
#14937=FACE_SURFACE('',(#14936),#14934,.T.);
#14938=CARTESIAN_POINT('',(163.035797,2.457894,1.6));
#14939=DIRECTION('',(0.85775,0.514067,0.));
#14940=DIRECTION('',(0.036169,-0.06035,-0.997522));
#14941=AXIS2_PLACEMENT_3D('',#14938,#14939,#14940);
#14942=PLANE('',#14941);
#14943=POLY_LOOP('',(#887,#296,#299));
#14944=FACE_OUTER_BOUND('',#14943,.T.);
#14945=FACE_SURFACE('',(#14944),#14942,.T.);
#14946=CARTESIAN_POINT('',(162.949524,2.666173,1.6));
#14947=DIRECTION('',(0.941573,0.33681,0.));
#14948=DIRECTION('',(0.023697,-0.066247,-0.997522));
#14949=AXIS2_PLACEMENT_3D('',#14946,#14947,#14948);
#14950=PLANE('',#14949);
#14951=POLY_LOOP('',(#876,#298,#300));
#14952=FACE_OUTER_BOUND('',#14951,.T.);
#14953=FACE_SURFACE('',(#14952),#14950,.T.);
#14954=CARTESIAN_POINT('',(162.987534,2.559914,1.6));
#14955=DIRECTION('',(0.90395,0.427639,0.));
#14956=DIRECTION('',(0.03009,-0.063605,-0.997521));
#14957=AXIS2_PLACEMENT_3D('',#14954,#14955,#14956);
#14958=PLANE('',#14957);
#14959=POLY_LOOP('',(#888,#299,#298));
#14960=FACE_OUTER_BOUND('',#14959,.T.);
#14961=FACE_SURFACE('',(#14960),#14958,.T.);
#14962=CARTESIAN_POINT('',(163.411087,2.04381,1.6));
#14963=DIRECTION('',(0.514094,0.857734,0.));
#14964=DIRECTION('',(0.060351,-0.036172,-0.997522));
#14965=AXIS2_PLACEMENT_3D('',#14962,#14963,#14964);
#14966=PLANE('',#14965);
#14967=POLY_LOOP('',(#889,#295,#301));
#14968=FACE_OUTER_BOUND('',#14967,.T.);
#14969=FACE_SURFACE('',(#14968),#14966,.T.);
#14970=CARTESIAN_POINT('',(163.236832,2.186827,1.6));
#14971=DIRECTION('',(0.671569,0.740942,0.));
#14972=DIRECTION('',(0.052132,-0.047251,-0.997522));
#14973=AXIS2_PLACEMENT_3D('',#14970,#14971,#14972);
#14974=PLANE('',#14973);
#14975=POLY_LOOP('',(#898,#303,#302));
#14976=FACE_OUTER_BOUND('',#14975,.T.);
#14977=FACE_SURFACE('',(#14976),#14974,.T.);
#14978=CARTESIAN_POINT('',(163.161041,2.270448,1.6));
#14979=DIRECTION('',(0.740946,0.671565,0.));
#14980=DIRECTION('',(0.047252,-0.052133,-0.997522));
#14981=AXIS2_PLACEMENT_3D('',#14978,#14979,#14980);
#14982=PLANE('',#14981);
#14983=POLY_LOOP('',(#899,#302,#297));
#14984=FACE_OUTER_BOUND('',#14983,.T.);
#14985=FACE_SURFACE('',(#14984),#14982,.T.);
#14986=CARTESIAN_POINT('',(163.32045,2.111038,1.6));
#14987=DIRECTION('',(0.595739,0.803178,0.));
#14988=DIRECTION('',(0.056508,-0.041913,-0.997522));
#14989=AXIS2_PLACEMENT_3D('',#14986,#14987,#14988);
#14990=PLANE('',#14989);
#14991=POLY_LOOP('',(#890,#301,#303));
#14992=FACE_OUTER_BOUND('',#14991,.T.);
#14993=FACE_SURFACE('',(#14992),#14990,.T.);
#14994=CARTESIAN_POINT('',(163.609909,1.937539,1.6));
#14995=DIRECTION('',(0.336879,0.941548,0.));
#14996=DIRECTION('',(0.066249,-0.023704,-0.997522));
#14997=AXIS2_PLACEMENT_3D('',#14994,#14995,#14996);
#14998=PLANE('',#14997);
#14999=POLY_LOOP('',(#892,#308,#307));
#15000=FACE_OUTER_BOUND('',#14999,.T.);
#15001=FACE_SURFACE('',(#15000),#14998,.T.);
#15002=CARTESIAN_POINT('',(163.507889,1.98579,1.6));
#15003=DIRECTION('',(0.427555,0.903989,0.));
#15004=DIRECTION('',(0.063605,-0.030083,-0.997522));
#15005=AXIS2_PLACEMENT_3D('',#15002,#15003,#15004);
#15006=PLANE('',#15005);
#15007=POLY_LOOP('',(#891,#307,#295));
#15008=FACE_OUTER_BOUND('',#15007,.T.);
#15009=FACE_SURFACE('',(#15008),#15006,.T.);
#15010=CARTESIAN_POINT('',(163.716171,1.899519,1.6));
#15011=DIRECTION('',(0.242963,0.970036,0.));
#15012=DIRECTION('',(0.068257,-0.017096,-0.997521));
#15013=AXIS2_PLACEMENT_3D('',#15010,#15011,#15012);
#15014=PLANE('',#15013);
#15015=POLY_LOOP('',(#894,#309,#308));
#15016=FACE_OUTER_BOUND('',#15015,.T.);
#15017=FACE_SURFACE('',(#15016),#15014,.T.);
#15018=CARTESIAN_POINT('',(162.922104,2.775646,1.6));
#15019=DIRECTION('',(0.970035,0.242966,0.));
#15020=DIRECTION('',(0.017095,-0.068251,-0.997522));
#15021=AXIS2_PLACEMENT_3D('',#15018,#15019,#15020);
#15022=PLANE('',#15021);
#15023=POLY_LOOP('',(#877,#300,#304));
#15024=FACE_OUTER_BOUND('',#15023,.T.);
#15025=FACE_SURFACE('',(#15024),#15022,.T.);
#15026=CARTESIAN_POINT('',(162.905533,2.88728,1.6));
#15027=DIRECTION('',(0.989161,0.146832,0.));
#15028=DIRECTION('',(0.010331,-0.069598,-0.997522));
#15029=AXIS2_PLACEMENT_3D('',#15026,#15027,#15028);
#15030=PLANE('',#15029);
#15031=POLY_LOOP('',(#878,#304,#306));
#15032=FACE_OUTER_BOUND('',#15031,.T.);
#15033=FACE_SURFACE('',(#15032),#15030,.T.);
#15034=CARTESIAN_POINT('',(162.899994,3.,1.6));
#15035=DIRECTION('',(0.998795,0.04908,0.));
#15036=DIRECTION('',(0.003453,-0.070275,-0.997522));
#15037=AXIS2_PLACEMENT_3D('',#15034,#15035,#15036);
#15038=PLANE('',#15037);
#15039=POLY_LOOP('',(#879,#306,#305));
#15040=FACE_OUTER_BOUND('',#15039,.T.);
#15041=FACE_SURFACE('',(#15040),#15038,.T.);
#15042=CARTESIAN_POINT('',(162.905533,3.11272,1.6));
#15043=DIRECTION('',(0.998795,-0.04908,0.));
#15044=DIRECTION('',(-0.003453,-0.070275,-0.997522));
#15045=AXIS2_PLACEMENT_3D('',#15042,#15043,#15044);
#15046=PLANE('',#15045);
#15047=POLY_LOOP('',(#880,#305,#357));
#15048=FACE_OUTER_BOUND('',#15047,.T.);
#15049=FACE_SURFACE('',(#15048),#15046,.T.);
#15050=CARTESIAN_POINT('',(162.922104,3.224354,1.6));
#15051=DIRECTION('',(0.989161,-0.146832,0.));
#15052=DIRECTION('',(-0.010331,-0.069598,-0.997522));
#15053=AXIS2_PLACEMENT_3D('',#15050,#15051,#15052);
#15054=PLANE('',#15053);
#15055=POLY_LOOP('',(#915,#357,#359));
#15056=FACE_OUTER_BOUND('',#15055,.T.);
#15057=FACE_SURFACE('',(#15056),#15054,.T.);
#15058=CARTESIAN_POINT('',(162.949524,3.333827,1.6));
#15059=DIRECTION('',(0.970035,-0.242966,0.));
#15060=DIRECTION('',(-0.017095,-0.068251,-0.997522));
#15061=AXIS2_PLACEMENT_3D('',#15058,#15059,#15060);
#15062=PLANE('',#15061);
#15063=POLY_LOOP('',(#916,#359,#361));
#15064=FACE_OUTER_BOUND('',#15063,.T.);
#15065=FACE_SURFACE('',(#15064),#15062,.T.);
#15066=CARTESIAN_POINT('',(162.987534,3.440086,1.6));
#15067=DIRECTION('',(0.941573,-0.33681,0.));
#15068=DIRECTION('',(-0.023697,-0.066247,-0.997522));
#15069=AXIS2_PLACEMENT_3D('',#15066,#15067,#15068);
#15070=PLANE('',#15069);
#15071=POLY_LOOP('',(#917,#361,#363));
#15072=FACE_OUTER_BOUND('',#15071,.T.);
#15073=FACE_SURFACE('',(#15072),#15070,.T.);
#15074=CARTESIAN_POINT('',(163.825653,1.872097,1.6));
#15075=DIRECTION('',(0.146732,0.989176,0.));
#15076=DIRECTION('',(0.069598,-0.010324,-0.997522));
#15077=AXIS2_PLACEMENT_3D('',#15074,#15075,#15076);
#15078=PLANE('',#15077);
#15079=POLY_LOOP('',(#893,#310,#309));
#15080=FACE_OUTER_BOUND('',#15079,.T.);
#15081=FACE_SURFACE('',(#15080),#15078,.T.);
#15082=CARTESIAN_POINT('',(163.937286,1.855538,1.6));
#15083=DIRECTION('',(0.049069,0.998795,0.));
#15084=DIRECTION('',(0.070273,-0.003452,-0.997522));
#15085=AXIS2_PLACEMENT_3D('',#15082,#15083,#15084);
#15086=PLANE('',#15085);
#15087=POLY_LOOP('',(#895,#311,#310));
#15088=FACE_OUTER_BOUND('',#15087,.T.);
#15089=FACE_SURFACE('',(#15088),#15086,.T.);
#15090=CARTESIAN_POINT('',(164.050003,1.85,1.6));
#15091=DIRECTION('',(-0.049069,0.998795,0.));
#15092=DIRECTION('',(0.070273,0.003452,-0.997522));
#15093=AXIS2_PLACEMENT_3D('',#15090,#15091,#15092);
#15094=PLANE('',#15093);
#15095=POLY_LOOP('',(#896,#312,#311));
#15096=FACE_OUTER_BOUND('',#15095,.T.);
#15097=FACE_SURFACE('',(#15096),#15094,.T.);
#15098=CARTESIAN_POINT('',(164.16272,1.855538,1.6));
#15099=DIRECTION('',(-0.146732,0.989176,0.));
#15100=DIRECTION('',(0.069598,0.010324,-0.997522));
#15101=AXIS2_PLACEMENT_3D('',#15098,#15099,#15100);
#15102=PLANE('',#15101);
#15103=POLY_LOOP('',(#897,#313,#312));
#15104=FACE_OUTER_BOUND('',#15103,.T.);
#15105=FACE_SURFACE('',(#15104),#15102,.T.);
#15106=CARTESIAN_POINT('',(164.274353,1.872097,1.6));
#15107=DIRECTION('',(-0.242963,0.970036,0.));
#15108=DIRECTION('',(0.068257,0.017096,-0.997521));
#15109=AXIS2_PLACEMENT_3D('',#15106,#15107,#15108);
#15110=PLANE('',#15109);
#15111=POLY_LOOP('',(#900,#314,#313));
#15112=FACE_OUTER_BOUND('',#15111,.T.);
#15113=FACE_SURFACE('',(#15112),#15110,.T.);
#15114=CARTESIAN_POINT('',(164.383835,1.899519,1.6));
#15115=DIRECTION('',(-0.336922,0.941532,0.));
#15116=DIRECTION('',(0.06624,0.023704,-0.997522));
#15117=AXIS2_PLACEMENT_3D('',#15114,#15115,#15116);
#15118=PLANE('',#15117);
#15119=POLY_LOOP('',(#901,#315,#314));
#15120=FACE_OUTER_BOUND('',#15119,.T.);
#15121=FACE_SURFACE('',(#15120),#15118,.T.);
#15122=CARTESIAN_POINT('',(164.490082,1.937539,1.6));
#15123=DIRECTION('',(-0.427555,0.903989,0.));
#15124=DIRECTION('',(0.063605,0.030083,-0.997522));
#15125=AXIS2_PLACEMENT_3D('',#15122,#15123,#15124);
#15126=PLANE('',#15125);
#15127=POLY_LOOP('',(#902,#316,#315));
#15128=FACE_OUTER_BOUND('',#15127,.T.);
#15129=FACE_SURFACE('',(#15128),#15126,.T.);
#15130=CARTESIAN_POINT('',(164.592102,1.98579,1.6));
#15131=DIRECTION('',(-0.514094,0.857734,0.));
#15132=DIRECTION('',(0.060351,0.036172,-0.997522));
#15133=AXIS2_PLACEMENT_3D('',#15130,#15131,#15132);
#15134=PLANE('',#15133);
#15135=POLY_LOOP('',(#903,#317,#316));
#15136=FACE_OUTER_BOUND('',#15135,.T.);
#15137=FACE_SURFACE('',(#15136),#15134,.T.);
#15138=CARTESIAN_POINT('',(164.688904,2.04381,1.6));
#15139=DIRECTION('',(-0.595674,0.803226,0.));
#15140=DIRECTION('',(0.056517,0.041913,-0.997521));
#15141=AXIS2_PLACEMENT_3D('',#15138,#15139,#15140);
#15142=PLANE('',#15141);
#15143=POLY_LOOP('',(#904,#318,#317));
#15144=FACE_OUTER_BOUND('',#15143,.T.);
#15145=FACE_SURFACE('',(#15144),#15142,.T.);
#15146=CARTESIAN_POINT('',(164.779556,2.111038,1.6));
#15147=DIRECTION('',(-0.671569,0.740942,0.));
#15148=DIRECTION('',(0.052132,0.047251,-0.997522));
#15149=AXIS2_PLACEMENT_3D('',#15146,#15147,#15148);
#15150=PLANE('',#15149);
#15151=POLY_LOOP('',(#905,#319,#318));
#15152=FACE_OUTER_BOUND('',#15151,.T.);
#15153=FACE_SURFACE('',(#15152),#15150,.T.);
#15154=CARTESIAN_POINT('',(164.863174,2.186827,1.6));
#15155=DIRECTION('',(-0.740946,0.671565,0.));
#15156=DIRECTION('',(0.047252,0.052133,-0.997522));
#15157=AXIS2_PLACEMENT_3D('',#15154,#15155,#15156);
#15158=PLANE('',#15157);
#15159=POLY_LOOP('',(#906,#320,#319));
#15160=FACE_OUTER_BOUND('',#15159,.T.);
#15161=FACE_SURFACE('',(#15160),#15158,.T.);
#15162=CARTESIAN_POINT('',(164.938965,2.270448,1.6));
#15163=DIRECTION('',(-0.803198,0.595712,0.));
#15164=DIRECTION('',(0.041915,0.056514,-0.997522));
#15165=AXIS2_PLACEMENT_3D('',#15162,#15163,#15164);
#15166=PLANE('',#15165);
#15167=POLY_LOOP('',(#907,#321,#320));
#15168=FACE_OUTER_BOUND('',#15167,.T.);
#15169=FACE_SURFACE('',(#15168),#15166,.T.);
#15170=CARTESIAN_POINT('',(165.006195,2.361094,1.6));
#15171=DIRECTION('',(-0.85775,0.514067,0.));
#15172=DIRECTION('',(0.036169,0.06035,-0.997522));
#15173=AXIS2_PLACEMENT_3D('',#15170,#15171,#15172);
#15174=PLANE('',#15173);
#15175=POLY_LOOP('',(#908,#322,#321));
#15176=FACE_OUTER_BOUND('',#15175,.T.);
#15177=FACE_SURFACE('',(#15176),#15174,.T.);
#15178=CARTESIAN_POINT('',(165.064209,2.457894,1.6));
#15179=DIRECTION('',(-0.904002,0.427528,0.));
#15180=DIRECTION('',(0.03008,0.063605,-0.997522));
#15181=AXIS2_PLACEMENT_3D('',#15178,#15179,#15180);
#15182=PLANE('',#15181);
#15183=POLY_LOOP('',(#909,#323,#322));
#15184=FACE_OUTER_BOUND('',#15183,.T.);
#15185=FACE_SURFACE('',(#15184),#15182,.T.);
#15186=CARTESIAN_POINT('',(165.112457,2.559914,1.6));
#15187=DIRECTION('',(-0.94153,0.336929,0.));
#15188=DIRECTION('',(0.023707,0.066247,-0.997522));
#15189=AXIS2_PLACEMENT_3D('',#15186,#15187,#15188);
#15190=PLANE('',#15189);
#15191=POLY_LOOP('',(#910,#324,#323));
#15192=FACE_OUTER_BOUND('',#15191,.T.);
#15193=FACE_SURFACE('',(#15192),#15190,.T.);
#15194=CARTESIAN_POINT('',(165.150482,2.666173,1.6));
#15195=DIRECTION('',(-0.970035,0.242966,0.));
#15196=DIRECTION('',(0.017095,0.068251,-0.997522));
#15197=AXIS2_PLACEMENT_3D('',#15194,#15195,#15196);
#15198=PLANE('',#15197);
#15199=POLY_LOOP('',(#911,#325,#324));
#15200=FACE_OUTER_BOUND('',#15199,.T.);
#15201=FACE_SURFACE('',(#15200),#15198,.T.);
#15202=CARTESIAN_POINT('',(165.177902,2.775646,1.6));
#15203=DIRECTION('',(-0.989181,0.1467,0.));
#15204=DIRECTION('',(0.010322,0.069598,-0.997522));
#15205=AXIS2_PLACEMENT_3D('',#15202,#15203,#15204);
#15206=PLANE('',#15205);
#15207=POLY_LOOP('',(#912,#326,#325));
#15208=FACE_OUTER_BOUND('',#15207,.T.);
#15209=FACE_SURFACE('',(#15208),#15206,.T.);
#15210=CARTESIAN_POINT('',(165.194458,2.88728,1.6));
#15211=DIRECTION('',(-0.998795,0.04908,0.));
#15212=DIRECTION('',(0.003453,0.070275,-0.997522));
#15213=AXIS2_PLACEMENT_3D('',#15210,#15211,#15212);
#15214=PLANE('',#15213);
#15215=POLY_LOOP('',(#913,#334,#326));
#15216=FACE_OUTER_BOUND('',#15215,.T.);
#15217=FACE_SURFACE('',(#15216),#15214,.T.);
#15218=CARTESIAN_POINT('',(165.199997,3.,1.6));
#15219=DIRECTION('',(-0.998795,-0.04908,0.));
#15220=DIRECTION('',(-0.003453,0.070275,-0.997522));
#15221=AXIS2_PLACEMENT_3D('',#15218,#15219,#15220);
#15222=PLANE('',#15221);
#15223=POLY_LOOP('',(#914,#329,#334));
#15224=FACE_OUTER_BOUND('',#15223,.T.);
#15225=FACE_SURFACE('',(#15224),#15222,.T.);
#15226=CARTESIAN_POINT('',(165.194458,3.11272,1.6));
#15227=DIRECTION('',(-0.989181,-0.1467,0.));
#15228=DIRECTION('',(-0.010322,0.069598,-0.997522));
#15229=AXIS2_PLACEMENT_3D('',#15226,#15227,#15228);
#15230=PLANE('',#15229);
#15231=POLY_LOOP('',(#954,#327,#329));
#15232=FACE_OUTER_BOUND('',#15231,.T.);
#15233=FACE_SURFACE('',(#15232),#15230,.T.);
#15234=CARTESIAN_POINT('',(165.177902,3.224354,1.6));
#15235=DIRECTION('',(-0.970035,-0.242966,0.));
#15236=DIRECTION('',(-0.017095,0.068251,-0.997522));
#15237=AXIS2_PLACEMENT_3D('',#15234,#15235,#15236);
#15238=PLANE('',#15237);
#15239=POLY_LOOP('',(#949,#328,#327));
#15240=FACE_OUTER_BOUND('',#15239,.T.);
#15241=FACE_SURFACE('',(#15240),#15238,.T.);
#15242=CARTESIAN_POINT('',(165.150482,3.333827,1.6));
#15243=DIRECTION('',(-0.94153,-0.336929,0.));
#15244=DIRECTION('',(-0.023707,0.066247,-0.997522));
#15245=AXIS2_PLACEMENT_3D('',#15242,#15243,#15244);
#15246=PLANE('',#15245);
#15247=POLY_LOOP('',(#951,#330,#328));
#15248=FACE_OUTER_BOUND('',#15247,.T.);
#15249=FACE_SURFACE('',(#15248),#15246,.T.);
#15250=CARTESIAN_POINT('',(165.112457,3.440086,1.6));
#15251=DIRECTION('',(-0.904002,-0.427528,0.));
#15252=DIRECTION('',(-0.03008,0.063605,-0.997522));
#15253=AXIS2_PLACEMENT_3D('',#15250,#15251,#15252);
#15254=PLANE('',#15253);
#15255=POLY_LOOP('',(#953,#331,#330));
#15256=FACE_OUTER_BOUND('',#15255,.T.);
#15257=FACE_SURFACE('',(#15256),#15254,.T.);
#15258=CARTESIAN_POINT('',(163.161041,2.270448,1.6));
#15259=DIRECTION('',(0.803198,0.595712,0.));
#15260=DIRECTION('',(0.,0.,-1.));
#15261=AXIS2_PLACEMENT_3D('',#15258,#15259,#15260);
#15262=PLANE('',#15261);
#15263=POLY_LOOP('',(#899,#297,#886));
#15264=FACE_OUTER_BOUND('',#15263,.T.);
#15265=FACE_SURFACE('',(#15264),#15262,.T.);
#15266=CARTESIAN_POINT('',(163.093811,2.361094,1.6));
#15267=DIRECTION('',(0.85775,0.514067,0.));
#15268=DIRECTION('',(0.,0.,-1.));
#15269=AXIS2_PLACEMENT_3D('',#15266,#15267,#15268);
#15270=PLANE('',#15269);
#15271=POLY_LOOP('',(#886,#296,#887));
#15272=FACE_OUTER_BOUND('',#15271,.T.);
#15273=FACE_SURFACE('',(#15272),#15270,.T.);
#15274=CARTESIAN_POINT('',(162.987534,2.559914,1.6));
#15275=DIRECTION('',(0.941573,0.33681,0.));
#15276=DIRECTION('',(0.,0.,-1.));
#15277=AXIS2_PLACEMENT_3D('',#15274,#15275,#15276);
#15278=PLANE('',#15277);
#15279=POLY_LOOP('',(#888,#298,#876));
#15280=FACE_OUTER_BOUND('',#15279,.T.);
#15281=FACE_SURFACE('',(#15280),#15278,.T.);
#15282=CARTESIAN_POINT('',(162.987534,2.559914,1.6));
#15283=DIRECTION('',(0.90395,0.427639,0.));
#15284=DIRECTION('',(0.427639,-0.90395,0.));
#15285=AXIS2_PLACEMENT_3D('',#15282,#15283,#15284);
#15286=PLANE('',#15285);
#15287=POLY_LOOP('',(#888,#887,#299));
#15288=FACE_OUTER_BOUND('',#15287,.T.);
#15289=FACE_SURFACE('',(#15288),#15286,.T.);
#15290=CARTESIAN_POINT('',(163.507889,1.98579,1.6));
#15291=DIRECTION('',(0.514094,0.857734,0.));
#15292=DIRECTION('',(0.,0.,-1.));
#15293=AXIS2_PLACEMENT_3D('',#15290,#15291,#15292);
#15294=PLANE('',#15293);
#15295=POLY_LOOP('',(#891,#295,#889));
#15296=FACE_OUTER_BOUND('',#15295,.T.);
#15297=FACE_SURFACE('',(#15296),#15294,.T.);
#15298=CARTESIAN_POINT('',(163.32045,2.111038,1.6));
#15299=DIRECTION('',(0.671569,0.740942,0.));
#15300=DIRECTION('',(0.,0.,-1.));
#15301=AXIS2_PLACEMENT_3D('',#15298,#15299,#15300);
#15302=PLANE('',#15301);
#15303=POLY_LOOP('',(#890,#303,#898));
#15304=FACE_OUTER_BOUND('',#15303,.T.);
#15305=FACE_SURFACE('',(#15304),#15302,.T.);
#15306=CARTESIAN_POINT('',(163.236832,2.186827,1.6));
#15307=DIRECTION('',(0.740946,0.671565,0.));
#15308=DIRECTION('',(0.,0.,-1.));
#15309=AXIS2_PLACEMENT_3D('',#15306,#15307,#15308);
#15310=PLANE('',#15309);
#15311=POLY_LOOP('',(#898,#302,#899));
#15312=FACE_OUTER_BOUND('',#15311,.T.);
#15313=FACE_SURFACE('',(#15312),#15310,.T.);
#15314=CARTESIAN_POINT('',(163.32045,2.111038,1.6));
#15315=DIRECTION('',(0.595739,0.803178,0.));
#15316=DIRECTION('',(0.803178,-0.595739,0.));
#15317=AXIS2_PLACEMENT_3D('',#15314,#15315,#15316);
#15318=PLANE('',#15317);
#15319=POLY_LOOP('',(#890,#889,#301));
#15320=FACE_OUTER_BOUND('',#15319,.T.);
#15321=FACE_SURFACE('',(#15320),#15318,.T.);
#15322=CARTESIAN_POINT('',(163.507889,1.98579,1.6));
#15323=DIRECTION('',(0.427555,0.903989,0.));
#15324=DIRECTION('',(0.903989,-0.427555,0.));
#15325=AXIS2_PLACEMENT_3D('',#15322,#15323,#15324);
#15326=PLANE('',#15325);
#15327=POLY_LOOP('',(#891,#892,#307));
#15328=FACE_OUTER_BOUND('',#15327,.T.);
#15329=FACE_SURFACE('',(#15328),#15326,.T.);
#15330=CARTESIAN_POINT('',(163.609909,1.937539,1.6));
#15331=DIRECTION('',(0.336879,0.941548,0.));
#15332=DIRECTION('',(0.941548,-0.336879,0.));
#15333=AXIS2_PLACEMENT_3D('',#15330,#15331,#15332);
#15334=PLANE('',#15333);
#15335=POLY_LOOP('',(#892,#894,#308));
#15336=FACE_OUTER_BOUND('',#15335,.T.);
#15337=FACE_SURFACE('',(#15336),#15334,.T.);
#15338=CARTESIAN_POINT('',(163.825653,1.872097,1.6));
#15339=DIRECTION('',(0.242963,0.970036,0.));
#15340=DIRECTION('',(0.,0.,-1.));
#15341=AXIS2_PLACEMENT_3D('',#15338,#15339,#15340);
#15342=PLANE('',#15341);
#15343=POLY_LOOP('',(#893,#309,#894));
#15344=FACE_OUTER_BOUND('',#15343,.T.);
#15345=FACE_SURFACE('',(#15344),#15342,.T.);
#15346=CARTESIAN_POINT('',(162.949524,2.666173,1.6));
#15347=DIRECTION('',(0.970035,0.242966,0.));
#15348=DIRECTION('',(0.,0.,-1.));
#15349=AXIS2_PLACEMENT_3D('',#15346,#15347,#15348);
#15350=PLANE('',#15349);
#15351=POLY_LOOP('',(#876,#300,#877));
#15352=FACE_OUTER_BOUND('',#15351,.T.);
#15353=FACE_SURFACE('',(#15352),#15350,.T.);
#15354=CARTESIAN_POINT('',(162.922104,2.775646,1.6));
#15355=DIRECTION('',(0.989161,0.146832,0.));
#15356=DIRECTION('',(0.,0.,-1.));
#15357=AXIS2_PLACEMENT_3D('',#15354,#15355,#15356);
#15358=PLANE('',#15357);
#15359=POLY_LOOP('',(#877,#304,#878));
#15360=FACE_OUTER_BOUND('',#15359,.T.);
#15361=FACE_SURFACE('',(#15360),#15358,.T.);
#15362=CARTESIAN_POINT('',(162.905533,2.88728,1.6));
#15363=DIRECTION('',(0.998795,0.04908,0.));
#15364=DIRECTION('',(0.,0.,-1.));
#15365=AXIS2_PLACEMENT_3D('',#15362,#15363,#15364);
#15366=PLANE('',#15365);
#15367=POLY_LOOP('',(#878,#306,#879));
#15368=FACE_OUTER_BOUND('',#15367,.T.);
#15369=FACE_SURFACE('',(#15368),#15366,.T.);
#15370=CARTESIAN_POINT('',(162.899994,3.,1.6));
#15371=DIRECTION('',(0.998795,-0.04908,0.));
#15372=DIRECTION('',(0.,0.,-1.));
#15373=AXIS2_PLACEMENT_3D('',#15370,#15371,#15372);
#15374=PLANE('',#15373);
#15375=POLY_LOOP('',(#879,#305,#880));
#15376=FACE_OUTER_BOUND('',#15375,.T.);
#15377=FACE_SURFACE('',(#15376),#15374,.T.);
#15378=CARTESIAN_POINT('',(162.905533,3.11272,1.6));
#15379=DIRECTION('',(0.989161,-0.146832,0.));
#15380=DIRECTION('',(0.,0.,-1.));
#15381=AXIS2_PLACEMENT_3D('',#15378,#15379,#15380);
#15382=PLANE('',#15381);
#15383=POLY_LOOP('',(#880,#357,#915));
#15384=FACE_OUTER_BOUND('',#15383,.T.);
#15385=FACE_SURFACE('',(#15384),#15382,.T.);
#15386=CARTESIAN_POINT('',(162.922104,3.224354,1.6));
#15387=DIRECTION('',(0.970035,-0.242966,0.));
#15388=DIRECTION('',(0.,0.,-1.));
#15389=AXIS2_PLACEMENT_3D('',#15386,#15387,#15388);
#15390=PLANE('',#15389);
#15391=POLY_LOOP('',(#915,#359,#916));
#15392=FACE_OUTER_BOUND('',#15391,.T.);
#15393=FACE_SURFACE('',(#15392),#15390,.T.);
#15394=CARTESIAN_POINT('',(162.949524,3.333827,1.6));
#15395=DIRECTION('',(0.941573,-0.33681,0.));
#15396=DIRECTION('',(0.,0.,-1.));
#15397=AXIS2_PLACEMENT_3D('',#15394,#15395,#15396);
#15398=PLANE('',#15397);
#15399=POLY_LOOP('',(#916,#361,#917));
#15400=FACE_OUTER_BOUND('',#15399,.T.);
#15401=FACE_SURFACE('',(#15400),#15398,.T.);
#15402=CARTESIAN_POINT('',(162.987534,3.440086,1.6));
#15403=DIRECTION('',(0.90395,-0.427639,0.));
#15404=DIRECTION('',(0.,0.,-1.));
#15405=AXIS2_PLACEMENT_3D('',#15402,#15403,#15404);
#15406=PLANE('',#15405);
#15407=POLY_LOOP('',(#917,#363,#918));
#15408=FACE_OUTER_BOUND('',#15407,.T.);
#15409=FACE_SURFACE('',(#15408),#15406,.T.);
#15410=CARTESIAN_POINT('',(163.825653,1.872097,1.6));
#15411=DIRECTION('',(0.146732,0.989176,0.));
#15412=DIRECTION('',(0.989176,-0.146732,0.));
#15413=AXIS2_PLACEMENT_3D('',#15410,#15411,#15412);
#15414=PLANE('',#15413);
#15415=POLY_LOOP('',(#893,#895,#310));
#15416=FACE_OUTER_BOUND('',#15415,.T.);
#15417=FACE_SURFACE('',(#15416),#15414,.T.);
#15418=CARTESIAN_POINT('',(163.937286,1.855538,1.6));
#15419=DIRECTION('',(0.049069,0.998795,0.));
#15420=DIRECTION('',(0.998795,-0.049069,0.));
#15421=AXIS2_PLACEMENT_3D('',#15418,#15419,#15420);
#15422=PLANE('',#15421);
#15423=POLY_LOOP('',(#895,#896,#311));
#15424=FACE_OUTER_BOUND('',#15423,.T.);
#15425=FACE_SURFACE('',(#15424),#15422,.T.);
#15426=CARTESIAN_POINT('',(164.050003,1.85,1.6));
#15427=DIRECTION('',(-0.049069,0.998795,0.));
#15428=DIRECTION('',(0.998795,0.049069,0.));
#15429=AXIS2_PLACEMENT_3D('',#15426,#15427,#15428);
#15430=PLANE('',#15429);
#15431=POLY_LOOP('',(#896,#897,#312));
#15432=FACE_OUTER_BOUND('',#15431,.T.);
#15433=FACE_SURFACE('',(#15432),#15430,.T.);
#15434=CARTESIAN_POINT('',(164.16272,1.855538,1.6));
#15435=DIRECTION('',(-0.146732,0.989176,0.));
#15436=DIRECTION('',(0.989176,0.146732,0.));
#15437=AXIS2_PLACEMENT_3D('',#15434,#15435,#15436);
#15438=PLANE('',#15437);
#15439=POLY_LOOP('',(#897,#900,#313));
#15440=FACE_OUTER_BOUND('',#15439,.T.);
#15441=FACE_SURFACE('',(#15440),#15438,.T.);
#15442=CARTESIAN_POINT('',(164.274353,1.872097,1.6));
#15443=DIRECTION('',(-0.242963,0.970036,0.));
#15444=DIRECTION('',(0.970036,0.242963,0.));
#15445=AXIS2_PLACEMENT_3D('',#15442,#15443,#15444);
#15446=PLANE('',#15445);
#15447=POLY_LOOP('',(#900,#901,#314));
#15448=FACE_OUTER_BOUND('',#15447,.T.);
#15449=FACE_SURFACE('',(#15448),#15446,.T.);
#15450=CARTESIAN_POINT('',(164.383835,1.899519,1.6));
#15451=DIRECTION('',(-0.336922,0.941532,0.));
#15452=DIRECTION('',(0.941532,0.336922,0.));
#15453=AXIS2_PLACEMENT_3D('',#15450,#15451,#15452);
#15454=PLANE('',#15453);
#15455=POLY_LOOP('',(#901,#902,#315));
#15456=FACE_OUTER_BOUND('',#15455,.T.);
#15457=FACE_SURFACE('',(#15456),#15454,.T.);
#15458=CARTESIAN_POINT('',(164.490082,1.937539,1.6));
#15459=DIRECTION('',(-0.427555,0.903989,0.));
#15460=DIRECTION('',(0.903989,0.427555,0.));
#15461=AXIS2_PLACEMENT_3D('',#15458,#15459,#15460);
#15462=PLANE('',#15461);
#15463=POLY_LOOP('',(#902,#903,#316));
#15464=FACE_OUTER_BOUND('',#15463,.T.);
#15465=FACE_SURFACE('',(#15464),#15462,.T.);
#15466=CARTESIAN_POINT('',(164.592102,1.98579,1.6));
#15467=DIRECTION('',(-0.514094,0.857734,0.));
#15468=DIRECTION('',(0.857734,0.514094,0.));
#15469=AXIS2_PLACEMENT_3D('',#15466,#15467,#15468);
#15470=PLANE('',#15469);
#15471=POLY_LOOP('',(#903,#904,#317));
#15472=FACE_OUTER_BOUND('',#15471,.T.);
#15473=FACE_SURFACE('',(#15472),#15470,.T.);
#15474=CARTESIAN_POINT('',(164.688904,2.04381,1.6));
#15475=DIRECTION('',(-0.595674,0.803226,0.));
#15476=DIRECTION('',(0.803226,0.595674,0.));
#15477=AXIS2_PLACEMENT_3D('',#15474,#15475,#15476);
#15478=PLANE('',#15477);
#15479=POLY_LOOP('',(#904,#905,#318));
#15480=FACE_OUTER_BOUND('',#15479,.T.);
#15481=FACE_SURFACE('',(#15480),#15478,.T.);
#15482=CARTESIAN_POINT('',(164.779556,2.111038,1.6));
#15483=DIRECTION('',(-0.671569,0.740942,0.));
#15484=DIRECTION('',(0.740942,0.671569,0.));
#15485=AXIS2_PLACEMENT_3D('',#15482,#15483,#15484);
#15486=PLANE('',#15485);
#15487=POLY_LOOP('',(#905,#906,#319));
#15488=FACE_OUTER_BOUND('',#15487,.T.);
#15489=FACE_SURFACE('',(#15488),#15486,.T.);
#15490=CARTESIAN_POINT('',(164.863174,2.186827,1.6));
#15491=DIRECTION('',(-0.740946,0.671565,0.));
#15492=DIRECTION('',(0.671565,0.740946,0.));
#15493=AXIS2_PLACEMENT_3D('',#15490,#15491,#15492);
#15494=PLANE('',#15493);
#15495=POLY_LOOP('',(#906,#907,#320));
#15496=FACE_OUTER_BOUND('',#15495,.T.);
#15497=FACE_SURFACE('',(#15496),#15494,.T.);
#15498=CARTESIAN_POINT('',(164.938965,2.270448,1.6));
#15499=DIRECTION('',(-0.803198,0.595712,0.));
#15500=DIRECTION('',(0.595712,0.803198,0.));
#15501=AXIS2_PLACEMENT_3D('',#15498,#15499,#15500);
#15502=PLANE('',#15501);
#15503=POLY_LOOP('',(#907,#908,#321));
#15504=FACE_OUTER_BOUND('',#15503,.T.);
#15505=FACE_SURFACE('',(#15504),#15502,.T.);
#15506=CARTESIAN_POINT('',(165.006195,2.361094,1.6));
#15507=DIRECTION('',(-0.85775,0.514067,0.));
#15508=DIRECTION('',(0.514067,0.85775,0.));
#15509=AXIS2_PLACEMENT_3D('',#15506,#15507,#15508);
#15510=PLANE('',#15509);
#15511=POLY_LOOP('',(#908,#909,#322));
#15512=FACE_OUTER_BOUND('',#15511,.T.);
#15513=FACE_SURFACE('',(#15512),#15510,.T.);
#15514=CARTESIAN_POINT('',(165.064209,2.457894,1.6));
#15515=DIRECTION('',(-0.904002,0.427528,0.));
#15516=DIRECTION('',(0.427528,0.904002,0.));
#15517=AXIS2_PLACEMENT_3D('',#15514,#15515,#15516);
#15518=PLANE('',#15517);
#15519=POLY_LOOP('',(#909,#910,#323));
#15520=FACE_OUTER_BOUND('',#15519,.T.);
#15521=FACE_SURFACE('',(#15520),#15518,.T.);
#15522=CARTESIAN_POINT('',(165.112457,2.559914,1.6));
#15523=DIRECTION('',(-0.94153,0.336929,0.));
#15524=DIRECTION('',(0.336929,0.94153,0.));
#15525=AXIS2_PLACEMENT_3D('',#15522,#15523,#15524);
#15526=PLANE('',#15525);
#15527=POLY_LOOP('',(#910,#911,#324));
#15528=FACE_OUTER_BOUND('',#15527,.T.);
#15529=FACE_SURFACE('',(#15528),#15526,.T.);
#15530=CARTESIAN_POINT('',(165.150482,2.666173,1.6));
#15531=DIRECTION('',(-0.970035,0.242966,0.));
#15532=DIRECTION('',(0.242966,0.970035,0.));
#15533=AXIS2_PLACEMENT_3D('',#15530,#15531,#15532);
#15534=PLANE('',#15533);
#15535=POLY_LOOP('',(#911,#912,#325));
#15536=FACE_OUTER_BOUND('',#15535,.T.);
#15537=FACE_SURFACE('',(#15536),#15534,.T.);
#15538=CARTESIAN_POINT('',(165.177902,2.775646,1.6));
#15539=DIRECTION('',(-0.989181,0.1467,0.));
#15540=DIRECTION('',(0.1467,0.989181,0.));
#15541=AXIS2_PLACEMENT_3D('',#15538,#15539,#15540);
#15542=PLANE('',#15541);
#15543=POLY_LOOP('',(#912,#913,#326));
#15544=FACE_OUTER_BOUND('',#15543,.T.);
#15545=FACE_SURFACE('',(#15544),#15542,.T.);
#15546=CARTESIAN_POINT('',(165.194458,2.88728,1.6));
#15547=DIRECTION('',(-0.998795,0.04908,0.));
#15548=DIRECTION('',(0.04908,0.998795,0.));
#15549=AXIS2_PLACEMENT_3D('',#15546,#15547,#15548);
#15550=PLANE('',#15549);
#15551=POLY_LOOP('',(#913,#914,#334));
#15552=FACE_OUTER_BOUND('',#15551,.T.);
#15553=FACE_SURFACE('',(#15552),#15550,.T.);
#15554=CARTESIAN_POINT('',(165.199997,3.,1.6));
#15555=DIRECTION('',(-0.998795,-0.04908,0.));
#15556=DIRECTION('',(-0.04908,0.998795,0.));
#15557=AXIS2_PLACEMENT_3D('',#15554,#15555,#15556);
#15558=PLANE('',#15557);
#15559=POLY_LOOP('',(#914,#954,#329));
#15560=FACE_OUTER_BOUND('',#15559,.T.);
#15561=FACE_SURFACE('',(#15560),#15558,.T.);
#15562=CARTESIAN_POINT('',(165.177902,3.224354,1.6));
#15563=DIRECTION('',(-0.989181,-0.1467,0.));
#15564=DIRECTION('',(0.,0.,-1.));
#15565=AXIS2_PLACEMENT_3D('',#15562,#15563,#15564);
#15566=PLANE('',#15565);
#15567=POLY_LOOP('',(#949,#327,#954));
#15568=FACE_OUTER_BOUND('',#15567,.T.);
#15569=FACE_SURFACE('',(#15568),#15566,.T.);
#15570=CARTESIAN_POINT('',(165.177902,3.224354,1.6));
#15571=DIRECTION('',(-0.970035,-0.242966,0.));
#15572=DIRECTION('',(-0.242966,0.970035,0.));
#15573=AXIS2_PLACEMENT_3D('',#15570,#15571,#15572);
#15574=PLANE('',#15573);
#15575=POLY_LOOP('',(#949,#951,#328));
#15576=FACE_OUTER_BOUND('',#15575,.T.);
#15577=FACE_SURFACE('',(#15576),#15574,.T.);
#15578=CARTESIAN_POINT('',(165.150482,3.333827,1.6));
#15579=DIRECTION('',(-0.94153,-0.336929,0.));
#15580=DIRECTION('',(-0.336929,0.94153,0.));
#15581=AXIS2_PLACEMENT_3D('',#15578,#15579,#15580);
#15582=PLANE('',#15581);
#15583=POLY_LOOP('',(#951,#953,#330));
#15584=FACE_OUTER_BOUND('',#15583,.T.);
#15585=FACE_SURFACE('',(#15584),#15582,.T.);
#15586=CARTESIAN_POINT('',(163.035797,3.542106,1.6));
#15587=DIRECTION('',(0.90395,-0.427639,0.));
#15588=DIRECTION('',(-0.03009,-0.063605,-0.997521));
#15589=AXIS2_PLACEMENT_3D('',#15586,#15587,#15588);
#15590=PLANE('',#15589);
#15591=POLY_LOOP('',(#918,#363,#365));
#15592=FACE_OUTER_BOUND('',#15591,.T.);
#15593=FACE_SURFACE('',(#15592),#15590,.T.);
#15594=CARTESIAN_POINT('',(163.093811,3.638906,1.6));
#15595=DIRECTION('',(0.85775,-0.514067,0.));
#15596=DIRECTION('',(-0.036169,-0.06035,-0.997522));
#15597=AXIS2_PLACEMENT_3D('',#15594,#15595,#15596);
#15598=PLANE('',#15597);
#15599=POLY_LOOP('',(#919,#365,#367));
#15600=FACE_OUTER_BOUND('',#15599,.T.);
#15601=FACE_SURFACE('',(#15600),#15598,.T.);
#15602=CARTESIAN_POINT('',(163.161041,3.729552,1.6));
#15603=DIRECTION('',(0.803198,-0.595712,0.));
#15604=DIRECTION('',(-0.041915,-0.056514,-0.997522));
#15605=AXIS2_PLACEMENT_3D('',#15602,#15603,#15604);
#15606=PLANE('',#15605);
#15607=POLY_LOOP('',(#921,#367,#369));
#15608=FACE_OUTER_BOUND('',#15607,.T.);
#15609=FACE_SURFACE('',(#15608),#15606,.T.);
#15610=CARTESIAN_POINT('',(163.236832,3.813173,1.6));
#15611=DIRECTION('',(0.740946,-0.671565,0.));
#15612=DIRECTION('',(-0.047252,-0.052133,-0.997522));
#15613=AXIS2_PLACEMENT_3D('',#15610,#15611,#15612);
#15614=PLANE('',#15613);
#15615=POLY_LOOP('',(#923,#369,#371));
#15616=FACE_OUTER_BOUND('',#15615,.T.);
#15617=FACE_SURFACE('',(#15616),#15614,.T.);
#15618=CARTESIAN_POINT('',(163.32045,3.888962,1.6));
#15619=DIRECTION('',(0.671569,-0.740942,0.));
#15620=DIRECTION('',(-0.052132,-0.047251,-0.997522));
#15621=AXIS2_PLACEMENT_3D('',#15618,#15619,#15620);
#15622=PLANE('',#15621);
#15623=POLY_LOOP('',(#925,#371,#373));
#15624=FACE_OUTER_BOUND('',#15623,.T.);
#15625=FACE_SURFACE('',(#15624),#15622,.T.);
#15626=CARTESIAN_POINT('',(163.411087,3.95619,1.6));
#15627=DIRECTION('',(0.595739,-0.803178,0.));
#15628=DIRECTION('',(-0.056508,-0.041913,-0.997522));
#15629=AXIS2_PLACEMENT_3D('',#15626,#15627,#15628);
#15630=PLANE('',#15629);
#15631=POLY_LOOP('',(#927,#373,#375));
#15632=FACE_OUTER_BOUND('',#15631,.T.);
#15633=FACE_SURFACE('',(#15632),#15630,.T.);
#15634=CARTESIAN_POINT('',(163.507889,4.014209,1.6));
#15635=DIRECTION('',(0.514092,-0.857735,0.));
#15636=DIRECTION('',(-0.060351,-0.036172,-0.997522));
#15637=AXIS2_PLACEMENT_3D('',#15634,#15635,#15636);
#15638=PLANE('',#15637);
#15639=POLY_LOOP('',(#929,#375,#377));
#15640=FACE_OUTER_BOUND('',#15639,.T.);
#15641=FACE_SURFACE('',(#15640),#15638,.T.);
#15642=CARTESIAN_POINT('',(163.609909,4.062461,1.6));
#15643=DIRECTION('',(0.427556,-0.903989,0.));
#15644=DIRECTION('',(-0.063605,-0.030083,-0.997522));
#15645=AXIS2_PLACEMENT_3D('',#15642,#15643,#15644);
#15646=PLANE('',#15645);
#15647=POLY_LOOP('',(#931,#377,#379));
#15648=FACE_OUTER_BOUND('',#15647,.T.);
#15649=FACE_SURFACE('',(#15648),#15646,.T.);
#15650=CARTESIAN_POINT('',(163.716171,4.100482,1.6));
#15651=DIRECTION('',(0.336881,-0.941547,0.));
#15652=DIRECTION('',(-0.066249,-0.023704,-0.997522));
#15653=AXIS2_PLACEMENT_3D('',#15650,#15651,#15652);
#15654=PLANE('',#15653);
#15655=POLY_LOOP('',(#933,#379,#381));
#15656=FACE_OUTER_BOUND('',#15655,.T.);
#15657=FACE_SURFACE('',(#15656),#15654,.T.);
#15658=CARTESIAN_POINT('',(163.825653,4.127903,1.6));
#15659=DIRECTION('',(0.242961,-0.970036,0.));
#15660=DIRECTION('',(-0.068257,-0.017096,-0.997521));
#15661=AXIS2_PLACEMENT_3D('',#15658,#15659,#15660);
#15662=PLANE('',#15661);
#15663=POLY_LOOP('',(#935,#381,#383));
#15664=FACE_OUTER_BOUND('',#15663,.T.);
#15665=FACE_SURFACE('',(#15664),#15662,.T.);
#15666=CARTESIAN_POINT('',(163.937286,4.144463,1.6));
#15667=DIRECTION('',(0.146734,-0.989176,0.));
#15668=DIRECTION('',(-0.069598,-0.010324,-0.997522));
#15669=AXIS2_PLACEMENT_3D('',#15666,#15667,#15668);
#15670=PLANE('',#15669);
#15671=POLY_LOOP('',(#937,#383,#385));
#15672=FACE_OUTER_BOUND('',#15671,.T.);
#15673=FACE_SURFACE('',(#15672),#15670,.T.);
#15674=CARTESIAN_POINT('',(164.050003,4.15,1.6));
#15675=DIRECTION('',(0.049069,-0.998795,0.));
#15676=DIRECTION('',(-0.070273,-0.003452,-0.997522));
#15677=AXIS2_PLACEMENT_3D('',#15674,#15675,#15676);
#15678=PLANE('',#15677);
#15679=POLY_LOOP('',(#939,#385,#387));
#15680=FACE_OUTER_BOUND('',#15679,.T.);
#15681=FACE_SURFACE('',(#15680),#15678,.T.);
#15682=CARTESIAN_POINT('',(164.16272,4.144463,1.6));
#15683=DIRECTION('',(-0.049069,-0.998795,0.));
#15684=DIRECTION('',(-0.070273,0.003452,-0.997522));
#15685=AXIS2_PLACEMENT_3D('',#15682,#15683,#15684);
#15686=PLANE('',#15685);
#15687=POLY_LOOP('',(#941,#387,#389));
#15688=FACE_OUTER_BOUND('',#15687,.T.);
#15689=FACE_SURFACE('',(#15688),#15686,.T.);
#15690=CARTESIAN_POINT('',(164.490082,4.062461,1.6));
#15691=DIRECTION('',(-0.336924,-0.941532,0.));
#15692=DIRECTION('',(-0.06624,0.023704,-0.997522));
#15693=AXIS2_PLACEMENT_3D('',#15690,#15691,#15692);
#15694=PLANE('',#15693);
#15695=POLY_LOOP('',(#947,#393,#395));
#15696=FACE_OUTER_BOUND('',#15695,.T.);
#15697=FACE_SURFACE('',(#15696),#15694,.T.);
#15698=CARTESIAN_POINT('',(164.274353,4.127903,1.6));
#15699=DIRECTION('',(-0.146734,-0.989176,0.));
#15700=DIRECTION('',(-0.069598,0.010324,-0.997522));
#15701=AXIS2_PLACEMENT_3D('',#15698,#15699,#15700);
#15702=PLANE('',#15701);
#15703=POLY_LOOP('',(#943,#389,#391));
#15704=FACE_OUTER_BOUND('',#15703,.T.);
#15705=FACE_SURFACE('',(#15704),#15702,.T.);
#15706=CARTESIAN_POINT('',(164.383835,4.100482,1.6));
#15707=DIRECTION('',(-0.242961,-0.970036,0.));
#15708=DIRECTION('',(-0.068257,0.017096,-0.997521));
#15709=AXIS2_PLACEMENT_3D('',#15706,#15707,#15708);
#15710=PLANE('',#15709);
#15711=POLY_LOOP('',(#945,#391,#393));
#15712=FACE_OUTER_BOUND('',#15711,.T.);
#15713=FACE_SURFACE('',(#15712),#15710,.T.);
#15714=CARTESIAN_POINT('',(164.863174,3.813173,1.6));
#15715=DIRECTION('',(-0.671569,-0.740942,0.));
#15716=DIRECTION('',(-0.052132,0.047251,-0.997522));
#15717=AXIS2_PLACEMENT_3D('',#15714,#15715,#15716);
#15718=PLANE('',#15717);
#15719=POLY_LOOP('',(#959,#398,#396));
#15720=FACE_OUTER_BOUND('',#15719,.T.);
#15721=FACE_SURFACE('',(#15720),#15718,.T.);
#15722=CARTESIAN_POINT('',(165.006195,3.638906,1.6));
#15723=DIRECTION('',(-0.803198,-0.595712,0.));
#15724=DIRECTION('',(-0.041915,0.056514,-0.997522));
#15725=AXIS2_PLACEMENT_3D('',#15722,#15723,#15724);
#15726=PLANE('',#15725);
#15727=POLY_LOOP('',(#964,#333,#332));
#15728=FACE_OUTER_BOUND('',#15727,.T.);
#15729=FACE_SURFACE('',(#15728),#15726,.T.);
#15730=CARTESIAN_POINT('',(165.064209,3.542106,1.6));
#15731=DIRECTION('',(-0.85775,-0.514067,0.));
#15732=DIRECTION('',(-0.036169,0.06035,-0.997522));
#15733=AXIS2_PLACEMENT_3D('',#15730,#15731,#15732);
#15734=PLANE('',#15733);
#15735=POLY_LOOP('',(#967,#332,#331));
#15736=FACE_OUTER_BOUND('',#15735,.T.);
#15737=FACE_SURFACE('',(#15736),#15734,.T.);
#15738=CARTESIAN_POINT('',(164.938965,3.729552,1.6));
#15739=DIRECTION('',(-0.740946,-0.671565,0.));
#15740=DIRECTION('',(-0.047252,0.052133,-0.997522));
#15741=AXIS2_PLACEMENT_3D('',#15738,#15739,#15740);
#15742=PLANE('',#15741);
#15743=POLY_LOOP('',(#966,#396,#333));
#15744=FACE_OUTER_BOUND('',#15743,.T.);
#15745=FACE_SURFACE('',(#15744),#15742,.T.);
#15746=CARTESIAN_POINT('',(164.688904,3.95619,1.6));
#15747=DIRECTION('',(-0.514092,-0.857735,0.));
#15748=DIRECTION('',(-0.060351,0.036172,-0.997522));
#15749=AXIS2_PLACEMENT_3D('',#15746,#15747,#15748);
#15750=PLANE('',#15749);
#15751=POLY_LOOP('',(#957,#400,#397));
#15752=FACE_OUTER_BOUND('',#15751,.T.);
#15753=FACE_SURFACE('',(#15752),#15750,.T.);
#15754=CARTESIAN_POINT('',(164.592102,4.014209,1.6));
#15755=DIRECTION('',(-0.427556,-0.903989,0.));
#15756=DIRECTION('',(-0.063605,0.030083,-0.997522));
#15757=AXIS2_PLACEMENT_3D('',#15754,#15755,#15756);
#15758=PLANE('',#15757);
#15759=POLY_LOOP('',(#956,#395,#400));
#15760=FACE_OUTER_BOUND('',#15759,.T.);
#15761=FACE_SURFACE('',(#15760),#15758,.T.);
#15762=CARTESIAN_POINT('',(164.779556,3.888962,1.6));
#15763=DIRECTION('',(-0.595674,-0.803226,0.));
#15764=DIRECTION('',(-0.056517,0.041913,-0.997521));
#15765=AXIS2_PLACEMENT_3D('',#15762,#15763,#15764);
#15766=PLANE('',#15765);
#15767=POLY_LOOP('',(#961,#397,#398));
#15768=FACE_OUTER_BOUND('',#15767,.T.);
#15769=FACE_SURFACE('',(#15768),#15766,.T.);
#15770=CARTESIAN_POINT('',(163.035797,3.542106,1.6));
#15771=DIRECTION('',(0.85775,-0.514067,0.));
#15772=DIRECTION('',(0.,0.,-1.));
#15773=AXIS2_PLACEMENT_3D('',#15770,#15771,#15772);
#15774=PLANE('',#15773);
#15775=POLY_LOOP('',(#918,#365,#919));
#15776=FACE_OUTER_BOUND('',#15775,.T.);
#15777=FACE_SURFACE('',(#15776),#15774,.T.);
#15778=CARTESIAN_POINT('',(163.093811,3.638906,1.6));
#15779=DIRECTION('',(0.803198,-0.595712,0.));
#15780=DIRECTION('',(0.,0.,-1.));
#15781=AXIS2_PLACEMENT_3D('',#15778,#15779,#15780);
#15782=PLANE('',#15781);
#15783=POLY_LOOP('',(#919,#367,#921));
#15784=FACE_OUTER_BOUND('',#15783,.T.);
#15785=FACE_SURFACE('',(#15784),#15782,.T.);
#15786=CARTESIAN_POINT('',(163.161041,3.729552,1.6));
#15787=DIRECTION('',(0.740946,-0.671565,0.));
#15788=DIRECTION('',(0.,0.,-1.));
#15789=AXIS2_PLACEMENT_3D('',#15786,#15787,#15788);
#15790=PLANE('',#15789);
#15791=POLY_LOOP('',(#921,#369,#923));
#15792=FACE_OUTER_BOUND('',#15791,.T.);
#15793=FACE_SURFACE('',(#15792),#15790,.T.);
#15794=CARTESIAN_POINT('',(163.236832,3.813173,1.6));
#15795=DIRECTION('',(0.671569,-0.740942,0.));
#15796=DIRECTION('',(0.,0.,-1.));
#15797=AXIS2_PLACEMENT_3D('',#15794,#15795,#15796);
#15798=PLANE('',#15797);
#15799=POLY_LOOP('',(#923,#371,#925));
#15800=FACE_OUTER_BOUND('',#15799,.T.);
#15801=FACE_SURFACE('',(#15800),#15798,.T.);
#15802=CARTESIAN_POINT('',(163.32045,3.888962,1.6));
#15803=DIRECTION('',(0.595739,-0.803178,0.));
#15804=DIRECTION('',(0.,0.,-1.));
#15805=AXIS2_PLACEMENT_3D('',#15802,#15803,#15804);
#15806=PLANE('',#15805);
#15807=POLY_LOOP('',(#925,#373,#927));
#15808=FACE_OUTER_BOUND('',#15807,.T.);
#15809=FACE_SURFACE('',(#15808),#15806,.T.);
#15810=CARTESIAN_POINT('',(163.411087,3.95619,1.6));
#15811=DIRECTION('',(0.514092,-0.857735,0.));
#15812=DIRECTION('',(0.,0.,-1.));
#15813=AXIS2_PLACEMENT_3D('',#15810,#15811,#15812);
#15814=PLANE('',#15813);
#15815=POLY_LOOP('',(#927,#375,#929));
#15816=FACE_OUTER_BOUND('',#15815,.T.);
#15817=FACE_SURFACE('',(#15816),#15814,.T.);
#15818=CARTESIAN_POINT('',(163.507889,4.014209,1.6));
#15819=DIRECTION('',(0.427556,-0.903989,0.));
#15820=DIRECTION('',(0.,0.,-1.));
#15821=AXIS2_PLACEMENT_3D('',#15818,#15819,#15820);
#15822=PLANE('',#15821);
#15823=POLY_LOOP('',(#929,#377,#931));
#15824=FACE_OUTER_BOUND('',#15823,.T.);
#15825=FACE_SURFACE('',(#15824),#15822,.T.);
#15826=CARTESIAN_POINT('',(163.609909,4.062461,1.6));
#15827=DIRECTION('',(0.336881,-0.941547,0.));
#15828=DIRECTION('',(0.,0.,-1.));
#15829=AXIS2_PLACEMENT_3D('',#15826,#15827,#15828);
#15830=PLANE('',#15829);
#15831=POLY_LOOP('',(#931,#379,#933));
#15832=FACE_OUTER_BOUND('',#15831,.T.);
#15833=FACE_SURFACE('',(#15832),#15830,.T.);
#15834=CARTESIAN_POINT('',(163.716171,4.100482,1.6));
#15835=DIRECTION('',(0.242961,-0.970036,0.));
#15836=DIRECTION('',(0.,0.,-1.));
#15837=AXIS2_PLACEMENT_3D('',#15834,#15835,#15836);
#15838=PLANE('',#15837);
#15839=POLY_LOOP('',(#933,#381,#935));
#15840=FACE_OUTER_BOUND('',#15839,.T.);
#15841=FACE_SURFACE('',(#15840),#15838,.T.);
#15842=CARTESIAN_POINT('',(163.825653,4.127903,1.6));
#15843=DIRECTION('',(0.146734,-0.989176,0.));
#15844=DIRECTION('',(0.,0.,-1.));
#15845=AXIS2_PLACEMENT_3D('',#15842,#15843,#15844);
#15846=PLANE('',#15845);
#15847=POLY_LOOP('',(#935,#383,#937));
#15848=FACE_OUTER_BOUND('',#15847,.T.);
#15849=FACE_SURFACE('',(#15848),#15846,.T.);
#15850=CARTESIAN_POINT('',(163.937286,4.144463,1.6));
#15851=DIRECTION('',(0.049069,-0.998795,0.));
#15852=DIRECTION('',(0.,0.,-1.));
#15853=AXIS2_PLACEMENT_3D('',#15850,#15851,#15852);
#15854=PLANE('',#15853);
#15855=POLY_LOOP('',(#937,#385,#939));
#15856=FACE_OUTER_BOUND('',#15855,.T.);
#15857=FACE_SURFACE('',(#15856),#15854,.T.);
#15858=CARTESIAN_POINT('',(164.16272,4.144463,1.6));
#15859=DIRECTION('',(-0.049069,-0.998795,0.));
#15860=DIRECTION('',(-0.998795,0.049069,0.));
#15861=AXIS2_PLACEMENT_3D('',#15858,#15859,#15860);
#15862=PLANE('',#15861);
#15863=POLY_LOOP('',(#941,#939,#387));
#15864=FACE_OUTER_BOUND('',#15863,.T.);
#15865=FACE_SURFACE('',(#15864),#15862,.T.);
#15866=CARTESIAN_POINT('',(164.490082,4.062461,1.6));
#15867=DIRECTION('',(-0.336924,-0.941532,0.));
#15868=DIRECTION('',(-0.941532,0.336924,0.));
#15869=AXIS2_PLACEMENT_3D('',#15866,#15867,#15868);
#15870=PLANE('',#15869);
#15871=POLY_LOOP('',(#947,#945,#393));
#15872=FACE_OUTER_BOUND('',#15871,.T.);
#15873=FACE_SURFACE('',(#15872),#15870,.T.);
#15874=CARTESIAN_POINT('',(164.16272,4.144463,1.6));
#15875=DIRECTION('',(-0.146734,-0.989176,0.));
#15876=DIRECTION('',(0.,0.,-1.));
#15877=AXIS2_PLACEMENT_3D('',#15874,#15875,#15876);
#15878=PLANE('',#15877);
#15879=POLY_LOOP('',(#941,#389,#943));
#15880=FACE_OUTER_BOUND('',#15879,.T.);
#15881=FACE_SURFACE('',(#15880),#15878,.T.);
#15882=CARTESIAN_POINT('',(164.274353,4.127903,1.6));
#15883=DIRECTION('',(-0.242961,-0.970036,0.));
#15884=DIRECTION('',(0.,0.,-1.));
#15885=AXIS2_PLACEMENT_3D('',#15882,#15883,#15884);
#15886=PLANE('',#15885);
#15887=POLY_LOOP('',(#943,#391,#945));
#15888=FACE_OUTER_BOUND('',#15887,.T.);
#15889=FACE_SURFACE('',(#15888),#15886,.T.);
#15890=CARTESIAN_POINT('',(164.863174,3.813173,1.6));
#15891=DIRECTION('',(-0.671569,-0.740942,0.));
#15892=DIRECTION('',(-0.740942,0.671569,0.));
#15893=AXIS2_PLACEMENT_3D('',#15890,#15891,#15892);
#15894=PLANE('',#15893);
#15895=POLY_LOOP('',(#959,#961,#398));
#15896=FACE_OUTER_BOUND('',#15895,.T.);
#15897=FACE_SURFACE('',(#15896),#15894,.T.);
#15898=CARTESIAN_POINT('',(165.006195,3.638906,1.6));
#15899=DIRECTION('',(-0.85775,-0.514067,0.));
#15900=DIRECTION('',(0.,0.,-1.));
#15901=AXIS2_PLACEMENT_3D('',#15898,#15899,#15900);
#15902=PLANE('',#15901);
#15903=POLY_LOOP('',(#964,#332,#967));
#15904=FACE_OUTER_BOUND('',#15903,.T.);
#15905=FACE_SURFACE('',(#15904),#15902,.T.);
#15906=CARTESIAN_POINT('',(165.112457,3.440086,1.6));
#15907=DIRECTION('',(-0.904002,-0.427528,0.));
#15908=DIRECTION('',(-0.427528,0.904002,0.));
#15909=AXIS2_PLACEMENT_3D('',#15906,#15907,#15908);
#15910=PLANE('',#15909);
#15911=POLY_LOOP('',(#953,#967,#331));
#15912=FACE_OUTER_BOUND('',#15911,.T.);
#15913=FACE_SURFACE('',(#15912),#15910,.T.);
#15914=CARTESIAN_POINT('',(165.006195,3.638906,1.6));
#15915=DIRECTION('',(-0.803198,-0.595712,0.));
#15916=DIRECTION('',(-0.595712,0.803198,0.));
#15917=AXIS2_PLACEMENT_3D('',#15914,#15915,#15916);
#15918=PLANE('',#15917);
#15919=POLY_LOOP('',(#964,#966,#333));
#15920=FACE_OUTER_BOUND('',#15919,.T.);
#15921=FACE_SURFACE('',(#15920),#15918,.T.);
#15922=CARTESIAN_POINT('',(164.938965,3.729552,1.6));
#15923=DIRECTION('',(-0.740946,-0.671565,0.));
#15924=DIRECTION('',(-0.671565,0.740946,0.));
#15925=AXIS2_PLACEMENT_3D('',#15922,#15923,#15924);
#15926=PLANE('',#15925);
#15927=POLY_LOOP('',(#966,#959,#396));
#15928=FACE_OUTER_BOUND('',#15927,.T.);
#15929=FACE_SURFACE('',(#15928),#15926,.T.);
#15930=CARTESIAN_POINT('',(164.592102,4.014209,1.6));
#15931=DIRECTION('',(-0.514092,-0.857735,0.));
#15932=DIRECTION('',(0.,0.,-1.));
#15933=AXIS2_PLACEMENT_3D('',#15930,#15931,#15932);
#15934=PLANE('',#15933);
#15935=POLY_LOOP('',(#956,#400,#957));
#15936=FACE_OUTER_BOUND('',#15935,.T.);
#15937=FACE_SURFACE('',(#15936),#15934,.T.);
#15938=CARTESIAN_POINT('',(164.592102,4.014209,1.6));
#15939=DIRECTION('',(-0.427556,-0.903989,0.));
#15940=DIRECTION('',(-0.903989,0.427556,0.));
#15941=AXIS2_PLACEMENT_3D('',#15938,#15939,#15940);
#15942=PLANE('',#15941);
#15943=POLY_LOOP('',(#956,#947,#395));
#15944=FACE_OUTER_BOUND('',#15943,.T.);
#15945=FACE_SURFACE('',(#15944),#15942,.T.);
#15946=CARTESIAN_POINT('',(164.779556,3.888962,1.6));
#15947=DIRECTION('',(-0.595674,-0.803226,0.));
#15948=DIRECTION('',(-0.803226,0.595674,0.));
#15949=AXIS2_PLACEMENT_3D('',#15946,#15947,#15948);
#15950=PLANE('',#15949);
#15951=POLY_LOOP('',(#961,#957,#397));
#15952=FACE_OUTER_BOUND('',#15951,.T.);
#15953=FACE_SURFACE('',(#15952),#15950,.T.);
#15954=CARTESIAN_POINT('',(163.507889,26.368769,1.6));
#15955=DIRECTION('',(0.427556,0.903989,0.));
#15956=DIRECTION('',(0.063605,-0.030083,-0.997522));
#15957=AXIS2_PLACEMENT_3D('',#15954,#15955,#15956);
#15958=PLANE('',#15957);
#15959=POLY_LOOP('',(#932,#378,#376));
#15960=FACE_OUTER_BOUND('',#15959,.T.);
#15961=FACE_SURFACE('',(#15960),#15958,.T.);
#15962=CARTESIAN_POINT('',(163.609909,26.320517,1.6));
#15963=DIRECTION('',(0.336874,0.94155,0.));
#15964=DIRECTION('',(0.066249,-0.023703,-0.997522));
#15965=AXIS2_PLACEMENT_3D('',#15962,#15963,#15964);
#15966=PLANE('',#15965);
#15967=POLY_LOOP('',(#934,#380,#378));
#15968=FACE_OUTER_BOUND('',#15967,.T.);
#15969=FACE_SURFACE('',(#15968),#15966,.T.);
#15970=CARTESIAN_POINT('',(163.716171,26.282497,1.6));
#15971=DIRECTION('',(0.242965,0.970035,0.));
#15972=DIRECTION('',(0.068257,-0.017096,-0.997521));
#15973=AXIS2_PLACEMENT_3D('',#15970,#15971,#15972);
#15974=PLANE('',#15973);
#15975=POLY_LOOP('',(#936,#382,#380));
#15976=FACE_OUTER_BOUND('',#15975,.T.);
#15977=FACE_SURFACE('',(#15976),#15974,.T.);
#15978=CARTESIAN_POINT('',(163.825653,26.255075,1.6));
#15979=DIRECTION('',(0.146734,0.989176,0.));
#15980=DIRECTION('',(0.069598,-0.010324,-0.997522));
#15981=AXIS2_PLACEMENT_3D('',#15978,#15979,#15980);
#15982=PLANE('',#15981);
#15983=POLY_LOOP('',(#938,#384,#382));
#15984=FACE_OUTER_BOUND('',#15983,.T.);
#15985=FACE_SURFACE('',(#15984),#15982,.T.);
#15986=CARTESIAN_POINT('',(163.937286,26.238516,1.6));
#15987=DIRECTION('',(0.049064,0.998796,0.));
#15988=DIRECTION('',(0.070273,-0.003452,-0.997522));
#15989=AXIS2_PLACEMENT_3D('',#15986,#15987,#15988);
#15990=PLANE('',#15989);
#15991=POLY_LOOP('',(#940,#386,#384));
#15992=FACE_OUTER_BOUND('',#15991,.T.);
#15993=FACE_SURFACE('',(#15992),#15990,.T.);
#15994=CARTESIAN_POINT('',(164.050003,26.232979,1.6));
#15995=DIRECTION('',(-0.049064,0.998796,0.));
#15996=DIRECTION('',(0.070273,0.003452,-0.997522));
#15997=AXIS2_PLACEMENT_3D('',#15994,#15995,#15996);
#15998=PLANE('',#15997);
#15999=POLY_LOOP('',(#942,#388,#386));
#16000=FACE_OUTER_BOUND('',#15999,.T.);
#16001=FACE_SURFACE('',(#16000),#15998,.T.);
#16002=CARTESIAN_POINT('',(164.16272,26.238516,1.6));
#16003=DIRECTION('',(-0.146734,0.989176,0.));
#16004=DIRECTION('',(0.069598,0.010324,-0.997522));
#16005=AXIS2_PLACEMENT_3D('',#16002,#16003,#16004);
#16006=PLANE('',#16005);
#16007=POLY_LOOP('',(#944,#390,#388));
#16008=FACE_OUTER_BOUND('',#16007,.T.);
#16009=FACE_SURFACE('',(#16008),#16006,.T.);
#16010=CARTESIAN_POINT('',(164.274353,26.255075,1.6));
#16011=DIRECTION('',(-0.242965,0.970035,0.));
#16012=DIRECTION('',(0.068257,0.017096,-0.997521));
#16013=AXIS2_PLACEMENT_3D('',#16010,#16011,#16012);
#16014=PLANE('',#16013);
#16015=POLY_LOOP('',(#946,#392,#390));
#16016=FACE_OUTER_BOUND('',#16015,.T.);
#16017=FACE_SURFACE('',(#16016),#16014,.T.);
#16018=CARTESIAN_POINT('',(164.383835,26.282497,1.6));
#16019=DIRECTION('',(-0.336917,0.941534,0.));
#16020=DIRECTION('',(0.06624,0.023703,-0.997522));
#16021=AXIS2_PLACEMENT_3D('',#16018,#16019,#16020);
#16022=PLANE('',#16021);
#16023=POLY_LOOP('',(#948,#394,#392));
#16024=FACE_OUTER_BOUND('',#16023,.T.);
#16025=FACE_SURFACE('',(#16024),#16022,.T.);
#16026=CARTESIAN_POINT('',(164.490082,26.320517,1.6));
#16027=DIRECTION('',(-0.427556,0.903989,0.));
#16028=DIRECTION('',(0.063605,0.030083,-0.997522));
#16029=AXIS2_PLACEMENT_3D('',#16026,#16027,#16028);
#16030=PLANE('',#16029);
#16031=POLY_LOOP('',(#963,#399,#394));
#16032=FACE_OUTER_BOUND('',#16031,.T.);
#16033=FACE_SURFACE('',(#16032),#16030,.T.);
#16034=CARTESIAN_POINT('',(163.093811,26.744074,1.6));
#16035=DIRECTION('',(0.803199,0.595711,0.));
#16036=DIRECTION('',(0.041915,-0.056514,-0.997522));
#16037=AXIS2_PLACEMENT_3D('',#16034,#16035,#16036);
#16038=PLANE('',#16037);
#16039=POLY_LOOP('',(#922,#368,#366));
#16040=FACE_OUTER_BOUND('',#16039,.T.);
#16041=FACE_SURFACE('',(#16040),#16038,.T.);
#16042=CARTESIAN_POINT('',(163.035797,26.840872,1.6));
#16043=DIRECTION('',(0.857746,0.514073,0.));
#16044=DIRECTION('',(0.036169,-0.060349,-0.997522));
#16045=AXIS2_PLACEMENT_3D('',#16042,#16043,#16044);
#16046=PLANE('',#16045);
#16047=POLY_LOOP('',(#920,#366,#364));
#16048=FACE_OUTER_BOUND('',#16047,.T.);
#16049=FACE_SURFACE('',(#16048),#16046,.T.);
#16050=CARTESIAN_POINT('',(162.987534,26.942892,1.6));
#16051=DIRECTION('',(0.90395,0.427639,0.));
#16052=DIRECTION('',(0.03009,-0.063605,-0.997521));
#16053=AXIS2_PLACEMENT_3D('',#16050,#16051,#16052);
#16054=PLANE('',#16053);
#16055=POLY_LOOP('',(#881,#364,#362));
#16056=FACE_OUTER_BOUND('',#16055,.T.);
#16057=FACE_SURFACE('',(#16056),#16054,.T.);
#16058=CARTESIAN_POINT('',(162.949524,27.04915,1.6));
#16059=DIRECTION('',(0.941573,0.33681,0.));
#16060=DIRECTION('',(0.023697,-0.066247,-0.997522));
#16061=AXIS2_PLACEMENT_3D('',#16058,#16059,#16060);
#16062=PLANE('',#16061);
#16063=POLY_LOOP('',(#882,#362,#360));
#16064=FACE_OUTER_BOUND('',#16063,.T.);
#16065=FACE_SURFACE('',(#16064),#16062,.T.);
#16066=CARTESIAN_POINT('',(162.922104,27.158625,1.6));
#16067=DIRECTION('',(0.970035,0.242965,0.));
#16068=DIRECTION('',(0.017095,-0.068252,-0.997522));
#16069=AXIS2_PLACEMENT_3D('',#16066,#16067,#16068);
#16070=PLANE('',#16069);
#16071=POLY_LOOP('',(#883,#360,#358));
#16072=FACE_OUTER_BOUND('',#16071,.T.);
#16073=FACE_SURFACE('',(#16072),#16070,.T.);
#16074=CARTESIAN_POINT('',(163.236832,26.569805,1.6));
#16075=DIRECTION('',(0.671566,0.740945,0.));
#16076=DIRECTION('',(0.052132,-0.04725,-0.997522));
#16077=AXIS2_PLACEMENT_3D('',#16074,#16075,#16076);
#16078=PLANE('',#16077);
#16079=POLY_LOOP('',(#926,#372,#370));
#16080=FACE_OUTER_BOUND('',#16079,.T.);
#16081=FACE_SURFACE('',(#16080),#16078,.T.);
#16082=CARTESIAN_POINT('',(163.411087,26.426788,1.6));
#16083=DIRECTION('',(0.514096,0.857733,0.));
#16084=DIRECTION('',(0.060351,-0.036172,-0.997522));
#16085=AXIS2_PLACEMENT_3D('',#16082,#16083,#16084);
#16086=PLANE('',#16085);
#16087=POLY_LOOP('',(#930,#376,#374));
#16088=FACE_OUTER_BOUND('',#16087,.T.);
#16089=FACE_SURFACE('',(#16088),#16086,.T.);
#16090=CARTESIAN_POINT('',(163.32045,26.494017,1.6));
#16091=DIRECTION('',(0.59574,0.803177,0.));
#16092=DIRECTION('',(0.056508,-0.041914,-0.997522));
#16093=AXIS2_PLACEMENT_3D('',#16090,#16091,#16092);
#16094=PLANE('',#16093);
#16095=POLY_LOOP('',(#928,#374,#372));
#16096=FACE_OUTER_BOUND('',#16095,.T.);
#16097=FACE_SURFACE('',(#16096),#16094,.T.);
#16098=CARTESIAN_POINT('',(163.161041,26.653427,1.6));
#16099=DIRECTION('',(0.740952,0.671558,0.));
#16100=DIRECTION('',(0.047252,-0.052134,-0.997522));
#16101=AXIS2_PLACEMENT_3D('',#16098,#16099,#16100);
#16102=PLANE('',#16101);
#16103=POLY_LOOP('',(#924,#370,#368));
#16104=FACE_OUTER_BOUND('',#16103,.T.);
#16105=FACE_SURFACE('',(#16104),#16102,.T.);
#16106=CARTESIAN_POINT('',(162.905533,27.27026,1.6));
#16107=DIRECTION('',(0.989162,0.14683,0.));
#16108=DIRECTION('',(0.010331,-0.069599,-0.997522));
#16109=AXIS2_PLACEMENT_3D('',#16106,#16107,#16108);
#16110=PLANE('',#16109);
#16111=POLY_LOOP('',(#884,#358,#356));
#16112=FACE_OUTER_BOUND('',#16111,.T.);
#16113=FACE_SURFACE('',(#16112),#16110,.T.);
#16114=CARTESIAN_POINT('',(162.899994,27.382978,1.6));
#16115=DIRECTION('',(0.998795,0.04908,0.));
#16116=DIRECTION('',(0.003453,-0.070275,-0.997522));
#16117=AXIS2_PLACEMENT_3D('',#16114,#16115,#16116);
#16118=PLANE('',#16117);
#16119=POLY_LOOP('',(#885,#356,#402));
#16120=FACE_OUTER_BOUND('',#16119,.T.);
#16121=FACE_SURFACE('',(#16120),#16118,.T.);
#16122=CARTESIAN_POINT('',(162.905533,27.495699,1.6));
#16123=DIRECTION('',(0.998795,-0.04908,0.));
#16124=DIRECTION('',(-0.003453,-0.070276,-0.997522));
#16125=AXIS2_PLACEMENT_3D('',#16122,#16123,#16124);
#16126=PLANE('',#16125);
#16127=POLY_LOOP('',(#973,#402,#443));
#16128=FACE_OUTER_BOUND('',#16127,.T.);
#16129=FACE_SURFACE('',(#16128),#16126,.T.);
#16130=CARTESIAN_POINT('',(162.922104,27.607332,1.6));
#16131=DIRECTION('',(0.989161,-0.146833,0.));
#16132=DIRECTION('',(-0.010331,-0.069598,-0.997522));
#16133=AXIS2_PLACEMENT_3D('',#16130,#16131,#16132);
#16134=PLANE('',#16133);
#16135=POLY_LOOP('',(#974,#443,#444));
#16136=FACE_OUTER_BOUND('',#16135,.T.);
#16137=FACE_SURFACE('',(#16136),#16134,.T.);
#16138=CARTESIAN_POINT('',(162.949524,27.716806,1.6));
#16139=DIRECTION('',(0.970035,-0.242965,0.));
#16140=DIRECTION('',(-0.017095,-0.068252,-0.997522));
#16141=AXIS2_PLACEMENT_3D('',#16138,#16139,#16140);
#16142=PLANE('',#16141);
#16143=POLY_LOOP('',(#975,#444,#445));
#16144=FACE_OUTER_BOUND('',#16143,.T.);
#16145=FACE_SURFACE('',(#16144),#16142,.T.);
#16146=CARTESIAN_POINT('',(162.987534,27.823065,1.6));
#16147=DIRECTION('',(0.941573,-0.33681,0.));
#16148=DIRECTION('',(-0.023697,-0.066247,-0.997522));
#16149=AXIS2_PLACEMENT_3D('',#16146,#16147,#16148);
#16150=PLANE('',#16149);
#16151=POLY_LOOP('',(#976,#445,#446));
#16152=FACE_OUTER_BOUND('',#16151,.T.);
#16153=FACE_SURFACE('',(#16152),#16150,.T.);
#16154=CARTESIAN_POINT('',(163.035797,27.925085,1.6));
#16155=DIRECTION('',(0.90395,-0.427639,0.));
#16156=DIRECTION('',(-0.03009,-0.063605,-0.997521));
#16157=AXIS2_PLACEMENT_3D('',#16154,#16155,#16156);
#16158=PLANE('',#16157);
#16159=POLY_LOOP('',(#977,#446,#447));
#16160=FACE_OUTER_BOUND('',#16159,.T.);
#16161=FACE_SURFACE('',(#16160),#16158,.T.);
#16162=CARTESIAN_POINT('',(163.093811,28.021885,1.6));
#16163=DIRECTION('',(0.857751,-0.514066,0.));
#16164=DIRECTION('',(-0.036169,-0.06035,-0.997522));
#16165=AXIS2_PLACEMENT_3D('',#16162,#16163,#16164);
#16166=PLANE('',#16165);
#16167=POLY_LOOP('',(#978,#447,#448));
#16168=FACE_OUTER_BOUND('',#16167,.T.);
#16169=FACE_SURFACE('',(#16168),#16166,.T.);
#16170=CARTESIAN_POINT('',(163.161041,28.112532,1.6));
#16171=DIRECTION('',(0.803199,-0.595711,0.));
#16172=DIRECTION('',(-0.041915,-0.056514,-0.997522));
#16173=AXIS2_PLACEMENT_3D('',#16170,#16171,#16172);
#16174=PLANE('',#16173);
#16175=POLY_LOOP('',(#982,#448,#449));
#16176=FACE_OUTER_BOUND('',#16175,.T.);
#16177=FACE_SURFACE('',(#16176),#16174,.T.);
#16178=CARTESIAN_POINT('',(163.236832,28.196152,1.6));
#16179=DIRECTION('',(0.740944,-0.671567,0.));
#16180=DIRECTION('',(-0.047252,-0.052133,-0.997522));
#16181=AXIS2_PLACEMENT_3D('',#16178,#16179,#16180);
#16182=PLANE('',#16181);
#16183=POLY_LOOP('',(#983,#449,#450));
#16184=FACE_OUTER_BOUND('',#16183,.T.);
#16185=FACE_SURFACE('',(#16184),#16182,.T.);
#16186=CARTESIAN_POINT('',(163.32045,28.27194,1.6));
#16187=DIRECTION('',(0.671566,-0.740945,0.));
#16188=DIRECTION('',(-0.052132,-0.04725,-0.997522));
#16189=AXIS2_PLACEMENT_3D('',#16186,#16187,#16188);
#16190=PLANE('',#16189);
#16191=POLY_LOOP('',(#984,#450,#451));
#16192=FACE_OUTER_BOUND('',#16191,.T.);
#16193=FACE_SURFACE('',(#16192),#16190,.T.);
#16194=CARTESIAN_POINT('',(163.411087,28.339169,1.6));
#16195=DIRECTION('',(0.59574,-0.803177,0.));
#16196=DIRECTION('',(-0.056508,-0.041914,-0.997522));
#16197=AXIS2_PLACEMENT_3D('',#16194,#16195,#16196);
#16198=PLANE('',#16197);
#16199=POLY_LOOP('',(#985,#451,#423));
#16200=FACE_OUTER_BOUND('',#16199,.T.);
#16201=FACE_SURFACE('',(#16200),#16198,.T.);
#16202=CARTESIAN_POINT('',(163.507889,28.397188,1.6));
#16203=DIRECTION('',(0.514096,-0.857733,0.));
#16204=DIRECTION('',(-0.060351,-0.036172,-0.997522));
#16205=AXIS2_PLACEMENT_3D('',#16202,#16203,#16204);
#16206=PLANE('',#16205);
#16207=POLY_LOOP('',(#986,#423,#422));
#16208=FACE_OUTER_BOUND('',#16207,.T.);
#16209=FACE_SURFACE('',(#16208),#16206,.T.);
#16210=CARTESIAN_POINT('',(163.609909,28.44544,1.6));
#16211=DIRECTION('',(0.427556,-0.903989,0.));
#16212=DIRECTION('',(-0.063605,-0.030083,-0.997522));
#16213=AXIS2_PLACEMENT_3D('',#16210,#16211,#16212);
#16214=PLANE('',#16213);
#16215=POLY_LOOP('',(#987,#422,#424));
#16216=FACE_OUTER_BOUND('',#16215,.T.);
#16217=FACE_SURFACE('',(#16216),#16214,.T.);
#16218=CARTESIAN_POINT('',(163.716171,28.483459,1.6));
#16219=DIRECTION('',(0.336874,-0.94155,0.));
#16220=DIRECTION('',(-0.066249,-0.023703,-0.997522));
#16221=AXIS2_PLACEMENT_3D('',#16218,#16219,#16220);
#16222=PLANE('',#16221);
#16223=POLY_LOOP('',(#988,#424,#425));
#16224=FACE_OUTER_BOUND('',#16223,.T.);
#16225=FACE_SURFACE('',(#16224),#16222,.T.);
#16226=CARTESIAN_POINT('',(163.825653,28.510881,1.6));
#16227=DIRECTION('',(0.242965,-0.970035,0.));
#16228=DIRECTION('',(-0.068257,-0.017096,-0.997521));
#16229=AXIS2_PLACEMENT_3D('',#16226,#16227,#16228);
#16230=PLANE('',#16229);
#16231=POLY_LOOP('',(#989,#425,#426));
#16232=FACE_OUTER_BOUND('',#16231,.T.);
#16233=FACE_SURFACE('',(#16232),#16230,.T.);
#16234=CARTESIAN_POINT('',(164.592102,26.368769,1.6));
#16235=DIRECTION('',(-0.514096,0.857733,0.));
#16236=DIRECTION('',(0.060351,0.036172,-0.997522));
#16237=AXIS2_PLACEMENT_3D('',#16234,#16235,#16236);
#16238=PLANE('',#16237);
#16239=POLY_LOOP('',(#958,#401,#399));
#16240=FACE_OUTER_BOUND('',#16239,.T.);
#16241=FACE_SURFACE('',(#16240),#16238,.T.);
#16242=CARTESIAN_POINT('',(164.688904,26.426788,1.6));
#16243=DIRECTION('',(-0.595676,0.803225,0.));
#16244=DIRECTION('',(0.056517,0.041914,-0.997521));
#16245=AXIS2_PLACEMENT_3D('',#16242,#16243,#16244);
#16246=PLANE('',#16245);
#16247=POLY_LOOP('',(#962,#335,#401));
#16248=FACE_OUTER_BOUND('',#16247,.T.);
#16249=FACE_SURFACE('',(#16248),#16246,.T.);
#16250=CARTESIAN_POINT('',(164.779556,26.494017,1.6));
#16251=DIRECTION('',(-0.671566,0.740945,0.));
#16252=DIRECTION('',(0.052132,0.04725,-0.997522));
#16253=AXIS2_PLACEMENT_3D('',#16250,#16251,#16252);
#16254=PLANE('',#16253);
#16255=POLY_LOOP('',(#960,#403,#335));
#16256=FACE_OUTER_BOUND('',#16255,.T.);
#16257=FACE_SURFACE('',(#16256),#16254,.T.);
#16258=CARTESIAN_POINT('',(164.863174,26.569805,1.6));
#16259=DIRECTION('',(-0.740952,0.671558,0.));
#16260=DIRECTION('',(0.047252,0.052134,-0.997522));
#16261=AXIS2_PLACEMENT_3D('',#16258,#16259,#16260);
#16262=PLANE('',#16261);
#16263=POLY_LOOP('',(#969,#404,#403));
#16264=FACE_OUTER_BOUND('',#16263,.T.);
#16265=FACE_SURFACE('',(#16264),#16262,.T.);
#16266=CARTESIAN_POINT('',(164.938965,26.653427,1.6));
#16267=DIRECTION('',(-0.803199,0.595711,0.));
#16268=DIRECTION('',(0.041915,0.056514,-0.997522));
#16269=AXIS2_PLACEMENT_3D('',#16266,#16267,#16268);
#16270=PLANE('',#16269);
#16271=POLY_LOOP('',(#965,#405,#404));
#16272=FACE_OUTER_BOUND('',#16271,.T.);
#16273=FACE_SURFACE('',(#16272),#16270,.T.);
#16274=CARTESIAN_POINT('',(165.006195,26.744074,1.6));
#16275=DIRECTION('',(-0.857746,0.514073,0.));
#16276=DIRECTION('',(0.036169,0.060349,-0.997522));
#16277=AXIS2_PLACEMENT_3D('',#16274,#16275,#16276);
#16278=PLANE('',#16277);
#16279=POLY_LOOP('',(#968,#406,#405));
#16280=FACE_OUTER_BOUND('',#16279,.T.);
#16281=FACE_SURFACE('',(#16280),#16278,.T.);
#16282=CARTESIAN_POINT('',(165.064209,26.840872,1.6));
#16283=DIRECTION('',(-0.904002,0.427528,0.));
#16284=DIRECTION('',(0.03008,0.063605,-0.997522));
#16285=AXIS2_PLACEMENT_3D('',#16282,#16283,#16284);
#16286=PLANE('',#16285);
#16287=POLY_LOOP('',(#970,#407,#406));
#16288=FACE_OUTER_BOUND('',#16287,.T.);
#16289=FACE_SURFACE('',(#16288),#16286,.T.);
#16290=CARTESIAN_POINT('',(165.112457,26.942892,1.6));
#16291=DIRECTION('',(-0.94153,0.336929,0.));
#16292=DIRECTION('',(0.023707,0.066247,-0.997522));
#16293=AXIS2_PLACEMENT_3D('',#16290,#16291,#16292);
#16294=PLANE('',#16293);
#16295=POLY_LOOP('',(#952,#408,#407));
#16296=FACE_OUTER_BOUND('',#16295,.T.);
#16297=FACE_SURFACE('',(#16296),#16294,.T.);
#16298=CARTESIAN_POINT('',(165.150482,27.04915,1.6));
#16299=DIRECTION('',(-0.970035,0.242965,0.));
#16300=DIRECTION('',(0.017095,0.068252,-0.997522));
#16301=AXIS2_PLACEMENT_3D('',#16298,#16299,#16300);
#16302=PLANE('',#16301);
#16303=POLY_LOOP('',(#950,#409,#408));
#16304=FACE_OUTER_BOUND('',#16303,.T.);
#16305=FACE_SURFACE('',(#16304),#16302,.T.);
#16306=CARTESIAN_POINT('',(165.177902,27.158625,1.6));
#16307=DIRECTION('',(-0.989181,0.146698,0.));
#16308=DIRECTION('',(0.010322,0.069599,-0.997522));
#16309=AXIS2_PLACEMENT_3D('',#16306,#16307,#16308);
#16310=PLANE('',#16309);
#16311=POLY_LOOP('',(#955,#410,#409));
#16312=FACE_OUTER_BOUND('',#16311,.T.);
#16313=FACE_SURFACE('',(#16312),#16310,.T.);
#16314=CARTESIAN_POINT('',(165.194458,27.27026,1.6));
#16315=DIRECTION('',(-0.998795,0.04908,0.));
#16316=DIRECTION('',(0.003453,0.070275,-0.997522));
#16317=AXIS2_PLACEMENT_3D('',#16314,#16315,#16316);
#16318=PLANE('',#16317);
#16319=POLY_LOOP('',(#971,#411,#410));
#16320=FACE_OUTER_BOUND('',#16319,.T.);
#16321=FACE_SURFACE('',(#16320),#16318,.T.);
#16322=CARTESIAN_POINT('',(165.199997,27.382978,1.6));
#16323=DIRECTION('',(-0.998795,-0.04908,0.));
#16324=DIRECTION('',(-0.003453,0.070276,-0.997522));
#16325=AXIS2_PLACEMENT_3D('',#16322,#16323,#16324);
#16326=PLANE('',#16325);
#16327=POLY_LOOP('',(#972,#412,#411));
#16328=FACE_OUTER_BOUND('',#16327,.T.);
#16329=FACE_SURFACE('',(#16328),#16326,.T.);
#16330=CARTESIAN_POINT('',(165.194458,27.495699,1.6));
#16331=DIRECTION('',(-0.989181,-0.146701,0.));
#16332=DIRECTION('',(-0.010322,0.069598,-0.997522));
#16333=AXIS2_PLACEMENT_3D('',#16330,#16331,#16332);
#16334=PLANE('',#16333);
#16335=POLY_LOOP('',(#1002,#414,#412));
#16336=FACE_OUTER_BOUND('',#16335,.T.);
#16337=FACE_SURFACE('',(#16336),#16334,.T.);
#16338=CARTESIAN_POINT('',(165.177902,27.607332,1.6));
#16339=DIRECTION('',(-0.970035,-0.242965,0.));
#16340=DIRECTION('',(-0.017095,0.068252,-0.997522));
#16341=AXIS2_PLACEMENT_3D('',#16338,#16339,#16340);
#16342=PLANE('',#16341);
#16343=POLY_LOOP('',(#1003,#415,#414));
#16344=FACE_OUTER_BOUND('',#16343,.T.);
#16345=FACE_SURFACE('',(#16344),#16342,.T.);
#16346=CARTESIAN_POINT('',(165.150482,27.716806,1.6));
#16347=DIRECTION('',(-0.94153,-0.336929,0.));
#16348=DIRECTION('',(-0.023707,0.066247,-0.997522));
#16349=AXIS2_PLACEMENT_3D('',#16346,#16347,#16348);
#16350=PLANE('',#16349);
#16351=POLY_LOOP('',(#979,#416,#415));
#16352=FACE_OUTER_BOUND('',#16351,.T.);
#16353=FACE_SURFACE('',(#16352),#16350,.T.);
#16354=CARTESIAN_POINT('',(165.112457,27.823065,1.6));
#16355=DIRECTION('',(-0.904002,-0.427528,0.));
#16356=DIRECTION('',(-0.03008,0.063605,-0.997522));
#16357=AXIS2_PLACEMENT_3D('',#16354,#16355,#16356);
#16358=PLANE('',#16357);
#16359=POLY_LOOP('',(#980,#417,#416));
#16360=FACE_OUTER_BOUND('',#16359,.T.);
#16361=FACE_SURFACE('',(#16360),#16358,.T.);
#16362=CARTESIAN_POINT('',(165.064209,27.925085,1.6));
#16363=DIRECTION('',(-0.857751,-0.514066,0.));
#16364=DIRECTION('',(-0.036169,0.06035,-0.997522));
#16365=AXIS2_PLACEMENT_3D('',#16362,#16363,#16364);
#16366=PLANE('',#16365);
#16367=POLY_LOOP('',(#981,#421,#417));
#16368=FACE_OUTER_BOUND('',#16367,.T.);
#16369=FACE_SURFACE('',(#16368),#16366,.T.);
#16370=CARTESIAN_POINT('',(163.937286,28.527441,1.6));
#16371=DIRECTION('',(0.146734,-0.989176,0.));
#16372=DIRECTION('',(-0.069598,-0.010324,-0.997522));
#16373=AXIS2_PLACEMENT_3D('',#16370,#16371,#16372);
#16374=PLANE('',#16373);
#16375=POLY_LOOP('',(#990,#426,#427));
#16376=FACE_OUTER_BOUND('',#16375,.T.);
#16377=FACE_SURFACE('',(#16376),#16374,.T.);
#16378=CARTESIAN_POINT('',(164.050003,28.532978,1.6));
#16379=DIRECTION('',(0.049064,-0.998796,0.));
#16380=DIRECTION('',(-0.070273,-0.003452,-0.997522));
#16381=AXIS2_PLACEMENT_3D('',#16378,#16379,#16380);
#16382=PLANE('',#16381);
#16383=POLY_LOOP('',(#991,#427,#428));
#16384=FACE_OUTER_BOUND('',#16383,.T.);
#16385=FACE_SURFACE('',(#16384),#16382,.T.);
#16386=CARTESIAN_POINT('',(164.16272,28.527441,1.6));
#16387=DIRECTION('',(-0.049064,-0.998796,0.));
#16388=DIRECTION('',(-0.070273,0.003452,-0.997522));
#16389=AXIS2_PLACEMENT_3D('',#16386,#16387,#16388);
#16390=PLANE('',#16389);
#16391=POLY_LOOP('',(#992,#428,#429));
#16392=FACE_OUTER_BOUND('',#16391,.T.);
#16393=FACE_SURFACE('',(#16392),#16390,.T.);
#16394=CARTESIAN_POINT('',(164.383835,28.483459,1.6));
#16395=DIRECTION('',(-0.242965,-0.970035,0.));
#16396=DIRECTION('',(-0.068257,0.017096,-0.997521));
#16397=AXIS2_PLACEMENT_3D('',#16394,#16395,#16396);
#16398=PLANE('',#16397);
#16399=POLY_LOOP('',(#994,#430,#431));
#16400=FACE_OUTER_BOUND('',#16399,.T.);
#16401=FACE_SURFACE('',(#16400),#16398,.T.);
#16402=CARTESIAN_POINT('',(164.274353,28.510881,1.6));
#16403=DIRECTION('',(-0.146734,-0.989176,0.));
#16404=DIRECTION('',(-0.069598,0.010324,-0.997522));
#16405=AXIS2_PLACEMENT_3D('',#16402,#16403,#16404);
#16406=PLANE('',#16405);
#16407=POLY_LOOP('',(#993,#429,#430));
#16408=FACE_OUTER_BOUND('',#16407,.T.);
#16409=FACE_SURFACE('',(#16408),#16406,.T.);
#16410=CARTESIAN_POINT('',(164.490082,28.44544,1.6));
#16411=DIRECTION('',(-0.336917,-0.941534,0.));
#16412=DIRECTION('',(-0.06624,0.023703,-0.997522));
#16413=AXIS2_PLACEMENT_3D('',#16410,#16411,#16412);
#16414=PLANE('',#16413);
#16415=POLY_LOOP('',(#997,#431,#434));
#16416=FACE_OUTER_BOUND('',#16415,.T.);
#16417=FACE_SURFACE('',(#16416),#16414,.T.);
#16418=CARTESIAN_POINT('',(164.688904,28.339169,1.6));
#16419=DIRECTION('',(-0.514096,-0.857733,0.));
#16420=DIRECTION('',(-0.060351,0.036172,-0.997522));
#16421=AXIS2_PLACEMENT_3D('',#16418,#16419,#16420);
#16422=PLANE('',#16421);
#16423=POLY_LOOP('',(#996,#433,#432));
#16424=FACE_OUTER_BOUND('',#16423,.T.);
#16425=FACE_SURFACE('',(#16424),#16422,.T.);
#16426=CARTESIAN_POINT('',(164.863174,28.196152,1.6));
#16427=DIRECTION('',(-0.671566,-0.740945,0.));
#16428=DIRECTION('',(-0.052132,0.04725,-0.997522));
#16429=AXIS2_PLACEMENT_3D('',#16426,#16427,#16428);
#16430=PLANE('',#16429);
#16431=POLY_LOOP('',(#999,#419,#418));
#16432=FACE_OUTER_BOUND('',#16431,.T.);
#16433=FACE_SURFACE('',(#16432),#16430,.T.);
#16434=CARTESIAN_POINT('',(164.779556,28.27194,1.6));
#16435=DIRECTION('',(-0.595676,-0.803225,0.));
#16436=DIRECTION('',(-0.056517,0.041914,-0.997521));
#16437=AXIS2_PLACEMENT_3D('',#16434,#16435,#16436);
#16438=PLANE('',#16437);
#16439=POLY_LOOP('',(#998,#432,#419));
#16440=FACE_OUTER_BOUND('',#16439,.T.);
#16441=FACE_SURFACE('',(#16440),#16438,.T.);
#16442=CARTESIAN_POINT('',(165.006195,28.021885,1.6));
#16443=DIRECTION('',(-0.803199,-0.595711,0.));
#16444=DIRECTION('',(-0.041915,0.056514,-0.997522));
#16445=AXIS2_PLACEMENT_3D('',#16442,#16443,#16444);
#16446=PLANE('',#16445);
#16447=POLY_LOOP('',(#1000,#420,#421));
#16448=FACE_OUTER_BOUND('',#16447,.T.);
#16449=FACE_SURFACE('',(#16448),#16446,.T.);
#16450=CARTESIAN_POINT('',(164.938965,28.112532,1.6));
#16451=DIRECTION('',(-0.740944,-0.671567,0.));
#16452=DIRECTION('',(-0.047252,0.052133,-0.997522));
#16453=AXIS2_PLACEMENT_3D('',#16450,#16451,#16452);
#16454=PLANE('',#16453);
#16455=POLY_LOOP('',(#1001,#418,#420));
#16456=FACE_OUTER_BOUND('',#16455,.T.);
#16457=FACE_SURFACE('',(#16456),#16454,.T.);
#16458=CARTESIAN_POINT('',(164.592102,28.397188,1.6));
#16459=DIRECTION('',(-0.427556,-0.903989,0.));
#16460=DIRECTION('',(-0.063605,0.030083,-0.997522));
#16461=AXIS2_PLACEMENT_3D('',#16458,#16459,#16460);
#16462=PLANE('',#16461);
#16463=POLY_LOOP('',(#995,#434,#433));
#16464=FACE_OUTER_BOUND('',#16463,.T.);
#16465=FACE_SURFACE('',(#16464),#16462,.T.);
#16466=CARTESIAN_POINT('',(163.507889,26.368769,1.6));
#16467=DIRECTION('',(0.427556,0.903989,0.));
#16468=DIRECTION('',(0.903989,-0.427556,0.));
#16469=AXIS2_PLACEMENT_3D('',#16466,#16467,#16468);
#16470=PLANE('',#16469);
#16471=POLY_LOOP('',(#932,#934,#378));
#16472=FACE_OUTER_BOUND('',#16471,.T.);
#16473=FACE_SURFACE('',(#16472),#16470,.T.);
#16474=CARTESIAN_POINT('',(163.609909,26.320517,1.6));
#16475=DIRECTION('',(0.336874,0.94155,0.));
#16476=DIRECTION('',(0.94155,-0.336874,0.));
#16477=AXIS2_PLACEMENT_3D('',#16474,#16475,#16476);
#16478=PLANE('',#16477);
#16479=POLY_LOOP('',(#934,#936,#380));
#16480=FACE_OUTER_BOUND('',#16479,.T.);
#16481=FACE_SURFACE('',(#16480),#16478,.T.);
#16482=CARTESIAN_POINT('',(163.825653,26.255075,1.6));
#16483=DIRECTION('',(0.242965,0.970035,0.));
#16484=DIRECTION('',(0.,0.,-1.));
#16485=AXIS2_PLACEMENT_3D('',#16482,#16483,#16484);
#16486=PLANE('',#16485);
#16487=POLY_LOOP('',(#938,#382,#936));
#16488=FACE_OUTER_BOUND('',#16487,.T.);
#16489=FACE_SURFACE('',(#16488),#16486,.T.);
#16490=CARTESIAN_POINT('',(163.825653,26.255075,1.6));
#16491=DIRECTION('',(0.146734,0.989176,0.));
#16492=DIRECTION('',(0.989176,-0.146734,0.));
#16493=AXIS2_PLACEMENT_3D('',#16490,#16491,#16492);
#16494=PLANE('',#16493);
#16495=POLY_LOOP('',(#938,#940,#384));
#16496=FACE_OUTER_BOUND('',#16495,.T.);
#16497=FACE_SURFACE('',(#16496),#16494,.T.);
#16498=CARTESIAN_POINT('',(163.937286,26.238516,1.6));
#16499=DIRECTION('',(0.049064,0.998796,0.));
#16500=DIRECTION('',(0.998796,-0.049064,0.));
#16501=AXIS2_PLACEMENT_3D('',#16498,#16499,#16500);
#16502=PLANE('',#16501);
#16503=POLY_LOOP('',(#940,#942,#386));
#16504=FACE_OUTER_BOUND('',#16503,.T.);
#16505=FACE_SURFACE('',(#16504),#16502,.T.);
#16506=CARTESIAN_POINT('',(164.050003,26.232979,1.6));
#16507=DIRECTION('',(-0.049064,0.998796,0.));
#16508=DIRECTION('',(0.998796,0.049064,0.));
#16509=AXIS2_PLACEMENT_3D('',#16506,#16507,#16508);
#16510=PLANE('',#16509);
#16511=POLY_LOOP('',(#942,#944,#388));
#16512=FACE_OUTER_BOUND('',#16511,.T.);
#16513=FACE_SURFACE('',(#16512),#16510,.T.);
#16514=CARTESIAN_POINT('',(164.16272,26.238516,1.6));
#16515=DIRECTION('',(-0.146734,0.989176,0.));
#16516=DIRECTION('',(0.989176,0.146734,0.));
#16517=AXIS2_PLACEMENT_3D('',#16514,#16515,#16516);
#16518=PLANE('',#16517);
#16519=POLY_LOOP('',(#944,#946,#390));
#16520=FACE_OUTER_BOUND('',#16519,.T.);
#16521=FACE_SURFACE('',(#16520),#16518,.T.);
#16522=CARTESIAN_POINT('',(164.274353,26.255075,1.6));
#16523=DIRECTION('',(-0.242965,0.970035,0.));
#16524=DIRECTION('',(0.970035,0.242965,0.));
#16525=AXIS2_PLACEMENT_3D('',#16522,#16523,#16524);
#16526=PLANE('',#16525);
#16527=POLY_LOOP('',(#946,#948,#392));
#16528=FACE_OUTER_BOUND('',#16527,.T.);
#16529=FACE_SURFACE('',(#16528),#16526,.T.);
#16530=CARTESIAN_POINT('',(164.383835,26.282497,1.6));
#16531=DIRECTION('',(-0.336917,0.941534,0.));
#16532=DIRECTION('',(0.941534,0.336917,0.));
#16533=AXIS2_PLACEMENT_3D('',#16530,#16531,#16532);
#16534=PLANE('',#16533);
#16535=POLY_LOOP('',(#948,#963,#394));
#16536=FACE_OUTER_BOUND('',#16535,.T.);
#16537=FACE_SURFACE('',(#16536),#16534,.T.);
#16538=CARTESIAN_POINT('',(164.490082,26.320517,1.6));
#16539=DIRECTION('',(-0.427556,0.903989,0.));
#16540=DIRECTION('',(0.903989,0.427556,0.));
#16541=AXIS2_PLACEMENT_3D('',#16538,#16539,#16540);
#16542=PLANE('',#16541);
#16543=POLY_LOOP('',(#963,#958,#399));
#16544=FACE_OUTER_BOUND('',#16543,.T.);
#16545=FACE_SURFACE('',(#16544),#16542,.T.);
#16546=CARTESIAN_POINT('',(163.161041,26.653427,1.6));
#16547=DIRECTION('',(0.803199,0.595711,0.));
#16548=DIRECTION('',(0.,0.,-1.));
#16549=AXIS2_PLACEMENT_3D('',#16546,#16547,#16548);
#16550=PLANE('',#16549);
#16551=POLY_LOOP('',(#924,#368,#922));
#16552=FACE_OUTER_BOUND('',#16551,.T.);
#16553=FACE_SURFACE('',(#16552),#16550,.T.);
#16554=CARTESIAN_POINT('',(163.093811,26.744074,1.6));
#16555=DIRECTION('',(0.857746,0.514073,0.));
#16556=DIRECTION('',(0.,0.,-1.));
#16557=AXIS2_PLACEMENT_3D('',#16554,#16555,#16556);
#16558=PLANE('',#16557);
#16559=POLY_LOOP('',(#922,#366,#920));
#16560=FACE_OUTER_BOUND('',#16559,.T.);
#16561=FACE_SURFACE('',(#16560),#16558,.T.);
#16562=CARTESIAN_POINT('',(162.987534,26.942892,1.6));
#16563=DIRECTION('',(0.90395,0.427639,0.));
#16564=DIRECTION('',(0.427639,-0.90395,0.));
#16565=AXIS2_PLACEMENT_3D('',#16562,#16563,#16564);
#16566=PLANE('',#16565);
#16567=POLY_LOOP('',(#881,#920,#364));
#16568=FACE_OUTER_BOUND('',#16567,.T.);
#16569=FACE_SURFACE('',(#16568),#16566,.T.);
#16570=CARTESIAN_POINT('',(162.987534,26.942892,1.6));
#16571=DIRECTION('',(0.941573,0.33681,0.));
#16572=DIRECTION('',(0.,0.,-1.));
#16573=AXIS2_PLACEMENT_3D('',#16570,#16571,#16572);
#16574=PLANE('',#16573);
#16575=POLY_LOOP('',(#881,#362,#882));
#16576=FACE_OUTER_BOUND('',#16575,.T.);
#16577=FACE_SURFACE('',(#16576),#16574,.T.);
#16578=CARTESIAN_POINT('',(162.949524,27.04915,1.6));
#16579=DIRECTION('',(0.970035,0.242965,0.));
#16580=DIRECTION('',(0.,0.,-1.));
#16581=AXIS2_PLACEMENT_3D('',#16578,#16579,#16580);
#16582=PLANE('',#16581);
#16583=POLY_LOOP('',(#882,#360,#883));
#16584=FACE_OUTER_BOUND('',#16583,.T.);
#16585=FACE_SURFACE('',(#16584),#16582,.T.);
#16586=CARTESIAN_POINT('',(163.32045,26.494017,1.6));
#16587=DIRECTION('',(0.671566,0.740945,0.));
#16588=DIRECTION('',(0.,0.,-1.));
#16589=AXIS2_PLACEMENT_3D('',#16586,#16587,#16588);
#16590=PLANE('',#16589);
#16591=POLY_LOOP('',(#928,#372,#926));
#16592=FACE_OUTER_BOUND('',#16591,.T.);
#16593=FACE_SURFACE('',(#16592),#16590,.T.);
#16594=CARTESIAN_POINT('',(163.507889,26.368769,1.6));
#16595=DIRECTION('',(0.514096,0.857733,0.));
#16596=DIRECTION('',(0.,0.,-1.));
#16597=AXIS2_PLACEMENT_3D('',#16594,#16595,#16596);
#16598=PLANE('',#16597);
#16599=POLY_LOOP('',(#932,#376,#930));
#16600=FACE_OUTER_BOUND('',#16599,.T.);
#16601=FACE_SURFACE('',(#16600),#16598,.T.);
#16602=CARTESIAN_POINT('',(163.32045,26.494017,1.6));
#16603=DIRECTION('',(0.59574,0.803177,0.));
#16604=DIRECTION('',(0.803177,-0.59574,0.));
#16605=AXIS2_PLACEMENT_3D('',#16602,#16603,#16604);
#16606=PLANE('',#16605);
#16607=POLY_LOOP('',(#928,#930,#374));
#16608=FACE_OUTER_BOUND('',#16607,.T.);
#16609=FACE_SURFACE('',(#16608),#16606,.T.);
#16610=CARTESIAN_POINT('',(163.161041,26.653427,1.6));
#16611=DIRECTION('',(0.740952,0.671558,0.));
#16612=DIRECTION('',(0.671558,-0.740952,0.));
#16613=AXIS2_PLACEMENT_3D('',#16610,#16611,#16612);
#16614=PLANE('',#16613);
#16615=POLY_LOOP('',(#924,#926,#370));
#16616=FACE_OUTER_BOUND('',#16615,.T.);
#16617=FACE_SURFACE('',(#16616),#16614,.T.);
#16618=CARTESIAN_POINT('',(162.922104,27.158625,1.6));
#16619=DIRECTION('',(0.989162,0.14683,0.));
#16620=DIRECTION('',(0.,0.,-1.));
#16621=AXIS2_PLACEMENT_3D('',#16618,#16619,#16620);
#16622=PLANE('',#16621);
#16623=POLY_LOOP('',(#883,#358,#884));
#16624=FACE_OUTER_BOUND('',#16623,.T.);
#16625=FACE_SURFACE('',(#16624),#16622,.T.);
#16626=CARTESIAN_POINT('',(162.905533,27.27026,1.6));
#16627=DIRECTION('',(0.998795,0.04908,0.));
#16628=DIRECTION('',(0.,0.,-1.));
#16629=AXIS2_PLACEMENT_3D('',#16626,#16627,#16628);
#16630=PLANE('',#16629);
#16631=POLY_LOOP('',(#884,#356,#885));
#16632=FACE_OUTER_BOUND('',#16631,.T.);
#16633=FACE_SURFACE('',(#16632),#16630,.T.);
#16634=CARTESIAN_POINT('',(162.899994,27.382978,1.6));
#16635=DIRECTION('',(0.998795,-0.04908,0.));
#16636=DIRECTION('',(0.,0.,-1.));
#16637=AXIS2_PLACEMENT_3D('',#16634,#16635,#16636);
#16638=PLANE('',#16637);
#16639=POLY_LOOP('',(#885,#402,#973));
#16640=FACE_OUTER_BOUND('',#16639,.T.);
#16641=FACE_SURFACE('',(#16640),#16638,.T.);
#16642=CARTESIAN_POINT('',(162.905533,27.495699,1.6));
#16643=DIRECTION('',(0.989161,-0.146833,0.));
#16644=DIRECTION('',(0.,0.,-1.));
#16645=AXIS2_PLACEMENT_3D('',#16642,#16643,#16644);
#16646=PLANE('',#16645);
#16647=POLY_LOOP('',(#973,#443,#974));
#16648=FACE_OUTER_BOUND('',#16647,.T.);
#16649=FACE_SURFACE('',(#16648),#16646,.T.);
#16650=CARTESIAN_POINT('',(162.922104,27.607332,1.6));
#16651=DIRECTION('',(0.970035,-0.242965,0.));
#16652=DIRECTION('',(0.,0.,-1.));
#16653=AXIS2_PLACEMENT_3D('',#16650,#16651,#16652);
#16654=PLANE('',#16653);
#16655=POLY_LOOP('',(#974,#444,#975));
#16656=FACE_OUTER_BOUND('',#16655,.T.);
#16657=FACE_SURFACE('',(#16656),#16654,.T.);
#16658=CARTESIAN_POINT('',(162.949524,27.716806,1.6));
#16659=DIRECTION('',(0.941573,-0.33681,0.));
#16660=DIRECTION('',(0.,0.,-1.));
#16661=AXIS2_PLACEMENT_3D('',#16658,#16659,#16660);
#16662=PLANE('',#16661);
#16663=POLY_LOOP('',(#975,#445,#976));
#16664=FACE_OUTER_BOUND('',#16663,.T.);
#16665=FACE_SURFACE('',(#16664),#16662,.T.);
#16666=CARTESIAN_POINT('',(162.987534,27.823065,1.6));
#16667=DIRECTION('',(0.90395,-0.427639,0.));
#16668=DIRECTION('',(0.,0.,-1.));
#16669=AXIS2_PLACEMENT_3D('',#16666,#16667,#16668);
#16670=PLANE('',#16669);
#16671=POLY_LOOP('',(#976,#446,#977));
#16672=FACE_OUTER_BOUND('',#16671,.T.);
#16673=FACE_SURFACE('',(#16672),#16670,.T.);
#16674=CARTESIAN_POINT('',(163.035797,27.925085,1.6));
#16675=DIRECTION('',(0.857751,-0.514066,0.));
#16676=DIRECTION('',(0.,0.,-1.));
#16677=AXIS2_PLACEMENT_3D('',#16674,#16675,#16676);
#16678=PLANE('',#16677);
#16679=POLY_LOOP('',(#977,#447,#978));
#16680=FACE_OUTER_BOUND('',#16679,.T.);
#16681=FACE_SURFACE('',(#16680),#16678,.T.);
#16682=CARTESIAN_POINT('',(163.093811,28.021885,1.6));
#16683=DIRECTION('',(0.803199,-0.595711,0.));
#16684=DIRECTION('',(0.,0.,-1.));
#16685=AXIS2_PLACEMENT_3D('',#16682,#16683,#16684);
#16686=PLANE('',#16685);
#16687=POLY_LOOP('',(#978,#448,#982));
#16688=FACE_OUTER_BOUND('',#16687,.T.);
#16689=FACE_SURFACE('',(#16688),#16686,.T.);
#16690=CARTESIAN_POINT('',(163.161041,28.112532,1.6));
#16691=DIRECTION('',(0.740944,-0.671567,0.));
#16692=DIRECTION('',(0.,0.,-1.));
#16693=AXIS2_PLACEMENT_3D('',#16690,#16691,#16692);
#16694=PLANE('',#16693);
#16695=POLY_LOOP('',(#982,#449,#983));
#16696=FACE_OUTER_BOUND('',#16695,.T.);
#16697=FACE_SURFACE('',(#16696),#16694,.T.);
#16698=CARTESIAN_POINT('',(163.236832,28.196152,1.6));
#16699=DIRECTION('',(0.671566,-0.740945,0.));
#16700=DIRECTION('',(0.,0.,-1.));
#16701=AXIS2_PLACEMENT_3D('',#16698,#16699,#16700);
#16702=PLANE('',#16701);
#16703=POLY_LOOP('',(#983,#450,#984));
#16704=FACE_OUTER_BOUND('',#16703,.T.);
#16705=FACE_SURFACE('',(#16704),#16702,.T.);
#16706=CARTESIAN_POINT('',(163.32045,28.27194,1.6));
#16707=DIRECTION('',(0.59574,-0.803177,0.));
#16708=DIRECTION('',(0.,0.,-1.));
#16709=AXIS2_PLACEMENT_3D('',#16706,#16707,#16708);
#16710=PLANE('',#16709);
#16711=POLY_LOOP('',(#984,#451,#985));
#16712=FACE_OUTER_BOUND('',#16711,.T.);
#16713=FACE_SURFACE('',(#16712),#16710,.T.);
#16714=CARTESIAN_POINT('',(163.411087,28.339169,1.6));
#16715=DIRECTION('',(0.514096,-0.857733,0.));
#16716=DIRECTION('',(0.,0.,-1.));
#16717=AXIS2_PLACEMENT_3D('',#16714,#16715,#16716);
#16718=PLANE('',#16717);
#16719=POLY_LOOP('',(#985,#423,#986));
#16720=FACE_OUTER_BOUND('',#16719,.T.);
#16721=FACE_SURFACE('',(#16720),#16718,.T.);
#16722=CARTESIAN_POINT('',(163.507889,28.397188,1.6));
#16723=DIRECTION('',(0.427556,-0.903989,0.));
#16724=DIRECTION('',(0.,0.,-1.));
#16725=AXIS2_PLACEMENT_3D('',#16722,#16723,#16724);
#16726=PLANE('',#16725);
#16727=POLY_LOOP('',(#986,#422,#987));
#16728=FACE_OUTER_BOUND('',#16727,.T.);
#16729=FACE_SURFACE('',(#16728),#16726,.T.);
#16730=CARTESIAN_POINT('',(163.609909,28.44544,1.6));
#16731=DIRECTION('',(0.336874,-0.94155,0.));
#16732=DIRECTION('',(0.,0.,-1.));
#16733=AXIS2_PLACEMENT_3D('',#16730,#16731,#16732);
#16734=PLANE('',#16733);
#16735=POLY_LOOP('',(#987,#424,#988));
#16736=FACE_OUTER_BOUND('',#16735,.T.);
#16737=FACE_SURFACE('',(#16736),#16734,.T.);
#16738=CARTESIAN_POINT('',(163.716171,28.483459,1.6));
#16739=DIRECTION('',(0.242965,-0.970035,0.));
#16740=DIRECTION('',(0.,0.,-1.));
#16741=AXIS2_PLACEMENT_3D('',#16738,#16739,#16740);
#16742=PLANE('',#16741);
#16743=POLY_LOOP('',(#988,#425,#989));
#16744=FACE_OUTER_BOUND('',#16743,.T.);
#16745=FACE_SURFACE('',(#16744),#16742,.T.);
#16746=CARTESIAN_POINT('',(164.592102,26.368769,1.6));
#16747=DIRECTION('',(-0.514096,0.857733,0.));
#16748=DIRECTION('',(0.857733,0.514096,0.));
#16749=AXIS2_PLACEMENT_3D('',#16746,#16747,#16748);
#16750=PLANE('',#16749);
#16751=POLY_LOOP('',(#958,#962,#401));
#16752=FACE_OUTER_BOUND('',#16751,.T.);
#16753=FACE_SURFACE('',(#16752),#16750,.T.);
#16754=CARTESIAN_POINT('',(164.688904,26.426788,1.6));
#16755=DIRECTION('',(-0.595676,0.803225,0.));
#16756=DIRECTION('',(0.803225,0.595676,0.));
#16757=AXIS2_PLACEMENT_3D('',#16754,#16755,#16756);
#16758=PLANE('',#16757);
#16759=POLY_LOOP('',(#962,#960,#335));
#16760=FACE_OUTER_BOUND('',#16759,.T.);
#16761=FACE_SURFACE('',(#16760),#16758,.T.);
#16762=CARTESIAN_POINT('',(164.779556,26.494017,1.6));
#16763=DIRECTION('',(-0.671566,0.740945,0.));
#16764=DIRECTION('',(0.740945,0.671566,0.));
#16765=AXIS2_PLACEMENT_3D('',#16762,#16763,#16764);
#16766=PLANE('',#16765);
#16767=POLY_LOOP('',(#960,#969,#403));
#16768=FACE_OUTER_BOUND('',#16767,.T.);
#16769=FACE_SURFACE('',(#16768),#16766,.T.);
#16770=CARTESIAN_POINT('',(164.863174,26.569805,1.6));
#16771=DIRECTION('',(-0.740952,0.671558,0.));
#16772=DIRECTION('',(0.671558,0.740952,0.));
#16773=AXIS2_PLACEMENT_3D('',#16770,#16771,#16772);
#16774=PLANE('',#16773);
#16775=POLY_LOOP('',(#969,#965,#404));
#16776=FACE_OUTER_BOUND('',#16775,.T.);
#16777=FACE_SURFACE('',(#16776),#16774,.T.);
#16778=CARTESIAN_POINT('',(164.938965,26.653427,1.6));
#16779=DIRECTION('',(-0.803199,0.595711,0.));
#16780=DIRECTION('',(0.595711,0.803199,0.));
#16781=AXIS2_PLACEMENT_3D('',#16778,#16779,#16780);
#16782=PLANE('',#16781);
#16783=POLY_LOOP('',(#965,#968,#405));
#16784=FACE_OUTER_BOUND('',#16783,.T.);
#16785=FACE_SURFACE('',(#16784),#16782,.T.);
#16786=CARTESIAN_POINT('',(165.006195,26.744074,1.6));
#16787=DIRECTION('',(-0.857746,0.514073,0.));
#16788=DIRECTION('',(0.514073,0.857746,0.));
#16789=AXIS2_PLACEMENT_3D('',#16786,#16787,#16788);
#16790=PLANE('',#16789);
#16791=POLY_LOOP('',(#968,#970,#406));
#16792=FACE_OUTER_BOUND('',#16791,.T.);
#16793=FACE_SURFACE('',(#16792),#16790,.T.);
#16794=CARTESIAN_POINT('',(165.064209,26.840872,1.6));
#16795=DIRECTION('',(-0.904002,0.427528,0.));
#16796=DIRECTION('',(0.427528,0.904002,0.));
#16797=AXIS2_PLACEMENT_3D('',#16794,#16795,#16796);
#16798=PLANE('',#16797);
#16799=POLY_LOOP('',(#970,#952,#407));
#16800=FACE_OUTER_BOUND('',#16799,.T.);
#16801=FACE_SURFACE('',(#16800),#16798,.T.);
#16802=CARTESIAN_POINT('',(165.112457,26.942892,1.6));
#16803=DIRECTION('',(-0.94153,0.336929,0.));
#16804=DIRECTION('',(0.336929,0.94153,0.));
#16805=AXIS2_PLACEMENT_3D('',#16802,#16803,#16804);
#16806=PLANE('',#16805);
#16807=POLY_LOOP('',(#952,#950,#408));
#16808=FACE_OUTER_BOUND('',#16807,.T.);
#16809=FACE_SURFACE('',(#16808),#16806,.T.);
#16810=CARTESIAN_POINT('',(165.150482,27.04915,1.6));
#16811=DIRECTION('',(-0.970035,0.242965,0.));
#16812=DIRECTION('',(0.242965,0.970035,0.));
#16813=AXIS2_PLACEMENT_3D('',#16810,#16811,#16812);
#16814=PLANE('',#16813);
#16815=POLY_LOOP('',(#950,#955,#409));
#16816=FACE_OUTER_BOUND('',#16815,.T.);
#16817=FACE_SURFACE('',(#16816),#16814,.T.);
#16818=CARTESIAN_POINT('',(165.177902,27.158625,1.6));
#16819=DIRECTION('',(-0.989181,0.146698,0.));
#16820=DIRECTION('',(0.146698,0.989181,0.));
#16821=AXIS2_PLACEMENT_3D('',#16818,#16819,#16820);
#16822=PLANE('',#16821);
#16823=POLY_LOOP('',(#955,#971,#410));
#16824=FACE_OUTER_BOUND('',#16823,.T.);
#16825=FACE_SURFACE('',(#16824),#16822,.T.);
#16826=CARTESIAN_POINT('',(165.194458,27.27026,1.6));
#16827=DIRECTION('',(-0.998795,0.04908,0.));
#16828=DIRECTION('',(0.04908,0.998795,0.));
#16829=AXIS2_PLACEMENT_3D('',#16826,#16827,#16828);
#16830=PLANE('',#16829);
#16831=POLY_LOOP('',(#971,#972,#411));
#16832=FACE_OUTER_BOUND('',#16831,.T.);
#16833=FACE_SURFACE('',(#16832),#16830,.T.);
#16834=CARTESIAN_POINT('',(165.199997,27.382978,1.6));
#16835=DIRECTION('',(-0.998795,-0.04908,0.));
#16836=DIRECTION('',(-0.04908,0.998795,0.));
#16837=AXIS2_PLACEMENT_3D('',#16834,#16835,#16836);
#16838=PLANE('',#16837);
#16839=POLY_LOOP('',(#972,#1002,#412));
#16840=FACE_OUTER_BOUND('',#16839,.T.);
#16841=FACE_SURFACE('',(#16840),#16838,.T.);
#16842=CARTESIAN_POINT('',(165.194458,27.495699,1.6));
#16843=DIRECTION('',(-0.989181,-0.146701,0.));
#16844=DIRECTION('',(-0.146701,0.989181,0.));
#16845=AXIS2_PLACEMENT_3D('',#16842,#16843,#16844);
#16846=PLANE('',#16845);
#16847=POLY_LOOP('',(#1002,#1003,#414));
#16848=FACE_OUTER_BOUND('',#16847,.T.);
#16849=FACE_SURFACE('',(#16848),#16846,.T.);
#16850=CARTESIAN_POINT('',(165.177902,27.607332,1.6));
#16851=DIRECTION('',(-0.970035,-0.242965,0.));
#16852=DIRECTION('',(-0.242965,0.970035,0.));
#16853=AXIS2_PLACEMENT_3D('',#16850,#16851,#16852);
#16854=PLANE('',#16853);
#16855=POLY_LOOP('',(#1003,#979,#415));
#16856=FACE_OUTER_BOUND('',#16855,.T.);
#16857=FACE_SURFACE('',(#16856),#16854,.T.);
#16858=CARTESIAN_POINT('',(165.150482,27.716806,1.6));
#16859=DIRECTION('',(-0.94153,-0.336929,0.));
#16860=DIRECTION('',(-0.336929,0.94153,0.));
#16861=AXIS2_PLACEMENT_3D('',#16858,#16859,#16860);
#16862=PLANE('',#16861);
#16863=POLY_LOOP('',(#979,#980,#416));
#16864=FACE_OUTER_BOUND('',#16863,.T.);
#16865=FACE_SURFACE('',(#16864),#16862,.T.);
#16866=CARTESIAN_POINT('',(165.006195,28.021885,1.6));
#16867=DIRECTION('',(-0.857751,-0.514066,0.));
#16868=DIRECTION('',(0.,0.,-1.));
#16869=AXIS2_PLACEMENT_3D('',#16866,#16867,#16868);
#16870=PLANE('',#16869);
#16871=POLY_LOOP('',(#1000,#421,#981));
#16872=FACE_OUTER_BOUND('',#16871,.T.);
#16873=FACE_SURFACE('',(#16872),#16870,.T.);
#16874=CARTESIAN_POINT('',(165.112457,27.823065,1.6));
#16875=DIRECTION('',(-0.904002,-0.427528,0.));
#16876=DIRECTION('',(-0.427528,0.904002,0.));
#16877=AXIS2_PLACEMENT_3D('',#16874,#16875,#16876);
#16878=PLANE('',#16877);
#16879=POLY_LOOP('',(#980,#981,#417));
#16880=FACE_OUTER_BOUND('',#16879,.T.);
#16881=FACE_SURFACE('',(#16880),#16878,.T.);
#16882=CARTESIAN_POINT('',(163.825653,28.510881,1.6));
#16883=DIRECTION('',(0.146734,-0.989176,0.));
#16884=DIRECTION('',(0.,0.,-1.));
#16885=AXIS2_PLACEMENT_3D('',#16882,#16883,#16884);
#16886=PLANE('',#16885);
#16887=POLY_LOOP('',(#989,#426,#990));
#16888=FACE_OUTER_BOUND('',#16887,.T.);
#16889=FACE_SURFACE('',(#16888),#16886,.T.);
#16890=CARTESIAN_POINT('',(163.937286,28.527441,1.6));
#16891=DIRECTION('',(0.049064,-0.998796,0.));
#16892=DIRECTION('',(0.,0.,-1.));
#16893=AXIS2_PLACEMENT_3D('',#16890,#16891,#16892);
#16894=PLANE('',#16893);
#16895=POLY_LOOP('',(#990,#427,#991));
#16896=FACE_OUTER_BOUND('',#16895,.T.);
#16897=FACE_SURFACE('',(#16896),#16894,.T.);
#16898=CARTESIAN_POINT('',(164.050003,28.532978,1.6));
#16899=DIRECTION('',(-0.049064,-0.998796,0.));
#16900=DIRECTION('',(0.,0.,-1.));
#16901=AXIS2_PLACEMENT_3D('',#16898,#16899,#16900);
#16902=PLANE('',#16901);
#16903=POLY_LOOP('',(#991,#428,#992));
#16904=FACE_OUTER_BOUND('',#16903,.T.);
#16905=FACE_SURFACE('',(#16904),#16902,.T.);
#16906=CARTESIAN_POINT('',(164.274353,28.510881,1.6));
#16907=DIRECTION('',(-0.242965,-0.970035,0.));
#16908=DIRECTION('',(0.,0.,-1.));
#16909=AXIS2_PLACEMENT_3D('',#16906,#16907,#16908);
#16910=PLANE('',#16909);
#16911=POLY_LOOP('',(#993,#430,#994));
#16912=FACE_OUTER_BOUND('',#16911,.T.);
#16913=FACE_SURFACE('',(#16912),#16910,.T.);
#16914=CARTESIAN_POINT('',(164.274353,28.510881,1.6));
#16915=DIRECTION('',(-0.146734,-0.989176,0.));
#16916=DIRECTION('',(-0.989176,0.146734,0.));
#16917=AXIS2_PLACEMENT_3D('',#16914,#16915,#16916);
#16918=PLANE('',#16917);
#16919=POLY_LOOP('',(#993,#992,#429));
#16920=FACE_OUTER_BOUND('',#16919,.T.);
#16921=FACE_SURFACE('',(#16920),#16918,.T.);
#16922=CARTESIAN_POINT('',(164.490082,28.44544,1.6));
#16923=DIRECTION('',(-0.336917,-0.941534,0.));
#16924=DIRECTION('',(-0.941534,0.336917,0.));
#16925=AXIS2_PLACEMENT_3D('',#16922,#16923,#16924);
#16926=PLANE('',#16925);
#16927=POLY_LOOP('',(#997,#994,#431));
#16928=FACE_OUTER_BOUND('',#16927,.T.);
#16929=FACE_SURFACE('',(#16928),#16926,.T.);
#16930=CARTESIAN_POINT('',(164.592102,28.397188,1.6));
#16931=DIRECTION('',(-0.514096,-0.857733,0.));
#16932=DIRECTION('',(0.,0.,-1.));
#16933=AXIS2_PLACEMENT_3D('',#16930,#16931,#16932);
#16934=PLANE('',#16933);
#16935=POLY_LOOP('',(#995,#433,#996));
#16936=FACE_OUTER_BOUND('',#16935,.T.);
#16937=FACE_SURFACE('',(#16936),#16934,.T.);
#16938=CARTESIAN_POINT('',(164.779556,28.27194,1.6));
#16939=DIRECTION('',(-0.671566,-0.740945,0.));
#16940=DIRECTION('',(0.,0.,-1.));
#16941=AXIS2_PLACEMENT_3D('',#16938,#16939,#16940);
#16942=PLANE('',#16941);
#16943=POLY_LOOP('',(#998,#419,#999));
#16944=FACE_OUTER_BOUND('',#16943,.T.);
#16945=FACE_SURFACE('',(#16944),#16942,.T.);
#16946=CARTESIAN_POINT('',(164.779556,28.27194,1.6));
#16947=DIRECTION('',(-0.595676,-0.803225,0.));
#16948=DIRECTION('',(-0.803225,0.595676,0.));
#16949=AXIS2_PLACEMENT_3D('',#16946,#16947,#16948);
#16950=PLANE('',#16949);
#16951=POLY_LOOP('',(#998,#996,#432));
#16952=FACE_OUTER_BOUND('',#16951,.T.);
#16953=FACE_SURFACE('',(#16952),#16950,.T.);
#16954=CARTESIAN_POINT('',(165.006195,28.021885,1.6));
#16955=DIRECTION('',(-0.803199,-0.595711,0.));
#16956=DIRECTION('',(-0.595711,0.803199,0.));
#16957=AXIS2_PLACEMENT_3D('',#16954,#16955,#16956);
#16958=PLANE('',#16957);
#16959=POLY_LOOP('',(#1000,#1001,#420));
#16960=FACE_OUTER_BOUND('',#16959,.T.);
#16961=FACE_SURFACE('',(#16960),#16958,.T.);
#16962=CARTESIAN_POINT('',(164.938965,28.112532,1.6));
#16963=DIRECTION('',(-0.740944,-0.671567,0.));
#16964=DIRECTION('',(-0.671567,0.740944,0.));
#16965=AXIS2_PLACEMENT_3D('',#16962,#16963,#16964);
#16966=PLANE('',#16965);
#16967=POLY_LOOP('',(#1001,#999,#418));
#16968=FACE_OUTER_BOUND('',#16967,.T.);
#16969=FACE_SURFACE('',(#16968),#16966,.T.);
#16970=CARTESIAN_POINT('',(164.490082,28.44544,1.6));
#16971=DIRECTION('',(-0.427556,-0.903989,0.));
#16972=DIRECTION('',(0.,0.,-1.));
#16973=AXIS2_PLACEMENT_3D('',#16970,#16971,#16972);
#16974=PLANE('',#16973);
#16975=POLY_LOOP('',(#997,#434,#995));
#16976=FACE_OUTER_BOUND('',#16975,.T.);
#16977=FACE_SURFACE('',(#16976),#16974,.T.);
#16978=CLOSED_SHELL('',(#1017,#1025,#1033,#1041,#1049,#1057,#1065,#1073,#1081,#1089,#1097,#1105,#1113,#1121,#1129,#1137,#1145,#1153,#1161,#1169,#1177,#1185,#1193,#1201,#1209,#1217,#1225,#1233,#1241,#1249,#1257,#1265,#1273,#1281,#1289,#1297,#1305,#1313,#1321,#1329,#1337,#1345,#1353,#1361,#1369,#1377,#1385,#1393,#1401,#1409,#1417,#1425,#1433,#1441,#1449,#1457,#1465,#1473,#1481,#1489,#1497,#1505,#1513,#1521,#1529,#1537,#1545,#1553,#1561,#1569,#1577,#1585,#1593,#1601,#1609,#1617,#1625,#1633,#1641,#1649,#1657,#1665,#1673,#1681,#1689,#1697,#1705,#1713,#1721,#1729,#1737,#1745,#1753,#1761,#1769,#1777,#1785,#1793,#1801,#1809,#1817,#1825,#1833,#1841,#1849,#1857,#1865,#1873,#1881,#1889,#1897,#1905,#1913,#1921,#1929,#1937,#1945,#1953,#1961,#1969,#1977,#1985,#1993,#2001,#2009,#2017,#2025,#2033,#2041,#2049,#2057,#2065,#2073,#2081,#2089,#2097,#2105,#2113,#2121,#2129,#2137,#2145,#2153,#2161,#2169,#2177,#2185,#2193,#2201,#2209,#2217,#2225,#2233,#2241,#2249,#2257,#2265,#2273,#2281,#2289,#2297,#2305,#2313,#2321,#2329,#2337,#2345,#2353,#2361,#2369,#2377,#2385,#2393,#2401,#2409,#2417,#2425,#2433,#2441,#2449,#2457,#2465,#2473,#2481,#2489,#2497,#2505,#2513,#2521,#2529,#2537,#2545,#2553,#2561,#2569,#2577,#2585,#2593,#2601,#2609,#2617,#2625,#2633,#2641,#2649,#2657,#2665,#2673,#2681,#2689,#2697,#2705,#2713,#2721,#2729,#2737,#2745,#2753,#2761,#2769,#2777,#2785,#2793,#2801,#2809,#2817,#2825,#2833,#2841,#2849,#2857,#2865,#2873,#2881,#2889,#2897,#2905,#2913,#2921,#2929,#2937,#2945,#2953,#2961,#2969,#2977,#2985,#2993,#3001,#3009,#3017,#3025,#3033,#3041,#3049,#3057,#3065,#3073,#3081,#3089,#3097,#3105,#3113,#3121,#3129,#3137,#3145,#3153,#3161,#3169,#3177,#3185,#3193,#3201,#3209,#3217,#3225,#3233,#3241,#3249,#3257,#3265,#3273,#3281,#3289,#3297,#3305,#3313,#3321,#3329,#3337,#3345,#3353,#3361,#3369,#3377,#3385,#3393,#3401,#3409,#3417,#3425,#3433,#3441,#3449,#3457,#3465,#3473,#3481,#3489,#3497,#3505,#3513,#3521,#3529,#3537,#3545,#3553,#3561,#3569,#3577,#3585,#3593,#3601,#3609,#3617,#3625,#3633,#3641,#3649,#3657,#3665,#3673,#3681,#3689,#3697,#3705,#3713,#3721,#3729,#3737,#3745,#3753,#3761,#3769,#3777,#3785,#3793,#3801,#3809,#3817,#3825,#3833,#3841,#3849,#3857,#3865,#3873,#3881,#3889,#3897,#3905,#3913,#3921,#3929,#3937,#3945,#3953,#3961,#3969,#3977,#3985,#3993,#4001,#4009,#4017,#4025,#4033,#4041,#4049,#4057,#4065,#4073,#4081,#4089,#4097,#4105,#4113,#4121,#4129,#4137,#4145,#4153,#4161,#4169,#4177,#4185,#4193,#4201,#4209,#4217,#4225,#4233,#4241,#4249,#4257,#4265,#4273,#4281,#4289,#4297,#4305,#4313,#4321,#4329,#4337,#4345,#4353,#4361,#4369,#4377,#4385,#4393,#4401,#4409,#4417,#4425,#4433,#4441,#4449,#4457,#4465,#4473,#4481,#4489,#4497,#4505,#4513,#4521,#4529,#4537,#4545,#4553,#4561,#4569,#4577,#4585,#4593,#4601,#4609,#4617,#4625,#4633,#4641,#4649,#4657,#4665,#4673,#4681,#4689,#4697,#4705,#4713,#4721,#4729,#4737,#4745,#4753,#4761,#4769,#4777,#4785,#4793,#4801,#4809,#4817,#4825,#4833,#4841,#4849,#4857,#4865,#4873,#4881,#4889,#4897,#4905,#4913,#4921,#4929,#4937,#4945,#4953,#4961,#4969,#4977,#4985,#4993,#5001,#5009,#5017,#5025,#5033,#5041,#5049,#5057,#5065,#5073,#5081,#5089,#5097,#5105,#5113,#5121,#5129,#5137,#5145,#5153,#5161,#5169,#5177,#5185,#5193,#5201,#5209,#5217,#5225,#5233,#5241,#5249,#5257,#5265,#5273,#5281,#5289,#5297,#5305,#5313,#5321,#5329,#5337,#5345,#5353,#5361,#5369,#5377,#5385,#5393,#5401,#5409,#5417,#5425,#5433,#5441,#5449,#5457,#5465,#5473,#5481,#5489,#5497,#5505,#5513,#5521,#5529,#5537,#5545,#5553,#5561,#5569,#5577,#5585,#5593,#5601,#5609,#5617,#5625,#5633,#5641,#5649,#5657,#5665,#5673,#5681,#5689,#5697,#5705,#5713,#5721,#5729,#5737,#5745,#5753,#5761,#5769,#5777,#5785,#5793,#5801,#5809,#5817,#5825,#5833,#5841,#5849,#5857,#5865,#5873,#5881,#5889,#5897,#5905,#5913,#5921,#5929,#5937,#5945,#5953,#5961,#5969,#5977,#5985,#5993,#6001,#6009,#6017,#6025,#6033,#6041,#6049,#6057,#6065,#6073,#6081,#6089,#6097,#6105,#6113,#6121,#6129,#6137,#6145,#6153,#6161,#6169,#6177,#6185,#6193,#6201,#6209,#6217,#6225,#6233,#6241,#6249,#6257,#6265,#6273,#6281,#6289,#6297,#6305,#6313,#6321,#6329,#6337,#6345,#6353,#6361,#6369,#6377,#6385,#6393,#6401,#6409,#6417,#6425,#6433,#6441,#6449,#6457,#6465,#6473,#6481,#6489,#6497,#6505,#6513,#6521,#6529,#6537,#6545,#6553,#6561,#6569,#6577,#6585,#6593,#6601,#6609,#6617,#6625,#6633,#6641,#6649,#6657,#6665,#6673,#6681,#6689,#6697,#6705,#6713,#6721,#6729,#6737,#6745,#6753,#6761,#6769,#6777,#6785,#6793,#6801,#6809,#6817,#6825,#6833,#6841,#6849,#6857,#6865,#6873,#6881,#6889,#6897,#6905,#6913,#6921,#6929,#6937,#6945,#6953,#6961,#6969,#6977,#6985,#6993,#7001,#7009,#7017,#7025,#7033,#7041,#7049,#7057,#7065,#7073,#7081,#7089,#7097,#7105,#7113,#7121,#7129,#7137,#7145,#7153,#7161,#7169,#7177,#7185,#7193,#7201,#7209,#7217,#7225,#7233,#7241,#7249,#7257,#7265,#7273,#7281,#7289,#7297,#7305,#7313,#7321,#7329,#7337,#7345,#7353,#7361,#7369,#7377,#7385,#7393,#7401,#7409,#7417,#7425,#7433,#7441,#7449,#7457,#7465,#7473,#7481,#7489,#7497,#7505,#7513,#7521,#7529,#7537,#7545,#7553,#7561,#7569,#7577,#7585,#7593,#7601,#7609,#7617,#7625,#7633,#7641,#7649,#7657,#7665,#7673,#7681,#7689,#7697,#7705,#7713,#7721,#7729,#7737,#7745,#7753,#7761,#7769,#7777,#7785,#7793,#7801,#7809,#7817,#7825,#7833,#7841,#7849,#7857,#7865,#7873,#7881,#7889,#7897,#7905,#7913,#7921,#7929,#7937,#7945,#7953,#7961,#7969,#7977,#7985,#7993,#8001,#8009,#8017,#8025,#8033,#8041,#8049,#8057,#8065,#8073,#8081,#8089,#8097,#8105,#8113,#8121,#8129,#8137,#8145,#8153,#8161,#8169,#8177,#8185,#8193,#8201,#8209,#8217,#8225,#8233,#8241,#8249,#8257,#8265,#8273,#8281,#8289,#8297,#8305,#8313,#8321,#8329,#8337,#8345,#8353,#8361,#8369,#8377,#8385,#8393,#8401,#8409,#8417,#8425,#8433,#8441,#8449,#8457,#8465,#8473,#8481,#8489,#8497,#8505,#8513,#8521,#8529,#8537,#8545,#8553,#8561,#8569,#8577,#8585,#8593,#8601,#8609,#8617,#8625,#8633,#8641,#8649,#8657,#8665,#8673,#8681,#8689,#8697,#8705,#8713,#8721,#8729,#8737,#8745,#8753,#8761,#8769,#8777,#8785,#8793,#8801,#8809,#8817,#8825,#8833,#8841,#8849,#8857,#8865,#8873,#8881,#8889,#8897,#8905,#8913,#8921,#8929,#8937,#8945,#8953,#8961,#8969,#8977,#8985,#8993,#9001,#9009,#9017,#9025,#9033,#9041,#9049,#9057,#9065,#9073,#9081,#9089,#9097,#9105,#9113,#9121,#9129,#9137,#9145,#9153,#9161,#9169,#9177,#9185,#9193,#9201,#9209,#9217,#9225,#9233,#9241,#9249,#9257,#9265,#9273,#9281,#9289,#9297,#9305,#9313,#9321,#9329,#9337,#9345,#9353,#9361,#9369,#9377,#9385,#9393,#9401,#9409,#9417,#9425,#9433,#9441,#9449,#9457,#9465,#9473,#9481,#9489,#9497,#9505,#9513,#9521,#9529,#9537,#9545,#9553,#9561,#9569,#9577,#9585,#9593,#9601,#9609,#9617,#9625,#9633,#9641,#9649,#9657,#9665,#9673,#9681,#9689,#9697,#9705,#9713,#9721,#9729,#9737,#9745,#9753,#9761,#9769,#9777,#9785,#9793,#9801,#9809,#9817,#9825,#9833,#9841,#9849,#9857,#9865,#9873,#9881,#9889,#9897,#9905,#9913,#9921,#9929,#9937,#9945,#9953,#9961,#9969,#9977,#9985,#9993,#10001,#10009,#10017,#10025,#10033,#10041,#10049,#10057,#10065,#10073,#10081,#10089,#10097,#10105,#10113,#10121,#10129,#10137,#10145,#10153,#10161,#10169,#10177,#10185,#10193,#10201,#10209,#10217,#10225,#10233,#10241,#10249,#10257,#10265,#10273,#10281,#10289,#10297,#10305,#10313,#10321,#10329,#10337,#10345,#10353,#10361,#10369,#10377,#10385,#10393,#10401,#10409,#10417,#10425,#10433,#10441,#10449,#10457,#10465,#10473,#10481,#10489,#10497,#10505,#10513,#10521,#10529,#10537,#10545,#10553,#10561,#10569,#10577,#10585,#10593,#10601,#10609,#10617,#10625,#10633,#10641,#10649,#10657,#10665,#10673,#10681,#10689,#10697,#10705,#10713,#10721,#10729,#10737,#10745,#10753,#10761,#10769,#10777,#10785,#10793,#10801,#10809,#10817,#10825,#10833,#10841,#10849,#10857,#10865,#10873,#10881,#10889,#10897,#10905,#10913,#10921,#10929,#10937,#10945,#10953,#10961,#10969,#10977,#10985,#10993,#11001,#11009,#11017,#11025,#11033,#11041,#11049,#11057,#11065,#11073,#11081,#11089,#11097,#11105,#11113,#11121,#11129,#11137,#11145,#11153,#11161,#11169,#11177,#11185,#11193,#11201,#11209,#11217,#11225,#11233,#11241,#11249,#11257,#11265,#11273,#11281,#11289,#11297,#11305,#11313,#11321,#11329,#11337,#11345,#11353,#11361,#11369,#11377,#11385,#11393,#11401,#11409,#11417,#11425,#11433,#11441,#11449,#11457,#11465,#11473,#11481,#11489,#11497,#11505,#11513,#11521,#11529,#11537,#11545,#11553,#11561,#11569,#11577,#11585,#11593,#11601,#11609,#11617,#11625,#11633,#11641,#11649,#11657,#11665,#11673,#11681,#11689,#11697,#11705,#11713,#11721,#11729,#11737,#11745,#11753,#11761,#11769,#11777,#11785,#11793,#11801,#11809,#11817,#11825,#11833,#11841,#11849,#11857,#11865,#11873,#11881,#11889,#11897,#11905,#11913,#11921,#11929,#11937,#11945,#11953,#11961,#11969,#11977,#11985,#11993,#12001,#12009,#12017,#12025,#12033,#12041,#12049,#12057,#12065,#12073,#12081,#12089,#12097,#12105,#12113,#12121,#12129,#12137,#12145,#12153,#12161,#12169,#12177,#12185,#12193,#12201,#12209,#12217,#12225,#12233,#12241,#12249,#12257,#12265,#12273,#12281,#12289,#12297,#12305,#12313,#12321,#12329,#12337,#12345,#12353,#12361,#12369,#12377,#12385,#12393,#12401,#12409,#12417,#12425,#12433,#12441,#12449,#12457,#12465,#12473,#12481,#12489,#12497,#12505,#12513,#12521,#12529,#12537,#12545,#12553,#12561,#12569,#12577,#12585,#12593,#12601,#12609,#12617,#12625,#12633,#12641,#12649,#12657,#12665,#12673,#12681,#12689,#12697,#12705,#12713,#12721,#12729,#12737,#12745,#12753,#12761,#12769,#12777,#12785,#12793,#12801,#12809,#12817,#12825,#12833,#12841,#12849,#12857,#12865,#12873,#12881,#12889,#12897,#12905,#12913,#12921,#12929,#12937,#12945,#12953,#12961,#12969,#12977,#12985,#12993,#13001,#13009,#13017,#13025,#13033,#13041,#13049,#13057,#13065,#13073,#13081,#13089,#13097,#13105,#13113,#13121,#13129,#13137,#13145,#13153,#13161,#13169,#13177,#13185,#13193,#13201,#13209,#13217,#13225,#13233,#13241,#13249,#13257,#13265,#13273,#13281,#13289,#13297,#13305,#13313,#13321,#13329,#13337,#13345,#13353,#13361,#13369,#13377,#13385,#13393,#13401,#13409,#13417,#13425,#13433,#13441,#13449,#13457,#13465,#13473,#13481,#13489,#13497,#13505,#13513,#13521,#13529,#13537,#13545,#13553,#13561,#13569,#13577,#13585,#13593,#13601,#13609,#13617,#13625,#13633,#13641,#13649,#13657,#13665,#13673,#13681,#13689,#13697,#13705,#13713,#13721,#13729,#13737,#13745,#13753,#13761,#13769,#13777,#13785,#13793,#13801,#13809,#13817,#13825,#13833,#13841,#13849,#13857,#13865,#13873,#13881,#13889,#13897,#13905,#13913,#13921,#13929,#13937,#13945,#13953,#13961,#13969,#13977,#13985,#13993,#14001,#14009,#14017,#14025,#14033,#14041,#14049,#14057,#14065,#14073,#14081,#14089,#14097,#14105,#14113,#14121,#14129,#14137,#14145,#14153,#14161,#14169,#14177,#14185,#14193,#14201,#14209,#14217,#14225,#14233,#14241,#14249,#14257,#14265,#14273,#14281,#14289,#14297,#14305,#14313,#14321,#14329,#14337,#14345,#14353,#14361,#14369,#14377,#14385,#14393,#14401,#14409,#14417,#14425,#14433,#14441,#14449,#14457,#14465,#14473,#14481,#14489,#14497,#14505,#14513,#14521,#14529,#14537,#14545,#14553,#14561,#14569,#14577,#14585,#14593,#14601,#14609,#14617,#14625,#14633,#14641,#14649,#14657,#14665,#14673,#14681,#14689,#14697,#14705,#14713,#14721,#14729,#14737,#14745,#14753,#14761,#14769,#14777,#14785,#14793,#14801,#14809,#14817,#14825,#14833,#14841,#14849,#14857,#14865,#14873,#14881,#14889,#14897,#14905,#14913,#14921,#14929,#14937,#14945,#14953,#14961,#14969,#14977,#14985,#14993,#15001,#15009,#15017,#15025,#15033,#15041,#15049,#15057,#15065,#15073,#15081,#15089,#15097,#15105,#15113,#15121,#15129,#15137,#15145,#15153,#15161,#15169,#15177,#15185,#15193,#15201,#15209,#15217,#15225,#15233,#15241,#15249,#15257,#15265,#15273,#15281,#15289,#15297,#15305,#15313,#15321,#15329,#15337,#15345,#15353,#15361,#15369,#15377,#15385,#15393,#15401,#15409,#15417,#15425,#15433,#15441,#15449,#15457,#15465,#15473,#15481,#15489,#15497,#15505,#15513,#15521,#15529,#15537,#15545,#15553,#15561,#15569,#15577,#15585,#15593,#15601,#15609,#15617,#15625,#15633,#15641,#15649,#15657,#15665,#15673,#15681,#15689,#15697,#15705,#15713,#15721,#15729,#15737,#15745,#15753,#15761,#15769,#15777,#15785,#15793,#15801,#15809,#15817,#15825,#15833,#15841,#15849,#15857,#15865,#15873,#15881,#15889,#15897,#15905,#15913,#15921,#15929,#15937,#15945,#15953,#15961,#15969,#15977,#15985,#15993,#16001,#16009,#16017,#16025,#16033,#16041,#16049,#16057,#16065,#16073,#16081,#16089,#16097,#16105,#16113,#16121,#16129,#16137,#16145,#16153,#16161,#16169,#16177,#16185,#16193,#16201,#16209,#16217,#16225,#16233,#16241,#16249,#16257,#16265,#16273,#16281,#16289,#16297,#16305,#16313,#16321,#16329,#16337,#16345,#16353,#16361,#16369,#16377,#16385,#16393,#16401,#16409,#16417,#16425,#16433,#16441,#16449,#16457,#16465,#16473,#16481,#16489,#16497,#16505,#16513,#16521,#16529,#16537,#16545,#16553,#16561,#16569,#16577,#16585,#16593,#16601,#16609,#16617,#16625,#16633,#16641,#16649,#16657,#16665,#16673,#16681,#16689,#16697,#16705,#16713,#16721,#16729,#16737,#16745,#16753,#16761,#16769,#16777,#16785,#16793,#16801,#16809,#16817,#16825,#16833,#16841,#16849,#16857,#16865,#16873,#16881,#16889,#16897,#16905,#16913,#16921,#16929,#16937,#16945,#16953,#16961,#16969,#16977));
#16979=FACETED_BREP('backlight',#16978);
#16980=ADVANCED_BREP_SHAPE_REPRESENTATION('',(#16979),#14);
#16981=SHAPE_DEFINITION_REPRESENTATION(#9,#16980);
ENDSEC;
END-ISO-10303-21;
