ISO-10303-21;
HEADER;
FILE_DESCRIPTION(('replace-face cleaned mesh - faceted PLACEHOLDER, not parametric CAD, not a verified AP1 drop-in'),'2;1');
FILE_NAME('button_sel.step','2026-09-14T20:43:01Z',('s2000-ap1-digital-dash'),(''),'cad/replace_face/mesh_export.py','s2000-ap1-digital-dash','');
FILE_SCHEMA(('CONFIG_CONTROL_DESIGN'));
ENDSEC;
DATA;
#1=APPLICATION_CONTEXT('configuration controlled 3d designs of mechanical parts and assemblies');
#2=APPLICATION_PROTOCOL_DEFINITION('international standard','config_control_design',1994,#1);
#3=PRODUCT_CONTEXT('',#1,'mechanical');
#4=PRODUCT('button_sel','button_sel','PLACEHOLDER faceted mesh - OpenSCAD remains source of truth',(#3));
#5=PRODUCT_DEFINITION_FORMATION('','',#4);
#6=PRODUCT_DEFINITION_CONTEXT('part definition',#1,'design');
#7=PRODUCT_DEFINITION('design','',#5,#6);
#8=PRODUCT_RELATED_PRODUCT_CATEGORY('part',$,(#4));
#9=PRODUCT_DEFINITION_SHAPE('','',#7);
#10=(LENGTH_UNIT()NAMED_UNIT(*)SI_UNIT(.MILLI.,.METRE.));
#11=(NAMED_UNIT(*)PLANE_ANGLE_UNIT()SI_UNIT($,.RADIAN.));
#12=(NAMED_UNIT(*)SI_UNIT($,.STERADIAN.)SOLID_ANGLE_UNIT());
#13=UNCERTAINTY_MEASURE_WITH_UNIT(LENGTH_MEASURE(1.E-6),#10,'distance_accuracy_value','confusion accuracy');
#14=(GEOMETRIC_REPRESENTATION_CONTEXT(3)GLOBAL_UNCERTAINTY_ASSIGNED_CONTEXT((#13))GLOBAL_UNIT_ASSIGNED_CONTEXT((#10,#11,#12))REPRESENTATION_CONTEXT('Context #1','3D Context with UNIT and UNCERTAINTY'));
#20=CARTESIAN_POINT('',(0.635641,0.635641,0.));
#21=CARTESIAN_POINT('',(0.964507,0.365747,0.));
#22=CARTESIAN_POINT('',(0.793444,0.492616,0.));
#23=CARTESIAN_POINT('',(1.339708,0.165198,0.));
#24=CARTESIAN_POINT('',(1.147182,0.256256,0.));
#25=CARTESIAN_POINT('',(0.492616,0.793444,0.));
#26=CARTESIAN_POINT('',(-0.280395,0.159051,3.52));
#27=CARTESIAN_POINT('',(0.159051,-0.280395,3.52));
#28=CARTESIAN_POINT('',(0.957025,-0.758682,3.52));
#29=CARTESIAN_POINT('',(0.675785,-0.625665,3.52));
#30=CARTESIAN_POINT('',(0.,2.170213,0.));
#31=CARTESIAN_POINT('',(0.256256,1.147182,0.));
#32=CARTESIAN_POINT('',(0.0417,1.746825,0.));
#33=CARTESIAN_POINT('',(0.01045,1.957495,0.));
#34=CARTESIAN_POINT('',(0.365747,0.964507,0.));
#35=CARTESIAN_POINT('',(0.093449,1.540233,0.));
#36=CARTESIAN_POINT('',(0.165198,1.339708,0.));
#37=CARTESIAN_POINT('',(2.170213,0.,0.));
#38=CARTESIAN_POINT('',(-0.625665,0.675785,3.52));
#39=CARTESIAN_POINT('',(-0.758682,0.957025,3.52));
#40=CARTESIAN_POINT('',(-0.939085,1.551735,3.52));
#41=CARTESIAN_POINT('',(-0.984735,1.859478,3.52));
#42=CARTESIAN_POINT('',(1.957495,0.01045,0.));
#43=CARTESIAN_POINT('',(1.540233,0.093449,0.));
#44=CARTESIAN_POINT('',(1.746825,0.0417,0.));
#45=CARTESIAN_POINT('',(1.551735,-0.939085,3.52));
#46=CARTESIAN_POINT('',(1.859478,-0.984735,3.52));
#47=CARTESIAN_POINT('',(1.249949,-0.863492,3.52));
#48=CARTESIAN_POINT('',(2.170213,-1.,3.52));
#49=CARTESIAN_POINT('',(4.629787,0.,0.));
#50=CARTESIAN_POINT('',(-0.071466,-0.071466,3.52));
#51=CARTESIAN_POINT('',(-0.465723,0.408937,3.52));
#52=CARTESIAN_POINT('',(0.408937,-0.465723,3.52));
#53=CARTESIAN_POINT('',(0.159051,-0.280395,3.6));
#54=CARTESIAN_POINT('',(-0.465723,0.408937,3.6));
#55=CARTESIAN_POINT('',(-0.280395,0.159051,3.6));
#56=CARTESIAN_POINT('',(-0.625665,0.675785,3.6));
#57=CARTESIAN_POINT('',(-0.071466,-0.071466,3.6));
#58=CARTESIAN_POINT('',(0.675785,-0.625665,3.6));
#59=CARTESIAN_POINT('',(0.408937,-0.465723,3.6));
#60=CARTESIAN_POINT('',(0.957025,-0.758682,3.6));
#61=CARTESIAN_POINT('',(1.249949,-0.863492,3.6));
#62=CARTESIAN_POINT('',(-0.863492,1.249949,3.52));
#63=CARTESIAN_POINT('',(-1.,2.170213,3.52));
#64=CARTESIAN_POINT('',(-0.758682,0.957025,3.6));
#65=CARTESIAN_POINT('',(-0.939085,1.551735,3.6));
#66=CARTESIAN_POINT('',(-0.863492,1.249949,3.6));
#67=CARTESIAN_POINT('',(-1.,2.170213,3.6));
#68=CARTESIAN_POINT('',(-0.984735,1.859478,3.6));
#69=CARTESIAN_POINT('',(1.859478,-0.984735,3.6));
#70=CARTESIAN_POINT('',(1.551735,-0.939085,3.6));
#71=CARTESIAN_POINT('',(2.170213,-1.,3.6));
#72=CARTESIAN_POINT('',(4.629787,-1.,3.6));
#73=CARTESIAN_POINT('',(0.0417,2.5936,0.));
#74=CARTESIAN_POINT('',(0.01045,2.382931,0.));
#75=CARTESIAN_POINT('',(0.165198,3.000717,0.));
#76=CARTESIAN_POINT('',(0.093449,2.800192,0.));
#77=CARTESIAN_POINT('',(0.635641,3.704785,0.));
#78=CARTESIAN_POINT('',(0.365747,3.375918,0.));
#79=CARTESIAN_POINT('',(0.256256,3.193244,0.));
#80=CARTESIAN_POINT('',(0.492616,3.546981,0.));
#81=CARTESIAN_POINT('',(2.170213,4.340425,0.));
#82=CARTESIAN_POINT('',(-0.984735,2.480948,3.52));
#83=CARTESIAN_POINT('',(-0.939085,2.788691,3.52));
#84=CARTESIAN_POINT('',(-0.758682,3.383401,3.52));
#85=CARTESIAN_POINT('',(-0.625665,3.664641,3.52));
#86=CARTESIAN_POINT('',(-0.280395,4.181375,3.52));
#87=CARTESIAN_POINT('',(0.964507,3.974679,0.));
#88=CARTESIAN_POINT('',(0.793444,3.84781,0.));
#89=CARTESIAN_POINT('',(1.339708,4.175228,0.));
#90=CARTESIAN_POINT('',(1.147182,4.084169,0.));
#91=CARTESIAN_POINT('',(-0.071466,4.411892,3.52));
#92=CARTESIAN_POINT('',(0.159051,4.620821,3.52));
#93=CARTESIAN_POINT('',(0.675785,4.966091,3.52));
#94=CARTESIAN_POINT('',(1.746825,4.298726,0.));
#95=CARTESIAN_POINT('',(1.540233,4.246977,0.));
#96=CARTESIAN_POINT('',(1.957495,4.329975,0.));
#97=CARTESIAN_POINT('',(1.249949,5.203917,3.52));
#98=CARTESIAN_POINT('',(1.859478,5.32516,3.52));
#99=CARTESIAN_POINT('',(2.170213,5.340425,3.52));
#100=CARTESIAN_POINT('',(4.629787,4.340425,0.));
#101=CARTESIAN_POINT('',(-0.863492,3.090477,3.52));
#102=CARTESIAN_POINT('',(-0.465723,3.931489,3.52));
#103=CARTESIAN_POINT('',(-0.984735,2.480948,3.6));
#104=CARTESIAN_POINT('',(-0.939085,2.788691,3.6));
#105=CARTESIAN_POINT('',(-0.758682,3.383401,3.6));
#106=CARTESIAN_POINT('',(-0.863492,3.090477,3.6));
#107=CARTESIAN_POINT('',(-0.465723,3.931489,3.6));
#108=CARTESIAN_POINT('',(-0.625665,3.664641,3.6));
#109=CARTESIAN_POINT('',(0.675785,4.966091,3.6));
#110=CARTESIAN_POINT('',(0.408937,4.806149,3.52));
#111=CARTESIAN_POINT('',(0.957025,5.099107,3.52));
#112=CARTESIAN_POINT('',(-0.280395,4.181375,3.6));
#113=CARTESIAN_POINT('',(0.159051,4.620821,3.6));
#114=CARTESIAN_POINT('',(-0.071466,4.411892,3.6));
#115=CARTESIAN_POINT('',(0.408937,4.806149,3.6));
#116=CARTESIAN_POINT('',(0.957025,5.099107,3.6));
#117=CARTESIAN_POINT('',(1.249949,5.203917,3.6));
#118=CARTESIAN_POINT('',(4.629787,5.340425,3.6));
#119=CARTESIAN_POINT('',(1.551735,5.279511,3.52));
#120=CARTESIAN_POINT('',(1.859478,5.32516,3.6));
#121=CARTESIAN_POINT('',(1.551735,5.279511,3.6));
#122=CARTESIAN_POINT('',(2.170213,5.340425,3.6));
#123=CARTESIAN_POINT('',(4.842505,0.01045,0.));
#124=CARTESIAN_POINT('',(5.460292,0.165198,0.));
#125=CARTESIAN_POINT('',(6.434253,0.964507,0.));
#126=CARTESIAN_POINT('',(5.053175,0.0417,0.));
#127=CARTESIAN_POINT('',(5.259767,0.093449,0.));
#128=CARTESIAN_POINT('',(4.940522,-0.984735,3.52));
#129=CARTESIAN_POINT('',(5.248265,-0.939085,3.52));
#130=CARTESIAN_POINT('',(5.842975,-0.758682,3.52));
#131=CARTESIAN_POINT('',(6.8,2.170213,0.));
#132=CARTESIAN_POINT('',(5.835493,0.365747,0.));
#133=CARTESIAN_POINT('',(5.652819,0.256256,0.));
#134=CARTESIAN_POINT('',(6.006556,0.492616,0.));
#135=CARTESIAN_POINT('',(6.124215,-0.625665,3.52));
#136=CARTESIAN_POINT('',(6.391063,-0.465723,3.52));
#137=CARTESIAN_POINT('',(6.16436,0.635641,0.));
#138=CARTESIAN_POINT('',(6.640949,-0.280395,3.52));
#139=CARTESIAN_POINT('',(6.307384,0.793444,0.));
#140=CARTESIAN_POINT('',(7.080395,0.159051,3.52));
#141=CARTESIAN_POINT('',(6.706552,1.540233,0.));
#142=CARTESIAN_POINT('',(6.543744,1.147182,0.));
#143=CARTESIAN_POINT('',(6.634802,1.339708,0.));
#144=CARTESIAN_POINT('',(6.78955,1.957495,0.));
#145=CARTESIAN_POINT('',(6.7583,1.746825,0.));
#146=CARTESIAN_POINT('',(7.425665,0.675785,3.52));
#147=CARTESIAN_POINT('',(7.558682,0.957025,3.52));
#148=CARTESIAN_POINT('',(7.739085,1.551735,3.52));
#149=CARTESIAN_POINT('',(7.784735,1.859478,3.52));
#150=CARTESIAN_POINT('',(4.629787,-1.,3.52));
#151=CARTESIAN_POINT('',(5.550051,-0.863492,3.52));
#152=CARTESIAN_POINT('',(4.940522,-0.984735,3.6));
#153=CARTESIAN_POINT('',(5.248265,-0.939085,3.6));
#154=CARTESIAN_POINT('',(5.842975,-0.758682,3.6));
#155=CARTESIAN_POINT('',(5.550051,-0.863492,3.6));
#156=CARTESIAN_POINT('',(6.871466,-0.071466,3.52));
#157=CARTESIAN_POINT('',(7.265723,0.408937,3.52));
#158=CARTESIAN_POINT('',(6.871466,-0.071466,3.6));
#159=CARTESIAN_POINT('',(6.124215,-0.625665,3.6));
#160=CARTESIAN_POINT('',(6.391063,-0.465723,3.6));
#161=CARTESIAN_POINT('',(6.640949,-0.280395,3.6));
#162=CARTESIAN_POINT('',(7.8,2.170213,3.6));
#163=CARTESIAN_POINT('',(7.080395,0.159051,3.6));
#164=CARTESIAN_POINT('',(7.425665,0.675785,3.6));
#165=CARTESIAN_POINT('',(7.265723,0.408937,3.6));
#166=CARTESIAN_POINT('',(7.663492,1.249949,3.52));
#167=CARTESIAN_POINT('',(7.8,2.170213,3.52));
#168=CARTESIAN_POINT('',(7.663492,1.249949,3.6));
#169=CARTESIAN_POINT('',(7.558682,0.957025,3.6));
#170=CARTESIAN_POINT('',(7.739085,1.551735,3.6));
#171=CARTESIAN_POINT('',(7.784735,1.859478,3.6));
#172=CARTESIAN_POINT('',(5.460292,4.175228,0.));
#173=CARTESIAN_POINT('',(4.842505,4.329975,0.));
#174=CARTESIAN_POINT('',(5.053175,4.298726,0.));
#175=CARTESIAN_POINT('',(5.259767,4.246977,0.));
#176=CARTESIAN_POINT('',(5.550051,5.203917,3.52));
#177=CARTESIAN_POINT('',(4.940522,5.32516,3.52));
#178=CARTESIAN_POINT('',(5.248265,5.279511,3.52));
#179=CARTESIAN_POINT('',(6.16436,3.704785,0.));
#180=CARTESIAN_POINT('',(6.706552,2.800192,0.));
#181=CARTESIAN_POINT('',(6.543744,3.193244,0.));
#182=CARTESIAN_POINT('',(6.634802,3.000717,0.));
#183=CARTESIAN_POINT('',(6.434253,3.375918,0.));
#184=CARTESIAN_POINT('',(6.307384,3.546981,0.));
#185=CARTESIAN_POINT('',(6.78955,2.382931,0.));
#186=CARTESIAN_POINT('',(6.7583,2.5936,0.));
#187=CARTESIAN_POINT('',(7.080395,4.181375,3.52));
#188=CARTESIAN_POINT('',(7.784735,2.480948,3.52));
#189=CARTESIAN_POINT('',(7.739085,2.788691,3.52));
#190=CARTESIAN_POINT('',(7.558682,3.383401,3.52));
#191=CARTESIAN_POINT('',(7.425665,3.664641,3.52));
#192=CARTESIAN_POINT('',(5.835493,3.974679,0.));
#193=CARTESIAN_POINT('',(5.652819,4.084169,0.));
#194=CARTESIAN_POINT('',(6.006556,3.84781,0.));
#195=CARTESIAN_POINT('',(5.842975,5.099107,3.52));
#196=CARTESIAN_POINT('',(6.391063,4.806149,3.52));
#197=CARTESIAN_POINT('',(6.871466,4.411892,3.52));
#198=CARTESIAN_POINT('',(4.629787,5.340425,3.52));
#199=CARTESIAN_POINT('',(4.940522,5.32516,3.6));
#200=CARTESIAN_POINT('',(5.248265,5.279511,3.6));
#201=CARTESIAN_POINT('',(5.842975,5.099107,3.6));
#202=CARTESIAN_POINT('',(5.550051,5.203917,3.6));
#203=CARTESIAN_POINT('',(7.663492,3.090477,3.52));
#204=CARTESIAN_POINT('',(7.265723,3.931489,3.52));
#205=CARTESIAN_POINT('',(7.784735,2.480948,3.6));
#206=CARTESIAN_POINT('',(7.739085,2.788691,3.6));
#207=CARTESIAN_POINT('',(7.663492,3.090477,3.6));
#208=CARTESIAN_POINT('',(7.265723,3.931489,3.6));
#209=CARTESIAN_POINT('',(7.558682,3.383401,3.6));
#210=CARTESIAN_POINT('',(7.425665,3.664641,3.6));
#211=CARTESIAN_POINT('',(6.640949,4.620821,3.52));
#212=CARTESIAN_POINT('',(6.124215,4.966091,3.52));
#213=CARTESIAN_POINT('',(6.871466,4.411892,3.6));
#214=CARTESIAN_POINT('',(6.124215,4.966091,3.6));
#215=CARTESIAN_POINT('',(6.391063,4.806149,3.6));
#216=CARTESIAN_POINT('',(6.640949,4.620821,3.6));
#217=CARTESIAN_POINT('',(7.080395,4.181375,3.6));
#218=CARTESIAN_POINT('',(0.635641,0.635641,0.));
#219=DIRECTION('',(0.,0.,-1.));
#220=DIRECTION('',(0.77301,-0.634393,0.));
#221=AXIS2_PLACEMENT_3D('',#218,#219,#220);
#222=PLANE('',#221);
#223=POLY_LOOP('',(#20,#21,#22));
#224=FACE_OUTER_BOUND('',#223,.T.);
#225=FACE_SURFACE('',(#224),#222,.T.);
#226=CARTESIAN_POINT('',(0.964507,0.365747,0.));
#227=DIRECTION('',(0.,0.,-1.));
#228=DIRECTION('',(0.881921,-0.471397,0.));
#229=AXIS2_PLACEMENT_3D('',#226,#227,#228);
#230=PLANE('',#229);
#231=POLY_LOOP('',(#21,#23,#24));
#232=FACE_OUTER_BOUND('',#231,.T.);
#233=FACE_SURFACE('',(#232),#230,.T.);
#234=CARTESIAN_POINT('',(0.635641,0.635641,0.));
#235=DIRECTION('',(0.,0.,-1.));
#236=DIRECTION('',(0.83147,-0.55557,0.));
#237=AXIS2_PLACEMENT_3D('',#234,#235,#236);
#238=PLANE('',#237);
#239=POLY_LOOP('',(#20,#23,#21));
#240=FACE_OUTER_BOUND('',#239,.T.);
#241=FACE_SURFACE('',(#240),#238,.T.);
#242=CARTESIAN_POINT('',(0.492616,0.793444,0.));
#243=DIRECTION('',(-0.712811,-0.646055,-0.272972));
#244=DIRECTION('',(0.671559,-0.740951,0.));
#245=AXIS2_PLACEMENT_3D('',#242,#243,#244);
#246=PLANE('',#245);
#247=POLY_LOOP('',(#25,#20,#26));
#248=FACE_OUTER_BOUND('',#247,.T.);
#249=FACE_SURFACE('',(#248),#246,.T.);
#250=CARTESIAN_POINT('',(0.159051,-0.280395,3.52));
#251=DIRECTION('',(-0.646055,-0.712811,-0.272972));
#252=DIRECTION('',(0.12992,0.249714,-0.959564));
#253=AXIS2_PLACEMENT_3D('',#250,#251,#252);
#254=PLANE('',#253);
#255=POLY_LOOP('',(#27,#20,#22));
#256=FACE_OUTER_BOUND('',#255,.T.);
#257=FACE_SURFACE('',(#256),#254,.T.);
#258=CARTESIAN_POINT('',(0.964507,0.365747,0.));
#259=DIRECTION('',(-0.573076,-0.772703,-0.272972));
#260=DIRECTION('',(-0.21957,-0.17614,0.959564));
#261=AXIS2_PLACEMENT_3D('',#258,#259,#260);
#262=PLANE('',#261);
#263=POLY_LOOP('',(#21,#27,#22));
#264=FACE_OUTER_BOUND('',#263,.T.);
#265=FACE_SURFACE('',(#264),#262,.T.);
#266=CARTESIAN_POINT('',(1.339708,0.165198,0.));
#267=DIRECTION('',(-0.411317,-0.869658,-0.272972));
#268=DIRECTION('',(-0.104579,-0.252475,0.961935));
#269=AXIS2_PLACEMENT_3D('',#266,#267,#268);
#270=PLANE('',#269);
#271=POLY_LOOP('',(#23,#28,#24));
#272=FACE_OUTER_BOUND('',#271,.T.);
#273=FACE_SURFACE('',(#272),#270,.T.);
#274=CARTESIAN_POINT('',(0.675785,-0.625665,3.52));
#275=DIRECTION('',(-0.494578,-0.825154,-0.272972));
#276=DIRECTION('',(0.078707,0.270262,-0.959564));
#277=AXIS2_PLACEMENT_3D('',#274,#275,#276);
#278=PLANE('',#277);
#279=POLY_LOOP('',(#29,#21,#24));
#280=FACE_OUTER_BOUND('',#279,.T.);
#281=FACE_SURFACE('',(#280),#278,.T.);
#282=CARTESIAN_POINT('',(0.,2.170213,0.));
#283=DIRECTION('',(0.,0.,-1.));
#284=DIRECTION('',(0.24298,-0.970031,0.));
#285=AXIS2_PLACEMENT_3D('',#282,#283,#284);
#286=PLANE('',#285);
#287=POLY_LOOP('',(#30,#31,#32));
#288=FACE_OUTER_BOUND('',#287,.T.);
#289=FACE_SURFACE('',(#288),#286,.T.);
#290=CARTESIAN_POINT('',(0.,2.170213,0.));
#291=DIRECTION('',(0.,0.,-1.));
#292=DIRECTION('',(0.098017,-0.995185,0.));
#293=AXIS2_PLACEMENT_3D('',#290,#291,#292);
#294=PLANE('',#293);
#295=POLY_LOOP('',(#30,#32,#33));
#296=FACE_OUTER_BOUND('',#295,.T.);
#297=FACE_SURFACE('',(#296),#294,.T.);
#298=CARTESIAN_POINT('',(0.365747,0.964507,0.));
#299=DIRECTION('',(0.,0.,-1.));
#300=DIRECTION('',(0.634393,-0.77301,0.));
#301=AXIS2_PLACEMENT_3D('',#298,#299,#300);
#302=PLANE('',#301);
#303=POLY_LOOP('',(#34,#20,#25));
#304=FACE_OUTER_BOUND('',#303,.T.);
#305=FACE_SURFACE('',(#304),#302,.T.);
#306=CARTESIAN_POINT('',(0.256256,1.147182,0.));
#307=DIRECTION('',(0.,0.,-1.));
#308=DIRECTION('',(0.595699,-0.803207,0.));
#309=AXIS2_PLACEMENT_3D('',#306,#307,#308);
#310=PLANE('',#309);
#311=POLY_LOOP('',(#31,#20,#34));
#312=FACE_OUTER_BOUND('',#311,.T.);
#313=FACE_SURFACE('',(#312),#310,.T.);
#314=CARTESIAN_POINT('',(0.093449,1.540233,0.));
#315=DIRECTION('',(0.,0.,-1.));
#316=DIRECTION('',(0.382683,-0.92388,0.));
#317=AXIS2_PLACEMENT_3D('',#314,#315,#316);
#318=PLANE('',#317);
#319=POLY_LOOP('',(#35,#31,#36));
#320=FACE_OUTER_BOUND('',#319,.T.);
#321=FACE_SURFACE('',(#320),#318,.T.);
#322=CARTESIAN_POINT('',(0.,2.170213,0.));
#323=DIRECTION('',(0.,0.,-1.));
#324=DIRECTION('',(0.382683,-0.92388,0.));
#325=AXIS2_PLACEMENT_3D('',#322,#323,#324);
#326=PLANE('',#325);
#327=POLY_LOOP('',(#30,#20,#31));
#328=FACE_OUTER_BOUND('',#327,.T.);
#329=FACE_SURFACE('',(#328),#326,.T.);
#330=CARTESIAN_POINT('',(0.,2.170213,0.));
#331=DIRECTION('',(0.,0.,-1.));
#332=DIRECTION('',(0.707107,-0.707107,0.));
#333=AXIS2_PLACEMENT_3D('',#330,#331,#332);
#334=PLANE('',#333);
#335=POLY_LOOP('',(#30,#37,#20));
#336=FACE_OUTER_BOUND('',#335,.T.);
#337=FACE_SURFACE('',(#336),#334,.T.);
#338=CARTESIAN_POINT('',(0.093449,1.540233,0.));
#339=DIRECTION('',(0.,0.,-1.));
#340=DIRECTION('',(-0.24298,0.970031,0.));
#341=AXIS2_PLACEMENT_3D('',#338,#339,#340);
#342=PLANE('',#341);
#343=POLY_LOOP('',(#35,#32,#31));
#344=FACE_OUTER_BOUND('',#343,.T.);
#345=FACE_SURFACE('',(#344),#342,.T.);
#346=CARTESIAN_POINT('',(-0.625665,0.675785,3.52));
#347=DIRECTION('',(-0.825154,-0.494578,-0.272972));
#348=DIRECTION('',(0.241009,0.128822,-0.961935));
#349=AXIS2_PLACEMENT_3D('',#346,#347,#348);
#350=PLANE('',#349);
#351=POLY_LOOP('',(#38,#31,#34));
#352=FACE_OUTER_BOUND('',#351,.T.);
#353=FACE_SURFACE('',(#352),#350,.T.);
#354=CARTESIAN_POINT('',(0.256256,1.147182,0.));
#355=DIRECTION('',(-0.869658,-0.411317,-0.272972));
#356=DIRECTION('',(-0.276676,-0.051837,0.959564));
#357=AXIS2_PLACEMENT_3D('',#354,#355,#356);
#358=PLANE('',#357);
#359=POLY_LOOP('',(#31,#39,#36));
#360=FACE_OUTER_BOUND('',#359,.T.);
#361=FACE_SURFACE('',(#360),#358,.T.);
#362=CARTESIAN_POINT('',(-0.758682,0.957025,3.52));
#363=DIRECTION('',(-0.905786,-0.324095,-0.272972));
#364=DIRECTION('',(0.232294,0.158985,-0.959564));
#365=AXIS2_PLACEMENT_3D('',#362,#363,#364);
#366=PLANE('',#365);
#367=POLY_LOOP('',(#39,#35,#36));
#368=FACE_OUTER_BOUND('',#367,.T.);
#369=FACE_SURFACE('',(#368),#366,.T.);
#370=CARTESIAN_POINT('',(-0.939085,1.551735,3.52));
#371=DIRECTION('',(-0.933191,-0.233752,-0.272972));
#372=DIRECTION('',(0.268026,0.053314,-0.961935));
#373=AXIS2_PLACEMENT_3D('',#370,#371,#372);
#374=PLANE('',#373);
#375=POLY_LOOP('',(#40,#32,#35));
#376=FACE_OUTER_BOUND('',#375,.T.);
#377=FACE_SURFACE('',(#376),#374,.T.);
#378=CARTESIAN_POINT('',(0.0417,1.746825,0.));
#379=DIRECTION('',(-0.951609,-0.141158,-0.272972));
#380=DIRECTION('',(-0.27981,0.030709,0.959564));
#381=AXIS2_PLACEMENT_3D('',#378,#379,#380);
#382=PLANE('',#381);
#383=POLY_LOOP('',(#32,#41,#33));
#384=FACE_OUTER_BOUND('',#383,.T.);
#385=FACE_SURFACE('',(#384),#382,.T.);
#386=CARTESIAN_POINT('',(-0.984735,1.859478,3.52));
#387=DIRECTION('',(-0.960863,-0.047204,-0.272972));
#388=DIRECTION('',(0.268442,0.084708,-0.959564));
#389=AXIS2_PLACEMENT_3D('',#386,#387,#388);
#390=PLANE('',#389);
#391=POLY_LOOP('',(#41,#30,#33));
#392=FACE_OUTER_BOUND('',#391,.T.);
#393=FACE_SURFACE('',(#392),#390,.T.);
#394=CARTESIAN_POINT('',(0.365747,0.964507,0.));
#395=DIRECTION('',(-0.772703,-0.573076,-0.272972));
#396=DIRECTION('',(0.595699,-0.803208,0.));
#397=AXIS2_PLACEMENT_3D('',#394,#395,#396);
#398=PLANE('',#397);
#399=POLY_LOOP('',(#34,#25,#26));
#400=FACE_OUTER_BOUND('',#399,.T.);
#401=FACE_SURFACE('',(#400),#398,.T.);
#402=CARTESIAN_POINT('',(1.339708,0.165198,0.));
#403=DIRECTION('',(0.,0.,-1.));
#404=DIRECTION('',(0.970031,-0.24298,0.));
#405=AXIS2_PLACEMENT_3D('',#402,#403,#404);
#406=PLANE('',#405);
#407=POLY_LOOP('',(#23,#42,#43));
#408=FACE_OUTER_BOUND('',#407,.T.);
#409=FACE_SURFACE('',(#408),#406,.T.);
#410=CARTESIAN_POINT('',(1.746825,0.0417,0.));
#411=DIRECTION('',(0.,0.,-1.));
#412=DIRECTION('',(-0.970031,0.24298,0.));
#413=AXIS2_PLACEMENT_3D('',#410,#411,#412);
#414=PLANE('',#413);
#415=POLY_LOOP('',(#44,#43,#42));
#416=FACE_OUTER_BOUND('',#415,.T.);
#417=FACE_SURFACE('',(#416),#414,.T.);
#418=CARTESIAN_POINT('',(0.635641,0.635641,0.));
#419=DIRECTION('',(0.,0.,-1.));
#420=DIRECTION('',(0.92388,-0.382683,0.));
#421=AXIS2_PLACEMENT_3D('',#418,#419,#420);
#422=PLANE('',#421);
#423=POLY_LOOP('',(#20,#37,#23));
#424=FACE_OUTER_BOUND('',#423,.T.);
#425=FACE_SURFACE('',(#424),#422,.T.);
#426=CARTESIAN_POINT('',(1.339708,0.165198,0.));
#427=DIRECTION('',(0.,0.,-1.));
#428=DIRECTION('',(0.980785,-0.19509,0.));
#429=AXIS2_PLACEMENT_3D('',#426,#427,#428);
#430=PLANE('',#429);
#431=POLY_LOOP('',(#23,#37,#42));
#432=FACE_OUTER_BOUND('',#431,.T.);
#433=FACE_SURFACE('',(#432),#430,.T.);
#434=CARTESIAN_POINT('',(1.551735,-0.939085,3.52));
#435=DIRECTION('',(-0.233752,-0.933191,-0.272972));
#436=DIRECTION('',(-0.003135,0.281472,-0.959564));
#437=AXIS2_PLACEMENT_3D('',#434,#435,#436);
#438=PLANE('',#437);
#439=POLY_LOOP('',(#45,#43,#44));
#440=FACE_OUTER_BOUND('',#439,.T.);
#441=FACE_SURFACE('',(#440),#438,.T.);
#442=CARTESIAN_POINT('',(1.957495,0.01045,0.));
#443=DIRECTION('',(-0.141158,-0.951609,-0.272972));
#444=DIRECTION('',(-0.026786,-0.271961,0.961935));
#445=AXIS2_PLACEMENT_3D('',#442,#443,#444);
#446=PLANE('',#445);
#447=POLY_LOOP('',(#42,#46,#44));
#448=FACE_OUTER_BOUND('',#447,.T.);
#449=FACE_SURFACE('',(#448),#446,.T.);
#450=CARTESIAN_POINT('',(2.170213,0.,0.));
#451=DIRECTION('',(-0.047204,-0.960863,-0.272972));
#452=DIRECTION('',(-0.084708,-0.268442,0.959564));
#453=AXIS2_PLACEMENT_3D('',#450,#451,#452);
#454=PLANE('',#453);
#455=POLY_LOOP('',(#37,#46,#42));
#456=FACE_OUTER_BOUND('',#455,.T.);
#457=FACE_SURFACE('',(#456),#454,.T.);
#458=CARTESIAN_POINT('',(1.249949,-0.863492,3.52));
#459=DIRECTION('',(-0.324095,-0.905786,-0.272972));
#460=DIRECTION('',(0.024469,0.280424,-0.959564));
#461=AXIS2_PLACEMENT_3D('',#458,#459,#460);
#462=PLANE('',#461);
#463=POLY_LOOP('',(#47,#23,#43));
#464=FACE_OUTER_BOUND('',#463,.T.);
#465=FACE_SURFACE('',(#464),#462,.T.);
#466=CARTESIAN_POINT('',(2.170213,-1.,3.52));
#467=DIRECTION('',(0.,-0.961935,-0.273277));
#468=DIRECTION('',(0.,0.273277,-0.961935));
#469=AXIS2_PLACEMENT_3D('',#466,#467,#468);
#470=PLANE('',#469);
#471=POLY_LOOP('',(#48,#37,#49));
#472=FACE_OUTER_BOUND('',#471,.T.);
#473=FACE_SURFACE('',(#472),#470,.T.);
#474=CARTESIAN_POINT('',(0.635641,0.635641,0.));
#475=DIRECTION('',(-0.712811,-0.646054,-0.272972));
#476=DIRECTION('',(-0.193236,-0.193236,0.961935));
#477=AXIS2_PLACEMENT_3D('',#474,#475,#476);
#478=PLANE('',#477);
#479=POLY_LOOP('',(#20,#50,#26));
#480=FACE_OUTER_BOUND('',#479,.T.);
#481=FACE_SURFACE('',(#480),#478,.T.);
#482=CARTESIAN_POINT('',(-0.280395,0.159051,3.52));
#483=DIRECTION('',(-0.772703,-0.573076,-0.272972));
#484=DIRECTION('',(-0.595699,0.803208,0.));
#485=AXIS2_PLACEMENT_3D('',#482,#483,#484);
#486=PLANE('',#485);
#487=POLY_LOOP('',(#26,#51,#34));
#488=FACE_OUTER_BOUND('',#487,.T.);
#489=FACE_SURFACE('',(#488),#486,.T.);
#490=CARTESIAN_POINT('',(0.408937,-0.465723,3.52));
#491=DIRECTION('',(-0.494578,-0.825154,-0.272972));
#492=DIRECTION('',(0.151825,0.227222,-0.961935));
#493=AXIS2_PLACEMENT_3D('',#490,#491,#492);
#494=PLANE('',#493);
#495=POLY_LOOP('',(#52,#21,#29));
#496=FACE_OUTER_BOUND('',#495,.T.);
#497=FACE_SURFACE('',(#496),#494,.T.);
#498=CARTESIAN_POINT('',(1.249949,-0.863492,3.52));
#499=DIRECTION('',(-0.324095,-0.905786,-0.272972));
#500=DIRECTION('',(-0.941544,0.33689,0.));
#501=AXIS2_PLACEMENT_3D('',#498,#499,#500);
#502=PLANE('',#501);
#503=POLY_LOOP('',(#47,#28,#23));
#504=FACE_OUTER_BOUND('',#503,.T.);
#505=FACE_SURFACE('',(#504),#502,.T.);
#506=CARTESIAN_POINT('',(0.957025,-0.758682,3.52));
#507=DIRECTION('',(-0.411317,-0.869658,-0.272972));
#508=DIRECTION('',(-0.903989,0.427555,0.));
#509=AXIS2_PLACEMENT_3D('',#506,#507,#508);
#510=PLANE('',#509);
#511=POLY_LOOP('',(#28,#29,#24));
#512=FACE_OUTER_BOUND('',#511,.T.);
#513=FACE_SURFACE('',(#512),#510,.T.);
#514=CARTESIAN_POINT('',(0.159051,-0.280395,3.52));
#515=DIRECTION('',(-0.646054,-0.712811,-0.272972));
#516=DIRECTION('',(-0.740951,0.671559,0.));
#517=AXIS2_PLACEMENT_3D('',#514,#515,#516);
#518=PLANE('',#517);
#519=POLY_LOOP('',(#27,#50,#20));
#520=FACE_OUTER_BOUND('',#519,.T.);
#521=FACE_SURFACE('',(#520),#518,.T.);
#522=CARTESIAN_POINT('',(0.964507,0.365747,0.));
#523=DIRECTION('',(-0.573076,-0.772703,-0.272972));
#524=DIRECTION('',(-0.151825,-0.227222,0.961935));
#525=AXIS2_PLACEMENT_3D('',#522,#523,#524);
#526=PLANE('',#525);
#527=POLY_LOOP('',(#21,#52,#27));
#528=FACE_OUTER_BOUND('',#527,.T.);
#529=FACE_SURFACE('',(#528),#526,.T.);
#530=CARTESIAN_POINT('',(0.159051,-0.280395,3.6));
#531=DIRECTION('',(-0.671559,-0.740951,0.));
#532=DIRECTION('',(-0.717606,0.6504,-0.249042));
#533=AXIS2_PLACEMENT_3D('',#530,#531,#532);
#534=PLANE('',#533);
#535=POLY_LOOP('',(#53,#50,#27));
#536=FACE_OUTER_BOUND('',#535,.T.);
#537=FACE_SURFACE('',(#536),#534,.T.);
#538=CARTESIAN_POINT('',(-0.465723,0.408937,3.6));
#539=DIRECTION('',(0.,0.,1.));
#540=DIRECTION('',(0.595699,-0.803208,0.));
#541=AXIS2_PLACEMENT_3D('',#538,#539,#540);
#542=PLANE('',#541);
#543=POLY_LOOP('',(#54,#55,#56));
#544=FACE_OUTER_BOUND('',#543,.T.);
#545=FACE_SURFACE('',(#544),#542,.T.);
#546=CARTESIAN_POINT('',(-0.625665,0.675785,3.52));
#547=DIRECTION('',(-0.857729,-0.514103,0.));
#548=DIRECTION('',(0.514103,-0.857729,0.));
#549=AXIS2_PLACEMENT_3D('',#546,#547,#548);
#550=PLANE('',#549);
#551=POLY_LOOP('',(#38,#51,#54));
#552=FACE_OUTER_BOUND('',#551,.T.);
#553=FACE_SURFACE('',(#552),#550,.T.);
#554=CARTESIAN_POINT('',(-0.280395,0.159051,3.6));
#555=DIRECTION('',(-0.740951,-0.671559,0.));
#556=DIRECTION('',(0.,0.,-1.));
#557=AXIS2_PLACEMENT_3D('',#554,#555,#556);
#558=PLANE('',#557);
#559=POLY_LOOP('',(#55,#26,#50));
#560=FACE_OUTER_BOUND('',#559,.T.);
#561=FACE_SURFACE('',(#560),#558,.T.);
#562=CARTESIAN_POINT('',(-0.071466,-0.071466,3.52));
#563=DIRECTION('',(-0.671559,-0.740951,0.));
#564=DIRECTION('',(0.717606,-0.6504,0.249042));
#565=AXIS2_PLACEMENT_3D('',#562,#563,#564);
#566=PLANE('',#565);
#567=POLY_LOOP('',(#50,#53,#57));
#568=FACE_OUTER_BOUND('',#567,.T.);
#569=FACE_SURFACE('',(#568),#566,.T.);
#570=CARTESIAN_POINT('',(-0.071466,-0.071466,3.6));
#571=DIRECTION('',(-0.740951,-0.671559,0.));
#572=DIRECTION('',(-0.671559,0.740951,0.));
#573=AXIS2_PLACEMENT_3D('',#570,#571,#572);
#574=PLANE('',#573);
#575=POLY_LOOP('',(#57,#55,#50));
#576=FACE_OUTER_BOUND('',#575,.T.);
#577=FACE_SURFACE('',(#576),#574,.T.);
#578=CARTESIAN_POINT('',(0.675785,-0.625665,3.6));
#579=DIRECTION('',(0.,0.,1.));
#580=DIRECTION('',(-0.707107,0.707107,0.));
#581=AXIS2_PLACEMENT_3D('',#578,#579,#580);
#582=PLANE('',#581);
#583=POLY_LOOP('',(#58,#56,#57));
#584=FACE_OUTER_BOUND('',#583,.T.);
#585=FACE_SURFACE('',(#584),#582,.T.);
#586=CARTESIAN_POINT('',(-0.280395,0.159051,3.6));
#587=DIRECTION('',(-0.803208,-0.595699,0.));
#588=DIRECTION('',(-0.57693,0.777901,-0.249042));
#589=AXIS2_PLACEMENT_3D('',#586,#587,#588);
#590=PLANE('',#589);
#591=POLY_LOOP('',(#55,#51,#26));
#592=FACE_OUTER_BOUND('',#591,.T.);
#593=FACE_SURFACE('',(#592),#590,.T.);
#594=CARTESIAN_POINT('',(-0.071466,-0.071466,3.6));
#595=DIRECTION('',(0.,0.,1.));
#596=DIRECTION('',(-0.595699,0.803208,0.));
#597=AXIS2_PLACEMENT_3D('',#594,#595,#596);
#598=PLANE('',#597);
#599=POLY_LOOP('',(#57,#56,#55));
#600=FACE_OUTER_BOUND('',#599,.T.);
#601=FACE_SURFACE('',(#600),#598,.T.);
#602=CARTESIAN_POINT('',(-0.280395,0.159051,3.6));
#603=DIRECTION('',(-0.803208,-0.595699,0.));
#604=DIRECTION('',(-0.595699,0.803208,0.));
#605=AXIS2_PLACEMENT_3D('',#602,#603,#604);
#606=PLANE('',#605);
#607=POLY_LOOP('',(#55,#54,#51));
#608=FACE_OUTER_BOUND('',#607,.T.);
#609=FACE_SURFACE('',(#608),#606,.T.);
#610=CARTESIAN_POINT('',(0.408937,-0.465723,3.52));
#611=DIRECTION('',(-0.595699,-0.803208,0.));
#612=DIRECTION('',(-0.777901,0.57693,0.249042));
#613=AXIS2_PLACEMENT_3D('',#610,#611,#612);
#614=PLANE('',#613);
#615=POLY_LOOP('',(#52,#53,#27));
#616=FACE_OUTER_BOUND('',#615,.T.);
#617=FACE_SURFACE('',(#616),#614,.T.);
#618=CARTESIAN_POINT('',(0.675785,-0.625665,3.6));
#619=DIRECTION('',(0.,0.,1.));
#620=DIRECTION('',(-0.803208,0.595699,0.));
#621=AXIS2_PLACEMENT_3D('',#618,#619,#620);
#622=PLANE('',#621);
#623=POLY_LOOP('',(#58,#57,#53));
#624=FACE_OUTER_BOUND('',#623,.T.);
#625=FACE_SURFACE('',(#624),#622,.T.);
#626=CARTESIAN_POINT('',(0.159051,-0.280395,3.6));
#627=DIRECTION('',(-0.595699,-0.803208,0.));
#628=DIRECTION('',(0.777901,-0.57693,-0.249042));
#629=AXIS2_PLACEMENT_3D('',#626,#627,#628);
#630=PLANE('',#629);
#631=POLY_LOOP('',(#53,#52,#59));
#632=FACE_OUTER_BOUND('',#631,.T.);
#633=FACE_SURFACE('',(#632),#630,.T.);
#634=CARTESIAN_POINT('',(0.408937,-0.465723,3.52));
#635=DIRECTION('',(-0.514103,-0.857729,0.));
#636=DIRECTION('',(0.830704,-0.497905,0.249042));
#637=AXIS2_PLACEMENT_3D('',#634,#635,#636);
#638=PLANE('',#637);
#639=POLY_LOOP('',(#52,#58,#59));
#640=FACE_OUTER_BOUND('',#639,.T.);
#641=FACE_SURFACE('',(#640),#638,.T.);
#642=CARTESIAN_POINT('',(0.675785,-0.625665,3.6));
#643=DIRECTION('',(0.,0.,1.));
#644=DIRECTION('',(-0.83147,0.55557,0.));
#645=AXIS2_PLACEMENT_3D('',#642,#643,#644);
#646=PLANE('',#645);
#647=POLY_LOOP('',(#58,#53,#59));
#648=FACE_OUTER_BOUND('',#647,.T.);
#649=FACE_SURFACE('',(#648),#646,.T.);
#650=CARTESIAN_POINT('',(0.675785,-0.625665,3.6));
#651=DIRECTION('',(-0.514103,-0.857729,0.));
#652=DIRECTION('',(-0.830704,0.497905,-0.249042));
#653=AXIS2_PLACEMENT_3D('',#650,#651,#652);
#654=PLANE('',#653);
#655=POLY_LOOP('',(#58,#52,#29));
#656=FACE_OUTER_BOUND('',#655,.T.);
#657=FACE_SURFACE('',(#656),#654,.T.);
#658=CARTESIAN_POINT('',(0.957025,-0.758682,3.52));
#659=DIRECTION('',(-0.427555,-0.903989,0.));
#660=DIRECTION('',(-0.875507,0.414084,0.249042));
#661=AXIS2_PLACEMENT_3D('',#658,#659,#660);
#662=PLANE('',#661);
#663=POLY_LOOP('',(#28,#58,#29));
#664=FACE_OUTER_BOUND('',#663,.T.);
#665=FACE_SURFACE('',(#664),#662,.T.);
#666=CARTESIAN_POINT('',(0.675785,-0.625665,3.6));
#667=DIRECTION('',(-0.427555,-0.903989,0.));
#668=DIRECTION('',(0.875507,-0.414084,-0.249042));
#669=AXIS2_PLACEMENT_3D('',#666,#667,#668);
#670=PLANE('',#669);
#671=POLY_LOOP('',(#58,#28,#60));
#672=FACE_OUTER_BOUND('',#671,.T.);
#673=FACE_SURFACE('',(#672),#670,.T.);
#674=CARTESIAN_POINT('',(1.249949,-0.863492,3.52));
#675=DIRECTION('',(-0.33689,-0.941544,0.));
#676=DIRECTION('',(0.,0.,1.));
#677=AXIS2_PLACEMENT_3D('',#674,#675,#676);
#678=PLANE('',#677);
#679=POLY_LOOP('',(#47,#61,#28));
#680=FACE_OUTER_BOUND('',#679,.T.);
#681=FACE_SURFACE('',(#680),#678,.T.);
#682=CARTESIAN_POINT('',(1.249949,-0.863492,3.6));
#683=DIRECTION('',(0.,0.,1.));
#684=DIRECTION('',(-0.92388,0.382683,0.));
#685=AXIS2_PLACEMENT_3D('',#682,#683,#684);
#686=PLANE('',#685);
#687=POLY_LOOP('',(#61,#58,#60));
#688=FACE_OUTER_BOUND('',#687,.T.);
#689=FACE_SURFACE('',(#688),#686,.T.);
#690=CARTESIAN_POINT('',(0.957025,-0.758682,3.52));
#691=DIRECTION('',(-0.33689,-0.941544,0.));
#692=DIRECTION('',(0.911879,-0.326275,0.249042));
#693=AXIS2_PLACEMENT_3D('',#690,#691,#692);
#694=PLANE('',#693);
#695=POLY_LOOP('',(#28,#61,#60));
#696=FACE_OUTER_BOUND('',#695,.T.);
#697=FACE_SURFACE('',(#696),#694,.T.);
#698=CARTESIAN_POINT('',(0.093449,1.540233,0.));
#699=DIRECTION('',(-0.905786,-0.324095,-0.272972));
#700=DIRECTION('',(-0.232294,-0.158985,0.959564));
#701=AXIS2_PLACEMENT_3D('',#698,#699,#700);
#702=PLANE('',#701);
#703=POLY_LOOP('',(#35,#39,#62));
#704=FACE_OUTER_BOUND('',#703,.T.);
#705=FACE_SURFACE('',(#704),#702,.T.);
#706=CARTESIAN_POINT('',(-0.625665,0.675785,3.52));
#707=DIRECTION('',(-0.825154,-0.494578,-0.272972));
#708=DIRECTION('',(0.270262,0.078707,-0.959564));
#709=AXIS2_PLACEMENT_3D('',#706,#707,#708);
#710=PLANE('',#709);
#711=POLY_LOOP('',(#38,#34,#51));
#712=FACE_OUTER_BOUND('',#711,.T.);
#713=FACE_SURFACE('',(#712),#710,.T.);
#714=CARTESIAN_POINT('',(-0.758682,0.957025,3.52));
#715=DIRECTION('',(-0.869658,-0.411317,-0.272972));
#716=DIRECTION('',(0.276676,0.051837,-0.959564));
#717=AXIS2_PLACEMENT_3D('',#714,#715,#716);
#718=PLANE('',#717);
#719=POLY_LOOP('',(#39,#31,#38));
#720=FACE_OUTER_BOUND('',#719,.T.);
#721=FACE_SURFACE('',(#720),#718,.T.);
#722=CARTESIAN_POINT('',(-0.939085,1.551735,3.52));
#723=DIRECTION('',(-0.933191,-0.233752,-0.272972));
#724=DIRECTION('',(0.281472,-0.003135,-0.959564));
#725=AXIS2_PLACEMENT_3D('',#722,#723,#724);
#726=PLANE('',#725);
#727=POLY_LOOP('',(#40,#35,#62));
#728=FACE_OUTER_BOUND('',#727,.T.);
#729=FACE_SURFACE('',(#728),#726,.T.);
#730=CARTESIAN_POINT('',(-0.984735,1.859478,3.52));
#731=DIRECTION('',(-0.951609,-0.141158,-0.272972));
#732=DIRECTION('',(0.27981,-0.030709,-0.959564));
#733=AXIS2_PLACEMENT_3D('',#730,#731,#732);
#734=PLANE('',#733);
#735=POLY_LOOP('',(#41,#32,#40));
#736=FACE_OUTER_BOUND('',#735,.T.);
#737=FACE_SURFACE('',(#736),#734,.T.);
#738=CARTESIAN_POINT('',(0.,2.170213,0.));
#739=DIRECTION('',(-0.960863,-0.047204,-0.272972));
#740=DIRECTION('',(-0.268442,-0.084708,0.959564));
#741=AXIS2_PLACEMENT_3D('',#738,#739,#740);
#742=PLANE('',#741);
#743=POLY_LOOP('',(#30,#41,#63));
#744=FACE_OUTER_BOUND('',#743,.T.);
#745=FACE_SURFACE('',(#744),#742,.T.);
#746=CARTESIAN_POINT('',(-0.625665,0.675785,3.6));
#747=DIRECTION('',(-0.903989,-0.427555,0.));
#748=DIRECTION('',(-0.414084,0.875507,-0.249042));
#749=AXIS2_PLACEMENT_3D('',#746,#747,#748);
#750=PLANE('',#749);
#751=POLY_LOOP('',(#56,#39,#38));
#752=FACE_OUTER_BOUND('',#751,.T.);
#753=FACE_SURFACE('',(#752),#750,.T.);
#754=CARTESIAN_POINT('',(-0.625665,0.675785,3.6));
#755=DIRECTION('',(-0.857729,-0.514103,0.));
#756=DIRECTION('',(0.,0.,-1.));
#757=AXIS2_PLACEMENT_3D('',#754,#755,#756);
#758=PLANE('',#757);
#759=POLY_LOOP('',(#56,#38,#54));
#760=FACE_OUTER_BOUND('',#759,.T.);
#761=FACE_SURFACE('',(#760),#758,.T.);
#762=CARTESIAN_POINT('',(-0.758682,0.957025,3.52));
#763=DIRECTION('',(-0.903989,-0.427555,0.));
#764=DIRECTION('',(0.414084,-0.875507,0.249042));
#765=AXIS2_PLACEMENT_3D('',#762,#763,#764);
#766=PLANE('',#765);
#767=POLY_LOOP('',(#39,#56,#64));
#768=FACE_OUTER_BOUND('',#767,.T.);
#769=FACE_SURFACE('',(#768),#766,.T.);
#770=CARTESIAN_POINT('',(-0.758682,0.957025,3.52));
#771=DIRECTION('',(-0.941544,-0.33689,0.));
#772=DIRECTION('',(0.,0.,1.));
#773=AXIS2_PLACEMENT_3D('',#770,#771,#772);
#774=PLANE('',#773);
#775=POLY_LOOP('',(#39,#64,#62));
#776=FACE_OUTER_BOUND('',#775,.T.);
#777=FACE_SURFACE('',(#776),#774,.T.);
#778=CARTESIAN_POINT('',(-0.625665,0.675785,3.6));
#779=DIRECTION('',(0.,0.,1.));
#780=DIRECTION('',(-0.33689,0.941544,0.));
#781=AXIS2_PLACEMENT_3D('',#778,#779,#780);
#782=PLANE('',#781);
#783=POLY_LOOP('',(#56,#65,#64));
#784=FACE_OUTER_BOUND('',#783,.T.);
#785=FACE_SURFACE('',(#784),#782,.T.);
#786=CARTESIAN_POINT('',(-0.863492,1.249949,3.52));
#787=DIRECTION('',(-0.941544,-0.33689,0.));
#788=DIRECTION('',(0.326275,-0.911879,0.249042));
#789=AXIS2_PLACEMENT_3D('',#786,#787,#788);
#790=PLANE('',#789);
#791=POLY_LOOP('',(#62,#64,#66));
#792=FACE_OUTER_BOUND('',#791,.T.);
#793=FACE_SURFACE('',(#792),#790,.T.);
#794=CARTESIAN_POINT('',(-0.939085,1.551735,3.6));
#795=DIRECTION('',(-0.970031,-0.24298,0.));
#796=DIRECTION('',(0.235325,-0.939468,-0.249042));
#797=AXIS2_PLACEMENT_3D('',#794,#795,#796);
#798=PLANE('',#797);
#799=POLY_LOOP('',(#65,#62,#66));
#800=FACE_OUTER_BOUND('',#799,.T.);
#801=FACE_SURFACE('',(#800),#798,.T.);
#802=CARTESIAN_POINT('',(-0.758682,0.957025,3.6));
#803=DIRECTION('',(0.,0.,1.));
#804=DIRECTION('',(-0.290285,0.95694,0.));
#805=AXIS2_PLACEMENT_3D('',#802,#803,#804);
#806=PLANE('',#805);
#807=POLY_LOOP('',(#64,#65,#66));
#808=FACE_OUTER_BOUND('',#807,.T.);
#809=FACE_SURFACE('',(#808),#806,.T.);
#810=CARTESIAN_POINT('',(0.675785,-0.625665,3.6));
#811=DIRECTION('',(0.,0.,1.));
#812=DIRECTION('',(-0.514103,0.857729,0.));
#813=AXIS2_PLACEMENT_3D('',#810,#811,#812);
#814=PLANE('',#813);
#815=POLY_LOOP('',(#58,#67,#56));
#816=FACE_OUTER_BOUND('',#815,.T.);
#817=FACE_SURFACE('',(#816),#814,.T.);
#818=CARTESIAN_POINT('',(-0.939085,1.551735,3.6));
#819=DIRECTION('',(-0.970031,-0.24298,0.));
#820=DIRECTION('',(0.,0.,-1.));
#821=AXIS2_PLACEMENT_3D('',#818,#819,#820);
#822=PLANE('',#821);
#823=POLY_LOOP('',(#65,#40,#62));
#824=FACE_OUTER_BOUND('',#823,.T.);
#825=FACE_SURFACE('',(#824),#822,.T.);
#826=CARTESIAN_POINT('',(-0.625665,0.675785,3.6));
#827=DIRECTION('',(0.,0.,1.));
#828=DIRECTION('',(-0.24298,0.970031,0.));
#829=AXIS2_PLACEMENT_3D('',#826,#827,#828);
#830=PLANE('',#829);
#831=POLY_LOOP('',(#56,#67,#65));
#832=FACE_OUTER_BOUND('',#831,.T.);
#833=FACE_SURFACE('',(#832),#830,.T.);
#834=CARTESIAN_POINT('',(-0.939085,1.551735,3.52));
#835=DIRECTION('',(-0.989177,-0.14673,0.));
#836=DIRECTION('',(0.,0.,1.));
#837=AXIS2_PLACEMENT_3D('',#834,#835,#836);
#838=PLANE('',#837);
#839=POLY_LOOP('',(#40,#65,#41));
#840=FACE_OUTER_BOUND('',#839,.T.);
#841=FACE_SURFACE('',(#840),#838,.T.);
#842=CARTESIAN_POINT('',(-0.984735,1.859478,3.52));
#843=DIRECTION('',(-0.989177,-0.14673,0.));
#844=DIRECTION('',(0.142107,-0.95801,0.249042));
#845=AXIS2_PLACEMENT_3D('',#842,#843,#844);
#846=PLANE('',#845);
#847=POLY_LOOP('',(#41,#65,#68));
#848=FACE_OUTER_BOUND('',#847,.T.);
#849=FACE_SURFACE('',(#848),#846,.T.);
#850=CARTESIAN_POINT('',(-0.939085,1.551735,3.6));
#851=DIRECTION('',(0.,0.,1.));
#852=DIRECTION('',(-0.098017,0.995185,0.));
#853=AXIS2_PLACEMENT_3D('',#850,#851,#852);
#854=PLANE('',#853);
#855=POLY_LOOP('',(#65,#67,#68));
#856=FACE_OUTER_BOUND('',#855,.T.);
#857=FACE_SURFACE('',(#856),#854,.T.);
#858=CARTESIAN_POINT('',(-1.,2.170213,3.6));
#859=DIRECTION('',(-0.998795,-0.049068,0.));
#860=DIRECTION('',(0.047522,-0.967326,-0.249042));
#861=AXIS2_PLACEMENT_3D('',#858,#859,#860);
#862=PLANE('',#861);
#863=POLY_LOOP('',(#67,#41,#68));
#864=FACE_OUTER_BOUND('',#863,.T.);
#865=FACE_SURFACE('',(#864),#862,.T.);
#866=CARTESIAN_POINT('',(-0.984735,1.859478,3.52));
#867=DIRECTION('',(-0.998795,-0.049068,0.));
#868=DIRECTION('',(-0.047522,0.967326,0.249042));
#869=AXIS2_PLACEMENT_3D('',#866,#867,#868);
#870=PLANE('',#869);
#871=POLY_LOOP('',(#41,#67,#63));
#872=FACE_OUTER_BOUND('',#871,.T.);
#873=FACE_SURFACE('',(#872),#870,.T.);
#874=CARTESIAN_POINT('',(1.859478,-0.984735,3.52));
#875=DIRECTION('',(-0.141158,-0.951609,-0.272972));
#876=DIRECTION('',(-0.989177,0.14673,0.));
#877=AXIS2_PLACEMENT_3D('',#874,#875,#876);
#878=PLANE('',#877);
#879=POLY_LOOP('',(#46,#45,#44));
#880=FACE_OUTER_BOUND('',#879,.T.);
#881=FACE_SURFACE('',(#880),#878,.T.);
#882=CARTESIAN_POINT('',(1.540233,0.093449,0.));
#883=DIRECTION('',(-0.233752,-0.933191,-0.272972));
#884=DIRECTION('',(0.003135,-0.281472,0.959564));
#885=AXIS2_PLACEMENT_3D('',#882,#883,#884);
#886=PLANE('',#885);
#887=POLY_LOOP('',(#43,#45,#47));
#888=FACE_OUTER_BOUND('',#887,.T.);
#889=FACE_SURFACE('',(#888),#886,.T.);
#890=CARTESIAN_POINT('',(1.859478,-0.984735,3.52));
#891=DIRECTION('',(-0.047204,-0.960863,-0.272972));
#892=DIRECTION('',(0.084708,0.268442,-0.959564));
#893=AXIS2_PLACEMENT_3D('',#890,#891,#892);
#894=PLANE('',#893);
#895=POLY_LOOP('',(#46,#37,#48));
#896=FACE_OUTER_BOUND('',#895,.T.);
#897=FACE_SURFACE('',(#896),#894,.T.);
#898=CARTESIAN_POINT('',(1.859478,-0.984735,3.6));
#899=DIRECTION('',(0.,0.,1.));
#900=DIRECTION('',(-0.95694,0.290285,0.));
#901=AXIS2_PLACEMENT_3D('',#898,#899,#900);
#902=PLANE('',#901);
#903=POLY_LOOP('',(#69,#58,#61));
#904=FACE_OUTER_BOUND('',#903,.T.);
#905=FACE_SURFACE('',(#904),#902,.T.);
#906=CARTESIAN_POINT('',(1.249949,-0.863492,3.6));
#907=DIRECTION('',(-0.24298,-0.970031,0.));
#908=DIRECTION('',(0.939468,-0.235325,-0.249042));
#909=AXIS2_PLACEMENT_3D('',#906,#907,#908);
#910=PLANE('',#909);
#911=POLY_LOOP('',(#61,#45,#70));
#912=FACE_OUTER_BOUND('',#911,.T.);
#913=FACE_SURFACE('',(#912),#910,.T.);
#914=CARTESIAN_POINT('',(1.551735,-0.939085,3.52));
#915=DIRECTION('',(-0.24298,-0.970031,0.));
#916=DIRECTION('',(-0.939468,0.235325,0.249042));
#917=AXIS2_PLACEMENT_3D('',#914,#915,#916);
#918=PLANE('',#917);
#919=POLY_LOOP('',(#45,#61,#47));
#920=FACE_OUTER_BOUND('',#919,.T.);
#921=FACE_SURFACE('',(#920),#918,.T.);
#922=CARTESIAN_POINT('',(1.859478,-0.984735,3.6));
#923=DIRECTION('',(0.,0.,1.));
#924=DIRECTION('',(-0.980785,0.19509,0.));
#925=AXIS2_PLACEMENT_3D('',#922,#923,#924);
#926=PLANE('',#925);
#927=POLY_LOOP('',(#69,#61,#70));
#928=FACE_OUTER_BOUND('',#927,.T.);
#929=FACE_SURFACE('',(#928),#926,.T.);
#930=CARTESIAN_POINT('',(1.551735,-0.939085,3.52));
#931=DIRECTION('',(-0.14673,-0.989177,0.));
#932=DIRECTION('',(0.95801,-0.142107,0.249042));
#933=AXIS2_PLACEMENT_3D('',#930,#931,#932);
#934=PLANE('',#933);
#935=POLY_LOOP('',(#45,#69,#70));
#936=FACE_OUTER_BOUND('',#935,.T.);
#937=FACE_SURFACE('',(#936),#934,.T.);
#938=CARTESIAN_POINT('',(1.859478,-0.984735,3.52));
#939=DIRECTION('',(-0.14673,-0.989177,0.));
#940=DIRECTION('',(0.,0.,1.));
#941=AXIS2_PLACEMENT_3D('',#938,#939,#940);
#942=PLANE('',#941);
#943=POLY_LOOP('',(#46,#69,#45));
#944=FACE_OUTER_BOUND('',#943,.T.);
#945=FACE_SURFACE('',(#944),#942,.T.);
#946=CARTESIAN_POINT('',(1.859478,-0.984735,3.52));
#947=DIRECTION('',(-0.049068,-0.998795,0.));
#948=DIRECTION('',(0.998795,-0.049068,0.));
#949=AXIS2_PLACEMENT_3D('',#946,#947,#948);
#950=PLANE('',#949);
#951=POLY_LOOP('',(#46,#48,#69));
#952=FACE_OUTER_BOUND('',#951,.T.);
#953=FACE_SURFACE('',(#952),#950,.T.);
#954=CARTESIAN_POINT('',(1.859478,-0.984735,3.6));
#955=DIRECTION('',(-0.049068,-0.998795,0.));
#956=DIRECTION('',(0.967326,-0.047522,-0.249042));
#957=AXIS2_PLACEMENT_3D('',#954,#955,#956);
#958=PLANE('',#957);
#959=POLY_LOOP('',(#69,#48,#71));
#960=FACE_OUTER_BOUND('',#959,.T.);
#961=FACE_SURFACE('',(#960),#958,.T.);
#962=CARTESIAN_POINT('',(0.675785,-0.625665,3.6));
#963=DIRECTION('',(0.,0.,1.));
#964=DIRECTION('',(0.995548,-0.094251,0.));
#965=AXIS2_PLACEMENT_3D('',#962,#963,#964);
#966=PLANE('',#965);
#967=POLY_LOOP('',(#58,#72,#67));
#968=FACE_OUTER_BOUND('',#967,.T.);
#969=FACE_SURFACE('',(#968),#966,.T.);
#970=CARTESIAN_POINT('',(4.629787,-1.,3.6));
#971=DIRECTION('',(0.,0.,1.));
#972=DIRECTION('',(-0.995548,0.094251,0.));
#973=AXIS2_PLACEMENT_3D('',#970,#971,#972);
#974=PLANE('',#973);
#975=POLY_LOOP('',(#72,#58,#69));
#976=FACE_OUTER_BOUND('',#975,.T.);
#977=FACE_SURFACE('',(#976),#974,.T.);
#978=CARTESIAN_POINT('',(4.629787,-1.,3.6));
#979=DIRECTION('',(0.,0.,1.));
#980=DIRECTION('',(-0.999985,0.00551,0.));
#981=AXIS2_PLACEMENT_3D('',#978,#979,#980);
#982=PLANE('',#981);
#983=POLY_LOOP('',(#72,#69,#71));
#984=FACE_OUTER_BOUND('',#983,.T.);
#985=FACE_SURFACE('',(#984),#982,.T.);
#986=CARTESIAN_POINT('',(2.170213,-1.,3.52));
#987=DIRECTION('',(0.,-1.,0.));
#988=DIRECTION('',(0.999471,0.,0.032509));
#989=AXIS2_PLACEMENT_3D('',#986,#987,#988);
#990=PLANE('',#989);
#991=POLY_LOOP('',(#48,#72,#71));
#992=FACE_OUTER_BOUND('',#991,.T.);
#993=FACE_SURFACE('',(#992),#990,.T.);
#994=CARTESIAN_POINT('',(0.0417,2.5936,0.));
#995=DIRECTION('',(0.,0.,-1.));
#996=DIRECTION('',(-0.098017,-0.995185,0.));
#997=AXIS2_PLACEMENT_3D('',#994,#995,#996);
#998=PLANE('',#997);
#999=POLY_LOOP('',(#73,#30,#74));
#1000=FACE_OUTER_BOUND('',#999,.T.);
#1001=FACE_SURFACE('',(#1000),#998,.T.);
#1002=CARTESIAN_POINT('',(0.165198,3.000717,0.));
#1003=DIRECTION('',(0.,0.,-1.));
#1004=DIRECTION('',(-0.19509,-0.980785,0.));
#1005=AXIS2_PLACEMENT_3D('',#1002,#1003,#1004);
#1006=PLANE('',#1005);
#1007=POLY_LOOP('',(#75,#30,#73));
#1008=FACE_OUTER_BOUND('',#1007,.T.);
#1009=FACE_SURFACE('',(#1008),#1006,.T.);
#1010=CARTESIAN_POINT('',(0.165198,3.000717,0.));
#1011=DIRECTION('',(0.,0.,-1.));
#1012=DIRECTION('',(-0.290285,-0.95694,0.));
#1013=AXIS2_PLACEMENT_3D('',#1010,#1011,#1012);
#1014=PLANE('',#1013);
#1015=POLY_LOOP('',(#75,#73,#76));
#1016=FACE_OUTER_BOUND('',#1015,.T.);
#1017=FACE_SURFACE('',(#1016),#1014,.T.);
#1018=CARTESIAN_POINT('',(0.635641,3.704785,0.));
#1019=DIRECTION('',(0.,0.,-1.));
#1020=DIRECTION('',(-0.382683,-0.92388,0.));
#1021=AXIS2_PLACEMENT_3D('',#1018,#1019,#1020);
#1022=PLANE('',#1021);
#1023=POLY_LOOP('',(#77,#30,#75));
#1024=FACE_OUTER_BOUND('',#1023,.T.);
#1025=FACE_SURFACE('',(#1024),#1022,.T.);
#1026=CARTESIAN_POINT('',(0.365747,3.375918,0.));
#1027=DIRECTION('',(0.,0.,-1.));
#1028=DIRECTION('',(-0.471397,-0.881921,0.));
#1029=AXIS2_PLACEMENT_3D('',#1026,#1027,#1028);
#1030=PLANE('',#1029);
#1031=POLY_LOOP('',(#78,#75,#79));
#1032=FACE_OUTER_BOUND('',#1031,.T.);
#1033=FACE_SURFACE('',(#1032),#1030,.T.);
#1034=CARTESIAN_POINT('',(0.635641,3.704785,0.));
#1035=DIRECTION('',(0.,0.,-1.));
#1036=DIRECTION('',(-0.55557,-0.83147,0.));
#1037=AXIS2_PLACEMENT_3D('',#1034,#1035,#1036);
#1038=PLANE('',#1037);
#1039=POLY_LOOP('',(#77,#75,#78));
#1040=FACE_OUTER_BOUND('',#1039,.T.);
#1041=FACE_SURFACE('',(#1040),#1038,.T.);
#1042=CARTESIAN_POINT('',(0.635641,3.704785,0.));
#1043=DIRECTION('',(0.,0.,-1.));
#1044=DIRECTION('',(-0.634393,-0.77301,0.));
#1045=AXIS2_PLACEMENT_3D('',#1042,#1043,#1044);
#1046=PLANE('',#1045);
#1047=POLY_LOOP('',(#77,#78,#80));
#1048=FACE_OUTER_BOUND('',#1047,.T.);
#1049=FACE_SURFACE('',(#1048),#1046,.T.);
#1050=CARTESIAN_POINT('',(2.170213,4.340425,0.));
#1051=DIRECTION('',(0.,0.,-1.));
#1052=DIRECTION('',(-0.707107,-0.707107,0.));
#1053=AXIS2_PLACEMENT_3D('',#1050,#1051,#1052);
#1054=PLANE('',#1053);
#1055=POLY_LOOP('',(#81,#30,#77));
#1056=FACE_OUTER_BOUND('',#1055,.T.);
#1057=FACE_SURFACE('',(#1056),#1054,.T.);
#1058=CARTESIAN_POINT('',(0.,2.170213,0.));
#1059=DIRECTION('',(-0.960863,0.047204,-0.272972));
#1060=DIRECTION('',(-0.268442,0.084708,0.959564));
#1061=AXIS2_PLACEMENT_3D('',#1058,#1059,#1060);
#1062=PLANE('',#1061);
#1063=POLY_LOOP('',(#30,#82,#74));
#1064=FACE_OUTER_BOUND('',#1063,.T.);
#1065=FACE_SURFACE('',(#1064),#1062,.T.);
#1066=CARTESIAN_POINT('',(-0.984735,2.480948,3.52));
#1067=DIRECTION('',(-0.951609,0.141158,-0.272972));
#1068=DIRECTION('',(0.27981,0.030709,-0.959564));
#1069=AXIS2_PLACEMENT_3D('',#1066,#1067,#1068);
#1070=PLANE('',#1069);
#1071=POLY_LOOP('',(#82,#73,#74));
#1072=FACE_OUTER_BOUND('',#1071,.T.);
#1073=FACE_SURFACE('',(#1072),#1070,.T.);
#1074=CARTESIAN_POINT('',(0.0417,2.5936,0.));
#1075=DIRECTION('',(-0.933191,0.233752,-0.272972));
#1076=DIRECTION('',(-0.268026,0.053314,0.961935));
#1077=AXIS2_PLACEMENT_3D('',#1074,#1075,#1076);
#1078=PLANE('',#1077);
#1079=POLY_LOOP('',(#73,#83,#76));
#1080=FACE_OUTER_BOUND('',#1079,.T.);
#1081=FACE_SURFACE('',(#1080),#1078,.T.);
#1082=CARTESIAN_POINT('',(-0.758682,3.383401,3.52));
#1083=DIRECTION('',(-0.905786,0.324096,-0.272972));
#1084=DIRECTION('',(0.252475,-0.104579,-0.961935));
#1085=AXIS2_PLACEMENT_3D('',#1082,#1083,#1084);
#1086=PLANE('',#1085);
#1087=POLY_LOOP('',(#84,#75,#76));
#1088=FACE_OUTER_BOUND('',#1087,.T.);
#1089=FACE_SURFACE('',(#1088),#1086,.T.);
#1090=CARTESIAN_POINT('',(0.165198,3.000717,0.));
#1091=DIRECTION('',(-0.869658,0.411317,-0.272972));
#1092=DIRECTION('',(-0.252475,0.104579,0.961935));
#1093=AXIS2_PLACEMENT_3D('',#1090,#1091,#1092);
#1094=PLANE('',#1093);
#1095=POLY_LOOP('',(#75,#84,#79));
#1096=FACE_OUTER_BOUND('',#1095,.T.);
#1097=FACE_SURFACE('',(#1096),#1094,.T.);
#1098=CARTESIAN_POINT('',(-0.625665,3.664641,3.52));
#1099=DIRECTION('',(-0.825154,0.494578,-0.272972));
#1100=DIRECTION('',(0.270262,-0.078707,-0.959564));
#1101=AXIS2_PLACEMENT_3D('',#1098,#1099,#1100);
#1102=PLANE('',#1101);
#1103=POLY_LOOP('',(#85,#78,#79));
#1104=FACE_OUTER_BOUND('',#1103,.T.);
#1105=FACE_SURFACE('',(#1104),#1102,.T.);
#1106=CARTESIAN_POINT('',(0.365747,3.375918,0.));
#1107=DIRECTION('',(-0.772703,0.573076,-0.272972));
#1108=DIRECTION('',(-0.17614,0.21957,0.959564));
#1109=AXIS2_PLACEMENT_3D('',#1106,#1107,#1108);
#1110=PLANE('',#1109);
#1111=POLY_LOOP('',(#78,#86,#80));
#1112=FACE_OUTER_BOUND('',#1111,.T.);
#1113=FACE_SURFACE('',(#1112),#1110,.T.);
#1114=CARTESIAN_POINT('',(0.964507,3.974679,0.));
#1115=DIRECTION('',(0.,0.,-1.));
#1116=DIRECTION('',(-0.77301,-0.634393,0.));
#1117=AXIS2_PLACEMENT_3D('',#1114,#1115,#1116);
#1118=PLANE('',#1117);
#1119=POLY_LOOP('',(#87,#77,#88));
#1120=FACE_OUTER_BOUND('',#1119,.T.);
#1121=FACE_SURFACE('',(#1120),#1118,.T.);
#1122=CARTESIAN_POINT('',(1.339708,4.175228,0.));
#1123=DIRECTION('',(0.,0.,-1.));
#1124=DIRECTION('',(-0.831469,-0.55557,0.));
#1125=AXIS2_PLACEMENT_3D('',#1122,#1123,#1124);
#1126=PLANE('',#1125);
#1127=POLY_LOOP('',(#89,#77,#87));
#1128=FACE_OUTER_BOUND('',#1127,.T.);
#1129=FACE_SURFACE('',(#1128),#1126,.T.);
#1130=CARTESIAN_POINT('',(1.339708,4.175228,0.));
#1131=DIRECTION('',(0.,0.,-1.));
#1132=DIRECTION('',(-0.881921,-0.471397,0.));
#1133=AXIS2_PLACEMENT_3D('',#1130,#1131,#1132);
#1134=PLANE('',#1133);
#1135=POLY_LOOP('',(#89,#87,#90));
#1136=FACE_OUTER_BOUND('',#1135,.T.);
#1137=FACE_SURFACE('',(#1136),#1134,.T.);
#1138=CARTESIAN_POINT('',(0.635641,3.704785,0.));
#1139=DIRECTION('',(-0.712811,0.646054,-0.272973));
#1140=DIRECTION('',(-0.671559,-0.740951,0.));
#1141=AXIS2_PLACEMENT_3D('',#1138,#1139,#1140);
#1142=PLANE('',#1141);
#1143=POLY_LOOP('',(#77,#80,#91));
#1144=FACE_OUTER_BOUND('',#1143,.T.);
#1145=FACE_SURFACE('',(#1144),#1142,.T.);
#1146=CARTESIAN_POINT('',(0.635641,3.704785,0.));
#1147=DIRECTION('',(-0.646055,0.712811,-0.272973));
#1148=DIRECTION('',(-0.193236,0.193236,0.961935));
#1149=AXIS2_PLACEMENT_3D('',#1146,#1147,#1148);
#1150=PLANE('',#1149);
#1151=POLY_LOOP('',(#77,#91,#88));
#1152=FACE_OUTER_BOUND('',#1151,.T.);
#1153=FACE_SURFACE('',(#1152),#1150,.T.);
#1154=CARTESIAN_POINT('',(0.159051,4.620821,3.52));
#1155=DIRECTION('',(-0.573075,0.772703,-0.272972));
#1156=DIRECTION('',(0.21957,-0.17614,-0.959564));
#1157=AXIS2_PLACEMENT_3D('',#1154,#1155,#1156);
#1158=PLANE('',#1157);
#1159=POLY_LOOP('',(#92,#87,#88));
#1160=FACE_OUTER_BOUND('',#1159,.T.);
#1161=FACE_SURFACE('',(#1160),#1158,.T.);
#1162=CARTESIAN_POINT('',(0.964507,3.974679,0.));
#1163=DIRECTION('',(-0.494578,0.825154,-0.272972));
#1164=DIRECTION('',(-0.078707,0.270262,0.959564));
#1165=AXIS2_PLACEMENT_3D('',#1162,#1163,#1164);
#1166=PLANE('',#1165);
#1167=POLY_LOOP('',(#87,#93,#90));
#1168=FACE_OUTER_BOUND('',#1167,.T.);
#1169=FACE_SURFACE('',(#1168),#1166,.T.);
#1170=CARTESIAN_POINT('',(0.675785,4.966091,3.52));
#1171=DIRECTION('',(-0.411319,0.869657,-0.272972));
#1172=DIRECTION('',(0.180988,-0.215592,-0.959564));
#1173=AXIS2_PLACEMENT_3D('',#1170,#1171,#1172);
#1174=PLANE('',#1173);
#1175=POLY_LOOP('',(#93,#89,#90));
#1176=FACE_OUTER_BOUND('',#1175,.T.);
#1177=FACE_SURFACE('',(#1176),#1174,.T.);
#1178=CARTESIAN_POINT('',(2.170213,4.340425,0.));
#1179=DIRECTION('',(0.,0.,-1.));
#1180=DIRECTION('',(0.,-1.,0.));
#1181=AXIS2_PLACEMENT_3D('',#1178,#1179,#1180);
#1182=PLANE('',#1181);
#1183=POLY_LOOP('',(#81,#37,#30));
#1184=FACE_OUTER_BOUND('',#1183,.T.);
#1185=FACE_SURFACE('',(#1184),#1182,.T.);
#1186=CARTESIAN_POINT('',(2.170213,4.340425,0.));
#1187=DIRECTION('',(0.,0.,-1.));
#1188=DIRECTION('',(-0.92388,-0.382683,0.));
#1189=AXIS2_PLACEMENT_3D('',#1186,#1187,#1188);
#1190=PLANE('',#1189);
#1191=POLY_LOOP('',(#81,#77,#89));
#1192=FACE_OUTER_BOUND('',#1191,.T.);
#1193=FACE_SURFACE('',(#1192),#1190,.T.);
#1194=CARTESIAN_POINT('',(1.746825,4.298726,0.));
#1195=DIRECTION('',(0.,0.,-1.));
#1196=DIRECTION('',(-0.95694,-0.290285,0.));
#1197=AXIS2_PLACEMENT_3D('',#1194,#1195,#1196);
#1198=PLANE('',#1197);
#1199=POLY_LOOP('',(#94,#89,#95));
#1200=FACE_OUTER_BOUND('',#1199,.T.);
#1201=FACE_SURFACE('',(#1200),#1198,.T.);
#1202=CARTESIAN_POINT('',(2.170213,4.340425,0.));
#1203=DIRECTION('',(0.,0.,-1.));
#1204=DIRECTION('',(-0.980785,-0.19509,0.));
#1205=AXIS2_PLACEMENT_3D('',#1202,#1203,#1204);
#1206=PLANE('',#1205);
#1207=POLY_LOOP('',(#81,#89,#94));
#1208=FACE_OUTER_BOUND('',#1207,.T.);
#1209=FACE_SURFACE('',(#1208),#1206,.T.);
#1210=CARTESIAN_POINT('',(2.170213,4.340425,0.));
#1211=DIRECTION('',(0.,0.,-1.));
#1212=DIRECTION('',(-0.995185,-0.098017,0.));
#1213=AXIS2_PLACEMENT_3D('',#1210,#1211,#1212);
#1214=PLANE('',#1213);
#1215=POLY_LOOP('',(#81,#94,#96));
#1216=FACE_OUTER_BOUND('',#1215,.T.);
#1217=FACE_SURFACE('',(#1216),#1214,.T.);
#1218=CARTESIAN_POINT('',(1.339708,4.175228,0.));
#1219=DIRECTION('',(-0.324094,0.905786,-0.272972));
#1220=DIRECTION('',(-0.024469,0.280424,0.959564));
#1221=AXIS2_PLACEMENT_3D('',#1218,#1219,#1220);
#1222=PLANE('',#1221);
#1223=POLY_LOOP('',(#89,#97,#95));
#1224=FACE_OUTER_BOUND('',#1223,.T.);
#1225=FACE_SURFACE('',(#1224),#1222,.T.);
#1226=CARTESIAN_POINT('',(1.249949,5.203917,3.52));
#1227=DIRECTION('',(-0.233753,0.933191,-0.272972));
#1228=DIRECTION('',(0.13545,-0.246758,-0.959564));
#1229=AXIS2_PLACEMENT_3D('',#1226,#1227,#1228);
#1230=PLANE('',#1229);
#1231=POLY_LOOP('',(#97,#94,#95));
#1232=FACE_OUTER_BOUND('',#1231,.T.);
#1233=FACE_SURFACE('',(#1232),#1230,.T.);
#1234=CARTESIAN_POINT('',(1.746825,4.298726,0.));
#1235=DIRECTION('',(-0.141156,0.95161,-0.272973));
#1236=DIRECTION('',(0.030709,0.27981,0.959564));
#1237=AXIS2_PLACEMENT_3D('',#1234,#1235,#1236);
#1238=PLANE('',#1237);
#1239=POLY_LOOP('',(#94,#98,#96));
#1240=FACE_OUTER_BOUND('',#1239,.T.);
#1241=FACE_SURFACE('',(#1240),#1238,.T.);
#1242=CARTESIAN_POINT('',(1.859478,5.32516,3.52));
#1243=DIRECTION('',(-0.047205,0.960863,-0.272973));
#1244=DIRECTION('',(0.084708,-0.268442,-0.959564));
#1245=AXIS2_PLACEMENT_3D('',#1242,#1243,#1244);
#1246=PLANE('',#1245);
#1247=POLY_LOOP('',(#98,#81,#96));
#1248=FACE_OUTER_BOUND('',#1247,.T.);
#1249=FACE_SURFACE('',(#1248),#1246,.T.);
#1250=CARTESIAN_POINT('',(2.170213,4.340425,0.));
#1251=DIRECTION('',(0.,0.961935,-0.273277));
#1252=DIRECTION('',(0.,0.273277,0.961935));
#1253=AXIS2_PLACEMENT_3D('',#1250,#1251,#1252);
#1254=PLANE('',#1253);
#1255=POLY_LOOP('',(#81,#99,#100));
#1256=FACE_OUTER_BOUND('',#1255,.T.);
#1257=FACE_SURFACE('',(#1256),#1254,.T.);
#1258=CARTESIAN_POINT('',(-1.,2.170213,3.52));
#1259=DIRECTION('',(-0.960863,0.047204,-0.272972));
#1260=DIRECTION('',(0.049068,0.998795,0.));
#1261=AXIS2_PLACEMENT_3D('',#1258,#1259,#1260);
#1262=PLANE('',#1261);
#1263=POLY_LOOP('',(#63,#82,#30));
#1264=FACE_OUTER_BOUND('',#1263,.T.);
#1265=FACE_SURFACE('',(#1264),#1262,.T.);
#1266=CARTESIAN_POINT('',(-0.939085,2.788691,3.52));
#1267=DIRECTION('',(-0.951609,0.141158,-0.272972));
#1268=DIRECTION('',(0.268026,-0.053314,-0.961935));
#1269=AXIS2_PLACEMENT_3D('',#1266,#1267,#1268);
#1270=PLANE('',#1269);
#1271=POLY_LOOP('',(#83,#73,#82));
#1272=FACE_OUTER_BOUND('',#1271,.T.);
#1273=FACE_SURFACE('',(#1272),#1270,.T.);
#1274=CARTESIAN_POINT('',(-0.939085,2.788691,3.52));
#1275=DIRECTION('',(-0.933191,0.233752,-0.272972));
#1276=DIRECTION('',(0.24298,0.970031,0.));
#1277=AXIS2_PLACEMENT_3D('',#1274,#1275,#1276);
#1278=PLANE('',#1277);
#1279=POLY_LOOP('',(#83,#101,#76));
#1280=FACE_OUTER_BOUND('',#1279,.T.);
#1281=FACE_SURFACE('',(#1280),#1278,.T.);
#1282=CARTESIAN_POINT('',(-0.863492,3.090477,3.52));
#1283=DIRECTION('',(-0.905786,0.324096,-0.272972));
#1284=DIRECTION('',(0.33689,0.941544,0.));
#1285=AXIS2_PLACEMENT_3D('',#1282,#1283,#1284);
#1286=PLANE('',#1285);
#1287=POLY_LOOP('',(#101,#84,#76));
#1288=FACE_OUTER_BOUND('',#1287,.T.);
#1289=FACE_SURFACE('',(#1288),#1286,.T.);
#1290=CARTESIAN_POINT('',(-0.758682,3.383401,3.52));
#1291=DIRECTION('',(-0.869657,0.411317,-0.272972));
#1292=DIRECTION('',(0.427555,0.903989,0.));
#1293=AXIS2_PLACEMENT_3D('',#1290,#1291,#1292);
#1294=PLANE('',#1293);
#1295=POLY_LOOP('',(#84,#85,#79));
#1296=FACE_OUTER_BOUND('',#1295,.T.);
#1297=FACE_SURFACE('',(#1296),#1294,.T.);
#1298=CARTESIAN_POINT('',(0.365747,3.375918,0.));
#1299=DIRECTION('',(-0.825154,0.494578,-0.272972));
#1300=DIRECTION('',(-0.270262,0.078707,0.959564));
#1301=AXIS2_PLACEMENT_3D('',#1298,#1299,#1300);
#1302=PLANE('',#1301);
#1303=POLY_LOOP('',(#78,#85,#102));
#1304=FACE_OUTER_BOUND('',#1303,.T.);
#1305=FACE_SURFACE('',(#1304),#1302,.T.);
#1306=CARTESIAN_POINT('',(-1.,2.170213,3.6));
#1307=DIRECTION('',(-0.998795,0.049068,0.));
#1308=DIRECTION('',(0.047522,0.967326,-0.249042));
#1309=AXIS2_PLACEMENT_3D('',#1306,#1307,#1308);
#1310=PLANE('',#1309);
#1311=POLY_LOOP('',(#67,#82,#63));
#1312=FACE_OUTER_BOUND('',#1311,.T.);
#1313=FACE_SURFACE('',(#1312),#1310,.T.);
#1314=CARTESIAN_POINT('',(-0.984735,2.480948,3.52));
#1315=DIRECTION('',(-0.998795,0.049068,0.));
#1316=DIRECTION('',(-0.047522,-0.967326,0.249042));
#1317=AXIS2_PLACEMENT_3D('',#1314,#1315,#1316);
#1318=PLANE('',#1317);
#1319=POLY_LOOP('',(#82,#67,#103));
#1320=FACE_OUTER_BOUND('',#1319,.T.);
#1321=FACE_SURFACE('',(#1320),#1318,.T.);
#1322=CARTESIAN_POINT('',(-1.,2.170213,3.6));
#1323=DIRECTION('',(0.,0.,1.));
#1324=DIRECTION('',(0.098017,0.995185,0.));
#1325=AXIS2_PLACEMENT_3D('',#1322,#1323,#1324);
#1326=PLANE('',#1325);
#1327=POLY_LOOP('',(#67,#104,#103));
#1328=FACE_OUTER_BOUND('',#1327,.T.);
#1329=FACE_SURFACE('',(#1328),#1326,.T.);
#1330=CARTESIAN_POINT('',(-0.939085,2.788691,3.6));
#1331=DIRECTION('',(-0.989177,0.14673,0.));
#1332=DIRECTION('',(-0.142107,-0.95801,-0.249042));
#1333=AXIS2_PLACEMENT_3D('',#1330,#1331,#1332);
#1334=PLANE('',#1333);
#1335=POLY_LOOP('',(#104,#82,#103));
#1336=FACE_OUTER_BOUND('',#1335,.T.);
#1337=FACE_SURFACE('',(#1336),#1334,.T.);
#1338=CARTESIAN_POINT('',(-0.984735,2.480948,3.52));
#1339=DIRECTION('',(-0.989177,0.14673,0.));
#1340=DIRECTION('',(0.142107,0.95801,0.249042));
#1341=AXIS2_PLACEMENT_3D('',#1338,#1339,#1340);
#1342=PLANE('',#1341);
#1343=POLY_LOOP('',(#82,#104,#83));
#1344=FACE_OUTER_BOUND('',#1343,.T.);
#1345=FACE_SURFACE('',(#1344),#1342,.T.);
#1346=CARTESIAN_POINT('',(-1.,2.170213,3.6));
#1347=DIRECTION('',(0.,0.,1.));
#1348=DIRECTION('',(0.19509,0.980785,0.));
#1349=AXIS2_PLACEMENT_3D('',#1346,#1347,#1348);
#1350=PLANE('',#1349);
#1351=POLY_LOOP('',(#67,#105,#104));
#1352=FACE_OUTER_BOUND('',#1351,.T.);
#1353=FACE_SURFACE('',(#1352),#1350,.T.);
#1354=CARTESIAN_POINT('',(-0.939085,2.788691,3.6));
#1355=DIRECTION('',(-0.970031,0.24298,0.));
#1356=DIRECTION('',(0.235324,0.939468,-0.249042));
#1357=AXIS2_PLACEMENT_3D('',#1354,#1355,#1356);
#1358=PLANE('',#1357);
#1359=POLY_LOOP('',(#104,#101,#83));
#1360=FACE_OUTER_BOUND('',#1359,.T.);
#1361=FACE_SURFACE('',(#1360),#1358,.T.);
#1362=CARTESIAN_POINT('',(-0.863492,3.090477,3.52));
#1363=DIRECTION('',(-0.970031,0.24298,0.));
#1364=DIRECTION('',(-0.235324,-0.939468,0.249042));
#1365=AXIS2_PLACEMENT_3D('',#1362,#1363,#1364);
#1366=PLANE('',#1365);
#1367=POLY_LOOP('',(#101,#104,#106));
#1368=FACE_OUTER_BOUND('',#1367,.T.);
#1369=FACE_SURFACE('',(#1368),#1366,.T.);
#1370=CARTESIAN_POINT('',(-0.939085,2.788691,3.6));
#1371=DIRECTION('',(0.,0.,1.));
#1372=DIRECTION('',(0.290285,0.95694,0.));
#1373=AXIS2_PLACEMENT_3D('',#1370,#1371,#1372);
#1374=PLANE('',#1373);
#1375=POLY_LOOP('',(#104,#105,#106));
#1376=FACE_OUTER_BOUND('',#1375,.T.);
#1377=FACE_SURFACE('',(#1376),#1374,.T.);
#1378=CARTESIAN_POINT('',(-0.758682,3.383401,3.6));
#1379=DIRECTION('',(-0.941544,0.33689,0.));
#1380=DIRECTION('',(-0.326276,-0.911879,-0.249042));
#1381=AXIS2_PLACEMENT_3D('',#1378,#1379,#1380);
#1382=PLANE('',#1381);
#1383=POLY_LOOP('',(#105,#101,#106));
#1384=FACE_OUTER_BOUND('',#1383,.T.);
#1385=FACE_SURFACE('',(#1384),#1382,.T.);
#1386=CARTESIAN_POINT('',(-1.,2.170213,3.6));
#1387=DIRECTION('',(0.,0.,1.));
#1388=DIRECTION('',(0.290285,0.95694,0.));
#1389=AXIS2_PLACEMENT_3D('',#1386,#1387,#1388);
#1390=PLANE('',#1389);
#1391=POLY_LOOP('',(#67,#107,#105));
#1392=FACE_OUTER_BOUND('',#1391,.T.);
#1393=FACE_SURFACE('',(#1392),#1390,.T.);
#1394=CARTESIAN_POINT('',(-0.863492,3.090477,3.52));
#1395=DIRECTION('',(-0.941544,0.33689,0.));
#1396=DIRECTION('',(0.326276,0.911879,0.249042));
#1397=AXIS2_PLACEMENT_3D('',#1394,#1395,#1396);
#1398=PLANE('',#1397);
#1399=POLY_LOOP('',(#101,#105,#84));
#1400=FACE_OUTER_BOUND('',#1399,.T.);
#1401=FACE_SURFACE('',(#1400),#1398,.T.);
#1402=CARTESIAN_POINT('',(-0.758682,3.383401,3.52));
#1403=DIRECTION('',(-0.903989,0.427555,0.));
#1404=DIRECTION('',(0.,0.,1.));
#1405=AXIS2_PLACEMENT_3D('',#1402,#1403,#1404);
#1406=PLANE('',#1405);
#1407=POLY_LOOP('',(#84,#105,#108));
#1408=FACE_OUTER_BOUND('',#1407,.T.);
#1409=FACE_SURFACE('',(#1408),#1406,.T.);
#1410=CARTESIAN_POINT('',(-0.625665,3.664641,3.6));
#1411=DIRECTION('',(-0.903989,0.427555,0.));
#1412=DIRECTION('',(0.,0.,-1.));
#1413=AXIS2_PLACEMENT_3D('',#1410,#1411,#1412);
#1414=PLANE('',#1413);
#1415=POLY_LOOP('',(#108,#85,#84));
#1416=FACE_OUTER_BOUND('',#1415,.T.);
#1417=FACE_SURFACE('',(#1416),#1414,.T.);
#1418=CARTESIAN_POINT('',(-0.758682,3.383401,3.6));
#1419=DIRECTION('',(0.,0.,1.));
#1420=DIRECTION('',(0.471397,0.881921,0.));
#1421=AXIS2_PLACEMENT_3D('',#1418,#1419,#1420);
#1422=PLANE('',#1421);
#1423=POLY_LOOP('',(#105,#107,#108));
#1424=FACE_OUTER_BOUND('',#1423,.T.);
#1425=FACE_SURFACE('',(#1424),#1422,.T.);
#1426=CARTESIAN_POINT('',(-0.625665,3.664641,3.6));
#1427=DIRECTION('',(-0.857729,0.514103,0.));
#1428=DIRECTION('',(0.514103,0.857729,0.));
#1429=AXIS2_PLACEMENT_3D('',#1426,#1427,#1428);
#1430=PLANE('',#1429);
#1431=POLY_LOOP('',(#108,#107,#85));
#1432=FACE_OUTER_BOUND('',#1431,.T.);
#1433=FACE_SURFACE('',(#1432),#1430,.T.);
#1434=CARTESIAN_POINT('',(-1.,2.170213,3.6));
#1435=DIRECTION('',(0.,0.,1.));
#1436=DIRECTION('',(0.514103,0.857729,0.));
#1437=AXIS2_PLACEMENT_3D('',#1434,#1435,#1436);
#1438=PLANE('',#1437);
#1439=POLY_LOOP('',(#67,#109,#107));
#1440=FACE_OUTER_BOUND('',#1439,.T.);
#1441=FACE_SURFACE('',(#1440),#1438,.T.);
#1442=CARTESIAN_POINT('',(-0.280395,4.181375,3.52));
#1443=DIRECTION('',(-0.772703,0.573075,-0.272972));
#1444=DIRECTION('',(0.17614,-0.21957,-0.959564));
#1445=AXIS2_PLACEMENT_3D('',#1442,#1443,#1444);
#1446=PLANE('',#1445);
#1447=POLY_LOOP('',(#86,#78,#102));
#1448=FACE_OUTER_BOUND('',#1447,.T.);
#1449=FACE_SURFACE('',(#1448),#1446,.T.);
#1450=CARTESIAN_POINT('',(-0.280395,4.181375,3.52));
#1451=DIRECTION('',(-0.712811,0.646054,-0.272972));
#1452=DIRECTION('',(0.671559,0.740951,0.));
#1453=AXIS2_PLACEMENT_3D('',#1450,#1451,#1452);
#1454=PLANE('',#1453);
#1455=POLY_LOOP('',(#86,#91,#80));
#1456=FACE_OUTER_BOUND('',#1455,.T.);
#1457=FACE_SURFACE('',(#1456),#1454,.T.);
#1458=CARTESIAN_POINT('',(0.159051,4.620821,3.52));
#1459=DIRECTION('',(-0.646054,0.712811,-0.272972));
#1460=DIRECTION('',(0.173365,-0.211246,-0.961935));
#1461=AXIS2_PLACEMENT_3D('',#1458,#1459,#1460);
#1462=PLANE('',#1461);
#1463=POLY_LOOP('',(#92,#88,#91));
#1464=FACE_OUTER_BOUND('',#1463,.T.);
#1465=FACE_SURFACE('',(#1464),#1462,.T.);
#1466=CARTESIAN_POINT('',(0.964507,3.974679,0.));
#1467=DIRECTION('',(-0.573076,0.772703,-0.272972));
#1468=DIRECTION('',(-0.21957,0.17614,0.959564));
#1469=AXIS2_PLACEMENT_3D('',#1466,#1467,#1468);
#1470=PLANE('',#1469);
#1471=POLY_LOOP('',(#87,#92,#110));
#1472=FACE_OUTER_BOUND('',#1471,.T.);
#1473=FACE_SURFACE('',(#1472),#1470,.T.);
#1474=CARTESIAN_POINT('',(0.675785,4.966091,3.52));
#1475=DIRECTION('',(-0.494577,0.825154,-0.272972));
#1476=DIRECTION('',(0.078707,-0.270262,-0.959564));
#1477=AXIS2_PLACEMENT_3D('',#1474,#1475,#1476);
#1478=PLANE('',#1477);
#1479=POLY_LOOP('',(#93,#87,#110));
#1480=FACE_OUTER_BOUND('',#1479,.T.);
#1481=FACE_SURFACE('',(#1480),#1478,.T.);
#1482=CARTESIAN_POINT('',(0.957025,5.099107,3.52));
#1483=DIRECTION('',(-0.411317,0.869658,-0.272972));
#1484=DIRECTION('',(0.104579,-0.252475,-0.961935));
#1485=AXIS2_PLACEMENT_3D('',#1482,#1483,#1484);
#1486=PLANE('',#1485);
#1487=POLY_LOOP('',(#111,#89,#93));
#1488=FACE_OUTER_BOUND('',#1487,.T.);
#1489=FACE_SURFACE('',(#1488),#1486,.T.);
#1490=CARTESIAN_POINT('',(1.339708,4.175228,0.));
#1491=DIRECTION('',(-0.324095,0.905786,-0.272972));
#1492=DIRECTION('',(-0.104579,0.252475,0.961935));
#1493=AXIS2_PLACEMENT_3D('',#1490,#1491,#1492);
#1494=PLANE('',#1493);
#1495=POLY_LOOP('',(#89,#111,#97));
#1496=FACE_OUTER_BOUND('',#1495,.T.);
#1497=FACE_SURFACE('',(#1496),#1494,.T.);
#1498=CARTESIAN_POINT('',(-0.625665,3.664641,3.52));
#1499=DIRECTION('',(-0.857729,0.514103,0.));
#1500=DIRECTION('',(0.497905,0.830704,0.249042));
#1501=AXIS2_PLACEMENT_3D('',#1498,#1499,#1500);
#1502=PLANE('',#1501);
#1503=POLY_LOOP('',(#85,#107,#102));
#1504=FACE_OUTER_BOUND('',#1503,.T.);
#1505=FACE_SURFACE('',(#1504),#1502,.T.);
#1506=CARTESIAN_POINT('',(-0.465723,3.931489,3.6));
#1507=DIRECTION('',(-0.803208,0.595699,0.));
#1508=DIRECTION('',(0.57693,0.777901,-0.249042));
#1509=AXIS2_PLACEMENT_3D('',#1506,#1507,#1508);
#1510=PLANE('',#1509);
#1511=POLY_LOOP('',(#107,#86,#102));
#1512=FACE_OUTER_BOUND('',#1511,.T.);
#1513=FACE_SURFACE('',(#1512),#1510,.T.);
#1514=CARTESIAN_POINT('',(-0.280395,4.181375,3.52));
#1515=DIRECTION('',(-0.803208,0.595699,0.));
#1516=DIRECTION('',(-0.57693,-0.777901,0.249042));
#1517=AXIS2_PLACEMENT_3D('',#1514,#1515,#1516);
#1518=PLANE('',#1517);
#1519=POLY_LOOP('',(#86,#107,#112));
#1520=FACE_OUTER_BOUND('',#1519,.T.);
#1521=FACE_SURFACE('',(#1520),#1518,.T.);
#1522=CARTESIAN_POINT('',(-0.465723,3.931489,3.6));
#1523=DIRECTION('',(0.,0.,1.));
#1524=DIRECTION('',(0.671559,0.740951,0.));
#1525=AXIS2_PLACEMENT_3D('',#1522,#1523,#1524);
#1526=PLANE('',#1525);
#1527=POLY_LOOP('',(#107,#113,#112));
#1528=FACE_OUTER_BOUND('',#1527,.T.);
#1529=FACE_SURFACE('',(#1528),#1526,.T.);
#1530=CARTESIAN_POINT('',(-0.280395,4.181375,3.52));
#1531=DIRECTION('',(-0.740951,0.671559,0.));
#1532=DIRECTION('',(0.,0.,1.));
#1533=AXIS2_PLACEMENT_3D('',#1530,#1531,#1532);
#1534=PLANE('',#1533);
#1535=POLY_LOOP('',(#86,#112,#114));
#1536=FACE_OUTER_BOUND('',#1535,.T.);
#1537=FACE_SURFACE('',(#1536),#1534,.T.);
#1538=CARTESIAN_POINT('',(-0.071466,4.411892,3.52));
#1539=DIRECTION('',(-0.740951,0.671559,0.));
#1540=DIRECTION('',(-0.671559,-0.740951,0.));
#1541=AXIS2_PLACEMENT_3D('',#1538,#1539,#1540);
#1542=PLANE('',#1541);
#1543=POLY_LOOP('',(#91,#86,#114));
#1544=FACE_OUTER_BOUND('',#1543,.T.);
#1545=FACE_SURFACE('',(#1544),#1542,.T.);
#1546=CARTESIAN_POINT('',(0.159051,4.620821,3.6));
#1547=DIRECTION('',(0.,0.,1.));
#1548=DIRECTION('',(-0.740951,-0.671559,0.));
#1549=AXIS2_PLACEMENT_3D('',#1546,#1547,#1548);
#1550=PLANE('',#1549);
#1551=POLY_LOOP('',(#113,#114,#112));
#1552=FACE_OUTER_BOUND('',#1551,.T.);
#1553=FACE_SURFACE('',(#1552),#1550,.T.);
#1554=CARTESIAN_POINT('',(0.159051,4.620821,3.6));
#1555=DIRECTION('',(-0.671559,0.740951,0.));
#1556=DIRECTION('',(-0.717606,-0.6504,-0.249042));
#1557=AXIS2_PLACEMENT_3D('',#1554,#1555,#1556);
#1558=PLANE('',#1557);
#1559=POLY_LOOP('',(#113,#91,#114));
#1560=FACE_OUTER_BOUND('',#1559,.T.);
#1561=FACE_SURFACE('',(#1560),#1558,.T.);
#1562=CARTESIAN_POINT('',(0.159051,4.620821,3.52));
#1563=DIRECTION('',(-0.671559,0.740951,0.));
#1564=DIRECTION('',(-0.740951,-0.671559,0.));
#1565=AXIS2_PLACEMENT_3D('',#1562,#1563,#1564);
#1566=PLANE('',#1565);
#1567=POLY_LOOP('',(#92,#91,#113));
#1568=FACE_OUTER_BOUND('',#1567,.T.);
#1569=FACE_SURFACE('',(#1568),#1566,.T.);
#1570=CARTESIAN_POINT('',(-0.465723,3.931489,3.6));
#1571=DIRECTION('',(0.,0.,1.));
#1572=DIRECTION('',(0.740951,0.671559,0.));
#1573=AXIS2_PLACEMENT_3D('',#1570,#1571,#1572);
#1574=PLANE('',#1573);
#1575=POLY_LOOP('',(#107,#109,#113));
#1576=FACE_OUTER_BOUND('',#1575,.T.);
#1577=FACE_SURFACE('',(#1576),#1574,.T.);
#1578=CARTESIAN_POINT('',(0.408937,4.806149,3.52));
#1579=DIRECTION('',(-0.595699,0.803207,0.));
#1580=DIRECTION('',(-0.803207,-0.595699,0.));
#1581=AXIS2_PLACEMENT_3D('',#1578,#1579,#1580);
#1582=PLANE('',#1581);
#1583=POLY_LOOP('',(#110,#92,#113));
#1584=FACE_OUTER_BOUND('',#1583,.T.);
#1585=FACE_SURFACE('',(#1584),#1582,.T.);
#1586=CARTESIAN_POINT('',(0.408937,4.806149,3.52));
#1587=DIRECTION('',(-0.595699,0.803207,0.));
#1588=DIRECTION('',(-0.777901,-0.576931,0.249042));
#1589=AXIS2_PLACEMENT_3D('',#1586,#1587,#1588);
#1590=PLANE('',#1589);
#1591=POLY_LOOP('',(#110,#113,#115));
#1592=FACE_OUTER_BOUND('',#1591,.T.);
#1593=FACE_SURFACE('',(#1592),#1590,.T.);
#1594=CARTESIAN_POINT('',(0.159051,4.620821,3.6));
#1595=DIRECTION('',(0.,0.,1.));
#1596=DIRECTION('',(0.83147,0.55557,0.));
#1597=AXIS2_PLACEMENT_3D('',#1594,#1595,#1596);
#1598=PLANE('',#1597);
#1599=POLY_LOOP('',(#113,#109,#115));
#1600=FACE_OUTER_BOUND('',#1599,.T.);
#1601=FACE_SURFACE('',(#1600),#1598,.T.);
#1602=CARTESIAN_POINT('',(0.675785,4.966091,3.6));
#1603=DIRECTION('',(-0.514102,0.857729,0.));
#1604=DIRECTION('',(-0.830704,-0.497904,-0.249042));
#1605=AXIS2_PLACEMENT_3D('',#1602,#1603,#1604);
#1606=PLANE('',#1605);
#1607=POLY_LOOP('',(#109,#110,#115));
#1608=FACE_OUTER_BOUND('',#1607,.T.);
#1609=FACE_SURFACE('',(#1608),#1606,.T.);
#1610=CARTESIAN_POINT('',(0.675785,4.966091,3.6));
#1611=DIRECTION('',(-0.514102,0.857729,0.));
#1612=DIRECTION('',(0.,0.,-1.));
#1613=AXIS2_PLACEMENT_3D('',#1610,#1611,#1612);
#1614=PLANE('',#1613);
#1615=POLY_LOOP('',(#109,#93,#110));
#1616=FACE_OUTER_BOUND('',#1615,.T.);
#1617=FACE_SURFACE('',(#1616),#1614,.T.);
#1618=CARTESIAN_POINT('',(0.675785,4.966091,3.52));
#1619=DIRECTION('',(-0.427555,0.903989,0.));
#1620=DIRECTION('',(0.,0.,1.));
#1621=AXIS2_PLACEMENT_3D('',#1618,#1619,#1620);
#1622=PLANE('',#1621);
#1623=POLY_LOOP('',(#93,#109,#116));
#1624=FACE_OUTER_BOUND('',#1623,.T.);
#1625=FACE_SURFACE('',(#1624),#1622,.T.);
#1626=CARTESIAN_POINT('',(0.957025,5.099107,3.52));
#1627=DIRECTION('',(-0.427555,0.903989,0.));
#1628=DIRECTION('',(-0.903989,-0.427555,0.));
#1629=AXIS2_PLACEMENT_3D('',#1626,#1627,#1628);
#1630=PLANE('',#1629);
#1631=POLY_LOOP('',(#111,#93,#116));
#1632=FACE_OUTER_BOUND('',#1631,.T.);
#1633=FACE_SURFACE('',(#1632),#1630,.T.);
#1634=CARTESIAN_POINT('',(0.675785,4.966091,3.6));
#1635=DIRECTION('',(0.,0.,1.));
#1636=DIRECTION('',(0.92388,0.382683,0.));
#1637=AXIS2_PLACEMENT_3D('',#1634,#1635,#1636);
#1638=PLANE('',#1637);
#1639=POLY_LOOP('',(#109,#117,#116));
#1640=FACE_OUTER_BOUND('',#1639,.T.);
#1641=FACE_SURFACE('',(#1640),#1638,.T.);
#1642=CARTESIAN_POINT('',(1.249949,5.203917,3.6));
#1643=DIRECTION('',(-0.33689,0.941544,0.));
#1644=DIRECTION('',(-0.911879,-0.326275,-0.249042));
#1645=AXIS2_PLACEMENT_3D('',#1642,#1643,#1644);
#1646=PLANE('',#1645);
#1647=POLY_LOOP('',(#117,#111,#116));
#1648=FACE_OUTER_BOUND('',#1647,.T.);
#1649=FACE_SURFACE('',(#1648),#1646,.T.);
#1650=CARTESIAN_POINT('',(1.249949,5.203917,3.52));
#1651=DIRECTION('',(-0.33689,0.941544,0.));
#1652=DIRECTION('',(-0.941544,-0.33689,0.));
#1653=AXIS2_PLACEMENT_3D('',#1650,#1651,#1652);
#1654=PLANE('',#1653);
#1655=POLY_LOOP('',(#97,#111,#117));
#1656=FACE_OUTER_BOUND('',#1655,.T.);
#1657=FACE_SURFACE('',(#1656),#1654,.T.);
#1658=CARTESIAN_POINT('',(4.629787,-1.,3.6));
#1659=DIRECTION('',(0.,0.,1.));
#1660=DIRECTION('',(0.,1.,0.));
#1661=AXIS2_PLACEMENT_3D('',#1658,#1659,#1660);
#1662=PLANE('',#1661);
#1663=POLY_LOOP('',(#72,#118,#67));
#1664=FACE_OUTER_BOUND('',#1663,.T.);
#1665=FACE_SURFACE('',(#1664),#1662,.T.);
#1666=CARTESIAN_POINT('',(1.746825,4.298726,0.));
#1667=DIRECTION('',(-0.233753,0.933191,-0.272972));
#1668=DIRECTION('',(-0.13545,0.246758,0.959564));
#1669=AXIS2_PLACEMENT_3D('',#1666,#1667,#1668);
#1670=PLANE('',#1669);
#1671=POLY_LOOP('',(#94,#97,#119));
#1672=FACE_OUTER_BOUND('',#1671,.T.);
#1673=FACE_SURFACE('',(#1672),#1670,.T.);
#1674=CARTESIAN_POINT('',(1.859478,5.32516,3.52));
#1675=DIRECTION('',(-0.141157,0.95161,-0.272972));
#1676=DIRECTION('',(-0.030709,-0.27981,-0.959564));
#1677=AXIS2_PLACEMENT_3D('',#1674,#1675,#1676);
#1678=PLANE('',#1677);
#1679=POLY_LOOP('',(#98,#94,#119));
#1680=FACE_OUTER_BOUND('',#1679,.T.);
#1681=FACE_SURFACE('',(#1680),#1678,.T.);
#1682=CARTESIAN_POINT('',(2.170213,4.340425,0.));
#1683=DIRECTION('',(-0.047204,0.960863,-0.272972));
#1684=DIRECTION('',(-0.084708,0.268442,0.959564));
#1685=AXIS2_PLACEMENT_3D('',#1682,#1683,#1684);
#1686=PLANE('',#1685);
#1687=POLY_LOOP('',(#81,#98,#99));
#1688=FACE_OUTER_BOUND('',#1687,.T.);
#1689=FACE_SURFACE('',(#1688),#1686,.T.);
#1690=CARTESIAN_POINT('',(-1.,2.170213,3.6));
#1691=DIRECTION('',(0.,0.,1.));
#1692=DIRECTION('',(0.871347,0.490668,0.));
#1693=AXIS2_PLACEMENT_3D('',#1690,#1691,#1692);
#1694=PLANE('',#1693);
#1695=POLY_LOOP('',(#67,#118,#109));
#1696=FACE_OUTER_BOUND('',#1695,.T.);
#1697=FACE_SURFACE('',(#1696),#1694,.T.);
#1698=CARTESIAN_POINT('',(0.675785,4.966091,3.6));
#1699=DIRECTION('',(0.,0.,1.));
#1700=DIRECTION('',(0.95694,0.290285,0.));
#1701=AXIS2_PLACEMENT_3D('',#1698,#1699,#1700);
#1702=PLANE('',#1701);
#1703=POLY_LOOP('',(#109,#120,#117));
#1704=FACE_OUTER_BOUND('',#1703,.T.);
#1705=FACE_SURFACE('',(#1704),#1702,.T.);
#1706=CARTESIAN_POINT('',(1.249949,5.203917,3.52));
#1707=DIRECTION('',(-0.242981,0.970031,0.));
#1708=DIRECTION('',(0.,0.,1.));
#1709=AXIS2_PLACEMENT_3D('',#1706,#1707,#1708);
#1710=PLANE('',#1709);
#1711=POLY_LOOP('',(#97,#117,#119));
#1712=FACE_OUTER_BOUND('',#1711,.T.);
#1713=FACE_SURFACE('',(#1712),#1710,.T.);
#1714=CARTESIAN_POINT('',(1.551735,5.279511,3.52));
#1715=DIRECTION('',(-0.242981,0.970031,0.));
#1716=DIRECTION('',(-0.939468,-0.235326,0.249042));
#1717=AXIS2_PLACEMENT_3D('',#1714,#1715,#1716);
#1718=PLANE('',#1717);
#1719=POLY_LOOP('',(#119,#117,#121));
#1720=FACE_OUTER_BOUND('',#1719,.T.);
#1721=FACE_SURFACE('',(#1720),#1718,.T.);
#1722=CARTESIAN_POINT('',(1.249949,5.203917,3.6));
#1723=DIRECTION('',(0.,0.,1.));
#1724=DIRECTION('',(0.980785,0.195091,0.));
#1725=AXIS2_PLACEMENT_3D('',#1722,#1723,#1724);
#1726=PLANE('',#1725);
#1727=POLY_LOOP('',(#117,#120,#121));
#1728=FACE_OUTER_BOUND('',#1727,.T.);
#1729=FACE_SURFACE('',(#1728),#1726,.T.);
#1730=CARTESIAN_POINT('',(1.859478,5.32516,3.6));
#1731=DIRECTION('',(-0.14673,0.989177,0.));
#1732=DIRECTION('',(-0.95801,-0.142107,-0.249042));
#1733=AXIS2_PLACEMENT_3D('',#1730,#1731,#1732);
#1734=PLANE('',#1733);
#1735=POLY_LOOP('',(#120,#119,#121));
#1736=FACE_OUTER_BOUND('',#1735,.T.);
#1737=FACE_SURFACE('',(#1736),#1734,.T.);
#1738=CARTESIAN_POINT('',(1.859478,5.32516,3.6));
#1739=DIRECTION('',(-0.14673,0.989177,0.));
#1740=DIRECTION('',(0.,0.,-1.));
#1741=AXIS2_PLACEMENT_3D('',#1738,#1739,#1740);
#1742=PLANE('',#1741);
#1743=POLY_LOOP('',(#120,#98,#119));
#1744=FACE_OUTER_BOUND('',#1743,.T.);
#1745=FACE_SURFACE('',(#1744),#1742,.T.);
#1746=CARTESIAN_POINT('',(1.859478,5.32516,3.52));
#1747=DIRECTION('',(-0.049068,0.998795,0.));
#1748=DIRECTION('',(0.,0.,1.));
#1749=AXIS2_PLACEMENT_3D('',#1746,#1747,#1748);
#1750=PLANE('',#1749);
#1751=POLY_LOOP('',(#98,#120,#99));
#1752=FACE_OUTER_BOUND('',#1751,.T.);
#1753=FACE_SURFACE('',(#1752),#1750,.T.);
#1754=CARTESIAN_POINT('',(2.170213,5.340425,3.52));
#1755=DIRECTION('',(-0.049068,0.998795,0.));
#1756=DIRECTION('',(-0.967326,-0.047522,0.249042));
#1757=AXIS2_PLACEMENT_3D('',#1754,#1755,#1756);
#1758=PLANE('',#1757);
#1759=POLY_LOOP('',(#99,#120,#122));
#1760=FACE_OUTER_BOUND('',#1759,.T.);
#1761=FACE_SURFACE('',(#1760),#1758,.T.);
#1762=CARTESIAN_POINT('',(0.675785,4.966091,3.6));
#1763=DIRECTION('',(0.,0.,1.));
#1764=DIRECTION('',(0.995548,0.094251,0.));
#1765=AXIS2_PLACEMENT_3D('',#1762,#1763,#1764);
#1766=PLANE('',#1765);
#1767=POLY_LOOP('',(#109,#118,#120));
#1768=FACE_OUTER_BOUND('',#1767,.T.);
#1769=FACE_SURFACE('',(#1768),#1766,.T.);
#1770=CARTESIAN_POINT('',(1.859478,5.32516,3.6));
#1771=DIRECTION('',(0.,0.,1.));
#1772=DIRECTION('',(0.999985,0.00551,0.));
#1773=AXIS2_PLACEMENT_3D('',#1770,#1771,#1772);
#1774=PLANE('',#1773);
#1775=POLY_LOOP('',(#120,#118,#122));
#1776=FACE_OUTER_BOUND('',#1775,.T.);
#1777=FACE_SURFACE('',(#1776),#1774,.T.);
#1778=CARTESIAN_POINT('',(4.629787,5.340425,3.6));
#1779=DIRECTION('',(0.,1.,0.));
#1780=DIRECTION('',(-0.999471,0.,-0.032509));
#1781=AXIS2_PLACEMENT_3D('',#1778,#1779,#1780);
#1782=PLANE('',#1781);
#1783=POLY_LOOP('',(#118,#99,#122));
#1784=FACE_OUTER_BOUND('',#1783,.T.);
#1785=FACE_SURFACE('',(#1784),#1782,.T.);
#1786=CARTESIAN_POINT('',(2.170213,0.,0.));
#1787=DIRECTION('',(0.,0.,-1.));
#1788=DIRECTION('',(0.999992,0.003911,0.));
#1789=AXIS2_PLACEMENT_3D('',#1786,#1787,#1788);
#1790=PLANE('',#1789);
#1791=POLY_LOOP('',(#37,#123,#49));
#1792=FACE_OUTER_BOUND('',#1791,.T.);
#1793=FACE_SURFACE('',(#1792),#1790,.T.);
#1794=CARTESIAN_POINT('',(2.170213,0.,0.));
#1795=DIRECTION('',(0.,0.,-1.));
#1796=DIRECTION('',(0.998742,0.050148,0.));
#1797=AXIS2_PLACEMENT_3D('',#1794,#1795,#1796);
#1798=PLANE('',#1797);
#1799=POLY_LOOP('',(#37,#124,#123));
#1800=FACE_OUTER_BOUND('',#1799,.T.);
#1801=FACE_SURFACE('',(#1800),#1798,.T.);
#1802=CARTESIAN_POINT('',(2.170213,0.,0.));
#1803=DIRECTION('',(0.,0.,-1.));
#1804=DIRECTION('',(0.975359,0.220622,0.));
#1805=AXIS2_PLACEMENT_3D('',#1802,#1803,#1804);
#1806=PLANE('',#1805);
#1807=POLY_LOOP('',(#37,#125,#124));
#1808=FACE_OUTER_BOUND('',#1807,.T.);
#1809=FACE_SURFACE('',(#1808),#1806,.T.);
#1810=CARTESIAN_POINT('',(4.842505,0.01045,0.));
#1811=DIRECTION('',(0.,0.,-1.));
#1812=DIRECTION('',(0.970031,0.24298,0.));
#1813=AXIS2_PLACEMENT_3D('',#1810,#1811,#1812);
#1814=PLANE('',#1813);
#1815=POLY_LOOP('',(#123,#124,#126));
#1816=FACE_OUTER_BOUND('',#1815,.T.);
#1817=FACE_SURFACE('',(#1816),#1814,.T.);
#1818=CARTESIAN_POINT('',(5.053175,0.0417,0.));
#1819=DIRECTION('',(0.,0.,-1.));
#1820=DIRECTION('',(0.95694,0.290285,0.));
#1821=AXIS2_PLACEMENT_3D('',#1818,#1819,#1820);
#1822=PLANE('',#1821);
#1823=POLY_LOOP('',(#126,#124,#127));
#1824=FACE_OUTER_BOUND('',#1823,.T.);
#1825=FACE_SURFACE('',(#1824),#1822,.T.);
#1826=CARTESIAN_POINT('',(4.629787,0.,0.));
#1827=DIRECTION('',(0.047204,-0.960863,-0.272972));
#1828=DIRECTION('',(0.998795,0.049068,0.));
#1829=AXIS2_PLACEMENT_3D('',#1826,#1827,#1828);
#1830=PLANE('',#1829);
#1831=POLY_LOOP('',(#49,#123,#128));
#1832=FACE_OUTER_BOUND('',#1831,.T.);
#1833=FACE_SURFACE('',(#1832),#1830,.T.);
#1834=CARTESIAN_POINT('',(4.842505,0.01045,0.));
#1835=DIRECTION('',(0.141158,-0.951609,-0.272972));
#1836=DIRECTION('',(0.989177,0.14673,0.));
#1837=AXIS2_PLACEMENT_3D('',#1834,#1835,#1836);
#1838=PLANE('',#1837);
#1839=POLY_LOOP('',(#123,#126,#128));
#1840=FACE_OUTER_BOUND('',#1839,.T.);
#1841=FACE_SURFACE('',(#1840),#1838,.T.);
#1842=CARTESIAN_POINT('',(5.053175,0.0417,0.));
#1843=DIRECTION('',(0.233753,-0.933191,-0.272972));
#1844=DIRECTION('',(0.970031,0.242981,0.));
#1845=AXIS2_PLACEMENT_3D('',#1842,#1843,#1844);
#1846=PLANE('',#1845);
#1847=POLY_LOOP('',(#126,#127,#129));
#1848=FACE_OUTER_BOUND('',#1847,.T.);
#1849=FACE_SURFACE('',(#1848),#1846,.T.);
#1850=CARTESIAN_POINT('',(5.460292,0.165198,0.));
#1851=DIRECTION('',(0.324095,-0.905786,-0.272972));
#1852=DIRECTION('',(0.104579,-0.252475,0.961935));
#1853=AXIS2_PLACEMENT_3D('',#1850,#1851,#1852);
#1854=PLANE('',#1853);
#1855=POLY_LOOP('',(#124,#130,#127));
#1856=FACE_OUTER_BOUND('',#1855,.T.);
#1857=FACE_SURFACE('',(#1856),#1854,.T.);
#1858=CARTESIAN_POINT('',(2.170213,0.,0.));
#1859=DIRECTION('',(0.,0.,-1.));
#1860=DIRECTION('',(0.905459,0.424434,0.));
#1861=AXIS2_PLACEMENT_3D('',#1858,#1859,#1860);
#1862=PLANE('',#1861);
#1863=POLY_LOOP('',(#37,#131,#125));
#1864=FACE_OUTER_BOUND('',#1863,.T.);
#1865=FACE_SURFACE('',(#1864),#1862,.T.);
#1866=CARTESIAN_POINT('',(5.460292,0.165198,0.));
#1867=DIRECTION('',(0.,0.,-1.));
#1868=DIRECTION('',(0.881921,0.471397,0.));
#1869=AXIS2_PLACEMENT_3D('',#1866,#1867,#1868);
#1870=PLANE('',#1869);
#1871=POLY_LOOP('',(#124,#132,#133));
#1872=FACE_OUTER_BOUND('',#1871,.T.);
#1873=FACE_SURFACE('',(#1872),#1870,.T.);
#1874=CARTESIAN_POINT('',(5.460292,0.165198,0.));
#1875=DIRECTION('',(0.,0.,-1.));
#1876=DIRECTION('',(0.857729,0.514103,0.));
#1877=AXIS2_PLACEMENT_3D('',#1874,#1875,#1876);
#1878=PLANE('',#1877);
#1879=POLY_LOOP('',(#124,#134,#132));
#1880=FACE_OUTER_BOUND('',#1879,.T.);
#1881=FACE_SURFACE('',(#1880),#1878,.T.);
#1882=CARTESIAN_POINT('',(5.460292,0.165198,0.));
#1883=DIRECTION('',(0.,0.,-1.));
#1884=DIRECTION('',(0.77301,0.634393,0.));
#1885=AXIS2_PLACEMENT_3D('',#1882,#1883,#1884);
#1886=PLANE('',#1885);
#1887=POLY_LOOP('',(#124,#125,#134));
#1888=FACE_OUTER_BOUND('',#1887,.T.);
#1889=FACE_SURFACE('',(#1888),#1886,.T.);
#1890=CARTESIAN_POINT('',(6.124215,-0.625665,3.52));
#1891=DIRECTION('',(0.411317,-0.869658,-0.272972));
#1892=DIRECTION('',(-0.180988,0.215592,-0.959564));
#1893=AXIS2_PLACEMENT_3D('',#1890,#1891,#1892);
#1894=PLANE('',#1893);
#1895=POLY_LOOP('',(#135,#124,#133));
#1896=FACE_OUTER_BOUND('',#1895,.T.);
#1897=FACE_SURFACE('',(#1896),#1894,.T.);
#1898=CARTESIAN_POINT('',(5.835493,0.365747,0.));
#1899=DIRECTION('',(0.494579,-0.825153,-0.272972));
#1900=DIRECTION('',(0.078707,-0.270262,0.959564));
#1901=AXIS2_PLACEMENT_3D('',#1898,#1899,#1900);
#1902=PLANE('',#1901);
#1903=POLY_LOOP('',(#132,#135,#133));
#1904=FACE_OUTER_BOUND('',#1903,.T.);
#1905=FACE_SURFACE('',(#1904),#1902,.T.);
#1906=CARTESIAN_POINT('',(6.006556,0.492616,0.));
#1907=DIRECTION('',(0.573075,-0.772703,-0.272973));
#1908=DIRECTION('',(0.104818,-0.261246,0.959564));
#1909=AXIS2_PLACEMENT_3D('',#1906,#1907,#1908);
#1910=PLANE('',#1909);
#1911=POLY_LOOP('',(#134,#136,#132));
#1912=FACE_OUTER_BOUND('',#1911,.T.);
#1913=FACE_SURFACE('',(#1912),#1910,.T.);
#1914=CARTESIAN_POINT('',(6.16436,0.635641,0.));
#1915=DIRECTION('',(0.646054,-0.712812,-0.272972));
#1916=DIRECTION('',(0.12992,-0.249714,0.959564));
#1917=AXIS2_PLACEMENT_3D('',#1914,#1915,#1916);
#1918=PLANE('',#1917);
#1919=POLY_LOOP('',(#137,#138,#134));
#1920=FACE_OUTER_BOUND('',#1919,.T.);
#1921=FACE_SURFACE('',(#1920),#1918,.T.);
#1922=CARTESIAN_POINT('',(6.307384,0.793444,0.));
#1923=DIRECTION('',(0.712811,-0.646054,-0.272972));
#1924=DIRECTION('',(0.211246,-0.173365,0.961935));
#1925=AXIS2_PLACEMENT_3D('',#1922,#1923,#1924);
#1926=PLANE('',#1925);
#1927=POLY_LOOP('',(#139,#140,#137));
#1928=FACE_OUTER_BOUND('',#1927,.T.);
#1929=FACE_SURFACE('',(#1928),#1926,.T.);
#1930=CARTESIAN_POINT('',(6.006556,0.492616,0.));
#1931=DIRECTION('',(0.,0.,-1.));
#1932=DIRECTION('',(0.707107,0.707107,0.));
#1933=AXIS2_PLACEMENT_3D('',#1930,#1931,#1932);
#1934=PLANE('',#1933);
#1935=POLY_LOOP('',(#134,#139,#137));
#1936=FACE_OUTER_BOUND('',#1935,.T.);
#1937=FACE_SURFACE('',(#1936),#1934,.T.);
#1938=CARTESIAN_POINT('',(6.307384,0.793444,0.));
#1939=DIRECTION('',(0.,0.,-1.));
#1940=DIRECTION('',(-0.707107,-0.707107,0.));
#1941=AXIS2_PLACEMENT_3D('',#1938,#1939,#1940);
#1942=PLANE('',#1941);
#1943=POLY_LOOP('',(#139,#134,#125));
#1944=FACE_OUTER_BOUND('',#1943,.T.);
#1945=FACE_SURFACE('',(#1944),#1942,.T.);
#1946=CARTESIAN_POINT('',(6.434253,0.964507,0.));
#1947=DIRECTION('',(0.,0.,-1.));
#1948=DIRECTION('',(0.427555,0.903989,0.));
#1949=AXIS2_PLACEMENT_3D('',#1946,#1947,#1948);
#1950=PLANE('',#1949);
#1951=POLY_LOOP('',(#125,#141,#142));
#1952=FACE_OUTER_BOUND('',#1951,.T.);
#1953=FACE_SURFACE('',(#1952),#1950,.T.);
#1954=CARTESIAN_POINT('',(6.543744,1.147182,0.));
#1955=DIRECTION('',(0.,0.,-1.));
#1956=DIRECTION('',(0.382684,0.923879,0.));
#1957=AXIS2_PLACEMENT_3D('',#1954,#1955,#1956);
#1958=PLANE('',#1957);
#1959=POLY_LOOP('',(#142,#141,#143));
#1960=FACE_OUTER_BOUND('',#1959,.T.);
#1961=FACE_SURFACE('',(#1960),#1958,.T.);
#1962=CARTESIAN_POINT('',(6.706552,1.540233,0.));
#1963=DIRECTION('',(0.,0.,-1.));
#1964=DIRECTION('',(-0.427555,-0.903989,0.));
#1965=AXIS2_PLACEMENT_3D('',#1962,#1963,#1964);
#1966=PLANE('',#1965);
#1967=POLY_LOOP('',(#141,#125,#131));
#1968=FACE_OUTER_BOUND('',#1967,.T.);
#1969=FACE_SURFACE('',(#1968),#1966,.T.);
#1970=CARTESIAN_POINT('',(6.706552,1.540233,0.));
#1971=DIRECTION('',(0.,0.,-1.));
#1972=DIRECTION('',(0.19509,0.980785,0.));
#1973=AXIS2_PLACEMENT_3D('',#1970,#1971,#1972);
#1974=PLANE('',#1973);
#1975=POLY_LOOP('',(#141,#144,#145));
#1976=FACE_OUTER_BOUND('',#1975,.T.);
#1977=FACE_SURFACE('',(#1976),#1974,.T.);
#1978=CARTESIAN_POINT('',(6.706552,1.540233,0.));
#1979=DIRECTION('',(0.,0.,-1.));
#1980=DIRECTION('',(0.14673,0.989177,0.));
#1981=AXIS2_PLACEMENT_3D('',#1978,#1979,#1980);
#1982=PLANE('',#1981);
#1983=POLY_LOOP('',(#141,#131,#144));
#1984=FACE_OUTER_BOUND('',#1983,.T.);
#1985=FACE_SURFACE('',(#1984),#1982,.T.);
#1986=CARTESIAN_POINT('',(6.434253,0.964507,0.));
#1987=DIRECTION('',(0.772703,-0.573075,-0.272972));
#1988=DIRECTION('',(0.17614,-0.21957,0.959564));
#1989=AXIS2_PLACEMENT_3D('',#1986,#1987,#1988);
#1990=PLANE('',#1989);
#1991=POLY_LOOP('',(#125,#140,#139));
#1992=FACE_OUTER_BOUND('',#1991,.T.);
#1993=FACE_SURFACE('',(#1992),#1990,.T.);
#1994=CARTESIAN_POINT('',(6.543744,1.147182,0.));
#1995=DIRECTION('',(0.825154,-0.494578,-0.272972));
#1996=DIRECTION('',(0.241009,-0.128822,0.961935));
#1997=AXIS2_PLACEMENT_3D('',#1994,#1995,#1996);
#1998=PLANE('',#1997);
#1999=POLY_LOOP('',(#142,#146,#125));
#2000=FACE_OUTER_BOUND('',#1999,.T.);
#2001=FACE_SURFACE('',(#2000),#1998,.T.);
#2002=CARTESIAN_POINT('',(7.425665,0.675785,3.52));
#2003=DIRECTION('',(0.869658,-0.411317,-0.272972));
#2004=DIRECTION('',(-0.241009,0.128822,-0.961935));
#2005=AXIS2_PLACEMENT_3D('',#2002,#2003,#2004);
#2006=PLANE('',#2005);
#2007=POLY_LOOP('',(#146,#142,#143));
#2008=FACE_OUTER_BOUND('',#2007,.T.);
#2009=FACE_SURFACE('',(#2008),#2006,.T.);
#2010=CARTESIAN_POINT('',(6.706552,1.540233,0.));
#2011=DIRECTION('',(0.905786,-0.324096,-0.272972));
#2012=DIRECTION('',(0.232294,-0.158985,0.959564));
#2013=AXIS2_PLACEMENT_3D('',#2010,#2011,#2012);
#2014=PLANE('',#2013);
#2015=POLY_LOOP('',(#141,#147,#143));
#2016=FACE_OUTER_BOUND('',#2015,.T.);
#2017=FACE_SURFACE('',(#2016),#2014,.T.);
#2018=CARTESIAN_POINT('',(7.739085,1.551735,3.52));
#2019=DIRECTION('',(0.933192,-0.233751,-0.272972));
#2020=DIRECTION('',(-0.281472,-0.003135,-0.959564));
#2021=AXIS2_PLACEMENT_3D('',#2018,#2019,#2020);
#2022=PLANE('',#2021);
#2023=POLY_LOOP('',(#148,#141,#145));
#2024=FACE_OUTER_BOUND('',#2023,.T.);
#2025=FACE_SURFACE('',(#2024),#2022,.T.);
#2026=CARTESIAN_POINT('',(6.78955,1.957495,0.));
#2027=DIRECTION('',(0.951609,-0.141158,-0.272972));
#2028=DIRECTION('',(0.271961,-0.026786,0.961935));
#2029=AXIS2_PLACEMENT_3D('',#2026,#2027,#2028);
#2030=PLANE('',#2029);
#2031=POLY_LOOP('',(#144,#149,#145));
#2032=FACE_OUTER_BOUND('',#2031,.T.);
#2033=FACE_SURFACE('',(#2032),#2030,.T.);
#2034=CARTESIAN_POINT('',(6.8,2.170213,0.));
#2035=DIRECTION('',(0.960863,-0.047205,-0.272973));
#2036=DIRECTION('',(0.268442,-0.084708,0.959564));
#2037=AXIS2_PLACEMENT_3D('',#2034,#2035,#2036);
#2038=PLANE('',#2037);
#2039=POLY_LOOP('',(#131,#149,#144));
#2040=FACE_OUTER_BOUND('',#2039,.T.);
#2041=FACE_SURFACE('',(#2040),#2038,.T.);
#2042=CARTESIAN_POINT('',(2.170213,-1.,3.52));
#2043=DIRECTION('',(0.,-0.961935,-0.273277));
#2044=DIRECTION('',(0.557844,0.226805,-0.798354));
#2045=AXIS2_PLACEMENT_3D('',#2042,#2043,#2044);
#2046=PLANE('',#2045);
#2047=POLY_LOOP('',(#48,#49,#150));
#2048=FACE_OUTER_BOUND('',#2047,.T.);
#2049=FACE_SURFACE('',(#2048),#2046,.T.);
#2050=CARTESIAN_POINT('',(4.629787,0.,0.));
#2051=DIRECTION('',(0.047204,-0.960863,-0.272972));
#2052=DIRECTION('',(0.084707,-0.268442,0.959564));
#2053=AXIS2_PLACEMENT_3D('',#2050,#2051,#2052);
#2054=PLANE('',#2053);
#2055=POLY_LOOP('',(#49,#128,#150));
#2056=FACE_OUTER_BOUND('',#2055,.T.);
#2057=FACE_SURFACE('',(#2056),#2054,.T.);
#2058=CARTESIAN_POINT('',(5.053175,0.0417,0.));
#2059=DIRECTION('',(0.141158,-0.951609,-0.272972));
#2060=DIRECTION('',(0.053314,-0.268026,0.961935));
#2061=AXIS2_PLACEMENT_3D('',#2058,#2059,#2060);
#2062=PLANE('',#2061);
#2063=POLY_LOOP('',(#126,#129,#128));
#2064=FACE_OUTER_BOUND('',#2063,.T.);
#2065=FACE_SURFACE('',(#2064),#2062,.T.);
#2066=CARTESIAN_POINT('',(5.248265,-0.939085,3.52));
#2067=DIRECTION('',(0.233752,-0.933191,-0.272972));
#2068=DIRECTION('',(0.003135,0.281472,-0.959564));
#2069=AXIS2_PLACEMENT_3D('',#2066,#2067,#2068);
#2070=PLANE('',#2069);
#2071=POLY_LOOP('',(#129,#127,#151));
#2072=FACE_OUTER_BOUND('',#2071,.T.);
#2073=FACE_SURFACE('',(#2072),#2070,.T.);
#2074=CARTESIAN_POINT('',(5.842975,-0.758682,3.52));
#2075=DIRECTION('',(0.324095,-0.905786,-0.272972));
#2076=DIRECTION('',(-0.941544,-0.33689,0.));
#2077=AXIS2_PLACEMENT_3D('',#2074,#2075,#2076);
#2078=PLANE('',#2077);
#2079=POLY_LOOP('',(#130,#151,#127));
#2080=FACE_OUTER_BOUND('',#2079,.T.);
#2081=FACE_SURFACE('',(#2080),#2078,.T.);
#2082=CARTESIAN_POINT('',(4.629787,-1.,3.6));
#2083=DIRECTION('',(0.,-1.,0.));
#2084=DIRECTION('',(-0.999471,0.,-0.032509));
#2085=AXIS2_PLACEMENT_3D('',#2082,#2083,#2084);
#2086=PLANE('',#2085);
#2087=POLY_LOOP('',(#72,#48,#150));
#2088=FACE_OUTER_BOUND('',#2087,.T.);
#2089=FACE_SURFACE('',(#2088),#2086,.T.);
#2090=CARTESIAN_POINT('',(4.629787,-1.,3.6));
#2091=DIRECTION('',(0.049068,-0.998795,0.));
#2092=DIRECTION('',(0.,0.,-1.));
#2093=AXIS2_PLACEMENT_3D('',#2090,#2091,#2092);
#2094=PLANE('',#2093);
#2095=POLY_LOOP('',(#72,#150,#128));
#2096=FACE_OUTER_BOUND('',#2095,.T.);
#2097=FACE_SURFACE('',(#2096),#2094,.T.);
#2098=CARTESIAN_POINT('',(4.629787,-1.,3.6));
#2099=DIRECTION('',(0.049068,-0.998795,0.));
#2100=DIRECTION('',(0.967326,0.047522,-0.249042));
#2101=AXIS2_PLACEMENT_3D('',#2098,#2099,#2100);
#2102=PLANE('',#2101);
#2103=POLY_LOOP('',(#72,#128,#152));
#2104=FACE_OUTER_BOUND('',#2103,.T.);
#2105=FACE_SURFACE('',(#2104),#2102,.T.);
#2106=CARTESIAN_POINT('',(5.248265,-0.939085,3.6));
#2107=DIRECTION('',(0.,0.,1.));
#2108=DIRECTION('',(-0.995185,-0.098017,0.));
#2109=AXIS2_PLACEMENT_3D('',#2106,#2107,#2108);
#2110=PLANE('',#2109);
#2111=POLY_LOOP('',(#153,#72,#152));
#2112=FACE_OUTER_BOUND('',#2111,.T.);
#2113=FACE_SURFACE('',(#2112),#2110,.T.);
#2114=CARTESIAN_POINT('',(4.940522,-0.984735,3.52));
#2115=DIRECTION('',(0.14673,-0.989177,0.));
#2116=DIRECTION('',(0.95801,0.142107,0.249041));
#2117=AXIS2_PLACEMENT_3D('',#2114,#2115,#2116);
#2118=PLANE('',#2117);
#2119=POLY_LOOP('',(#128,#153,#152));
#2120=FACE_OUTER_BOUND('',#2119,.T.);
#2121=FACE_SURFACE('',(#2120),#2118,.T.);
#2122=CARTESIAN_POINT('',(5.248265,-0.939085,3.52));
#2123=DIRECTION('',(0.14673,-0.989177,0.));
#2124=DIRECTION('',(0.,0.,1.));
#2125=AXIS2_PLACEMENT_3D('',#2122,#2123,#2124);
#2126=PLANE('',#2125);
#2127=POLY_LOOP('',(#129,#153,#128));
#2128=FACE_OUTER_BOUND('',#2127,.T.);
#2129=FACE_SURFACE('',(#2128),#2126,.T.);
#2130=CARTESIAN_POINT('',(5.842975,-0.758682,3.6));
#2131=DIRECTION('',(0.,0.,1.));
#2132=DIRECTION('',(-0.980785,-0.19509,0.));
#2133=AXIS2_PLACEMENT_3D('',#2130,#2131,#2132);
#2134=PLANE('',#2133);
#2135=POLY_LOOP('',(#154,#72,#153));
#2136=FACE_OUTER_BOUND('',#2135,.T.);
#2137=FACE_SURFACE('',(#2136),#2134,.T.);
#2138=CARTESIAN_POINT('',(5.248265,-0.939085,3.52));
#2139=DIRECTION('',(0.24298,-0.970031,0.));
#2140=DIRECTION('',(0.970031,0.24298,0.));
#2141=AXIS2_PLACEMENT_3D('',#2138,#2139,#2140);
#2142=PLANE('',#2141);
#2143=POLY_LOOP('',(#129,#151,#153));
#2144=FACE_OUTER_BOUND('',#2143,.T.);
#2145=FACE_SURFACE('',(#2144),#2142,.T.);
#2146=CARTESIAN_POINT('',(5.248265,-0.939085,3.6));
#2147=DIRECTION('',(0.24298,-0.970031,0.));
#2148=DIRECTION('',(0.939468,0.235325,-0.249042));
#2149=AXIS2_PLACEMENT_3D('',#2146,#2147,#2148);
#2150=PLANE('',#2149);
#2151=POLY_LOOP('',(#153,#151,#155));
#2152=FACE_OUTER_BOUND('',#2151,.T.);
#2153=FACE_SURFACE('',(#2152),#2150,.T.);
#2154=CARTESIAN_POINT('',(5.842975,-0.758682,3.6));
#2155=DIRECTION('',(0.,0.,1.));
#2156=DIRECTION('',(-0.95694,-0.290285,0.));
#2157=AXIS2_PLACEMENT_3D('',#2154,#2155,#2156);
#2158=PLANE('',#2157);
#2159=POLY_LOOP('',(#154,#153,#155));
#2160=FACE_OUTER_BOUND('',#2159,.T.);
#2161=FACE_SURFACE('',(#2160),#2158,.T.);
#2162=CARTESIAN_POINT('',(5.460292,0.165198,0.));
#2163=DIRECTION('',(0.411317,-0.869657,-0.272972));
#2164=DIRECTION('',(0.180988,-0.215592,0.959564));
#2165=AXIS2_PLACEMENT_3D('',#2162,#2163,#2164);
#2166=PLANE('',#2165);
#2167=POLY_LOOP('',(#124,#135,#130));
#2168=FACE_OUTER_BOUND('',#2167,.T.);
#2169=FACE_SURFACE('',(#2168),#2166,.T.);
#2170=CARTESIAN_POINT('',(6.391063,-0.465723,3.52));
#2171=DIRECTION('',(0.494578,-0.825154,-0.272973));
#2172=DIRECTION('',(-0.857729,-0.514103,0.));
#2173=AXIS2_PLACEMENT_3D('',#2170,#2171,#2172);
#2174=PLANE('',#2173);
#2175=POLY_LOOP('',(#136,#135,#132));
#2176=FACE_OUTER_BOUND('',#2175,.T.);
#2177=FACE_SURFACE('',(#2176),#2174,.T.);
#2178=CARTESIAN_POINT('',(6.391063,-0.465723,3.52));
#2179=DIRECTION('',(0.573076,-0.772703,-0.272972));
#2180=DIRECTION('',(-0.104818,0.261246,-0.959564));
#2181=AXIS2_PLACEMENT_3D('',#2178,#2179,#2180);
#2182=PLANE('',#2181);
#2183=POLY_LOOP('',(#136,#134,#138));
#2184=FACE_OUTER_BOUND('',#2183,.T.);
#2185=FACE_SURFACE('',(#2184),#2182,.T.);
#2186=CARTESIAN_POINT('',(6.16436,0.635641,0.));
#2187=DIRECTION('',(0.646054,-0.712811,-0.272972));
#2188=DIRECTION('',(0.193236,-0.193236,0.961935));
#2189=AXIS2_PLACEMENT_3D('',#2186,#2187,#2188);
#2190=PLANE('',#2189);
#2191=POLY_LOOP('',(#137,#156,#138));
#2192=FACE_OUTER_BOUND('',#2191,.T.);
#2193=FACE_SURFACE('',(#2192),#2190,.T.);
#2194=CARTESIAN_POINT('',(7.080395,0.159051,3.52));
#2195=DIRECTION('',(0.712811,-0.646054,-0.272972));
#2196=DIRECTION('',(-0.671559,-0.740951,0.));
#2197=AXIS2_PLACEMENT_3D('',#2194,#2195,#2196);
#2198=PLANE('',#2197);
#2199=POLY_LOOP('',(#140,#156,#137));
#2200=FACE_OUTER_BOUND('',#2199,.T.);
#2201=FACE_SURFACE('',(#2200),#2198,.T.);
#2202=CARTESIAN_POINT('',(6.434253,0.964507,0.));
#2203=DIRECTION('',(0.772703,-0.573076,-0.272972));
#2204=DIRECTION('',(0.227222,-0.151825,0.961935));
#2205=AXIS2_PLACEMENT_3D('',#2202,#2203,#2204);
#2206=PLANE('',#2205);
#2207=POLY_LOOP('',(#125,#157,#140));
#2208=FACE_OUTER_BOUND('',#2207,.T.);
#2209=FACE_SURFACE('',(#2208),#2206,.T.);
#2210=CARTESIAN_POINT('',(5.550051,-0.863492,3.52));
#2211=DIRECTION('',(0.33689,-0.941544,0.));
#2212=DIRECTION('',(0.911879,0.326275,0.249042));
#2213=AXIS2_PLACEMENT_3D('',#2210,#2211,#2212);
#2214=PLANE('',#2213);
#2215=POLY_LOOP('',(#151,#154,#155));
#2216=FACE_OUTER_BOUND('',#2215,.T.);
#2217=FACE_SURFACE('',(#2216),#2214,.T.);
#2218=CARTESIAN_POINT('',(5.842975,-0.758682,3.6));
#2219=DIRECTION('',(0.33689,-0.941544,0.));
#2220=DIRECTION('',(-0.911879,-0.326275,-0.249042));
#2221=AXIS2_PLACEMENT_3D('',#2218,#2219,#2220);
#2222=PLANE('',#2221);
#2223=POLY_LOOP('',(#154,#151,#130));
#2224=FACE_OUTER_BOUND('',#2223,.T.);
#2225=FACE_SURFACE('',(#2224),#2222,.T.);
#2226=CARTESIAN_POINT('',(5.842975,-0.758682,3.6));
#2227=DIRECTION('',(0.,0.,1.));
#2228=DIRECTION('',(0.83147,0.55557,0.));
#2229=AXIS2_PLACEMENT_3D('',#2226,#2227,#2228);
#2230=PLANE('',#2229);
#2231=POLY_LOOP('',(#154,#158,#72));
#2232=FACE_OUTER_BOUND('',#2231,.T.);
#2233=FACE_SURFACE('',(#2232),#2230,.T.);
#2234=CARTESIAN_POINT('',(6.124215,-0.625665,3.52));
#2235=DIRECTION('',(0.427555,-0.903989,0.));
#2236=DIRECTION('',(-0.875507,-0.414084,0.249042));
#2237=AXIS2_PLACEMENT_3D('',#2234,#2235,#2236);
#2238=PLANE('',#2237);
#2239=POLY_LOOP('',(#135,#154,#130));
#2240=FACE_OUTER_BOUND('',#2239,.T.);
#2241=FACE_SURFACE('',(#2240),#2238,.T.);
#2242=CARTESIAN_POINT('',(5.842975,-0.758682,3.6));
#2243=DIRECTION('',(0.427555,-0.903989,0.));
#2244=DIRECTION('',(0.875507,0.414084,-0.249042));
#2245=AXIS2_PLACEMENT_3D('',#2242,#2243,#2244);
#2246=PLANE('',#2245);
#2247=POLY_LOOP('',(#154,#135,#159));
#2248=FACE_OUTER_BOUND('',#2247,.T.);
#2249=FACE_SURFACE('',(#2248),#2246,.T.);
#2250=CARTESIAN_POINT('',(6.391063,-0.465723,3.6));
#2251=DIRECTION('',(0.,0.,1.));
#2252=DIRECTION('',(-0.881921,-0.471397,0.));
#2253=AXIS2_PLACEMENT_3D('',#2250,#2251,#2252);
#2254=PLANE('',#2253);
#2255=POLY_LOOP('',(#160,#154,#159));
#2256=FACE_OUTER_BOUND('',#2255,.T.);
#2257=FACE_SURFACE('',(#2256),#2254,.T.);
#2258=CARTESIAN_POINT('',(6.124215,-0.625665,3.52));
#2259=DIRECTION('',(0.514103,-0.857729,0.));
#2260=DIRECTION('',(0.830704,0.497905,0.249042));
#2261=AXIS2_PLACEMENT_3D('',#2258,#2259,#2260);
#2262=PLANE('',#2261);
#2263=POLY_LOOP('',(#135,#160,#159));
#2264=FACE_OUTER_BOUND('',#2263,.T.);
#2265=FACE_SURFACE('',(#2264),#2262,.T.);
#2266=CARTESIAN_POINT('',(6.391063,-0.465723,3.52));
#2267=DIRECTION('',(0.514103,-0.857729,0.));
#2268=DIRECTION('',(0.,0.,1.));
#2269=AXIS2_PLACEMENT_3D('',#2266,#2267,#2268);
#2270=PLANE('',#2269);
#2271=POLY_LOOP('',(#136,#160,#135));
#2272=FACE_OUTER_BOUND('',#2271,.T.);
#2273=FACE_SURFACE('',(#2272),#2270,.T.);
#2274=CARTESIAN_POINT('',(6.871466,-0.071466,3.6));
#2275=DIRECTION('',(0.,0.,1.));
#2276=DIRECTION('',(-0.83147,-0.55557,0.));
#2277=AXIS2_PLACEMENT_3D('',#2274,#2275,#2276);
#2278=PLANE('',#2277);
#2279=POLY_LOOP('',(#158,#154,#160));
#2280=FACE_OUTER_BOUND('',#2279,.T.);
#2281=FACE_SURFACE('',(#2280),#2278,.T.);
#2282=CARTESIAN_POINT('',(6.391063,-0.465723,3.52));
#2283=DIRECTION('',(0.5957,-0.803207,0.));
#2284=DIRECTION('',(0.803207,0.5957,0.));
#2285=AXIS2_PLACEMENT_3D('',#2282,#2283,#2284);
#2286=PLANE('',#2285);
#2287=POLY_LOOP('',(#136,#138,#160));
#2288=FACE_OUTER_BOUND('',#2287,.T.);
#2289=FACE_SURFACE('',(#2288),#2286,.T.);
#2290=CARTESIAN_POINT('',(6.391063,-0.465723,3.6));
#2291=DIRECTION('',(0.5957,-0.803207,0.));
#2292=DIRECTION('',(0.7779,0.576931,-0.249042));
#2293=AXIS2_PLACEMENT_3D('',#2290,#2291,#2292);
#2294=PLANE('',#2293);
#2295=POLY_LOOP('',(#160,#138,#161));
#2296=FACE_OUTER_BOUND('',#2295,.T.);
#2297=FACE_SURFACE('',(#2296),#2294,.T.);
#2298=CARTESIAN_POINT('',(6.871466,-0.071466,3.6));
#2299=DIRECTION('',(0.,0.,1.));
#2300=DIRECTION('',(-0.77301,-0.634393,0.));
#2301=AXIS2_PLACEMENT_3D('',#2298,#2299,#2300);
#2302=PLANE('',#2301);
#2303=POLY_LOOP('',(#158,#160,#161));
#2304=FACE_OUTER_BOUND('',#2303,.T.);
#2305=FACE_SURFACE('',(#2304),#2302,.T.);
#2306=CARTESIAN_POINT('',(7.8,2.170213,3.6));
#2307=DIRECTION('',(0.,0.,1.));
#2308=DIRECTION('',(-0.707107,-0.707107,0.));
#2309=AXIS2_PLACEMENT_3D('',#2306,#2307,#2308);
#2310=PLANE('',#2309);
#2311=POLY_LOOP('',(#162,#72,#158));
#2312=FACE_OUTER_BOUND('',#2311,.T.);
#2313=FACE_SURFACE('',(#2312),#2310,.T.);
#2314=CARTESIAN_POINT('',(6.640949,-0.280395,3.52));
#2315=DIRECTION('',(0.671559,-0.740951,0.));
#2316=DIRECTION('',(0.717606,0.6504,0.249042));
#2317=AXIS2_PLACEMENT_3D('',#2314,#2315,#2316);
#2318=PLANE('',#2317);
#2319=POLY_LOOP('',(#138,#158,#161));
#2320=FACE_OUTER_BOUND('',#2319,.T.);
#2321=FACE_SURFACE('',(#2320),#2318,.T.);
#2322=CARTESIAN_POINT('',(6.871466,-0.071466,3.52));
#2323=DIRECTION('',(0.671559,-0.740951,0.));
#2324=DIRECTION('',(0.,0.,1.));
#2325=AXIS2_PLACEMENT_3D('',#2322,#2323,#2324);
#2326=PLANE('',#2325);
#2327=POLY_LOOP('',(#156,#158,#138));
#2328=FACE_OUTER_BOUND('',#2327,.T.);
#2329=FACE_SURFACE('',(#2328),#2326,.T.);
#2330=CARTESIAN_POINT('',(7.080395,0.159051,3.52));
#2331=DIRECTION('',(0.740951,-0.671559,0.));
#2332=DIRECTION('',(-0.6504,-0.717606,0.249042));
#2333=AXIS2_PLACEMENT_3D('',#2330,#2331,#2332);
#2334=PLANE('',#2333);
#2335=POLY_LOOP('',(#140,#158,#156));
#2336=FACE_OUTER_BOUND('',#2335,.T.);
#2337=FACE_SURFACE('',(#2336),#2334,.T.);
#2338=CARTESIAN_POINT('',(6.871466,-0.071466,3.6));
#2339=DIRECTION('',(0.740951,-0.671559,0.));
#2340=DIRECTION('',(0.6504,0.717606,-0.249042));
#2341=AXIS2_PLACEMENT_3D('',#2338,#2339,#2340);
#2342=PLANE('',#2341);
#2343=POLY_LOOP('',(#158,#140,#163));
#2344=FACE_OUTER_BOUND('',#2343,.T.);
#2345=FACE_SURFACE('',(#2344),#2342,.T.);
#2346=CARTESIAN_POINT('',(7.080395,0.159051,3.52));
#2347=DIRECTION('',(0.803207,-0.595699,0.));
#2348=DIRECTION('',(0.595699,0.803207,0.));
#2349=AXIS2_PLACEMENT_3D('',#2346,#2347,#2348);
#2350=PLANE('',#2349);
#2351=POLY_LOOP('',(#140,#157,#163));
#2352=FACE_OUTER_BOUND('',#2351,.T.);
#2353=FACE_SURFACE('',(#2352),#2350,.T.);
#2354=CARTESIAN_POINT('',(7.080395,0.159051,3.6));
#2355=DIRECTION('',(0.,0.,1.));
#2356=DIRECTION('',(0.55557,0.831469,0.));
#2357=AXIS2_PLACEMENT_3D('',#2354,#2355,#2356);
#2358=PLANE('',#2357);
#2359=POLY_LOOP('',(#163,#164,#158));
#2360=FACE_OUTER_BOUND('',#2359,.T.);
#2361=FACE_SURFACE('',(#2360),#2358,.T.);
#2362=CARTESIAN_POINT('',(7.080395,0.159051,3.6));
#2363=DIRECTION('',(0.803207,-0.595699,0.));
#2364=DIRECTION('',(0.576931,0.777901,-0.249042));
#2365=AXIS2_PLACEMENT_3D('',#2362,#2363,#2364);
#2366=PLANE('',#2365);
#2367=POLY_LOOP('',(#163,#157,#165));
#2368=FACE_OUTER_BOUND('',#2367,.T.);
#2369=FACE_SURFACE('',(#2368),#2366,.T.);
#2370=CARTESIAN_POINT('',(7.425665,0.675785,3.6));
#2371=DIRECTION('',(0.,0.,1.));
#2372=DIRECTION('',(-0.55557,-0.831469,0.));
#2373=AXIS2_PLACEMENT_3D('',#2370,#2371,#2372);
#2374=PLANE('',#2373);
#2375=POLY_LOOP('',(#164,#163,#165));
#2376=FACE_OUTER_BOUND('',#2375,.T.);
#2377=FACE_SURFACE('',(#2376),#2374,.T.);
#2378=CARTESIAN_POINT('',(7.265723,0.408937,3.52));
#2379=DIRECTION('',(0.857728,-0.514103,0.));
#2380=DIRECTION('',(0.497905,0.830704,0.249042));
#2381=AXIS2_PLACEMENT_3D('',#2378,#2379,#2380);
#2382=PLANE('',#2381);
#2383=POLY_LOOP('',(#157,#164,#165));
#2384=FACE_OUTER_BOUND('',#2383,.T.);
#2385=FACE_SURFACE('',(#2384),#2382,.T.);
#2386=CARTESIAN_POINT('',(7.425665,0.675785,3.52));
#2387=DIRECTION('',(0.825153,-0.494578,-0.272972));
#2388=DIRECTION('',(-0.514103,-0.857728,0.));
#2389=AXIS2_PLACEMENT_3D('',#2386,#2387,#2388);
#2390=PLANE('',#2389);
#2391=POLY_LOOP('',(#146,#157,#125));
#2392=FACE_OUTER_BOUND('',#2391,.T.);
#2393=FACE_SURFACE('',(#2392),#2390,.T.);
#2394=CARTESIAN_POINT('',(7.558682,0.957025,3.52));
#2395=DIRECTION('',(0.869658,-0.411317,-0.272972));
#2396=DIRECTION('',(-0.427555,-0.903989,0.));
#2397=AXIS2_PLACEMENT_3D('',#2394,#2395,#2396);
#2398=PLANE('',#2397);
#2399=POLY_LOOP('',(#147,#146,#143));
#2400=FACE_OUTER_BOUND('',#2399,.T.);
#2401=FACE_SURFACE('',(#2400),#2398,.T.);
#2402=CARTESIAN_POINT('',(7.558682,0.957025,3.52));
#2403=DIRECTION('',(0.905786,-0.324095,-0.272972));
#2404=DIRECTION('',(-0.232294,0.158985,-0.959564));
#2405=AXIS2_PLACEMENT_3D('',#2402,#2403,#2404);
#2406=PLANE('',#2405);
#2407=POLY_LOOP('',(#147,#141,#166));
#2408=FACE_OUTER_BOUND('',#2407,.T.);
#2409=FACE_SURFACE('',(#2408),#2406,.T.);
#2410=CARTESIAN_POINT('',(7.663492,1.249949,3.52));
#2411=DIRECTION('',(0.933191,-0.233752,-0.272972));
#2412=DIRECTION('',(-0.26151,0.079328,-0.961935));
#2413=AXIS2_PLACEMENT_3D('',#2410,#2411,#2412);
#2414=PLANE('',#2413);
#2415=POLY_LOOP('',(#166,#141,#148));
#2416=FACE_OUTER_BOUND('',#2415,.T.);
#2417=FACE_SURFACE('',(#2416),#2414,.T.);
#2418=CARTESIAN_POINT('',(7.784735,1.859478,3.52));
#2419=DIRECTION('',(0.951609,-0.141159,-0.272972));
#2420=DIRECTION('',(-0.146731,-0.989176,0.));
#2421=AXIS2_PLACEMENT_3D('',#2418,#2419,#2420);
#2422=PLANE('',#2421);
#2423=POLY_LOOP('',(#149,#148,#145));
#2424=FACE_OUTER_BOUND('',#2423,.T.);
#2425=FACE_SURFACE('',(#2424),#2422,.T.);
#2426=CARTESIAN_POINT('',(6.8,2.170213,0.));
#2427=DIRECTION('',(0.960863,-0.047204,-0.272972));
#2428=DIRECTION('',(0.273277,0.,0.961935));
#2429=AXIS2_PLACEMENT_3D('',#2426,#2427,#2428);
#2430=PLANE('',#2429);
#2431=POLY_LOOP('',(#131,#167,#149));
#2432=FACE_OUTER_BOUND('',#2431,.T.);
#2433=FACE_SURFACE('',(#2432),#2430,.T.);
#2434=CARTESIAN_POINT('',(7.265723,0.408937,3.52));
#2435=DIRECTION('',(0.857728,-0.514103,0.));
#2436=DIRECTION('',(0.514103,0.857728,0.));
#2437=AXIS2_PLACEMENT_3D('',#2434,#2435,#2436);
#2438=PLANE('',#2437);
#2439=POLY_LOOP('',(#157,#146,#164));
#2440=FACE_OUTER_BOUND('',#2439,.T.);
#2441=FACE_SURFACE('',(#2440),#2438,.T.);
#2442=CARTESIAN_POINT('',(6.871466,-0.071466,3.6));
#2443=DIRECTION('',(0.,0.,1.));
#2444=DIRECTION('',(0.595699,0.803207,0.));
#2445=AXIS2_PLACEMENT_3D('',#2442,#2443,#2444);
#2446=PLANE('',#2445);
#2447=POLY_LOOP('',(#158,#164,#168));
#2448=FACE_OUTER_BOUND('',#2447,.T.);
#2449=FACE_SURFACE('',(#2448),#2446,.T.);
#2450=CARTESIAN_POINT('',(7.425665,0.675785,3.52));
#2451=DIRECTION('',(0.903989,-0.427555,0.));
#2452=DIRECTION('',(0.427555,0.903989,0.));
#2453=AXIS2_PLACEMENT_3D('',#2450,#2451,#2452);
#2454=PLANE('',#2453);
#2455=POLY_LOOP('',(#146,#147,#164));
#2456=FACE_OUTER_BOUND('',#2455,.T.);
#2457=FACE_SURFACE('',(#2456),#2454,.T.);
#2458=CARTESIAN_POINT('',(7.425665,0.675785,3.6));
#2459=DIRECTION('',(0.903989,-0.427555,0.));
#2460=DIRECTION('',(0.414084,0.875507,-0.249042));
#2461=AXIS2_PLACEMENT_3D('',#2458,#2459,#2460);
#2462=PLANE('',#2461);
#2463=POLY_LOOP('',(#164,#147,#169));
#2464=FACE_OUTER_BOUND('',#2463,.T.);
#2465=FACE_SURFACE('',(#2464),#2462,.T.);
#2466=CARTESIAN_POINT('',(7.663492,1.249949,3.6));
#2467=DIRECTION('',(0.,0.,1.));
#2468=DIRECTION('',(-0.382683,-0.92388,0.));
#2469=AXIS2_PLACEMENT_3D('',#2466,#2467,#2468);
#2470=PLANE('',#2469);
#2471=POLY_LOOP('',(#168,#164,#169));
#2472=FACE_OUTER_BOUND('',#2471,.T.);
#2473=FACE_SURFACE('',(#2472),#2470,.T.);
#2474=CARTESIAN_POINT('',(6.871466,-0.071466,3.6));
#2475=DIRECTION('',(0.,0.,1.));
#2476=DIRECTION('',(0.514103,0.857729,0.));
#2477=AXIS2_PLACEMENT_3D('',#2474,#2475,#2476);
#2478=PLANE('',#2477);
#2479=POLY_LOOP('',(#158,#168,#162));
#2480=FACE_OUTER_BOUND('',#2479,.T.);
#2481=FACE_SURFACE('',(#2480),#2478,.T.);
#2482=CARTESIAN_POINT('',(7.558682,0.957025,3.52));
#2483=DIRECTION('',(0.941544,-0.33689,0.));
#2484=DIRECTION('',(0.326275,0.911879,0.249042));
#2485=AXIS2_PLACEMENT_3D('',#2482,#2483,#2484);
#2486=PLANE('',#2485);
#2487=POLY_LOOP('',(#147,#168,#169));
#2488=FACE_OUTER_BOUND('',#2487,.T.);
#2489=FACE_SURFACE('',(#2488),#2486,.T.);
#2490=CARTESIAN_POINT('',(7.663492,1.249949,3.6));
#2491=DIRECTION('',(0.941544,-0.33689,0.));
#2492=DIRECTION('',(-0.326275,-0.911879,-0.249042));
#2493=AXIS2_PLACEMENT_3D('',#2490,#2491,#2492);
#2494=PLANE('',#2493);
#2495=POLY_LOOP('',(#168,#147,#166));
#2496=FACE_OUTER_BOUND('',#2495,.T.);
#2497=FACE_SURFACE('',(#2496),#2494,.T.);
#2498=CARTESIAN_POINT('',(7.739085,1.551735,3.52));
#2499=DIRECTION('',(0.970031,-0.24298,0.));
#2500=DIRECTION('',(-0.235324,-0.939468,0.249042));
#2501=AXIS2_PLACEMENT_3D('',#2498,#2499,#2500);
#2502=PLANE('',#2501);
#2503=POLY_LOOP('',(#148,#168,#166));
#2504=FACE_OUTER_BOUND('',#2503,.T.);
#2505=FACE_SURFACE('',(#2504),#2502,.T.);
#2506=CARTESIAN_POINT('',(7.663492,1.249949,3.6));
#2507=DIRECTION('',(0.970031,-0.24298,0.));
#2508=DIRECTION('',(0.235324,0.939468,-0.249042));
#2509=AXIS2_PLACEMENT_3D('',#2506,#2507,#2508);
#2510=PLANE('',#2509);
#2511=POLY_LOOP('',(#168,#148,#170));
#2512=FACE_OUTER_BOUND('',#2511,.T.);
#2513=FACE_SURFACE('',(#2512),#2510,.T.);
#2514=CARTESIAN_POINT('',(7.784735,1.859478,3.6));
#2515=DIRECTION('',(0.,0.,1.));
#2516=DIRECTION('',(-0.195091,-0.980785,0.));
#2517=AXIS2_PLACEMENT_3D('',#2514,#2515,#2516);
#2518=PLANE('',#2517);
#2519=POLY_LOOP('',(#171,#168,#170));
#2520=FACE_OUTER_BOUND('',#2519,.T.);
#2521=FACE_SURFACE('',(#2520),#2518,.T.);
#2522=CARTESIAN_POINT('',(7.739085,1.551735,3.52));
#2523=DIRECTION('',(0.989176,-0.146731,0.));
#2524=DIRECTION('',(0.142108,0.95801,0.249042));
#2525=AXIS2_PLACEMENT_3D('',#2522,#2523,#2524);
#2526=PLANE('',#2525);
#2527=POLY_LOOP('',(#148,#171,#170));
#2528=FACE_OUTER_BOUND('',#2527,.T.);
#2529=FACE_SURFACE('',(#2528),#2526,.T.);
#2530=CARTESIAN_POINT('',(7.739085,1.551735,3.52));
#2531=DIRECTION('',(0.989176,-0.146731,0.));
#2532=DIRECTION('',(0.146731,0.989176,0.));
#2533=AXIS2_PLACEMENT_3D('',#2530,#2531,#2532);
#2534=PLANE('',#2533);
#2535=POLY_LOOP('',(#148,#149,#171));
#2536=FACE_OUTER_BOUND('',#2535,.T.);
#2537=FACE_SURFACE('',(#2536),#2534,.T.);
#2538=CARTESIAN_POINT('',(7.8,2.170213,3.6));
#2539=DIRECTION('',(0.,0.,1.));
#2540=DIRECTION('',(-0.146731,-0.989176,0.));
#2541=AXIS2_PLACEMENT_3D('',#2538,#2539,#2540);
#2542=PLANE('',#2541);
#2543=POLY_LOOP('',(#162,#168,#171));
#2544=FACE_OUTER_BOUND('',#2543,.T.);
#2545=FACE_SURFACE('',(#2544),#2542,.T.);
#2546=CARTESIAN_POINT('',(7.784735,1.859478,3.52));
#2547=DIRECTION('',(0.998795,-0.049068,0.));
#2548=DIRECTION('',(0.047522,0.967326,0.249042));
#2549=AXIS2_PLACEMENT_3D('',#2546,#2547,#2548);
#2550=PLANE('',#2549);
#2551=POLY_LOOP('',(#149,#162,#171));
#2552=FACE_OUTER_BOUND('',#2551,.T.);
#2553=FACE_SURFACE('',(#2552),#2550,.T.);
#2554=CARTESIAN_POINT('',(7.8,2.170213,3.52));
#2555=DIRECTION('',(0.998795,-0.049068,0.));
#2556=DIRECTION('',(0.,0.,1.));
#2557=AXIS2_PLACEMENT_3D('',#2554,#2555,#2556);
#2558=PLANE('',#2557);
#2559=POLY_LOOP('',(#167,#162,#149));
#2560=FACE_OUTER_BOUND('',#2559,.T.);
#2561=FACE_SURFACE('',(#2560),#2558,.T.);
#2562=CARTESIAN_POINT('',(2.170213,0.,0.));
#2563=DIRECTION('',(0.,0.,-1.));
#2564=DIRECTION('',(0.,1.,0.));
#2565=AXIS2_PLACEMENT_3D('',#2562,#2563,#2564);
#2566=PLANE('',#2565);
#2567=POLY_LOOP('',(#37,#81,#131));
#2568=FACE_OUTER_BOUND('',#2567,.T.);
#2569=FACE_SURFACE('',(#2568),#2566,.T.);
#2570=CARTESIAN_POINT('',(6.8,2.170213,0.));
#2571=DIRECTION('',(0.,0.,-1.));
#2572=DIRECTION('',(-0.905459,0.424434,0.));
#2573=AXIS2_PLACEMENT_3D('',#2570,#2571,#2572);
#2574=PLANE('',#2573);
#2575=POLY_LOOP('',(#131,#81,#172));
#2576=FACE_OUTER_BOUND('',#2575,.T.);
#2577=FACE_SURFACE('',(#2576),#2574,.T.);
#2578=CARTESIAN_POINT('',(4.842505,4.329975,0.));
#2579=DIRECTION('',(0.,0.,-1.));
#2580=DIRECTION('',(-0.999992,0.003911,0.));
#2581=AXIS2_PLACEMENT_3D('',#2578,#2579,#2580);
#2582=PLANE('',#2581);
#2583=POLY_LOOP('',(#173,#81,#100));
#2584=FACE_OUTER_BOUND('',#2583,.T.);
#2585=FACE_SURFACE('',(#2584),#2582,.T.);
#2586=CARTESIAN_POINT('',(2.170213,4.340425,0.));
#2587=DIRECTION('',(0.,0.,-1.));
#2588=DIRECTION('',(0.999992,-0.003911,0.));
#2589=AXIS2_PLACEMENT_3D('',#2586,#2587,#2588);
#2590=PLANE('',#2589);
#2591=POLY_LOOP('',(#81,#173,#172));
#2592=FACE_OUTER_BOUND('',#2591,.T.);
#2593=FACE_SURFACE('',(#2592),#2590,.T.);
#2594=CARTESIAN_POINT('',(5.460292,4.175228,0.));
#2595=DIRECTION('',(0.,0.,-1.));
#2596=DIRECTION('',(-0.970031,0.24298,0.));
#2597=AXIS2_PLACEMENT_3D('',#2594,#2595,#2596);
#2598=PLANE('',#2597);
#2599=POLY_LOOP('',(#172,#173,#174));
#2600=FACE_OUTER_BOUND('',#2599,.T.);
#2601=FACE_SURFACE('',(#2600),#2598,.T.);
#2602=CARTESIAN_POINT('',(5.460292,4.175228,0.));
#2603=DIRECTION('',(0.,0.,-1.));
#2604=DIRECTION('',(-0.95694,0.290285,0.));
#2605=AXIS2_PLACEMENT_3D('',#2602,#2603,#2604);
#2606=PLANE('',#2605);
#2607=POLY_LOOP('',(#172,#174,#175));
#2608=FACE_OUTER_BOUND('',#2607,.T.);
#2609=FACE_SURFACE('',(#2608),#2606,.T.);
#2610=CARTESIAN_POINT('',(5.550051,5.203917,3.52));
#2611=DIRECTION('',(0.324094,0.905786,-0.272972));
#2612=DIRECTION('',(-0.024469,-0.280424,-0.959564));
#2613=AXIS2_PLACEMENT_3D('',#2610,#2611,#2612);
#2614=PLANE('',#2613);
#2615=POLY_LOOP('',(#176,#172,#175));
#2616=FACE_OUTER_BOUND('',#2615,.T.);
#2617=FACE_SURFACE('',(#2616),#2614,.T.);
#2618=CARTESIAN_POINT('',(4.842505,4.329975,0.));
#2619=DIRECTION('',(0.047205,0.960863,-0.272973));
#2620=DIRECTION('',(-0.998795,0.049069,0.));
#2621=AXIS2_PLACEMENT_3D('',#2618,#2619,#2620);
#2622=PLANE('',#2621);
#2623=POLY_LOOP('',(#173,#100,#177));
#2624=FACE_OUTER_BOUND('',#2623,.T.);
#2625=FACE_SURFACE('',(#2624),#2622,.T.);
#2626=CARTESIAN_POINT('',(4.842505,4.329975,0.));
#2627=DIRECTION('',(0.141156,0.95161,-0.272972));
#2628=DIRECTION('',(0.110612,0.258847,0.959564));
#2629=AXIS2_PLACEMENT_3D('',#2626,#2627,#2628);
#2630=PLANE('',#2629);
#2631=POLY_LOOP('',(#173,#178,#174));
#2632=FACE_OUTER_BOUND('',#2631,.T.);
#2633=FACE_SURFACE('',(#2632),#2630,.T.);
#2634=CARTESIAN_POINT('',(5.053175,4.298726,0.));
#2635=DIRECTION('',(0.233753,0.933191,-0.272972));
#2636=DIRECTION('',(0.13545,0.246758,0.959564));
#2637=AXIS2_PLACEMENT_3D('',#2634,#2635,#2636);
#2638=PLANE('',#2637);
#2639=POLY_LOOP('',(#174,#176,#175));
#2640=FACE_OUTER_BOUND('',#2639,.T.);
#2641=FACE_SURFACE('',(#2640),#2638,.T.);
#2642=CARTESIAN_POINT('',(6.16436,3.704785,0.));
#2643=DIRECTION('',(0.,0.,-1.));
#2644=DIRECTION('',(0.514103,-0.857729,0.));
#2645=AXIS2_PLACEMENT_3D('',#2642,#2643,#2644);
#2646=PLANE('',#2645);
#2647=POLY_LOOP('',(#179,#180,#131));
#2648=FACE_OUTER_BOUND('',#2647,.T.);
#2649=FACE_SURFACE('',(#2648),#2646,.T.);
#2650=CARTESIAN_POINT('',(6.8,2.170213,0.));
#2651=DIRECTION('',(0.,0.,-1.));
#2652=DIRECTION('',(-0.55557,0.83147,0.));
#2653=AXIS2_PLACEMENT_3D('',#2650,#2651,#2652);
#2654=PLANE('',#2653);
#2655=POLY_LOOP('',(#131,#172,#179));
#2656=FACE_OUTER_BOUND('',#2655,.T.);
#2657=FACE_SURFACE('',(#2656),#2654,.T.);
#2658=CARTESIAN_POINT('',(6.706552,2.800192,0.));
#2659=DIRECTION('',(0.,0.,-1.));
#2660=DIRECTION('',(-0.382684,0.923879,0.));
#2661=AXIS2_PLACEMENT_3D('',#2658,#2659,#2660);
#2662=PLANE('',#2661);
#2663=POLY_LOOP('',(#180,#181,#182));
#2664=FACE_OUTER_BOUND('',#2663,.T.);
#2665=FACE_SURFACE('',(#2664),#2662,.T.);
#2666=CARTESIAN_POINT('',(6.543744,3.193244,0.));
#2667=DIRECTION('',(0.,0.,-1.));
#2668=DIRECTION('',(0.382684,-0.923879,0.));
#2669=AXIS2_PLACEMENT_3D('',#2666,#2667,#2668);
#2670=PLANE('',#2669);
#2671=POLY_LOOP('',(#181,#180,#179));
#2672=FACE_OUTER_BOUND('',#2671,.T.);
#2673=FACE_SURFACE('',(#2672),#2670,.T.);
#2674=CARTESIAN_POINT('',(6.434253,3.375918,0.));
#2675=DIRECTION('',(0.,0.,-1.));
#2676=DIRECTION('',(0.514103,-0.857729,0.));
#2677=AXIS2_PLACEMENT_3D('',#2674,#2675,#2676);
#2678=PLANE('',#2677);
#2679=POLY_LOOP('',(#183,#181,#179));
#2680=FACE_OUTER_BOUND('',#2679,.T.);
#2681=FACE_SURFACE('',(#2680),#2678,.T.);
#2682=CARTESIAN_POINT('',(6.434253,3.375918,0.));
#2683=DIRECTION('',(0.,0.,-1.));
#2684=DIRECTION('',(-0.634393,0.773011,0.));
#2685=AXIS2_PLACEMENT_3D('',#2682,#2683,#2684);
#2686=PLANE('',#2685);
#2687=POLY_LOOP('',(#183,#179,#184));
#2688=FACE_OUTER_BOUND('',#2687,.T.);
#2689=FACE_SURFACE('',(#2688),#2686,.T.);
#2690=CARTESIAN_POINT('',(6.8,2.170213,0.));
#2691=DIRECTION('',(0.,0.,-1.));
#2692=DIRECTION('',(-0.14673,0.989177,0.));
#2693=AXIS2_PLACEMENT_3D('',#2690,#2691,#2692);
#2694=PLANE('',#2693);
#2695=POLY_LOOP('',(#131,#180,#185));
#2696=FACE_OUTER_BOUND('',#2695,.T.);
#2697=FACE_SURFACE('',(#2696),#2694,.T.);
#2698=CARTESIAN_POINT('',(6.78955,2.382931,0.));
#2699=DIRECTION('',(0.,0.,-1.));
#2700=DIRECTION('',(-0.19509,0.980785,0.));
#2701=AXIS2_PLACEMENT_3D('',#2698,#2699,#2700);
#2702=PLANE('',#2701);
#2703=POLY_LOOP('',(#185,#180,#186));
#2704=FACE_OUTER_BOUND('',#2703,.T.);
#2705=FACE_SURFACE('',(#2704),#2702,.T.);
#2706=CARTESIAN_POINT('',(7.080395,4.181375,3.52));
#2707=DIRECTION('',(0.772703,0.573076,-0.272972));
#2708=DIRECTION('',(-0.17614,-0.21957,-0.959564));
#2709=AXIS2_PLACEMENT_3D('',#2706,#2707,#2708);
#2710=PLANE('',#2709);
#2711=POLY_LOOP('',(#187,#183,#184));
#2712=FACE_OUTER_BOUND('',#2711,.T.);
#2713=FACE_SURFACE('',(#2712),#2710,.T.);
#2714=CARTESIAN_POINT('',(7.784735,2.480948,3.52));
#2715=DIRECTION('',(0.960863,0.047205,-0.272973));
#2716=DIRECTION('',(-0.268442,-0.084708,-0.959564));
#2717=AXIS2_PLACEMENT_3D('',#2714,#2715,#2716);
#2718=PLANE('',#2717);
#2719=POLY_LOOP('',(#188,#131,#185));
#2720=FACE_OUTER_BOUND('',#2719,.T.);
#2721=FACE_SURFACE('',(#2720),#2718,.T.);
#2722=CARTESIAN_POINT('',(7.784735,2.480948,3.52));
#2723=DIRECTION('',(0.951609,0.141158,-0.272972));
#2724=DIRECTION('',(-0.271961,-0.026786,-0.961935));
#2725=AXIS2_PLACEMENT_3D('',#2722,#2723,#2724);
#2726=PLANE('',#2725);
#2727=POLY_LOOP('',(#188,#185,#186));
#2728=FACE_OUTER_BOUND('',#2727,.T.);
#2729=FACE_SURFACE('',(#2728),#2726,.T.);
#2730=CARTESIAN_POINT('',(6.706552,2.800192,0.));
#2731=DIRECTION('',(0.933192,0.233751,-0.272972));
#2732=DIRECTION('',(0.281472,-0.003135,0.959564));
#2733=AXIS2_PLACEMENT_3D('',#2730,#2731,#2732);
#2734=PLANE('',#2733);
#2735=POLY_LOOP('',(#180,#189,#186));
#2736=FACE_OUTER_BOUND('',#2735,.T.);
#2737=FACE_SURFACE('',(#2736),#2734,.T.);
#2738=CARTESIAN_POINT('',(7.558682,3.383401,3.52));
#2739=DIRECTION('',(0.905786,0.324097,-0.272973));
#2740=DIRECTION('',(-0.232294,-0.158985,-0.959564));
#2741=AXIS2_PLACEMENT_3D('',#2738,#2739,#2740);
#2742=PLANE('',#2741);
#2743=POLY_LOOP('',(#190,#180,#182));
#2744=FACE_OUTER_BOUND('',#2743,.T.);
#2745=FACE_SURFACE('',(#2744),#2742,.T.);
#2746=CARTESIAN_POINT('',(6.634802,3.000717,0.));
#2747=DIRECTION('',(0.869658,0.411317,-0.272972));
#2748=DIRECTION('',(-0.427555,0.90399,0.));
#2749=AXIS2_PLACEMENT_3D('',#2746,#2747,#2748);
#2750=PLANE('',#2749);
#2751=POLY_LOOP('',(#182,#181,#191));
#2752=FACE_OUTER_BOUND('',#2751,.T.);
#2753=FACE_SURFACE('',(#2752),#2750,.T.);
#2754=CARTESIAN_POINT('',(6.543744,3.193244,0.));
#2755=DIRECTION('',(0.825154,0.494578,-0.272972));
#2756=DIRECTION('',(-0.514103,0.857729,0.));
#2757=AXIS2_PLACEMENT_3D('',#2754,#2755,#2756);
#2758=PLANE('',#2757);
#2759=POLY_LOOP('',(#181,#183,#191));
#2760=FACE_OUTER_BOUND('',#2759,.T.);
#2761=FACE_SURFACE('',(#2760),#2758,.T.);
#2762=CARTESIAN_POINT('',(6.16436,3.704785,0.));
#2763=DIRECTION('',(0.,0.,-1.));
#2764=DIRECTION('',(-0.831469,0.55557,0.));
#2765=AXIS2_PLACEMENT_3D('',#2762,#2763,#2764);
#2766=PLANE('',#2765);
#2767=POLY_LOOP('',(#179,#172,#192));
#2768=FACE_OUTER_BOUND('',#2767,.T.);
#2769=FACE_SURFACE('',(#2768),#2766,.T.);
#2770=CARTESIAN_POINT('',(5.835493,3.974679,0.));
#2771=DIRECTION('',(0.,0.,-1.));
#2772=DIRECTION('',(-0.881921,0.471397,0.));
#2773=AXIS2_PLACEMENT_3D('',#2770,#2771,#2772);
#2774=PLANE('',#2773);
#2775=POLY_LOOP('',(#192,#172,#193));
#2776=FACE_OUTER_BOUND('',#2775,.T.);
#2777=FACE_SURFACE('',(#2776),#2774,.T.);
#2778=CARTESIAN_POINT('',(6.16436,3.704785,0.));
#2779=DIRECTION('',(0.,0.,-1.));
#2780=DIRECTION('',(-0.773011,0.634393,0.));
#2781=AXIS2_PLACEMENT_3D('',#2778,#2779,#2780);
#2782=PLANE('',#2781);
#2783=POLY_LOOP('',(#179,#192,#194));
#2784=FACE_OUTER_BOUND('',#2783,.T.);
#2785=FACE_SURFACE('',(#2784),#2782,.T.);
#2786=CARTESIAN_POINT('',(5.460292,4.175228,0.));
#2787=DIRECTION('',(0.411319,0.869657,-0.272972));
#2788=DIRECTION('',(0.104579,0.252475,0.961935));
#2789=AXIS2_PLACEMENT_3D('',#2786,#2787,#2788);
#2790=PLANE('',#2789);
#2791=POLY_LOOP('',(#172,#195,#193));
#2792=FACE_OUTER_BOUND('',#2791,.T.);
#2793=FACE_SURFACE('',(#2792),#2790,.T.);
#2794=CARTESIAN_POINT('',(5.835493,3.974679,0.));
#2795=DIRECTION('',(0.494578,0.825153,-0.272973));
#2796=DIRECTION('',(-0.857728,0.514103,0.));
#2797=AXIS2_PLACEMENT_3D('',#2794,#2795,#2796);
#2798=PLANE('',#2797);
#2799=POLY_LOOP('',(#192,#193,#196));
#2800=FACE_OUTER_BOUND('',#2799,.T.);
#2801=FACE_SURFACE('',(#2800),#2798,.T.);
#2802=CARTESIAN_POINT('',(6.006556,3.84781,0.));
#2803=DIRECTION('',(0.573075,0.772704,-0.272973));
#2804=DIRECTION('',(-0.803208,0.595699,0.));
#2805=AXIS2_PLACEMENT_3D('',#2802,#2803,#2804);
#2806=PLANE('',#2805);
#2807=POLY_LOOP('',(#194,#192,#196));
#2808=FACE_OUTER_BOUND('',#2807,.T.);
#2809=FACE_SURFACE('',(#2808),#2806,.T.);
#2810=CARTESIAN_POINT('',(6.871466,4.411892,3.52));
#2811=DIRECTION('',(0.646054,0.712811,-0.272972));
#2812=DIRECTION('',(-0.193236,-0.193236,-0.961935));
#2813=AXIS2_PLACEMENT_3D('',#2810,#2811,#2812);
#2814=PLANE('',#2813);
#2815=POLY_LOOP('',(#197,#179,#194));
#2816=FACE_OUTER_BOUND('',#2815,.T.);
#2817=FACE_SURFACE('',(#2816),#2814,.T.);
#2818=CARTESIAN_POINT('',(6.16436,3.704785,0.));
#2819=DIRECTION('',(0.712811,0.646054,-0.272972));
#2820=DIRECTION('',(0.249714,0.12992,0.959564));
#2821=AXIS2_PLACEMENT_3D('',#2818,#2819,#2820);
#2822=PLANE('',#2821);
#2823=POLY_LOOP('',(#179,#187,#184));
#2824=FACE_OUTER_BOUND('',#2823,.T.);
#2825=FACE_SURFACE('',(#2824),#2822,.T.);
#2826=CARTESIAN_POINT('',(2.170213,5.340425,3.52));
#2827=DIRECTION('',(0.,0.961935,-0.273277));
#2828=DIRECTION('',(1.,0.,0.));
#2829=AXIS2_PLACEMENT_3D('',#2826,#2827,#2828);
#2830=PLANE('',#2829);
#2831=POLY_LOOP('',(#99,#198,#100));
#2832=FACE_OUTER_BOUND('',#2831,.T.);
#2833=FACE_SURFACE('',(#2832),#2830,.T.);
#2834=CARTESIAN_POINT('',(4.629787,4.340425,0.));
#2835=DIRECTION('',(0.047204,0.960863,-0.272972));
#2836=DIRECTION('',(0.,0.273277,0.961935));
#2837=AXIS2_PLACEMENT_3D('',#2834,#2835,#2836);
#2838=PLANE('',#2837);
#2839=POLY_LOOP('',(#100,#198,#177));
#2840=FACE_OUTER_BOUND('',#2839,.T.);
#2841=FACE_SURFACE('',(#2840),#2838,.T.);
#2842=CARTESIAN_POINT('',(5.248265,5.279511,3.52));
#2843=DIRECTION('',(0.141157,0.95161,-0.272972));
#2844=DIRECTION('',(-0.110612,-0.258847,-0.959564));
#2845=AXIS2_PLACEMENT_3D('',#2842,#2843,#2844);
#2846=PLANE('',#2845);
#2847=POLY_LOOP('',(#178,#173,#177));
#2848=FACE_OUTER_BOUND('',#2847,.T.);
#2849=FACE_SURFACE('',(#2848),#2846,.T.);
#2850=CARTESIAN_POINT('',(5.053175,4.298726,0.));
#2851=DIRECTION('',(0.233754,0.933191,-0.272972));
#2852=DIRECTION('',(0.053314,0.268026,0.961935));
#2853=AXIS2_PLACEMENT_3D('',#2850,#2851,#2852);
#2854=PLANE('',#2853);
#2855=POLY_LOOP('',(#174,#178,#176));
#2856=FACE_OUTER_BOUND('',#2855,.T.);
#2857=FACE_SURFACE('',(#2856),#2854,.T.);
#2858=CARTESIAN_POINT('',(2.170213,5.340425,3.52));
#2859=DIRECTION('',(0.,1.,0.));
#2860=DIRECTION('',(0.999471,0.,0.032509));
#2861=AXIS2_PLACEMENT_3D('',#2858,#2859,#2860);
#2862=PLANE('',#2861);
#2863=POLY_LOOP('',(#99,#118,#198));
#2864=FACE_OUTER_BOUND('',#2863,.T.);
#2865=FACE_SURFACE('',(#2864),#2862,.T.);
#2866=CARTESIAN_POINT('',(4.940522,5.32516,3.52));
#2867=DIRECTION('',(0.049068,0.998795,0.));
#2868=DIRECTION('',(-0.998795,0.049068,0.));
#2869=AXIS2_PLACEMENT_3D('',#2866,#2867,#2868);
#2870=PLANE('',#2869);
#2871=POLY_LOOP('',(#177,#198,#118));
#2872=FACE_OUTER_BOUND('',#2871,.T.);
#2873=FACE_SURFACE('',(#2872),#2870,.T.);
#2874=CARTESIAN_POINT('',(4.940522,5.32516,3.52));
#2875=DIRECTION('',(0.049068,0.998795,0.));
#2876=DIRECTION('',(-0.967326,0.047522,0.249042));
#2877=AXIS2_PLACEMENT_3D('',#2874,#2875,#2876);
#2878=PLANE('',#2877);
#2879=POLY_LOOP('',(#177,#118,#199));
#2880=FACE_OUTER_BOUND('',#2879,.T.);
#2881=FACE_SURFACE('',(#2880),#2878,.T.);
#2882=CARTESIAN_POINT('',(4.629787,5.340425,3.6));
#2883=DIRECTION('',(0.,0.,1.));
#2884=DIRECTION('',(0.995185,-0.098017,0.));
#2885=AXIS2_PLACEMENT_3D('',#2882,#2883,#2884);
#2886=PLANE('',#2885);
#2887=POLY_LOOP('',(#118,#200,#199));
#2888=FACE_OUTER_BOUND('',#2887,.T.);
#2889=FACE_SURFACE('',(#2888),#2886,.T.);
#2890=CARTESIAN_POINT('',(5.248265,5.279511,3.6));
#2891=DIRECTION('',(0.146729,0.989177,0.));
#2892=DIRECTION('',(-0.958011,0.142106,-0.249041));
#2893=AXIS2_PLACEMENT_3D('',#2890,#2891,#2892);
#2894=PLANE('',#2893);
#2895=POLY_LOOP('',(#200,#177,#199));
#2896=FACE_OUTER_BOUND('',#2895,.T.);
#2897=FACE_SURFACE('',(#2896),#2894,.T.);
#2898=CARTESIAN_POINT('',(5.248265,5.279511,3.52));
#2899=DIRECTION('',(0.146729,0.989177,0.));
#2900=DIRECTION('',(-0.989177,0.146729,0.));
#2901=AXIS2_PLACEMENT_3D('',#2898,#2899,#2900);
#2902=PLANE('',#2901);
#2903=POLY_LOOP('',(#178,#177,#200));
#2904=FACE_OUTER_BOUND('',#2903,.T.);
#2905=FACE_SURFACE('',(#2904),#2902,.T.);
#2906=CARTESIAN_POINT('',(4.629787,5.340425,3.6));
#2907=DIRECTION('',(0.,0.,1.));
#2908=DIRECTION('',(0.980785,-0.19509,0.));
#2909=AXIS2_PLACEMENT_3D('',#2906,#2907,#2908);
#2910=PLANE('',#2909);
#2911=POLY_LOOP('',(#118,#201,#200));
#2912=FACE_OUTER_BOUND('',#2911,.T.);
#2913=FACE_SURFACE('',(#2912),#2910,.T.);
#2914=CARTESIAN_POINT('',(5.550051,5.203917,3.52));
#2915=DIRECTION('',(0.242982,0.970031,0.));
#2916=DIRECTION('',(-0.939468,0.235326,0.249042));
#2917=AXIS2_PLACEMENT_3D('',#2914,#2915,#2916);
#2918=PLANE('',#2917);
#2919=POLY_LOOP('',(#176,#200,#202));
#2920=FACE_OUTER_BOUND('',#2919,.T.);
#2921=FACE_SURFACE('',(#2920),#2918,.T.);
#2922=CARTESIAN_POINT('',(5.550051,5.203917,3.52));
#2923=DIRECTION('',(0.242982,0.970031,0.));
#2924=DIRECTION('',(-0.970031,0.242982,0.));
#2925=AXIS2_PLACEMENT_3D('',#2922,#2923,#2924);
#2926=PLANE('',#2925);
#2927=POLY_LOOP('',(#176,#178,#200));
#2928=FACE_OUTER_BOUND('',#2927,.T.);
#2929=FACE_SURFACE('',(#2928),#2926,.T.);
#2930=CARTESIAN_POINT('',(5.248265,5.279511,3.6));
#2931=DIRECTION('',(0.,0.,1.));
#2932=DIRECTION('',(0.95694,-0.290285,0.));
#2933=AXIS2_PLACEMENT_3D('',#2930,#2931,#2932);
#2934=PLANE('',#2933);
#2935=POLY_LOOP('',(#200,#201,#202));
#2936=FACE_OUTER_BOUND('',#2935,.T.);
#2937=FACE_SURFACE('',(#2936),#2934,.T.);
#2938=CARTESIAN_POINT('',(7.8,2.170213,3.52));
#2939=DIRECTION('',(0.960863,0.047204,-0.272972));
#2940=DIRECTION('',(-0.273277,0.,-0.961935));
#2941=AXIS2_PLACEMENT_3D('',#2938,#2939,#2940);
#2942=PLANE('',#2941);
#2943=POLY_LOOP('',(#167,#131,#188));
#2944=FACE_OUTER_BOUND('',#2943,.T.);
#2945=FACE_SURFACE('',(#2944),#2942,.T.);
#2946=CARTESIAN_POINT('',(7.739085,2.788691,3.52));
#2947=DIRECTION('',(0.951609,0.141159,-0.272972));
#2948=DIRECTION('',(0.146731,-0.989176,0.));
#2949=AXIS2_PLACEMENT_3D('',#2946,#2947,#2948);
#2950=PLANE('',#2949);
#2951=POLY_LOOP('',(#189,#188,#186));
#2952=FACE_OUTER_BOUND('',#2951,.T.);
#2953=FACE_SURFACE('',(#2952),#2950,.T.);
#2954=CARTESIAN_POINT('',(7.663492,3.090477,3.52));
#2955=DIRECTION('',(0.933191,0.233752,-0.272972));
#2956=DIRECTION('',(0.24298,-0.970031,0.));
#2957=AXIS2_PLACEMENT_3D('',#2954,#2955,#2956);
#2958=PLANE('',#2957);
#2959=POLY_LOOP('',(#203,#189,#180));
#2960=FACE_OUTER_BOUND('',#2959,.T.);
#2961=FACE_SURFACE('',(#2960),#2958,.T.);
#2962=CARTESIAN_POINT('',(6.634802,3.000717,0.));
#2963=DIRECTION('',(0.869657,0.411317,-0.272972));
#2964=DIRECTION('',(0.215592,0.180988,0.959564));
#2965=AXIS2_PLACEMENT_3D('',#2962,#2963,#2964);
#2966=PLANE('',#2965);
#2967=POLY_LOOP('',(#182,#191,#190));
#2968=FACE_OUTER_BOUND('',#2967,.T.);
#2969=FACE_SURFACE('',(#2968),#2966,.T.);
#2970=CARTESIAN_POINT('',(6.434253,3.375918,0.));
#2971=DIRECTION('',(0.825153,0.494578,-0.272972));
#2972=DIRECTION('',(0.227222,0.151825,0.961935));
#2973=AXIS2_PLACEMENT_3D('',#2970,#2971,#2972);
#2974=PLANE('',#2973);
#2975=POLY_LOOP('',(#183,#204,#191));
#2976=FACE_OUTER_BOUND('',#2975,.T.);
#2977=FACE_SURFACE('',(#2976),#2974,.T.);
#2978=CARTESIAN_POINT('',(7.558682,3.383401,3.52));
#2979=DIRECTION('',(0.905786,0.324095,-0.272972));
#2980=DIRECTION('',(0.33689,-0.941544,0.));
#2981=AXIS2_PLACEMENT_3D('',#2978,#2979,#2980);
#2982=PLANE('',#2981);
#2983=POLY_LOOP('',(#190,#203,#180));
#2984=FACE_OUTER_BOUND('',#2983,.T.);
#2985=FACE_SURFACE('',(#2984),#2982,.T.);
#2986=CARTESIAN_POINT('',(4.629787,-1.,3.6));
#2987=DIRECTION('',(0.,0.,1.));
#2988=DIRECTION('',(0.707107,0.707107,0.));
#2989=AXIS2_PLACEMENT_3D('',#2986,#2987,#2988);
#2990=PLANE('',#2989);
#2991=POLY_LOOP('',(#72,#162,#118));
#2992=FACE_OUTER_BOUND('',#2991,.T.);
#2993=FACE_SURFACE('',(#2992),#2990,.T.);
#2994=CARTESIAN_POINT('',(7.8,2.170213,3.6));
#2995=DIRECTION('',(0.998795,0.049068,0.));
#2996=DIRECTION('',(0.,0.,-1.));
#2997=AXIS2_PLACEMENT_3D('',#2994,#2995,#2996);
#2998=PLANE('',#2997);
#2999=POLY_LOOP('',(#162,#167,#188));
#3000=FACE_OUTER_BOUND('',#2999,.T.);
#3001=FACE_SURFACE('',(#3000),#2998,.T.);
#3002=CARTESIAN_POINT('',(7.8,2.170213,3.6));
#3003=DIRECTION('',(0.998795,0.049068,0.));
#3004=DIRECTION('',(-0.047522,0.967326,-0.249042));
#3005=AXIS2_PLACEMENT_3D('',#3002,#3003,#3004);
#3006=PLANE('',#3005);
#3007=POLY_LOOP('',(#162,#188,#205));
#3008=FACE_OUTER_BOUND('',#3007,.T.);
#3009=FACE_SURFACE('',(#3008),#3006,.T.);
#3010=CARTESIAN_POINT('',(7.739085,2.788691,3.6));
#3011=DIRECTION('',(0.,0.,1.));
#3012=DIRECTION('',(0.098018,-0.995185,0.));
#3013=AXIS2_PLACEMENT_3D('',#3010,#3011,#3012);
#3014=PLANE('',#3013);
#3015=POLY_LOOP('',(#206,#162,#205));
#3016=FACE_OUTER_BOUND('',#3015,.T.);
#3017=FACE_SURFACE('',(#3016),#3014,.T.);
#3018=CARTESIAN_POINT('',(7.784735,2.480948,3.52));
#3019=DIRECTION('',(0.989176,0.146731,0.));
#3020=DIRECTION('',(-0.146731,0.989176,0.));
#3021=AXIS2_PLACEMENT_3D('',#3018,#3019,#3020);
#3022=PLANE('',#3021);
#3023=POLY_LOOP('',(#188,#189,#205));
#3024=FACE_OUTER_BOUND('',#3023,.T.);
#3025=FACE_SURFACE('',(#3024),#3022,.T.);
#3026=CARTESIAN_POINT('',(7.739085,2.788691,3.52));
#3027=DIRECTION('',(0.989176,0.146731,0.));
#3028=DIRECTION('',(0.,0.,1.));
#3029=AXIS2_PLACEMENT_3D('',#3026,#3027,#3028);
#3030=PLANE('',#3029);
#3031=POLY_LOOP('',(#189,#206,#205));
#3032=FACE_OUTER_BOUND('',#3031,.T.);
#3033=FACE_SURFACE('',(#3032),#3030,.T.);
#3034=CARTESIAN_POINT('',(7.663492,3.090477,3.6));
#3035=DIRECTION('',(0.,0.,1.));
#3036=DIRECTION('',(0.146731,-0.989176,0.));
#3037=AXIS2_PLACEMENT_3D('',#3034,#3035,#3036);
#3038=PLANE('',#3037);
#3039=POLY_LOOP('',(#207,#162,#206));
#3040=FACE_OUTER_BOUND('',#3039,.T.);
#3041=FACE_SURFACE('',(#3040),#3038,.T.);
#3042=CARTESIAN_POINT('',(7.739085,2.788691,3.52));
#3043=DIRECTION('',(0.970031,0.24298,0.));
#3044=DIRECTION('',(-0.235324,0.939468,0.249042));
#3045=AXIS2_PLACEMENT_3D('',#3042,#3043,#3044);
#3046=PLANE('',#3045);
#3047=POLY_LOOP('',(#189,#207,#206));
#3048=FACE_OUTER_BOUND('',#3047,.T.);
#3049=FACE_SURFACE('',(#3048),#3046,.T.);
#3050=CARTESIAN_POINT('',(7.265723,3.931489,3.6));
#3051=DIRECTION('',(0.,0.,1.));
#3052=DIRECTION('',(0.290285,-0.95694,0.));
#3053=AXIS2_PLACEMENT_3D('',#3050,#3051,#3052);
#3054=PLANE('',#3053);
#3055=POLY_LOOP('',(#208,#162,#207));
#3056=FACE_OUTER_BOUND('',#3055,.T.);
#3057=FACE_SURFACE('',(#3056),#3054,.T.);
#3058=CARTESIAN_POINT('',(7.739085,2.788691,3.52));
#3059=DIRECTION('',(0.970031,0.24298,0.));
#3060=DIRECTION('',(-0.24298,0.970031,0.));
#3061=AXIS2_PLACEMENT_3D('',#3058,#3059,#3060);
#3062=PLANE('',#3061);
#3063=POLY_LOOP('',(#189,#203,#207));
#3064=FACE_OUTER_BOUND('',#3063,.T.);
#3065=FACE_SURFACE('',(#3064),#3062,.T.);
#3066=CARTESIAN_POINT('',(7.663492,3.090477,3.52));
#3067=DIRECTION('',(0.941544,0.33689,0.));
#3068=DIRECTION('',(-0.33689,0.941544,0.));
#3069=AXIS2_PLACEMENT_3D('',#3066,#3067,#3068);
#3070=PLANE('',#3069);
#3071=POLY_LOOP('',(#203,#190,#207));
#3072=FACE_OUTER_BOUND('',#3071,.T.);
#3073=FACE_SURFACE('',(#3072),#3070,.T.);
#3074=CARTESIAN_POINT('',(7.663492,3.090477,3.6));
#3075=DIRECTION('',(0.941544,0.33689,0.));
#3076=DIRECTION('',(-0.326275,0.911879,-0.249042));
#3077=AXIS2_PLACEMENT_3D('',#3074,#3075,#3076);
#3078=PLANE('',#3077);
#3079=POLY_LOOP('',(#207,#190,#209));
#3080=FACE_OUTER_BOUND('',#3079,.T.);
#3081=FACE_SURFACE('',(#3080),#3078,.T.);
#3082=CARTESIAN_POINT('',(7.558682,3.383401,3.6));
#3083=DIRECTION('',(0.903989,0.427555,0.));
#3084=DIRECTION('',(0.,0.,-1.));
#3085=AXIS2_PLACEMENT_3D('',#3082,#3083,#3084);
#3086=PLANE('',#3085);
#3087=POLY_LOOP('',(#209,#190,#210));
#3088=FACE_OUTER_BOUND('',#3087,.T.);
#3089=FACE_SURFACE('',(#3088),#3086,.T.);
#3090=CARTESIAN_POINT('',(7.265723,3.931489,3.6));
#3091=DIRECTION('',(0.,0.,1.));
#3092=DIRECTION('',(0.427555,-0.903989,0.));
#3093=AXIS2_PLACEMENT_3D('',#3090,#3091,#3092);
#3094=PLANE('',#3093);
#3095=POLY_LOOP('',(#208,#207,#209));
#3096=FACE_OUTER_BOUND('',#3095,.T.);
#3097=FACE_SURFACE('',(#3096),#3094,.T.);
#3098=CARTESIAN_POINT('',(7.425665,3.664641,3.6));
#3099=DIRECTION('',(0.857728,0.514103,0.));
#3100=DIRECTION('',(0.,0.,-1.));
#3101=AXIS2_PLACEMENT_3D('',#3098,#3099,#3100);
#3102=PLANE('',#3101);
#3103=POLY_LOOP('',(#210,#191,#204));
#3104=FACE_OUTER_BOUND('',#3103,.T.);
#3105=FACE_SURFACE('',(#3104),#3102,.T.);
#3106=CARTESIAN_POINT('',(7.425665,3.664641,3.6));
#3107=DIRECTION('',(0.903989,0.427555,0.));
#3108=DIRECTION('',(0.414084,-0.875507,-0.249042));
#3109=AXIS2_PLACEMENT_3D('',#3106,#3107,#3108);
#3110=PLANE('',#3109);
#3111=POLY_LOOP('',(#210,#190,#191));
#3112=FACE_OUTER_BOUND('',#3111,.T.);
#3113=FACE_SURFACE('',(#3112),#3110,.T.);
#3114=CARTESIAN_POINT('',(7.558682,3.383401,3.6));
#3115=DIRECTION('',(0.,0.,1.));
#3116=DIRECTION('',(-0.427555,0.903989,0.));
#3117=AXIS2_PLACEMENT_3D('',#3114,#3115,#3116);
#3118=PLANE('',#3117);
#3119=POLY_LOOP('',(#209,#210,#208));
#3120=FACE_OUTER_BOUND('',#3119,.T.);
#3121=FACE_SURFACE('',(#3120),#3118,.T.);
#3122=CARTESIAN_POINT('',(6.006556,3.84781,0.));
#3123=DIRECTION('',(0.573076,0.772703,-0.272972));
#3124=DIRECTION('',(0.104818,0.261246,0.959564));
#3125=AXIS2_PLACEMENT_3D('',#3122,#3123,#3124);
#3126=PLANE('',#3125);
#3127=POLY_LOOP('',(#194,#196,#211));
#3128=FACE_OUTER_BOUND('',#3127,.T.);
#3129=FACE_SURFACE('',(#3128),#3126,.T.);
#3130=CARTESIAN_POINT('',(6.871466,4.411892,3.52));
#3131=DIRECTION('',(0.646054,0.712811,-0.272972));
#3132=DIRECTION('',(-0.235778,-0.153771,-0.959564));
#3133=AXIS2_PLACEMENT_3D('',#3130,#3131,#3132);
#3134=PLANE('',#3133);
#3135=POLY_LOOP('',(#197,#194,#211));
#3136=FACE_OUTER_BOUND('',#3135,.T.);
#3137=FACE_SURFACE('',(#3136),#3134,.T.);
#3138=CARTESIAN_POINT('',(6.124215,4.966091,3.52));
#3139=DIRECTION('',(0.411317,0.869657,-0.272972));
#3140=DIRECTION('',(-0.128822,-0.241009,-0.961935));
#3141=AXIS2_PLACEMENT_3D('',#3138,#3139,#3140);
#3142=PLANE('',#3141);
#3143=POLY_LOOP('',(#212,#193,#195));
#3144=FACE_OUTER_BOUND('',#3143,.T.);
#3145=FACE_SURFACE('',(#3144),#3142,.T.);
#3146=CARTESIAN_POINT('',(5.842975,5.099107,3.52));
#3147=DIRECTION('',(0.324095,0.905786,-0.272972));
#3148=DIRECTION('',(-0.104579,-0.252475,-0.961935));
#3149=AXIS2_PLACEMENT_3D('',#3146,#3147,#3148);
#3150=PLANE('',#3149);
#3151=POLY_LOOP('',(#195,#172,#176));
#3152=FACE_OUTER_BOUND('',#3151,.T.);
#3153=FACE_SURFACE('',(#3152),#3150,.T.);
#3154=CARTESIAN_POINT('',(6.391063,4.806149,3.52));
#3155=DIRECTION('',(0.494577,0.825154,-0.272972));
#3156=DIRECTION('',(-0.201248,-0.196814,-0.959564));
#3157=AXIS2_PLACEMENT_3D('',#3154,#3155,#3156);
#3158=PLANE('',#3157);
#3159=POLY_LOOP('',(#196,#193,#212));
#3160=FACE_OUTER_BOUND('',#3159,.T.);
#3161=FACE_SURFACE('',(#3160),#3158,.T.);
#3162=CARTESIAN_POINT('',(6.434253,3.375918,0.));
#3163=DIRECTION('',(0.772703,0.573076,-0.272972));
#3164=DIRECTION('',(0.17614,0.21957,0.959564));
#3165=AXIS2_PLACEMENT_3D('',#3162,#3163,#3164);
#3166=PLANE('',#3165);
#3167=POLY_LOOP('',(#183,#187,#204));
#3168=FACE_OUTER_BOUND('',#3167,.T.);
#3169=FACE_SURFACE('',(#3168),#3166,.T.);
#3170=CARTESIAN_POINT('',(7.080395,4.181375,3.52));
#3171=DIRECTION('',(0.712811,0.646054,-0.272972));
#3172=DIRECTION('',(-0.249714,-0.12992,-0.959564));
#3173=AXIS2_PLACEMENT_3D('',#3170,#3171,#3172);
#3174=PLANE('',#3173);
#3175=POLY_LOOP('',(#187,#179,#197));
#3176=FACE_OUTER_BOUND('',#3175,.T.);
#3177=FACE_SURFACE('',(#3176),#3174,.T.);
#3178=CARTESIAN_POINT('',(4.629787,5.340425,3.6));
#3179=DIRECTION('',(0.,0.,1.));
#3180=DIRECTION('',(0.707107,-0.707107,0.));
#3181=AXIS2_PLACEMENT_3D('',#3178,#3179,#3180);
#3182=PLANE('',#3181);
#3183=POLY_LOOP('',(#118,#162,#208));
#3184=FACE_OUTER_BOUND('',#3183,.T.);
#3185=FACE_SURFACE('',(#3184),#3182,.T.);
#3186=CARTESIAN_POINT('',(4.629787,5.340425,3.6));
#3187=DIRECTION('',(0.,0.,1.));
#3188=DIRECTION('',(0.92388,-0.382683,0.));
#3189=AXIS2_PLACEMENT_3D('',#3186,#3187,#3188);
#3190=PLANE('',#3189);
#3191=POLY_LOOP('',(#118,#213,#201));
#3192=FACE_OUTER_BOUND('',#3191,.T.);
#3193=FACE_SURFACE('',(#3192),#3190,.T.);
#3194=CARTESIAN_POINT('',(5.842975,5.099107,3.52));
#3195=DIRECTION('',(0.33689,0.941544,0.));
#3196=DIRECTION('',(-0.941544,0.33689,0.));
#3197=AXIS2_PLACEMENT_3D('',#3194,#3195,#3196);
#3198=PLANE('',#3197);
#3199=POLY_LOOP('',(#195,#176,#201));
#3200=FACE_OUTER_BOUND('',#3199,.T.);
#3201=FACE_SURFACE('',(#3200),#3198,.T.);
#3202=CARTESIAN_POINT('',(5.842975,5.099107,3.6));
#3203=DIRECTION('',(0.33689,0.941544,0.));
#3204=DIRECTION('',(-0.911879,0.326275,-0.249042));
#3205=AXIS2_PLACEMENT_3D('',#3202,#3203,#3204);
#3206=PLANE('',#3205);
#3207=POLY_LOOP('',(#201,#176,#202));
#3208=FACE_OUTER_BOUND('',#3207,.T.);
#3209=FACE_SURFACE('',(#3208),#3206,.T.);
#3210=CARTESIAN_POINT('',(5.842975,5.099107,3.6));
#3211=DIRECTION('',(0.427555,0.903989,0.));
#3212=DIRECTION('',(0.875507,-0.414084,-0.249042));
#3213=AXIS2_PLACEMENT_3D('',#3210,#3211,#3212);
#3214=PLANE('',#3213);
#3215=POLY_LOOP('',(#201,#212,#195));
#3216=FACE_OUTER_BOUND('',#3215,.T.);
#3217=FACE_SURFACE('',(#3216),#3214,.T.);
#3218=CARTESIAN_POINT('',(6.124215,4.966091,3.52));
#3219=DIRECTION('',(0.427555,0.903989,0.));
#3220=DIRECTION('',(-0.875507,0.414084,0.249042));
#3221=AXIS2_PLACEMENT_3D('',#3218,#3219,#3220);
#3222=PLANE('',#3221);
#3223=POLY_LOOP('',(#212,#201,#214));
#3224=FACE_OUTER_BOUND('',#3223,.T.);
#3225=FACE_SURFACE('',(#3224),#3222,.T.);
#3226=CARTESIAN_POINT('',(5.842975,5.099107,3.6));
#3227=DIRECTION('',(0.,0.,1.));
#3228=DIRECTION('',(0.881922,-0.471396,0.));
#3229=AXIS2_PLACEMENT_3D('',#3226,#3227,#3228);
#3230=PLANE('',#3229);
#3231=POLY_LOOP('',(#201,#215,#214));
#3232=FACE_OUTER_BOUND('',#3231,.T.);
#3233=FACE_SURFACE('',(#3232),#3230,.T.);
#3234=CARTESIAN_POINT('',(4.629787,5.340425,3.6));
#3235=DIRECTION('',(0.,0.,1.));
#3236=DIRECTION('',(0.881921,-0.471397,0.));
#3237=AXIS2_PLACEMENT_3D('',#3234,#3235,#3236);
#3238=PLANE('',#3237);
#3239=POLY_LOOP('',(#118,#208,#213));
#3240=FACE_OUTER_BOUND('',#3239,.T.);
#3241=FACE_SURFACE('',(#3240),#3238,.T.);
#3242=CARTESIAN_POINT('',(6.391063,4.806149,3.6));
#3243=DIRECTION('',(0.514102,0.857729,0.));
#3244=DIRECTION('',(-0.830705,0.497904,-0.249042));
#3245=AXIS2_PLACEMENT_3D('',#3242,#3243,#3244);
#3246=PLANE('',#3245);
#3247=POLY_LOOP('',(#215,#212,#214));
#3248=FACE_OUTER_BOUND('',#3247,.T.);
#3249=FACE_SURFACE('',(#3248),#3246,.T.);
#3250=CARTESIAN_POINT('',(5.842975,5.099107,3.6));
#3251=DIRECTION('',(0.,0.,1.));
#3252=DIRECTION('',(0.83147,-0.55557,0.));
#3253=AXIS2_PLACEMENT_3D('',#3250,#3251,#3252);
#3254=PLANE('',#3253);
#3255=POLY_LOOP('',(#201,#213,#215));
#3256=FACE_OUTER_BOUND('',#3255,.T.);
#3257=FACE_SURFACE('',(#3256),#3254,.T.);
#3258=CARTESIAN_POINT('',(6.391063,4.806149,3.6));
#3259=DIRECTION('',(0.514102,0.857729,0.));
#3260=DIRECTION('',(0.,0.,-1.));
#3261=AXIS2_PLACEMENT_3D('',#3258,#3259,#3260);
#3262=PLANE('',#3261);
#3263=POLY_LOOP('',(#215,#196,#212));
#3264=FACE_OUTER_BOUND('',#3263,.T.);
#3265=FACE_SURFACE('',(#3264),#3262,.T.);
#3266=CARTESIAN_POINT('',(6.391063,4.806149,3.52));
#3267=DIRECTION('',(0.5957,0.803207,0.));
#3268=DIRECTION('',(0.,0.,1.));
#3269=AXIS2_PLACEMENT_3D('',#3266,#3267,#3268);
#3270=PLANE('',#3269);
#3271=POLY_LOOP('',(#196,#215,#211));
#3272=FACE_OUTER_BOUND('',#3271,.T.);
#3273=FACE_SURFACE('',(#3272),#3270,.T.);
#3274=CARTESIAN_POINT('',(6.640949,4.620821,3.52));
#3275=DIRECTION('',(0.5957,0.803207,0.));
#3276=DIRECTION('',(-0.7779,0.576931,0.249042));
#3277=AXIS2_PLACEMENT_3D('',#3274,#3275,#3276);
#3278=PLANE('',#3277);
#3279=POLY_LOOP('',(#211,#215,#216));
#3280=FACE_OUTER_BOUND('',#3279,.T.);
#3281=FACE_SURFACE('',(#3280),#3278,.T.);
#3282=CARTESIAN_POINT('',(6.391063,4.806149,3.6));
#3283=DIRECTION('',(0.,0.,1.));
#3284=DIRECTION('',(0.77301,-0.634393,0.));
#3285=AXIS2_PLACEMENT_3D('',#3282,#3283,#3284);
#3286=PLANE('',#3285);
#3287=POLY_LOOP('',(#215,#213,#216));
#3288=FACE_OUTER_BOUND('',#3287,.T.);
#3289=FACE_SURFACE('',(#3288),#3286,.T.);
#3290=CARTESIAN_POINT('',(7.265723,3.931489,3.52));
#3291=DIRECTION('',(0.803208,0.595699,0.));
#3292=DIRECTION('',(-0.595699,0.803208,0.));
#3293=AXIS2_PLACEMENT_3D('',#3290,#3291,#3292);
#3294=PLANE('',#3293);
#3295=POLY_LOOP('',(#204,#187,#208));
#3296=FACE_OUTER_BOUND('',#3295,.T.);
#3297=FACE_SURFACE('',(#3296),#3294,.T.);
#3298=CARTESIAN_POINT('',(7.265723,3.931489,3.6));
#3299=DIRECTION('',(0.803208,0.595699,0.));
#3300=DIRECTION('',(-0.57693,0.777901,-0.249042));
#3301=AXIS2_PLACEMENT_3D('',#3298,#3299,#3300);
#3302=PLANE('',#3301);
#3303=POLY_LOOP('',(#208,#187,#217));
#3304=FACE_OUTER_BOUND('',#3303,.T.);
#3305=FACE_SURFACE('',(#3304),#3302,.T.);
#3306=CARTESIAN_POINT('',(6.871466,4.411892,3.52));
#3307=DIRECTION('',(0.740951,0.671559,0.));
#3308=DIRECTION('',(0.,0.,1.));
#3309=AXIS2_PLACEMENT_3D('',#3306,#3307,#3308);
#3310=PLANE('',#3309);
#3311=POLY_LOOP('',(#197,#213,#187));
#3312=FACE_OUTER_BOUND('',#3311,.T.);
#3313=FACE_SURFACE('',(#3312),#3310,.T.);
#3314=CARTESIAN_POINT('',(6.640949,4.620821,3.52));
#3315=DIRECTION('',(0.671559,0.740951,0.));
#3316=DIRECTION('',(0.717606,-0.6504,0.249042));
#3317=AXIS2_PLACEMENT_3D('',#3314,#3315,#3316);
#3318=PLANE('',#3317);
#3319=POLY_LOOP('',(#211,#213,#197));
#3320=FACE_OUTER_BOUND('',#3319,.T.);
#3321=FACE_SURFACE('',(#3320),#3318,.T.);
#3322=CARTESIAN_POINT('',(6.871466,4.411892,3.6));
#3323=DIRECTION('',(0.,0.,1.));
#3324=DIRECTION('',(0.634393,-0.773011,0.));
#3325=AXIS2_PLACEMENT_3D('',#3322,#3323,#3324);
#3326=PLANE('',#3325);
#3327=POLY_LOOP('',(#213,#208,#217));
#3328=FACE_OUTER_BOUND('',#3327,.T.);
#3329=FACE_SURFACE('',(#3328),#3326,.T.);
#3330=CARTESIAN_POINT('',(7.080395,4.181375,3.52));
#3331=DIRECTION('',(0.740951,0.671559,0.));
#3332=DIRECTION('',(-0.6504,0.717606,0.249042));
#3333=AXIS2_PLACEMENT_3D('',#3330,#3331,#3332);
#3334=PLANE('',#3333);
#3335=POLY_LOOP('',(#187,#213,#217));
#3336=FACE_OUTER_BOUND('',#3335,.T.);
#3337=FACE_SURFACE('',(#3336),#3334,.T.);
#3338=CARTESIAN_POINT('',(7.265723,3.931489,3.6));
#3339=DIRECTION('',(0.857728,0.514103,0.));
#3340=DIRECTION('',(0.514103,-0.857728,0.));
#3341=AXIS2_PLACEMENT_3D('',#3338,#3339,#3340);
#3342=PLANE('',#3341);
#3343=POLY_LOOP('',(#208,#210,#204));
#3344=FACE_OUTER_BOUND('',#3343,.T.);
#3345=FACE_SURFACE('',(#3344),#3342,.T.);
#3346=CARTESIAN_POINT('',(6.871466,4.411892,3.6));
#3347=DIRECTION('',(0.671559,0.740951,0.));
#3348=DIRECTION('',(-0.717606,0.6504,-0.249042));
#3349=AXIS2_PLACEMENT_3D('',#3346,#3347,#3348);
#3350=PLANE('',#3349);
#3351=POLY_LOOP('',(#213,#211,#216));
#3352=FACE_OUTER_BOUND('',#3351,.T.);
#3353=FACE_SURFACE('',(#3352),#3350,.T.);
#3354=CLOSED_SHELL('',(#225,#233,#241,#249,#257,#265,#273,#281,#289,#297,#305,#313,#321,#329,#337,#345,#353,#361,#369,#377,#385,#393,#401,#409,#417,#425,#433,#441,#449,#457,#465,#473,#481,#489,#497,#505,#513,#521,#529,#537,#545,#553,#561,#569,#577,#585,#593,#601,#609,#617,#625,#633,#641,#649,#657,#665,#673,#681,#689,#697,#705,#713,#721,#729,#737,#745,#753,#761,#769,#777,#785,#793,#801,#809,#817,#825,#833,#841,#849,#857,#865,#873,#881,#889,#897,#905,#913,#921,#929,#937,#945,#953,#961,#969,#977,#985,#993,#1001,#1009,#1017,#1025,#1033,#1041,#1049,#1057,#1065,#1073,#1081,#1089,#1097,#1105,#1113,#1121,#1129,#1137,#1145,#1153,#1161,#1169,#1177,#1185,#1193,#1201,#1209,#1217,#1225,#1233,#1241,#1249,#1257,#1265,#1273,#1281,#1289,#1297,#1305,#1313,#1321,#1329,#1337,#1345,#1353,#1361,#1369,#1377,#1385,#1393,#1401,#1409,#1417,#1425,#1433,#1441,#1449,#1457,#1465,#1473,#1481,#1489,#1497,#1505,#1513,#1521,#1529,#1537,#1545,#1553,#1561,#1569,#1577,#1585,#1593,#1601,#1609,#1617,#1625,#1633,#1641,#1649,#1657,#1665,#1673,#1681,#1689,#1697,#1705,#1713,#1721,#1729,#1737,#1745,#1753,#1761,#1769,#1777,#1785,#1793,#1801,#1809,#1817,#1825,#1833,#1841,#1849,#1857,#1865,#1873,#1881,#1889,#1897,#1905,#1913,#1921,#1929,#1937,#1945,#1953,#1961,#1969,#1977,#1985,#1993,#2001,#2009,#2017,#2025,#2033,#2041,#2049,#2057,#2065,#2073,#2081,#2089,#2097,#2105,#2113,#2121,#2129,#2137,#2145,#2153,#2161,#2169,#2177,#2185,#2193,#2201,#2209,#2217,#2225,#2233,#2241,#2249,#2257,#2265,#2273,#2281,#2289,#2297,#2305,#2313,#2321,#2329,#2337,#2345,#2353,#2361,#2369,#2377,#2385,#2393,#2401,#2409,#2417,#2425,#2433,#2441,#2449,#2457,#2465,#2473,#2481,#2489,#2497,#2505,#2513,#2521,#2529,#2537,#2545,#2553,#2561,#2569,#2577,#2585,#2593,#2601,#2609,#2617,#2625,#2633,#2641,#2649,#2657,#2665,#2673,#2681,#2689,#2697,#2705,#2713,#2721,#2729,#2737,#2745,#2753,#2761,#2769,#2777,#2785,#2793,#2801,#2809,#2817,#2825,#2833,#2841,#2849,#2857,#2865,#2873,#2881,#2889,#2897,#2905,#2913,#2921,#2929,#2937,#2945,#2953,#2961,#2969,#2977,#2985,#2993,#3001,#3009,#3017,#3025,#3033,#3041,#3049,#3057,#3065,#3073,#3081,#3089,#3097,#3105,#3113,#3121,#3129,#3137,#3145,#3153,#3161,#3169,#3177,#3185,#3193,#3201,#3209,#3217,#3225,#3233,#3241,#3249,#3257,#3265,#3273,#3281,#3289,#3297,#3305,#3313,#3321,#3329,#3337,#3345,#3353));
#3355=FACETED_BREP('button_sel',#3354);
#3356=ADVANCED_BREP_SHAPE_REPRESENTATION('',(#3355),#14);
#3357=SHAPE_DEFINITION_REPRESENTATION(#9,#3356);
ENDSEC;
END-ISO-10303-21;
