ISO-10303-21;
HEADER;
FILE_DESCRIPTION(('replace-face cleaned mesh - faceted PLACEHOLDER, not parametric CAD, not a verified AP1 drop-in'),'2;1');
FILE_NAME('button_rocker.step','2026-09-14T20:43:01Z',('s2000-ap1-digital-dash'),(''),'cad/replace_face/mesh_export.py','s2000-ap1-digital-dash','');
FILE_SCHEMA(('CONFIG_CONTROL_DESIGN'));
ENDSEC;
DATA;
#1=APPLICATION_CONTEXT('configuration controlled 3d designs of mechanical parts and assemblies');
#2=APPLICATION_PROTOCOL_DEFINITION('international standard','config_control_design',1994,#1);
#3=PRODUCT_CONTEXT('',#1,'mechanical');
#4=PRODUCT('button_rocker','button_rocker','PLACEHOLDER faceted mesh - OpenSCAD remains source of truth',(#3));
#5=PRODUCT_DEFINITION_FORMATION('','',#4);
#6=PRODUCT_DEFINITION_CONTEXT('part definition',#1,'design');
#7=PRODUCT_DEFINITION('design','',#5,#6);
#8=PRODUCT_RELATED_PRODUCT_CATEGORY('part',$,(#4));
#9=PRODUCT_DEFINITION_SHAPE('','',#7);
#10=(LENGTH_UNIT()NAMED_UNIT(*)SI_UNIT(.MILLI.,.METRE.));
#11=(NAMED_UNIT(*)PLANE_ANGLE_UNIT()SI_UNIT($,.RADIAN.));
#12=(NAMED_UNIT(*)SI_UNIT($,.STERADIAN.)SOLID_ANGLE_UNIT());
#13=UNCERTAINTY_MEASURE_WITH_UNIT(LENGTH_MEASURE(1.E-6),#10,'distance_accuracy_value','confusion accuracy');
#14=(GEOMETRIC_REPRESENTATION_CONTEXT(3)GLOBAL_UNCERTAINTY_ASSIGNED_CONTEXT((#13))GLOBAL_UNIT_ASSIGNED_CONTEXT((#10,#11,#12))REPRESENTATION_CONTEXT('Context #1','3D Context with UNIT and UNCERTAINTY'));
#20=CARTESIAN_POINT('',(2.246564,0.501835,0.));
#21=CARTESIAN_POINT('',(1.888826,0.716254,0.));
#22=CARTESIAN_POINT('',(2.623595,0.323512,0.));
#23=CARTESIAN_POINT('',(1.244796,1.244796,0.));
#24=CARTESIAN_POINT('',(0.964706,1.553829,0.));
#25=CARTESIAN_POINT('',(1.553829,0.964706,0.));
#26=CARTESIAN_POINT('',(0.183004,3.01629,0.));
#27=CARTESIAN_POINT('',(3.420866,0.081663,0.));
#28=CARTESIAN_POINT('',(3.01629,0.183004,0.));
#29=CARTESIAN_POINT('',(-0.272111,0.538799,3.52));
#30=CARTESIAN_POINT('',(2.551835,-1.348101,3.52));
#31=CARTESIAN_POINT('',(3.833427,0.020465,0.));
#32=CARTESIAN_POINT('',(3.6766,-1.571831,3.52));
#33=CARTESIAN_POINT('',(0.999914,-0.614097,3.52));
#34=CARTESIAN_POINT('',(1.492329,-0.909239,3.52));
#35=CARTESIAN_POINT('',(0.538799,-0.272111,3.52));
#36=CARTESIAN_POINT('',(0.716254,1.888826,0.));
#37=CARTESIAN_POINT('',(0.501835,2.246564,0.));
#38=CARTESIAN_POINT('',(0.323512,2.623595,0.));
#39=CARTESIAN_POINT('',(0.081663,3.420866,0.));
#40=CARTESIAN_POINT('',(0.020465,3.833427,0.));
#41=CARTESIAN_POINT('',(0.,4.25,0.));
#42=CARTESIAN_POINT('',(1.553829,7.535295,0.));
#43=CARTESIAN_POINT('',(-1.348101,2.551835,3.52));
#44=CARTESIAN_POINT('',(-0.614097,0.999914,3.52));
#45=CARTESIAN_POINT('',(-1.154695,2.011302,3.52));
#46=CARTESIAN_POINT('',(-1.571831,3.6766,3.52));
#47=CARTESIAN_POINT('',(-1.6,4.25,3.52));
#48=CARTESIAN_POINT('',(4.25,0.,0.));
#49=CARTESIAN_POINT('',(8.78,0.,0.));
#50=CARTESIAN_POINT('',(8.78,-0.08,0.176));
#51=CARTESIAN_POINT('',(4.25,-1.6,3.52));
#52=CARTESIAN_POINT('',(9.58,-0.08,0.176));
#53=CARTESIAN_POINT('',(2.623595,8.176488,0.));
#54=CARTESIAN_POINT('',(0.113425,0.113425,3.52));
#55=CARTESIAN_POINT('',(2.011302,-1.154695,3.52));
#56=CARTESIAN_POINT('',(3.108722,-1.487594,3.52));
#57=CARTESIAN_POINT('',(0.538799,-0.272111,3.6));
#58=CARTESIAN_POINT('',(0.113425,0.113425,3.6));
#59=CARTESIAN_POINT('',(0.999914,-0.614097,3.6));
#60=CARTESIAN_POINT('',(2.551835,-1.348101,3.6));
#61=CARTESIAN_POINT('',(-0.614097,0.999914,3.6));
#62=CARTESIAN_POINT('',(-0.272111,0.538799,3.6));
#63=CARTESIAN_POINT('',(-0.909239,1.492329,3.6));
#64=CARTESIAN_POINT('',(-1.6,4.25,3.6));
#65=CARTESIAN_POINT('',(2.011302,-1.154695,3.6));
#66=CARTESIAN_POINT('',(1.492329,-0.909239,3.6));
#67=CARTESIAN_POINT('',(3.108722,-1.487594,3.6));
#68=CARTESIAN_POINT('',(3.6766,-1.571831,3.6));
#69=CARTESIAN_POINT('',(4.25,-1.6,3.6));
#70=CARTESIAN_POINT('',(-0.909239,1.492329,3.52));
#71=CARTESIAN_POINT('',(-1.487594,3.108722,3.52));
#72=CARTESIAN_POINT('',(-1.154695,2.011302,3.6));
#73=CARTESIAN_POINT('',(-1.348101,2.551835,3.6));
#74=CARTESIAN_POINT('',(-1.487594,3.108722,3.6));
#75=CARTESIAN_POINT('',(-1.571831,3.6766,3.6));
#76=CARTESIAN_POINT('',(16.348698,-1.154695,3.6));
#77=CARTESIAN_POINT('',(14.11,-1.6,3.6));
#78=CARTESIAN_POINT('',(0.183004,5.48371,0.));
#79=CARTESIAN_POINT('',(0.020465,4.666573,0.));
#80=CARTESIAN_POINT('',(0.081663,5.079134,0.));
#81=CARTESIAN_POINT('',(0.323512,5.876405,0.));
#82=CARTESIAN_POINT('',(0.501835,6.253436,0.));
#83=CARTESIAN_POINT('',(0.716254,6.611174,0.));
#84=CARTESIAN_POINT('',(0.964706,6.946171,0.));
#85=CARTESIAN_POINT('',(1.244796,7.255204,0.));
#86=CARTESIAN_POINT('',(-1.571831,4.8234,3.52));
#87=CARTESIAN_POINT('',(-1.348101,5.948165,3.52));
#88=CARTESIAN_POINT('',(-1.154695,6.488698,3.52));
#89=CARTESIAN_POINT('',(-0.614097,7.500086,3.52));
#90=CARTESIAN_POINT('',(1.888826,7.783746,0.));
#91=CARTESIAN_POINT('',(2.246564,7.998166,0.));
#92=CARTESIAN_POINT('',(3.01629,8.316997,0.));
#93=CARTESIAN_POINT('',(3.420866,8.418338,0.));
#94=CARTESIAN_POINT('',(4.25,8.5,0.));
#95=CARTESIAN_POINT('',(-0.272111,7.961201,3.52));
#96=CARTESIAN_POINT('',(0.538799,8.772111,3.52));
#97=CARTESIAN_POINT('',(0.999914,9.114098,3.52));
#98=CARTESIAN_POINT('',(1.492329,9.40924,3.52));
#99=CARTESIAN_POINT('',(2.011302,9.654696,3.52));
#100=CARTESIAN_POINT('',(2.551835,9.848101,3.52));
#101=CARTESIAN_POINT('',(3.108722,9.987594,3.52));
#102=CARTESIAN_POINT('',(3.833427,8.479535,0.));
#103=CARTESIAN_POINT('',(8.78,8.5,0.));
#104=CARTESIAN_POINT('',(8.78,8.58,0.176));
#105=CARTESIAN_POINT('',(4.25,10.1,3.52));
#106=CARTESIAN_POINT('',(14.11,10.1,3.52));
#107=CARTESIAN_POINT('',(-1.487594,5.391278,3.52));
#108=CARTESIAN_POINT('',(-0.909239,7.007671,3.52));
#109=CARTESIAN_POINT('',(-1.571831,4.8234,3.6));
#110=CARTESIAN_POINT('',(-1.348101,5.948165,3.6));
#111=CARTESIAN_POINT('',(-1.487594,5.391278,3.6));
#112=CARTESIAN_POINT('',(-0.614097,7.500086,3.6));
#113=CARTESIAN_POINT('',(-1.154695,6.488698,3.6));
#114=CARTESIAN_POINT('',(-0.909239,7.007671,3.6));
#115=CARTESIAN_POINT('',(2.011302,9.654696,3.6));
#116=CARTESIAN_POINT('',(0.113425,8.386575,3.52));
#117=CARTESIAN_POINT('',(3.6766,10.071831,3.52));
#118=CARTESIAN_POINT('',(-0.272111,7.961201,3.6));
#119=CARTESIAN_POINT('',(0.538799,8.772111,3.6));
#120=CARTESIAN_POINT('',(0.113425,8.386575,3.6));
#121=CARTESIAN_POINT('',(0.999914,9.114098,3.6));
#122=CARTESIAN_POINT('',(1.492329,9.40924,3.6));
#123=CARTESIAN_POINT('',(2.551835,9.848101,3.6));
#124=CARTESIAN_POINT('',(4.25,10.1,3.6));
#125=CARTESIAN_POINT('',(3.108722,9.987594,3.6));
#126=CARTESIAN_POINT('',(3.6766,10.071831,3.6));
#127=CARTESIAN_POINT('',(14.11,10.1,3.6));
#128=CARTESIAN_POINT('',(14.11,0.,0.));
#129=CARTESIAN_POINT('',(9.58,0.,0.));
#130=CARTESIAN_POINT('',(14.939134,0.081663,0.));
#131=CARTESIAN_POINT('',(14.526573,0.020465,0.));
#132=CARTESIAN_POINT('',(14.6834,-1.571831,3.52));
#133=CARTESIAN_POINT('',(9.58,8.5,0.));
#134=CARTESIAN_POINT('',(17.395294,1.553829,0.));
#135=CARTESIAN_POINT('',(15.736404,0.323512,0.));
#136=CARTESIAN_POINT('',(15.34371,0.183004,0.));
#137=CARTESIAN_POINT('',(16.806171,0.964706,0.));
#138=CARTESIAN_POINT('',(16.113436,0.501835,0.));
#139=CARTESIAN_POINT('',(16.471174,0.716254,0.));
#140=CARTESIAN_POINT('',(17.115204,1.244796,0.));
#141=CARTESIAN_POINT('',(15.808166,-1.348101,3.52));
#142=CARTESIAN_POINT('',(16.86767,-0.909239,3.52));
#143=CARTESIAN_POINT('',(17.360086,-0.614097,3.52));
#144=CARTESIAN_POINT('',(17.821201,-0.272111,3.52));
#145=CARTESIAN_POINT('',(18.246574,0.113425,3.52));
#146=CARTESIAN_POINT('',(17.858166,2.246564,0.));
#147=CARTESIAN_POINT('',(17.643745,1.888826,0.));
#148=CARTESIAN_POINT('',(18.176996,3.01629,0.));
#149=CARTESIAN_POINT('',(18.036488,2.623595,0.));
#150=CARTESIAN_POINT('',(18.278337,5.079134,0.));
#151=CARTESIAN_POINT('',(18.278337,3.420866,0.));
#152=CARTESIAN_POINT('',(18.339535,4.666573,0.));
#153=CARTESIAN_POINT('',(18.339535,3.833427,0.));
#154=CARTESIAN_POINT('',(18.632111,0.538799,3.52));
#155=CARTESIAN_POINT('',(19.269239,1.492329,3.52));
#156=CARTESIAN_POINT('',(19.514696,2.011302,3.52));
#157=CARTESIAN_POINT('',(19.708101,2.551835,3.52));
#158=CARTESIAN_POINT('',(19.931831,3.6766,3.52));
#159=CARTESIAN_POINT('',(18.360001,4.25,0.));
#160=CARTESIAN_POINT('',(19.959999,4.25,3.52));
#161=CARTESIAN_POINT('',(14.11,-1.6,3.52));
#162=CARTESIAN_POINT('',(14.6834,-1.571831,3.6));
#163=CARTESIAN_POINT('',(15.251278,-1.487594,3.52));
#164=CARTESIAN_POINT('',(16.348698,-1.154695,3.52));
#165=CARTESIAN_POINT('',(18.974096,0.999914,3.52));
#166=CARTESIAN_POINT('',(15.251278,-1.487594,3.6));
#167=CARTESIAN_POINT('',(15.808166,-1.348101,3.6));
#168=CARTESIAN_POINT('',(16.86767,-0.909239,3.6));
#169=CARTESIAN_POINT('',(17.360086,-0.614097,3.6));
#170=CARTESIAN_POINT('',(17.821201,-0.272111,3.6));
#171=CARTESIAN_POINT('',(18.974096,0.999914,3.6));
#172=CARTESIAN_POINT('',(18.246574,0.113425,3.6));
#173=CARTESIAN_POINT('',(18.632111,0.538799,3.6));
#174=CARTESIAN_POINT('',(19.847593,3.108722,3.52));
#175=CARTESIAN_POINT('',(19.847593,5.391278,3.6));
#176=CARTESIAN_POINT('',(19.269239,1.492329,3.6));
#177=CARTESIAN_POINT('',(19.708101,2.551835,3.6));
#178=CARTESIAN_POINT('',(19.514696,2.011302,3.6));
#179=CARTESIAN_POINT('',(19.847593,3.108722,3.6));
#180=CARTESIAN_POINT('',(19.959999,4.25,3.6));
#181=CARTESIAN_POINT('',(19.931831,3.6766,3.6));
#182=CARTESIAN_POINT('',(14.11,8.5,0.));
#183=CARTESIAN_POINT('',(9.58,8.58,0.176));
#184=CARTESIAN_POINT('',(14.939134,8.418338,0.));
#185=CARTESIAN_POINT('',(14.526573,8.479535,0.));
#186=CARTESIAN_POINT('',(14.6834,10.071831,3.52));
#187=CARTESIAN_POINT('',(17.115204,7.255204,0.));
#188=CARTESIAN_POINT('',(18.036488,5.876405,0.));
#189=CARTESIAN_POINT('',(18.176996,5.48371,0.));
#190=CARTESIAN_POINT('',(17.858166,6.253436,0.));
#191=CARTESIAN_POINT('',(17.395294,6.946171,0.));
#192=CARTESIAN_POINT('',(17.643745,6.611174,0.));
#193=CARTESIAN_POINT('',(19.931831,4.8234,3.52));
#194=CARTESIAN_POINT('',(19.708101,5.948165,3.52));
#195=CARTESIAN_POINT('',(19.514696,6.488698,3.52));
#196=CARTESIAN_POINT('',(18.974096,7.500086,3.52));
#197=CARTESIAN_POINT('',(15.34371,8.316997,0.));
#198=CARTESIAN_POINT('',(16.113436,7.998166,0.));
#199=CARTESIAN_POINT('',(15.736404,8.176488,0.));
#200=CARTESIAN_POINT('',(16.471174,7.783746,0.));
#201=CARTESIAN_POINT('',(16.806171,7.535295,0.));
#202=CARTESIAN_POINT('',(16.348698,9.654696,3.52));
#203=CARTESIAN_POINT('',(17.360086,9.114098,3.52));
#204=CARTESIAN_POINT('',(15.251278,9.987594,3.52));
#205=CARTESIAN_POINT('',(18.246574,8.386575,3.52));
#206=CARTESIAN_POINT('',(14.6834,10.071831,3.6));
#207=CARTESIAN_POINT('',(19.847593,5.391278,3.52));
#208=CARTESIAN_POINT('',(19.269239,7.007671,3.52));
#209=CARTESIAN_POINT('',(19.931831,4.8234,3.6));
#210=CARTESIAN_POINT('',(19.708101,5.948165,3.6));
#211=CARTESIAN_POINT('',(19.269239,7.007671,3.6));
#212=CARTESIAN_POINT('',(19.514696,6.488698,3.6));
#213=CARTESIAN_POINT('',(18.246574,8.386575,3.6));
#214=CARTESIAN_POINT('',(15.808166,9.848101,3.52));
#215=CARTESIAN_POINT('',(16.86767,9.40924,3.52));
#216=CARTESIAN_POINT('',(18.632111,7.961201,3.52));
#217=CARTESIAN_POINT('',(17.821201,8.772111,3.52));
#218=CARTESIAN_POINT('',(15.251278,9.987594,3.6));
#219=CARTESIAN_POINT('',(16.348698,9.654696,3.6));
#220=CARTESIAN_POINT('',(15.808166,9.848101,3.6));
#221=CARTESIAN_POINT('',(16.86767,9.40924,3.6));
#222=CARTESIAN_POINT('',(17.360086,9.114098,3.6));
#223=CARTESIAN_POINT('',(18.632111,7.961201,3.6));
#224=CARTESIAN_POINT('',(17.821201,8.772111,3.6));
#225=CARTESIAN_POINT('',(18.974096,7.500086,3.6));
#226=CARTESIAN_POINT('',(8.78,-0.08,1.1));
#227=CARTESIAN_POINT('',(8.78,8.58,1.1));
#228=CARTESIAN_POINT('',(9.58,-0.08,1.1));
#229=CARTESIAN_POINT('',(9.58,8.58,1.1));
#230=CARTESIAN_POINT('',(2.246564,0.501835,0.));
#231=DIRECTION('',(0.,0.,-1.));
#232=DIRECTION('',(-0.857729,0.514103,0.));
#233=AXIS2_PLACEMENT_3D('',#230,#231,#232);
#234=PLANE('',#233);
#235=POLY_LOOP('',(#20,#21,#22));
#236=FACE_OUTER_BOUND('',#235,.T.);
#237=FACE_SURFACE('',(#236),#234,.T.);
#238=CARTESIAN_POINT('',(1.244796,1.244796,0.));
#239=DIRECTION('',(0.,0.,-1.));
#240=DIRECTION('',(-0.671559,0.740951,0.));
#241=AXIS2_PLACEMENT_3D('',#238,#239,#240);
#242=PLANE('',#241);
#243=POLY_LOOP('',(#23,#24,#21));
#244=FACE_OUTER_BOUND('',#243,.T.);
#245=FACE_SURFACE('',(#244),#242,.T.);
#246=CARTESIAN_POINT('',(1.244796,1.244796,0.));
#247=DIRECTION('',(0.,0.,-1.));
#248=DIRECTION('',(0.77301,-0.634393,0.));
#249=AXIS2_PLACEMENT_3D('',#246,#247,#248);
#250=PLANE('',#249);
#251=POLY_LOOP('',(#23,#21,#25));
#252=FACE_OUTER_BOUND('',#251,.T.);
#253=FACE_SURFACE('',(#252),#250,.T.);
#254=CARTESIAN_POINT('',(1.888826,0.716254,0.));
#255=DIRECTION('',(0.,0.,-1.));
#256=DIRECTION('',(-0.595699,0.803208,0.));
#257=AXIS2_PLACEMENT_3D('',#254,#255,#256);
#258=PLANE('',#257);
#259=POLY_LOOP('',(#21,#26,#27));
#260=FACE_OUTER_BOUND('',#259,.T.);
#261=FACE_SURFACE('',(#260),#258,.T.);
#262=CARTESIAN_POINT('',(3.01629,0.183004,0.));
#263=DIRECTION('',(0.,0.,-1.));
#264=DIRECTION('',(-0.941544,0.33689,0.));
#265=AXIS2_PLACEMENT_3D('',#262,#263,#264);
#266=PLANE('',#265);
#267=POLY_LOOP('',(#28,#22,#27));
#268=FACE_OUTER_BOUND('',#267,.T.);
#269=FACE_SURFACE('',(#268),#266,.T.);
#270=CARTESIAN_POINT('',(1.888826,0.716254,0.));
#271=DIRECTION('',(0.,0.,-1.));
#272=DIRECTION('',(0.92388,-0.382683,0.));
#273=AXIS2_PLACEMENT_3D('',#270,#271,#272);
#274=PLANE('',#273);
#275=POLY_LOOP('',(#21,#27,#22));
#276=FACE_OUTER_BOUND('',#275,.T.);
#277=FACE_SURFACE('',(#276),#274,.T.);
#278=CARTESIAN_POINT('',(1.244796,1.244796,0.));
#279=DIRECTION('',(-0.674676,-0.611491,-0.41339));
#280=DIRECTION('',(-0.389209,-0.181145,0.903163));
#281=AXIS2_PLACEMENT_3D('',#278,#279,#280);
#282=PLANE('',#281);
#283=POLY_LOOP('',(#23,#29,#24));
#284=FACE_OUTER_BOUND('',#283,.T.);
#285=FACE_SURFACE('',(#284),#282,.T.);
#286=CARTESIAN_POINT('',(3.01629,0.183004,0.));
#287=DIRECTION('',(-0.306756,-0.857327,-0.41339));
#288=DIRECTION('',(-0.120121,-0.395985,0.910366));
#289=AXIS2_PLACEMENT_3D('',#286,#287,#288);
#290=PLANE('',#289);
#291=POLY_LOOP('',(#28,#30,#22));
#292=FACE_OUTER_BOUND('',#291,.T.);
#293=FACE_SURFACE('',(#292),#290,.T.);
#294=CARTESIAN_POINT('',(3.01629,0.183004,0.));
#295=DIRECTION('',(-0.221247,-0.883266,-0.41339));
#296=DIRECTION('',(0.970031,-0.24298,0.));
#297=AXIS2_PLACEMENT_3D('',#294,#295,#296);
#298=PLANE('',#297);
#299=POLY_LOOP('',(#28,#27,#30));
#300=FACE_OUTER_BOUND('',#299,.T.);
#301=FACE_SURFACE('',(#300),#298,.T.);
#302=CARTESIAN_POINT('',(3.420866,0.081663,0.));
#303=DIRECTION('',(-0.133606,-0.900699,-0.41339));
#304=DIRECTION('',(0.989177,-0.14673,0.));
#305=AXIS2_PLACEMENT_3D('',#302,#303,#304);
#306=PLANE('',#305);
#307=POLY_LOOP('',(#27,#31,#32));
#308=FACE_OUTER_BOUND('',#307,.T.);
#309=FACE_SURFACE('',(#308),#306,.T.);
#310=CARTESIAN_POINT('',(2.246564,0.501835,0.));
#311=DIRECTION('',(-0.468118,-0.781008,-0.41339));
#312=DIRECTION('',(-0.319866,-0.286326,0.903163));
#313=AXIS2_PLACEMENT_3D('',#310,#311,#312);
#314=PLANE('',#313);
#315=POLY_LOOP('',(#20,#33,#21));
#316=FACE_OUTER_BOUND('',#315,.T.);
#317=FACE_SURFACE('',(#316),#314,.T.);
#318=CARTESIAN_POINT('',(1.553829,0.964706,0.));
#319=DIRECTION('',(-0.542417,-0.731364,-0.41339));
#320=DIRECTION('',(0.803207,-0.595699,0.));
#321=AXIS2_PLACEMENT_3D('',#318,#319,#320);
#322=PLANE('',#321);
#323=POLY_LOOP('',(#25,#21,#33));
#324=FACE_OUTER_BOUND('',#323,.T.);
#325=FACE_SURFACE('',(#324),#322,.T.);
#326=CARTESIAN_POINT('',(2.246564,0.501835,0.));
#327=DIRECTION('',(-0.389312,-0.823131,-0.41339));
#328=DIRECTION('',(0.903989,-0.427555,0.));
#329=AXIS2_PLACEMENT_3D('',#326,#327,#328);
#330=PLANE('',#329);
#331=POLY_LOOP('',(#20,#22,#34));
#332=FACE_OUTER_BOUND('',#331,.T.);
#333=FACE_SURFACE('',(#332),#330,.T.);
#334=CARTESIAN_POINT('',(1.244796,1.244796,0.));
#335=DIRECTION('',(-0.611491,-0.674676,-0.41339));
#336=DIRECTION('',(0.740951,-0.671559,0.));
#337=AXIS2_PLACEMENT_3D('',#334,#335,#336);
#338=PLANE('',#337);
#339=POLY_LOOP('',(#23,#25,#35));
#340=FACE_OUTER_BOUND('',#339,.T.);
#341=FACE_SURFACE('',(#340),#338,.T.);
#342=CARTESIAN_POINT('',(0.964706,1.553829,0.));
#343=DIRECTION('',(0.,0.,-1.));
#344=DIRECTION('',(-0.595699,0.803207,0.));
#345=AXIS2_PLACEMENT_3D('',#342,#343,#344);
#346=PLANE('',#345);
#347=POLY_LOOP('',(#24,#36,#37));
#348=FACE_OUTER_BOUND('',#347,.T.);
#349=FACE_SURFACE('',(#348),#346,.T.);
#350=CARTESIAN_POINT('',(1.888826,0.716254,0.));
#351=DIRECTION('',(0.,0.,-1.));
#352=DIRECTION('',(-0.740951,0.671559,0.));
#353=AXIS2_PLACEMENT_3D('',#350,#351,#352);
#354=PLANE('',#353);
#355=POLY_LOOP('',(#21,#24,#26));
#356=FACE_OUTER_BOUND('',#355,.T.);
#357=FACE_SURFACE('',(#356),#354,.T.);
#358=CARTESIAN_POINT('',(0.323512,2.623595,0.));
#359=DIRECTION('',(0.,0.,-1.));
#360=DIRECTION('',(-0.33689,0.941544,0.));
#361=AXIS2_PLACEMENT_3D('',#358,#359,#360);
#362=PLANE('',#361);
#363=POLY_LOOP('',(#38,#26,#37));
#364=FACE_OUTER_BOUND('',#363,.T.);
#365=FACE_SURFACE('',(#364),#362,.T.);
#366=CARTESIAN_POINT('',(0.964706,1.553829,0.));
#367=DIRECTION('',(0.,0.,-1.));
#368=DIRECTION('',(-0.55557,0.83147,0.));
#369=AXIS2_PLACEMENT_3D('',#366,#367,#368);
#370=PLANE('',#369);
#371=POLY_LOOP('',(#24,#37,#26));
#372=FACE_OUTER_BOUND('',#371,.T.);
#373=FACE_SURFACE('',(#372),#370,.T.);
#374=CARTESIAN_POINT('',(0.081663,3.420866,0.));
#375=DIRECTION('',(0.,0.,-1.));
#376=DIRECTION('',(-0.14673,0.989177,0.));
#377=AXIS2_PLACEMENT_3D('',#374,#375,#376);
#378=PLANE('',#377);
#379=POLY_LOOP('',(#39,#40,#41));
#380=FACE_OUTER_BOUND('',#379,.T.);
#381=FACE_SURFACE('',(#380),#378,.T.);
#382=CARTESIAN_POINT('',(0.183004,3.01629,0.));
#383=DIRECTION('',(0.,0.,-1.));
#384=DIRECTION('',(-0.24298,0.970031,0.));
#385=AXIS2_PLACEMENT_3D('',#382,#383,#384);
#386=PLANE('',#385);
#387=POLY_LOOP('',(#26,#39,#41));
#388=FACE_OUTER_BOUND('',#387,.T.);
#389=FACE_SURFACE('',(#388),#386,.T.);
#390=CARTESIAN_POINT('',(3.420866,0.081663,0.));
#391=DIRECTION('',(0.,0.,-1.));
#392=DIRECTION('',(-0.740951,0.671559,0.));
#393=AXIS2_PLACEMENT_3D('',#390,#391,#392);
#394=PLANE('',#393);
#395=POLY_LOOP('',(#27,#26,#42));
#396=FACE_OUTER_BOUND('',#395,.T.);
#397=FACE_SURFACE('',(#396),#394,.T.);
#398=CARTESIAN_POINT('',(0.323512,2.623595,0.));
#399=DIRECTION('',(-0.857327,-0.306756,-0.41339));
#400=DIRECTION('',(-0.428903,-0.018412,0.903163));
#401=AXIS2_PLACEMENT_3D('',#398,#399,#400);
#402=PLANE('',#401);
#403=POLY_LOOP('',(#38,#43,#26));
#404=FACE_OUTER_BOUND('',#403,.T.);
#405=FACE_SURFACE('',(#404),#402,.T.);
#406=CARTESIAN_POINT('',(0.964706,1.553829,0.));
#407=DIRECTION('',(-0.731364,-0.542417,-0.41339));
#408=DIRECTION('',(-0.40509,-0.142124,0.903163));
#409=AXIS2_PLACEMENT_3D('',#406,#407,#408);
#410=PLANE('',#409);
#411=POLY_LOOP('',(#24,#44,#36));
#412=FACE_OUTER_BOUND('',#411,.T.);
#413=FACE_SURFACE('',(#412),#410,.T.);
#414=CARTESIAN_POINT('',(0.716254,1.888826,0.));
#415=DIRECTION('',(-0.781008,-0.468118,-0.41339));
#416=DIRECTION('',(-0.344065,-0.229897,0.910366));
#417=AXIS2_PLACEMENT_3D('',#414,#415,#416);
#418=PLANE('',#417);
#419=POLY_LOOP('',(#36,#44,#37));
#420=FACE_OUTER_BOUND('',#419,.T.);
#421=FACE_SURFACE('',(#420),#418,.T.);
#422=CARTESIAN_POINT('',(0.323512,2.623595,0.));
#423=DIRECTION('',(-0.823131,-0.389312,-0.41339));
#424=DIRECTION('',(0.427555,-0.903989,0.));
#425=AXIS2_PLACEMENT_3D('',#422,#423,#424);
#426=PLANE('',#425);
#427=POLY_LOOP('',(#38,#37,#45));
#428=FACE_OUTER_BOUND('',#427,.T.);
#429=FACE_SURFACE('',(#428),#426,.T.);
#430=CARTESIAN_POINT('',(0.183004,3.01629,0.));
#431=DIRECTION('',(-0.883266,-0.221247,-0.41339));
#432=DIRECTION('',(-0.395985,-0.120121,0.910366));
#433=AXIS2_PLACEMENT_3D('',#430,#431,#432);
#434=PLANE('',#433);
#435=POLY_LOOP('',(#26,#43,#39));
#436=FACE_OUTER_BOUND('',#435,.T.);
#437=FACE_SURFACE('',(#436),#434,.T.);
#438=CARTESIAN_POINT('',(0.081663,3.420866,0.));
#439=DIRECTION('',(-0.900699,-0.133606,-0.41339));
#440=DIRECTION('',(-0.424254,0.065616,0.903163));
#441=AXIS2_PLACEMENT_3D('',#438,#439,#440);
#442=PLANE('',#441);
#443=POLY_LOOP('',(#39,#46,#40));
#444=FACE_OUTER_BOUND('',#443,.T.);
#445=FACE_SURFACE('',(#444),#442,.T.);
#446=CARTESIAN_POINT('',(0.020465,3.833427,0.));
#447=DIRECTION('',(-0.909457,-0.044679,-0.41339));
#448=DIRECTION('',(-0.415779,0.106884,0.903163));
#449=AXIS2_PLACEMENT_3D('',#446,#447,#448);
#450=PLANE('',#449);
#451=POLY_LOOP('',(#40,#47,#41));
#452=FACE_OUTER_BOUND('',#451,.T.);
#453=FACE_SURFACE('',(#452),#450,.T.);
#454=CARTESIAN_POINT('',(3.420866,0.081663,0.));
#455=DIRECTION('',(0.,0.,-1.));
#456=DIRECTION('',(0.995185,-0.098017,0.));
#457=AXIS2_PLACEMENT_3D('',#454,#455,#456);
#458=PLANE('',#457);
#459=POLY_LOOP('',(#27,#48,#31));
#460=FACE_OUTER_BOUND('',#459,.T.);
#461=FACE_SURFACE('',(#460),#458,.T.);
#462=CARTESIAN_POINT('',(3.420866,0.081663,0.));
#463=DIRECTION('',(0.,0.,-1.));
#464=DIRECTION('',(0.999884,-0.015236,0.));
#465=AXIS2_PLACEMENT_3D('',#462,#463,#464);
#466=PLANE('',#465);
#467=POLY_LOOP('',(#27,#49,#48));
#468=FACE_OUTER_BOUND('',#467,.T.);
#469=FACE_SURFACE('',(#468),#466,.T.);
#470=CARTESIAN_POINT('',(4.25,0.,0.));
#471=DIRECTION('',(0.,-0.910366,-0.413803));
#472=DIRECTION('',(1.,0.,0.));
#473=AXIS2_PLACEMENT_3D('',#470,#471,#472);
#474=PLANE('',#473);
#475=POLY_LOOP('',(#48,#49,#50));
#476=FACE_OUTER_BOUND('',#475,.T.);
#477=FACE_SURFACE('',(#476),#474,.T.);
#478=CARTESIAN_POINT('',(3.833427,0.020465,0.));
#479=DIRECTION('',(-0.044679,-0.909457,-0.41339));
#480=DIRECTION('',(0.998795,-0.049068,0.));
#481=AXIS2_PLACEMENT_3D('',#478,#479,#480);
#482=PLANE('',#481);
#483=POLY_LOOP('',(#31,#48,#32));
#484=FACE_OUTER_BOUND('',#483,.T.);
#485=FACE_SURFACE('',(#484),#482,.T.);
#486=CARTESIAN_POINT('',(4.25,0.,0.));
#487=DIRECTION('',(0.,-0.910366,-0.413803));
#488=DIRECTION('',(0.999091,-0.017644,0.038817));
#489=AXIS2_PLACEMENT_3D('',#486,#487,#488);
#490=PLANE('',#489);
#491=POLY_LOOP('',(#48,#50,#51));
#492=FACE_OUTER_BOUND('',#491,.T.);
#493=FACE_SURFACE('',(#492),#490,.T.);
#494=CARTESIAN_POINT('',(4.25,-1.6,3.52));
#495=DIRECTION('',(0.,-0.910366,-0.413803));
#496=DIRECTION('',(0.776733,0.260626,-0.573376));
#497=AXIS2_PLACEMENT_3D('',#494,#495,#496);
#498=PLANE('',#497);
#499=POLY_LOOP('',(#51,#50,#52));
#500=FACE_OUTER_BOUND('',#499,.T.);
#501=FACE_SURFACE('',(#500),#498,.T.);
#502=CARTESIAN_POINT('',(3.420866,0.081663,0.));
#503=DIRECTION('',(0.,0.,-1.));
#504=DIRECTION('',(-0.098017,0.995185,0.));
#505=AXIS2_PLACEMENT_3D('',#502,#503,#504);
#506=PLANE('',#505);
#507=POLY_LOOP('',(#27,#53,#49));
#508=FACE_OUTER_BOUND('',#507,.T.);
#509=FACE_SURFACE('',(#508),#506,.T.);
#510=CARTESIAN_POINT('',(1.553829,0.964706,0.));
#511=DIRECTION('',(-0.542417,-0.731364,-0.41339));
#512=DIRECTION('',(-0.142124,-0.40509,0.903163));
#513=AXIS2_PLACEMENT_3D('',#510,#511,#512);
#514=PLANE('',#513);
#515=POLY_LOOP('',(#25,#33,#35));
#516=FACE_OUTER_BOUND('',#515,.T.);
#517=FACE_SURFACE('',(#516),#514,.T.);
#518=CARTESIAN_POINT('',(1.244796,1.244796,0.));
#519=DIRECTION('',(-0.611491,-0.674676,-0.41339));
#520=DIRECTION('',(-0.181145,-0.389209,0.903163));
#521=AXIS2_PLACEMENT_3D('',#518,#519,#520);
#522=PLANE('',#521);
#523=POLY_LOOP('',(#23,#35,#54));
#524=FACE_OUTER_BOUND('',#523,.T.);
#525=FACE_SURFACE('',(#524),#522,.T.);
#526=CARTESIAN_POINT('',(1.244796,1.244796,0.));
#527=DIRECTION('',(-0.674676,-0.611491,-0.41339));
#528=DIRECTION('',(-0.292603,-0.292603,0.910366));
#529=AXIS2_PLACEMENT_3D('',#526,#527,#528);
#530=PLANE('',#529);
#531=POLY_LOOP('',(#23,#54,#29));
#532=FACE_OUTER_BOUND('',#531,.T.);
#533=FACE_SURFACE('',(#532),#530,.T.);
#534=CARTESIAN_POINT('',(0.964706,1.553829,0.));
#535=DIRECTION('',(-0.731364,-0.542417,-0.41339));
#536=DIRECTION('',(-0.319874,-0.262514,0.910366));
#537=AXIS2_PLACEMENT_3D('',#534,#535,#536);
#538=PLANE('',#537);
#539=POLY_LOOP('',(#24,#29,#44));
#540=FACE_OUTER_BOUND('',#539,.T.);
#541=FACE_SURFACE('',(#540),#538,.T.);
#542=CARTESIAN_POINT('',(2.246564,0.501835,0.));
#543=DIRECTION('',(-0.468118,-0.781008,-0.41339));
#544=DIRECTION('',(-0.195065,-0.364942,0.910366));
#545=AXIS2_PLACEMENT_3D('',#542,#543,#544);
#546=PLANE('',#545);
#547=POLY_LOOP('',(#20,#34,#33));
#548=FACE_OUTER_BOUND('',#547,.T.);
#549=FACE_SURFACE('',(#548),#546,.T.);
#550=CARTESIAN_POINT('',(2.623595,0.323512,0.));
#551=DIRECTION('',(-0.389312,-0.823131,-0.41339));
#552=DIRECTION('',(-0.158356,-0.382304,0.910366));
#553=AXIS2_PLACEMENT_3D('',#550,#551,#552);
#554=PLANE('',#553);
#555=POLY_LOOP('',(#22,#55,#34));
#556=FACE_OUTER_BOUND('',#555,.T.);
#557=FACE_SURFACE('',(#556),#554,.T.);
#558=CARTESIAN_POINT('',(2.623595,0.323512,0.));
#559=DIRECTION('',(-0.306757,-0.857327,-0.41339));
#560=DIRECTION('',(-0.018412,-0.428903,0.903163));
#561=AXIS2_PLACEMENT_3D('',#558,#559,#560);
#562=PLANE('',#561);
#563=POLY_LOOP('',(#22,#30,#55));
#564=FACE_OUTER_BOUND('',#563,.T.);
#565=FACE_SURFACE('',(#564),#562,.T.);
#566=CARTESIAN_POINT('',(3.420866,0.081663,0.));
#567=DIRECTION('',(-0.221246,-0.883266,-0.41339));
#568=DIRECTION('',(-0.080729,-0.405852,0.910366));
#569=AXIS2_PLACEMENT_3D('',#566,#567,#568);
#570=PLANE('',#569);
#571=POLY_LOOP('',(#27,#56,#30));
#572=FACE_OUTER_BOUND('',#571,.T.);
#573=FACE_SURFACE('',(#572),#570,.T.);
#574=CARTESIAN_POINT('',(3.420866,0.081663,0.));
#575=DIRECTION('',(-0.133606,-0.900699,-0.41339));
#576=DIRECTION('',(0.065616,-0.424254,0.903163));
#577=AXIS2_PLACEMENT_3D('',#574,#575,#576);
#578=PLANE('',#577);
#579=POLY_LOOP('',(#27,#32,#56));
#580=FACE_OUTER_BOUND('',#579,.T.);
#581=FACE_SURFACE('',(#580),#578,.T.);
#582=CARTESIAN_POINT('',(0.538799,-0.272111,3.52));
#583=DIRECTION('',(-0.671559,-0.740951,0.));
#584=DIRECTION('',(0.,0.,1.));
#585=AXIS2_PLACEMENT_3D('',#582,#583,#584);
#586=PLANE('',#585);
#587=POLY_LOOP('',(#35,#57,#58));
#588=FACE_OUTER_BOUND('',#587,.T.);
#589=FACE_SURFACE('',(#588),#586,.T.);
#590=CARTESIAN_POINT('',(0.999914,-0.614097,3.52));
#591=DIRECTION('',(-0.595699,-0.803208,0.));
#592=DIRECTION('',(-0.795521,0.589998,0.138017));
#593=AXIS2_PLACEMENT_3D('',#590,#591,#592);
#594=PLANE('',#593);
#595=POLY_LOOP('',(#33,#57,#35));
#596=FACE_OUTER_BOUND('',#595,.T.);
#597=FACE_SURFACE('',(#596),#594,.T.);
#598=CARTESIAN_POINT('',(0.999914,-0.614097,3.6));
#599=DIRECTION('',(0.,0.,1.));
#600=DIRECTION('',(-0.77301,0.634393,0.));
#601=AXIS2_PLACEMENT_3D('',#598,#599,#600);
#602=PLANE('',#601);
#603=POLY_LOOP('',(#59,#58,#57));
#604=FACE_OUTER_BOUND('',#603,.T.);
#605=FACE_SURFACE('',(#604),#602,.T.);
#606=CARTESIAN_POINT('',(0.999914,-0.614097,3.52));
#607=DIRECTION('',(-0.595699,-0.803208,0.));
#608=DIRECTION('',(0.,0.,1.));
#609=AXIS2_PLACEMENT_3D('',#606,#607,#608);
#610=PLANE('',#609);
#611=POLY_LOOP('',(#33,#59,#57));
#612=FACE_OUTER_BOUND('',#611,.T.);
#613=FACE_SURFACE('',(#612),#610,.T.);
#614=CARTESIAN_POINT('',(0.999914,-0.614097,3.6));
#615=DIRECTION('',(0.,0.,1.));
#616=DIRECTION('',(0.903989,-0.427555,0.));
#617=AXIS2_PLACEMENT_3D('',#614,#615,#616);
#618=PLANE('',#617);
#619=POLY_LOOP('',(#59,#60,#61));
#620=FACE_OUTER_BOUND('',#619,.T.);
#621=FACE_SURFACE('',(#620),#618,.T.);
#622=CARTESIAN_POINT('',(-0.272111,0.538799,3.6));
#623=DIRECTION('',(0.,0.,1.));
#624=DIRECTION('',(0.671559,-0.740951,0.));
#625=AXIS2_PLACEMENT_3D('',#622,#623,#624);
#626=PLANE('',#625);
#627=POLY_LOOP('',(#62,#58,#61));
#628=FACE_OUTER_BOUND('',#627,.T.);
#629=FACE_SURFACE('',(#628),#626,.T.);
#630=CARTESIAN_POINT('',(-0.272111,0.538799,3.52));
#631=DIRECTION('',(-0.803208,-0.595699,0.));
#632=DIRECTION('',(0.,0.,1.));
#633=AXIS2_PLACEMENT_3D('',#630,#631,#632);
#634=PLANE('',#633);
#635=POLY_LOOP('',(#29,#62,#44));
#636=FACE_OUTER_BOUND('',#635,.T.);
#637=FACE_SURFACE('',(#636),#634,.T.);
#638=CARTESIAN_POINT('',(-0.272111,0.538799,3.6));
#639=DIRECTION('',(-0.803208,-0.595699,0.));
#640=DIRECTION('',(-0.595699,0.803208,0.));
#641=AXIS2_PLACEMENT_3D('',#638,#639,#640);
#642=PLANE('',#641);
#643=POLY_LOOP('',(#62,#61,#44));
#644=FACE_OUTER_BOUND('',#643,.T.);
#645=FACE_SURFACE('',(#644),#642,.T.);
#646=CARTESIAN_POINT('',(-0.614097,0.999914,3.52));
#647=DIRECTION('',(-0.857729,-0.514103,0.));
#648=DIRECTION('',(0.,0.,1.));
#649=AXIS2_PLACEMENT_3D('',#646,#647,#648);
#650=PLANE('',#649);
#651=POLY_LOOP('',(#44,#61,#63));
#652=FACE_OUTER_BOUND('',#651,.T.);
#653=FACE_SURFACE('',(#652),#650,.T.);
#654=CARTESIAN_POINT('',(0.538799,-0.272111,3.52));
#655=DIRECTION('',(-0.671559,-0.740951,0.));
#656=DIRECTION('',(-0.73386,0.665132,0.138017));
#657=AXIS2_PLACEMENT_3D('',#654,#655,#656);
#658=PLANE('',#657);
#659=POLY_LOOP('',(#35,#58,#54));
#660=FACE_OUTER_BOUND('',#659,.T.);
#661=FACE_SURFACE('',(#660),#658,.T.);
#662=CARTESIAN_POINT('',(0.999914,-0.614097,3.6));
#663=DIRECTION('',(0.,0.,1.));
#664=DIRECTION('',(-0.707107,0.707107,0.));
#665=AXIS2_PLACEMENT_3D('',#662,#663,#664);
#666=PLANE('',#665);
#667=POLY_LOOP('',(#59,#61,#58));
#668=FACE_OUTER_BOUND('',#667,.T.);
#669=FACE_SURFACE('',(#668),#666,.T.);
#670=CARTESIAN_POINT('',(-0.272111,0.538799,3.52));
#671=DIRECTION('',(-0.740951,-0.671559,0.));
#672=DIRECTION('',(0.665132,-0.73386,0.138017));
#673=AXIS2_PLACEMENT_3D('',#670,#671,#672);
#674=PLANE('',#673);
#675=POLY_LOOP('',(#29,#58,#62));
#676=FACE_OUTER_BOUND('',#675,.T.);
#677=FACE_SURFACE('',(#676),#674,.T.);
#678=CARTESIAN_POINT('',(-0.272111,0.538799,3.52));
#679=DIRECTION('',(-0.740951,-0.671559,0.));
#680=DIRECTION('',(0.671559,-0.740951,0.));
#681=AXIS2_PLACEMENT_3D('',#678,#679,#680);
#682=PLANE('',#681);
#683=POLY_LOOP('',(#29,#54,#58));
#684=FACE_OUTER_BOUND('',#683,.T.);
#685=FACE_SURFACE('',(#684),#682,.T.);
#686=CARTESIAN_POINT('',(-0.614097,0.999914,3.6));
#687=DIRECTION('',(0.,0.,1.));
#688=DIRECTION('',(0.803208,-0.595699,0.));
#689=AXIS2_PLACEMENT_3D('',#686,#687,#688);
#690=PLANE('',#689);
#691=POLY_LOOP('',(#61,#60,#64));
#692=FACE_OUTER_BOUND('',#691,.T.);
#693=FACE_SURFACE('',(#692),#690,.T.);
#694=CARTESIAN_POINT('',(1.492329,-0.909239,3.52));
#695=DIRECTION('',(-0.427555,-0.903989,0.));
#696=DIRECTION('',(0.895338,-0.423463,0.138017));
#697=AXIS2_PLACEMENT_3D('',#694,#695,#696);
#698=PLANE('',#697);
#699=POLY_LOOP('',(#34,#65,#66));
#700=FACE_OUTER_BOUND('',#699,.T.);
#701=FACE_SURFACE('',(#700),#698,.T.);
#702=CARTESIAN_POINT('',(0.999914,-0.614097,3.6));
#703=DIRECTION('',(0.,0.,1.));
#704=DIRECTION('',(0.857729,-0.514103,0.));
#705=AXIS2_PLACEMENT_3D('',#702,#703,#704);
#706=PLANE('',#705);
#707=POLY_LOOP('',(#59,#66,#60));
#708=FACE_OUTER_BOUND('',#707,.T.);
#709=FACE_SURFACE('',(#708),#706,.T.);
#710=CARTESIAN_POINT('',(2.011302,-1.154695,3.52));
#711=DIRECTION('',(-0.33689,-0.941544,0.));
#712=DIRECTION('',(0.941544,-0.33689,0.));
#713=AXIS2_PLACEMENT_3D('',#710,#711,#712);
#714=PLANE('',#713);
#715=POLY_LOOP('',(#55,#30,#60));
#716=FACE_OUTER_BOUND('',#715,.T.);
#717=FACE_SURFACE('',(#716),#714,.T.);
#718=CARTESIAN_POINT('',(1.492329,-0.909239,3.52));
#719=DIRECTION('',(-0.427555,-0.903989,0.));
#720=DIRECTION('',(0.903989,-0.427555,0.));
#721=AXIS2_PLACEMENT_3D('',#718,#719,#720);
#722=PLANE('',#721);
#723=POLY_LOOP('',(#34,#55,#65));
#724=FACE_OUTER_BOUND('',#723,.T.);
#725=FACE_SURFACE('',(#724),#722,.T.);
#726=CARTESIAN_POINT('',(1.492329,-0.909239,3.6));
#727=DIRECTION('',(0.,0.,1.));
#728=DIRECTION('',(0.903989,-0.427555,0.));
#729=AXIS2_PLACEMENT_3D('',#726,#727,#728);
#730=PLANE('',#729);
#731=POLY_LOOP('',(#66,#65,#60));
#732=FACE_OUTER_BOUND('',#731,.T.);
#733=FACE_SURFACE('',(#732),#730,.T.);
#734=CARTESIAN_POINT('',(2.011302,-1.154695,3.52));
#735=DIRECTION('',(-0.33689,-0.941544,0.));
#736=DIRECTION('',(0.932533,-0.333666,0.138017));
#737=AXIS2_PLACEMENT_3D('',#734,#735,#736);
#738=PLANE('',#737);
#739=POLY_LOOP('',(#55,#60,#65));
#740=FACE_OUTER_BOUND('',#739,.T.);
#741=FACE_SURFACE('',(#740),#738,.T.);
#742=CARTESIAN_POINT('',(0.999914,-0.614097,3.52));
#743=DIRECTION('',(-0.514103,-0.857729,0.));
#744=DIRECTION('',(0.84952,-0.509183,0.138017));
#745=AXIS2_PLACEMENT_3D('',#742,#743,#744);
#746=PLANE('',#745);
#747=POLY_LOOP('',(#33,#66,#59));
#748=FACE_OUTER_BOUND('',#747,.T.);
#749=FACE_SURFACE('',(#748),#746,.T.);
#750=CARTESIAN_POINT('',(0.999914,-0.614097,3.52));
#751=DIRECTION('',(-0.514103,-0.857729,0.));
#752=DIRECTION('',(0.857729,-0.514103,0.));
#753=AXIS2_PLACEMENT_3D('',#750,#751,#752);
#754=PLANE('',#753);
#755=POLY_LOOP('',(#33,#34,#66));
#756=FACE_OUTER_BOUND('',#755,.T.);
#757=FACE_SURFACE('',(#756),#754,.T.);
#758=CARTESIAN_POINT('',(2.551835,-1.348101,3.52));
#759=DIRECTION('',(-0.24298,-0.970031,0.));
#760=DIRECTION('',(0.960748,-0.240655,0.138017));
#761=AXIS2_PLACEMENT_3D('',#758,#759,#760);
#762=PLANE('',#761);
#763=POLY_LOOP('',(#30,#67,#60));
#764=FACE_OUTER_BOUND('',#763,.T.);
#765=FACE_SURFACE('',(#764),#762,.T.);
#766=CARTESIAN_POINT('',(2.551835,-1.348101,3.52));
#767=DIRECTION('',(-0.24298,-0.970031,0.));
#768=DIRECTION('',(0.970031,-0.24298,0.));
#769=AXIS2_PLACEMENT_3D('',#766,#767,#768);
#770=PLANE('',#769);
#771=POLY_LOOP('',(#30,#56,#67));
#772=FACE_OUTER_BOUND('',#771,.T.);
#773=FACE_SURFACE('',(#772),#770,.T.);
#774=CARTESIAN_POINT('',(2.551835,-1.348101,3.6));
#775=DIRECTION('',(0.,0.,1.));
#776=DIRECTION('',(0.970031,-0.24298,0.));
#777=AXIS2_PLACEMENT_3D('',#774,#775,#776);
#778=PLANE('',#777);
#779=POLY_LOOP('',(#60,#67,#68));
#780=FACE_OUTER_BOUND('',#779,.T.);
#781=FACE_SURFACE('',(#780),#778,.T.);
#782=CARTESIAN_POINT('',(3.108722,-1.487594,3.52));
#783=DIRECTION('',(-0.14673,-0.989177,0.));
#784=DIRECTION('',(0.97971,-0.145326,0.138017));
#785=AXIS2_PLACEMENT_3D('',#782,#783,#784);
#786=PLANE('',#785);
#787=POLY_LOOP('',(#56,#68,#67));
#788=FACE_OUTER_BOUND('',#787,.T.);
#789=FACE_SURFACE('',(#788),#786,.T.);
#790=CARTESIAN_POINT('',(3.108722,-1.487594,3.52));
#791=DIRECTION('',(-0.14673,-0.989177,0.));
#792=DIRECTION('',(0.989177,-0.14673,0.));
#793=AXIS2_PLACEMENT_3D('',#790,#791,#792);
#794=PLANE('',#793);
#795=POLY_LOOP('',(#56,#32,#68));
#796=FACE_OUTER_BOUND('',#795,.T.);
#797=FACE_SURFACE('',(#796),#794,.T.);
#798=CARTESIAN_POINT('',(2.551835,-1.348101,3.6));
#799=DIRECTION('',(0.,0.,1.));
#800=DIRECTION('',(0.980785,-0.19509,0.));
#801=AXIS2_PLACEMENT_3D('',#798,#799,#800);
#802=PLANE('',#801);
#803=POLY_LOOP('',(#60,#68,#69));
#804=FACE_OUTER_BOUND('',#803,.T.);
#805=FACE_SURFACE('',(#804),#802,.T.);
#806=CARTESIAN_POINT('',(0.501835,2.246564,0.));
#807=DIRECTION('',(-0.781008,-0.468118,-0.41339));
#808=DIRECTION('',(-0.286326,-0.319866,0.903163));
#809=AXIS2_PLACEMENT_3D('',#806,#807,#808);
#810=PLANE('',#809);
#811=POLY_LOOP('',(#37,#44,#70));
#812=FACE_OUTER_BOUND('',#811,.T.);
#813=FACE_SURFACE('',(#812),#810,.T.);
#814=CARTESIAN_POINT('',(0.501835,2.246564,0.));
#815=DIRECTION('',(-0.823131,-0.389312,-0.41339));
#816=DIRECTION('',(-0.364942,-0.195065,0.910366));
#817=AXIS2_PLACEMENT_3D('',#814,#815,#816);
#818=PLANE('',#817);
#819=POLY_LOOP('',(#37,#70,#45));
#820=FACE_OUTER_BOUND('',#819,.T.);
#821=FACE_SURFACE('',(#820),#818,.T.);
#822=CARTESIAN_POINT('',(0.323512,2.623595,0.));
#823=DIRECTION('',(-0.857327,-0.306757,-0.41339));
#824=DIRECTION('',(-0.382304,-0.158356,0.910366));
#825=AXIS2_PLACEMENT_3D('',#822,#823,#824);
#826=PLANE('',#825);
#827=POLY_LOOP('',(#38,#45,#43));
#828=FACE_OUTER_BOUND('',#827,.T.);
#829=FACE_SURFACE('',(#828),#826,.T.);
#830=CARTESIAN_POINT('',(0.081663,3.420866,0.));
#831=DIRECTION('',(-0.900699,-0.133606,-0.41339));
#832=DIRECTION('',(-0.405852,-0.080729,0.910366));
#833=AXIS2_PLACEMENT_3D('',#830,#831,#832);
#834=PLANE('',#833);
#835=POLY_LOOP('',(#39,#71,#46));
#836=FACE_OUTER_BOUND('',#835,.T.);
#837=FACE_SURFACE('',(#836),#834,.T.);
#838=CARTESIAN_POINT('',(0.081663,3.420866,0.));
#839=DIRECTION('',(-0.883266,-0.221246,-0.41339));
#840=DIRECTION('',(-0.366849,-0.222976,0.903163));
#841=AXIS2_PLACEMENT_3D('',#838,#839,#840);
#842=PLANE('',#841);
#843=POLY_LOOP('',(#39,#43,#71));
#844=FACE_OUTER_BOUND('',#843,.T.);
#845=FACE_SURFACE('',(#844),#842,.T.);
#846=CARTESIAN_POINT('',(0.020465,3.833427,0.));
#847=DIRECTION('',(-0.909457,-0.044679,-0.41339));
#848=DIRECTION('',(-0.41181,-0.04056,0.910366));
#849=AXIS2_PLACEMENT_3D('',#846,#847,#848);
#850=PLANE('',#849);
#851=POLY_LOOP('',(#40,#46,#47));
#852=FACE_OUTER_BOUND('',#851,.T.);
#853=FACE_SURFACE('',(#852),#850,.T.);
#854=CARTESIAN_POINT('',(-1.154695,2.011302,3.6));
#855=DIRECTION('',(-0.903989,-0.427555,0.));
#856=DIRECTION('',(0.423463,-0.895338,-0.138017));
#857=AXIS2_PLACEMENT_3D('',#854,#855,#856);
#858=PLANE('',#857);
#859=POLY_LOOP('',(#72,#70,#63));
#860=FACE_OUTER_BOUND('',#859,.T.);
#861=FACE_SURFACE('',(#860),#858,.T.);
#862=CARTESIAN_POINT('',(-0.614097,0.999914,3.6));
#863=DIRECTION('',(0.,0.,1.));
#864=DIRECTION('',(-0.427555,0.903989,0.));
#865=AXIS2_PLACEMENT_3D('',#862,#863,#864);
#866=PLANE('',#865);
#867=POLY_LOOP('',(#61,#73,#63));
#868=FACE_OUTER_BOUND('',#867,.T.);
#869=FACE_SURFACE('',(#868),#866,.T.);
#870=CARTESIAN_POINT('',(-1.154695,2.011302,3.52));
#871=DIRECTION('',(-0.903989,-0.427555,0.));
#872=DIRECTION('',(0.427555,-0.903989,0.));
#873=AXIS2_PLACEMENT_3D('',#870,#871,#872);
#874=PLANE('',#873);
#875=POLY_LOOP('',(#45,#70,#72));
#876=FACE_OUTER_BOUND('',#875,.T.);
#877=FACE_SURFACE('',(#876),#874,.T.);
#878=CARTESIAN_POINT('',(-1.154695,2.011302,3.6));
#879=DIRECTION('',(0.,0.,1.));
#880=DIRECTION('',(0.427555,-0.903989,0.));
#881=AXIS2_PLACEMENT_3D('',#878,#879,#880);
#882=PLANE('',#881);
#883=POLY_LOOP('',(#72,#63,#73));
#884=FACE_OUTER_BOUND('',#883,.T.);
#885=FACE_SURFACE('',(#884),#882,.T.);
#886=CARTESIAN_POINT('',(-0.614097,0.999914,3.52));
#887=DIRECTION('',(-0.857729,-0.514103,0.));
#888=DIRECTION('',(-0.509183,0.84952,0.138017));
#889=AXIS2_PLACEMENT_3D('',#886,#887,#888);
#890=PLANE('',#889);
#891=POLY_LOOP('',(#44,#63,#70));
#892=FACE_OUTER_BOUND('',#891,.T.);
#893=FACE_SURFACE('',(#892),#890,.T.);
#894=CARTESIAN_POINT('',(-1.154695,2.011302,3.52));
#895=DIRECTION('',(-0.941544,-0.33689,0.));
#896=DIRECTION('',(-0.333666,0.932533,0.138017));
#897=AXIS2_PLACEMENT_3D('',#894,#895,#896);
#898=PLANE('',#897);
#899=POLY_LOOP('',(#45,#73,#43));
#900=FACE_OUTER_BOUND('',#899,.T.);
#901=FACE_SURFACE('',(#900),#898,.T.);
#902=CARTESIAN_POINT('',(-1.154695,2.011302,3.52));
#903=DIRECTION('',(-0.941544,-0.33689,0.));
#904=DIRECTION('',(0.,0.,1.));
#905=AXIS2_PLACEMENT_3D('',#902,#903,#904);
#906=PLANE('',#905);
#907=POLY_LOOP('',(#45,#72,#73));
#908=FACE_OUTER_BOUND('',#907,.T.);
#909=FACE_SURFACE('',(#908),#906,.T.);
#910=CARTESIAN_POINT('',(-1.348101,2.551835,3.52));
#911=DIRECTION('',(-0.970031,-0.24298,0.));
#912=DIRECTION('',(0.,0.,1.));
#913=AXIS2_PLACEMENT_3D('',#910,#911,#912);
#914=PLANE('',#913);
#915=POLY_LOOP('',(#43,#73,#74));
#916=FACE_OUTER_BOUND('',#915,.T.);
#917=FACE_SURFACE('',(#916),#914,.T.);
#918=CARTESIAN_POINT('',(-0.614097,0.999914,3.6));
#919=DIRECTION('',(0.,0.,1.));
#920=DIRECTION('',(-0.290285,0.95694,0.));
#921=AXIS2_PLACEMENT_3D('',#918,#919,#920);
#922=PLANE('',#921);
#923=POLY_LOOP('',(#61,#64,#73));
#924=FACE_OUTER_BOUND('',#923,.T.);
#925=FACE_SURFACE('',(#924),#922,.T.);
#926=CARTESIAN_POINT('',(-1.348101,2.551835,3.52));
#927=DIRECTION('',(-0.970031,-0.24298,0.));
#928=DIRECTION('',(-0.240655,0.960748,0.138017));
#929=AXIS2_PLACEMENT_3D('',#926,#927,#928);
#930=PLANE('',#929);
#931=POLY_LOOP('',(#43,#74,#71));
#932=FACE_OUTER_BOUND('',#931,.T.);
#933=FACE_SURFACE('',(#932),#930,.T.);
#934=CARTESIAN_POINT('',(-1.348101,2.551835,3.6));
#935=DIRECTION('',(0.,0.,1.));
#936=DIRECTION('',(-0.19509,0.980785,0.));
#937=AXIS2_PLACEMENT_3D('',#934,#935,#936);
#938=PLANE('',#937);
#939=POLY_LOOP('',(#73,#75,#74));
#940=FACE_OUTER_BOUND('',#939,.T.);
#941=FACE_SURFACE('',(#940),#938,.T.);
#942=CARTESIAN_POINT('',(-1.487594,3.108722,3.52));
#943=DIRECTION('',(-0.989177,-0.14673,0.));
#944=DIRECTION('',(0.,0.,1.));
#945=AXIS2_PLACEMENT_3D('',#942,#943,#944);
#946=PLANE('',#945);
#947=POLY_LOOP('',(#71,#74,#75));
#948=FACE_OUTER_BOUND('',#947,.T.);
#949=FACE_SURFACE('',(#948),#946,.T.);
#950=CARTESIAN_POINT('',(-1.487594,3.108722,3.52));
#951=DIRECTION('',(-0.989177,-0.14673,0.));
#952=DIRECTION('',(-0.145326,0.97971,0.138017));
#953=AXIS2_PLACEMENT_3D('',#950,#951,#952);
#954=PLANE('',#953);
#955=POLY_LOOP('',(#71,#75,#46));
#956=FACE_OUTER_BOUND('',#955,.T.);
#957=FACE_SURFACE('',(#956),#954,.T.);
#958=CARTESIAN_POINT('',(-1.348101,2.551835,3.6));
#959=DIRECTION('',(0.,0.,1.));
#960=DIRECTION('',(-0.14673,0.989177,0.));
#961=AXIS2_PLACEMENT_3D('',#958,#959,#960);
#962=PLANE('',#961);
#963=POLY_LOOP('',(#73,#64,#75));
#964=FACE_OUTER_BOUND('',#963,.T.);
#965=FACE_SURFACE('',(#964),#962,.T.);
#966=CARTESIAN_POINT('',(-1.571831,3.6766,3.52));
#967=DIRECTION('',(-0.998795,-0.049068,0.));
#968=DIRECTION('',(0.,0.,1.));
#969=AXIS2_PLACEMENT_3D('',#966,#967,#968);
#970=PLANE('',#969);
#971=POLY_LOOP('',(#46,#75,#64));
#972=FACE_OUTER_BOUND('',#971,.T.);
#973=FACE_SURFACE('',(#972),#970,.T.);
#974=CARTESIAN_POINT('',(-1.571831,3.6766,3.52));
#975=DIRECTION('',(-0.998795,-0.049068,0.));
#976=DIRECTION('',(-0.048598,0.989237,0.138017));
#977=AXIS2_PLACEMENT_3D('',#974,#975,#976);
#978=PLANE('',#977);
#979=POLY_LOOP('',(#46,#64,#47));
#980=FACE_OUTER_BOUND('',#979,.T.);
#981=FACE_SURFACE('',(#980),#978,.T.);
#982=CARTESIAN_POINT('',(4.25,0.,0.));
#983=DIRECTION('',(-0.044679,-0.909457,-0.41339));
#984=DIRECTION('',(0.,-0.413803,0.910366));
#985=AXIS2_PLACEMENT_3D('',#982,#983,#984);
#986=PLANE('',#985);
#987=POLY_LOOP('',(#48,#51,#32));
#988=FACE_OUTER_BOUND('',#987,.T.);
#989=FACE_SURFACE('',(#988),#986,.T.);
#990=CARTESIAN_POINT('',(3.6766,-1.571831,3.52));
#991=DIRECTION('',(-0.049068,-0.998795,0.));
#992=DIRECTION('',(0.989237,-0.048598,0.138017));
#993=AXIS2_PLACEMENT_3D('',#990,#991,#992);
#994=PLANE('',#993);
#995=POLY_LOOP('',(#32,#69,#68));
#996=FACE_OUTER_BOUND('',#995,.T.);
#997=FACE_SURFACE('',(#996),#994,.T.);
#998=CARTESIAN_POINT('',(3.6766,-1.571831,3.52));
#999=DIRECTION('',(-0.049068,-0.998795,0.));
#1000=DIRECTION('',(0.998795,-0.049068,0.));
#1001=AXIS2_PLACEMENT_3D('',#998,#999,#1000);
#1002=PLANE('',#1001);
#1003=POLY_LOOP('',(#32,#51,#69));
#1004=FACE_OUTER_BOUND('',#1003,.T.);
#1005=FACE_SURFACE('',(#1004),#1002,.T.);
#1006=CARTESIAN_POINT('',(2.551835,-1.348101,3.6));
#1007=DIRECTION('',(0.,0.,1.));
#1008=DIRECTION('',(0.999902,0.014017,0.));
#1009=AXIS2_PLACEMENT_3D('',#1006,#1007,#1008);
#1010=PLANE('',#1009);
#1011=POLY_LOOP('',(#60,#76,#64));
#1012=FACE_OUTER_BOUND('',#1011,.T.);
#1013=FACE_SURFACE('',(#1012),#1010,.T.);
#1014=CARTESIAN_POINT('',(2.551835,-1.348101,3.6));
#1015=DIRECTION('',(0.,0.,1.));
#1016=DIRECTION('',(0.989177,-0.14673,0.));
#1017=AXIS2_PLACEMENT_3D('',#1014,#1015,#1016);
#1018=PLANE('',#1017);
#1019=POLY_LOOP('',(#60,#69,#77));
#1020=FACE_OUTER_BOUND('',#1019,.T.);
#1021=FACE_SURFACE('',(#1020),#1018,.T.);
#1022=CARTESIAN_POINT('',(4.25,-1.6,3.52));
#1023=DIRECTION('',(0.,-1.,0.));
#1024=DIRECTION('',(0.999967,0.,0.008113));
#1025=AXIS2_PLACEMENT_3D('',#1022,#1023,#1024);
#1026=PLANE('',#1025);
#1027=POLY_LOOP('',(#51,#77,#69));
#1028=FACE_OUTER_BOUND('',#1027,.T.);
#1029=FACE_SURFACE('',(#1028),#1026,.T.);
#1030=CARTESIAN_POINT('',(0.183004,3.01629,0.));
#1031=DIRECTION('',(0.,0.,-1.));
#1032=DIRECTION('',(-0.14673,0.989177,0.));
#1033=AXIS2_PLACEMENT_3D('',#1030,#1031,#1032);
#1034=PLANE('',#1033);
#1035=POLY_LOOP('',(#26,#41,#78));
#1036=FACE_OUTER_BOUND('',#1035,.T.);
#1037=FACE_SURFACE('',(#1036),#1034,.T.);
#1038=CARTESIAN_POINT('',(0.,4.25,0.));
#1039=DIRECTION('',(0.,0.,-1.));
#1040=DIRECTION('',(0.049068,0.998795,0.));
#1041=AXIS2_PLACEMENT_3D('',#1038,#1039,#1040);
#1042=PLANE('',#1041);
#1043=POLY_LOOP('',(#41,#79,#80));
#1044=FACE_OUTER_BOUND('',#1043,.T.);
#1045=FACE_SURFACE('',(#1044),#1042,.T.);
#1046=CARTESIAN_POINT('',(0.,4.25,0.));
#1047=DIRECTION('',(0.,0.,-1.));
#1048=DIRECTION('',(0.098017,0.995185,0.));
#1049=AXIS2_PLACEMENT_3D('',#1046,#1047,#1048);
#1050=PLANE('',#1049);
#1051=POLY_LOOP('',(#41,#80,#78));
#1052=FACE_OUTER_BOUND('',#1051,.T.);
#1053=FACE_SURFACE('',(#1052),#1050,.T.);
#1054=CARTESIAN_POINT('',(0.183004,3.01629,0.));
#1055=DIRECTION('',(0.,0.,-1.));
#1056=DIRECTION('',(0.,1.,0.));
#1057=AXIS2_PLACEMENT_3D('',#1054,#1055,#1056);
#1058=PLANE('',#1057);
#1059=POLY_LOOP('',(#26,#78,#42));
#1060=FACE_OUTER_BOUND('',#1059,.T.);
#1061=FACE_SURFACE('',(#1060),#1058,.T.);
#1062=CARTESIAN_POINT('',(0.183004,5.48371,0.));
#1063=DIRECTION('',(0.,0.,-1.));
#1064=DIRECTION('',(0.33689,0.941544,0.));
#1065=AXIS2_PLACEMENT_3D('',#1062,#1063,#1064);
#1066=PLANE('',#1065);
#1067=POLY_LOOP('',(#78,#81,#82));
#1068=FACE_OUTER_BOUND('',#1067,.T.);
#1069=FACE_SURFACE('',(#1068),#1066,.T.);
#1070=CARTESIAN_POINT('',(0.183004,5.48371,0.));
#1071=DIRECTION('',(0.,0.,-1.));
#1072=DIRECTION('',(0.382683,0.92388,0.));
#1073=AXIS2_PLACEMENT_3D('',#1070,#1071,#1072);
#1074=PLANE('',#1073);
#1075=POLY_LOOP('',(#78,#82,#83));
#1076=FACE_OUTER_BOUND('',#1075,.T.);
#1077=FACE_SURFACE('',(#1076),#1074,.T.);
#1078=CARTESIAN_POINT('',(0.183004,5.48371,0.));
#1079=DIRECTION('',(0.,0.,-1.));
#1080=DIRECTION('',(0.427555,0.903989,0.));
#1081=AXIS2_PLACEMENT_3D('',#1078,#1079,#1080);
#1082=PLANE('',#1081);
#1083=POLY_LOOP('',(#78,#83,#42));
#1084=FACE_OUTER_BOUND('',#1083,.T.);
#1085=FACE_SURFACE('',(#1084),#1082,.T.);
#1086=CARTESIAN_POINT('',(0.716254,6.611174,0.));
#1087=DIRECTION('',(0.,0.,-1.));
#1088=DIRECTION('',(0.5957,0.803207,0.));
#1089=AXIS2_PLACEMENT_3D('',#1086,#1087,#1088);
#1090=PLANE('',#1089);
#1091=POLY_LOOP('',(#83,#84,#85));
#1092=FACE_OUTER_BOUND('',#1091,.T.);
#1093=FACE_SURFACE('',(#1092),#1090,.T.);
#1094=CARTESIAN_POINT('',(3.420866,0.081663,0.));
#1095=DIRECTION('',(0.,0.,-1.));
#1096=DIRECTION('',(-0.24298,0.970031,0.));
#1097=AXIS2_PLACEMENT_3D('',#1094,#1095,#1096);
#1098=PLANE('',#1097);
#1099=POLY_LOOP('',(#27,#42,#53));
#1100=FACE_OUTER_BOUND('',#1099,.T.);
#1101=FACE_SURFACE('',(#1100),#1098,.T.);
#1102=CARTESIAN_POINT('',(0.716254,6.611174,0.));
#1103=DIRECTION('',(0.,0.,-1.));
#1104=DIRECTION('',(0.634393,0.77301,0.));
#1105=AXIS2_PLACEMENT_3D('',#1102,#1103,#1104);
#1106=PLANE('',#1105);
#1107=POLY_LOOP('',(#83,#85,#42));
#1108=FACE_OUTER_BOUND('',#1107,.T.);
#1109=FACE_SURFACE('',(#1108),#1106,.T.);
#1110=CARTESIAN_POINT('',(0.,4.25,0.));
#1111=DIRECTION('',(-0.909457,0.044679,-0.41339));
#1112=DIRECTION('',(-0.403301,0.147123,0.903163));
#1113=AXIS2_PLACEMENT_3D('',#1110,#1111,#1112);
#1114=PLANE('',#1113);
#1115=POLY_LOOP('',(#41,#86,#79));
#1116=FACE_OUTER_BOUND('',#1115,.T.);
#1117=FACE_SURFACE('',(#1116),#1114,.T.);
#1118=CARTESIAN_POINT('',(0.020465,4.666573,0.));
#1119=DIRECTION('',(-0.900699,0.133606,-0.41339));
#1120=DIRECTION('',(-0.41181,0.04056,0.910366));
#1121=AXIS2_PLACEMENT_3D('',#1118,#1119,#1120);
#1122=PLANE('',#1121);
#1123=POLY_LOOP('',(#79,#86,#80));
#1124=FACE_OUTER_BOUND('',#1123,.T.);
#1125=FACE_SURFACE('',(#1124),#1122,.T.);
#1126=CARTESIAN_POINT('',(0.081663,5.079134,0.));
#1127=DIRECTION('',(-0.883266,0.221247,-0.41339));
#1128=DIRECTION('',(-0.366849,0.222976,0.903163));
#1129=AXIS2_PLACEMENT_3D('',#1126,#1127,#1128);
#1130=PLANE('',#1129);
#1131=POLY_LOOP('',(#80,#87,#78));
#1132=FACE_OUTER_BOUND('',#1131,.T.);
#1133=FACE_SURFACE('',(#1132),#1130,.T.);
#1134=CARTESIAN_POINT('',(0.183004,5.48371,0.));
#1135=DIRECTION('',(-0.857327,0.306756,-0.41339));
#1136=DIRECTION('',(-0.395985,0.120121,0.910366));
#1137=AXIS2_PLACEMENT_3D('',#1134,#1135,#1136);
#1138=PLANE('',#1137);
#1139=POLY_LOOP('',(#78,#87,#81));
#1140=FACE_OUTER_BOUND('',#1139,.T.);
#1141=FACE_SURFACE('',(#1140),#1138,.T.);
#1142=CARTESIAN_POINT('',(0.323512,5.876405,0.));
#1143=DIRECTION('',(-0.823131,0.389312,-0.41339));
#1144=DIRECTION('',(-0.382304,0.158355,0.910366));
#1145=AXIS2_PLACEMENT_3D('',#1142,#1143,#1144);
#1146=PLANE('',#1145);
#1147=POLY_LOOP('',(#81,#88,#82));
#1148=FACE_OUTER_BOUND('',#1147,.T.);
#1149=FACE_SURFACE('',(#1148),#1146,.T.);
#1150=CARTESIAN_POINT('',(0.501835,6.253436,0.));
#1151=DIRECTION('',(-0.781008,0.468118,-0.41339));
#1152=DIRECTION('',(-0.286326,0.319866,0.903163));
#1153=AXIS2_PLACEMENT_3D('',#1150,#1151,#1152);
#1154=PLANE('',#1153);
#1155=POLY_LOOP('',(#82,#89,#83));
#1156=FACE_OUTER_BOUND('',#1155,.T.);
#1157=FACE_SURFACE('',(#1156),#1154,.T.);
#1158=CARTESIAN_POINT('',(0.716254,6.611174,0.));
#1159=DIRECTION('',(-0.731364,0.542417,-0.41339));
#1160=DIRECTION('',(-0.344065,0.229897,0.910366));
#1161=AXIS2_PLACEMENT_3D('',#1158,#1159,#1160);
#1162=PLANE('',#1161);
#1163=POLY_LOOP('',(#83,#89,#84));
#1164=FACE_OUTER_BOUND('',#1163,.T.);
#1165=FACE_SURFACE('',(#1164),#1162,.T.);
#1166=CARTESIAN_POINT('',(1.553829,7.535295,0.));
#1167=DIRECTION('',(0.,0.,-1.));
#1168=DIRECTION('',(0.803208,0.595699,0.));
#1169=AXIS2_PLACEMENT_3D('',#1166,#1167,#1168);
#1170=PLANE('',#1169);
#1171=POLY_LOOP('',(#42,#90,#91));
#1172=FACE_OUTER_BOUND('',#1171,.T.);
#1173=FACE_SURFACE('',(#1172),#1170,.T.);
#1174=CARTESIAN_POINT('',(1.553829,7.535295,0.));
#1175=DIRECTION('',(0.,0.,-1.));
#1176=DIRECTION('',(0.83147,0.55557,0.));
#1177=AXIS2_PLACEMENT_3D('',#1174,#1175,#1176);
#1178=PLANE('',#1177);
#1179=POLY_LOOP('',(#42,#91,#53));
#1180=FACE_OUTER_BOUND('',#1179,.T.);
#1181=FACE_SURFACE('',(#1180),#1178,.T.);
#1182=CARTESIAN_POINT('',(2.623595,8.176488,0.));
#1183=DIRECTION('',(0.,0.,-1.));
#1184=DIRECTION('',(0.941544,0.33689,0.));
#1185=AXIS2_PLACEMENT_3D('',#1182,#1183,#1184);
#1186=PLANE('',#1185);
#1187=POLY_LOOP('',(#53,#92,#93));
#1188=FACE_OUTER_BOUND('',#1187,.T.);
#1189=FACE_SURFACE('',(#1188),#1186,.T.);
#1190=CARTESIAN_POINT('',(2.623595,8.176488,0.));
#1191=DIRECTION('',(0.,0.,-1.));
#1192=DIRECTION('',(0.95694,0.290285,0.));
#1193=AXIS2_PLACEMENT_3D('',#1190,#1191,#1192);
#1194=PLANE('',#1193);
#1195=POLY_LOOP('',(#53,#93,#94));
#1196=FACE_OUTER_BOUND('',#1195,.T.);
#1197=FACE_SURFACE('',(#1196),#1194,.T.);
#1198=CARTESIAN_POINT('',(0.964706,6.946171,0.));
#1199=DIRECTION('',(-0.674676,0.611491,-0.41339));
#1200=DIRECTION('',(-0.319874,0.262514,0.910366));
#1201=AXIS2_PLACEMENT_3D('',#1198,#1199,#1200);
#1202=PLANE('',#1201);
#1203=POLY_LOOP('',(#84,#95,#85));
#1204=FACE_OUTER_BOUND('',#1203,.T.);
#1205=FACE_SURFACE('',(#1204),#1202,.T.);
#1206=CARTESIAN_POINT('',(1.244796,7.255204,0.));
#1207=DIRECTION('',(-0.611491,0.674676,-0.41339));
#1208=DIRECTION('',(-0.181145,0.389209,0.903163));
#1209=AXIS2_PLACEMENT_3D('',#1206,#1207,#1208);
#1210=PLANE('',#1209);
#1211=POLY_LOOP('',(#85,#96,#42));
#1212=FACE_OUTER_BOUND('',#1211,.T.);
#1213=FACE_SURFACE('',(#1212),#1210,.T.);
#1214=CARTESIAN_POINT('',(1.553829,7.535295,0.));
#1215=DIRECTION('',(-0.542416,0.731364,-0.41339));
#1216=DIRECTION('',(-0.142124,0.40509,0.903163));
#1217=AXIS2_PLACEMENT_3D('',#1214,#1215,#1216);
#1218=PLANE('',#1217);
#1219=POLY_LOOP('',(#42,#97,#90));
#1220=FACE_OUTER_BOUND('',#1219,.T.);
#1221=FACE_SURFACE('',(#1220),#1218,.T.);
#1222=CARTESIAN_POINT('',(1.888826,7.783746,0.));
#1223=DIRECTION('',(-0.468119,0.781008,-0.41339));
#1224=DIRECTION('',(-0.101733,0.41707,0.903163));
#1225=AXIS2_PLACEMENT_3D('',#1222,#1223,#1224);
#1226=PLANE('',#1225);
#1227=POLY_LOOP('',(#90,#98,#91));
#1228=FACE_OUTER_BOUND('',#1227,.T.);
#1229=FACE_SURFACE('',(#1228),#1226,.T.);
#1230=CARTESIAN_POINT('',(2.246564,7.998166,0.));
#1231=DIRECTION('',(-0.389311,0.823131,-0.41339));
#1232=DIRECTION('',(-0.060364,0.425033,0.903163));
#1233=AXIS2_PLACEMENT_3D('',#1230,#1231,#1232);
#1234=PLANE('',#1233);
#1235=POLY_LOOP('',(#91,#99,#53));
#1236=FACE_OUTER_BOUND('',#1235,.T.);
#1237=FACE_SURFACE('',(#1236),#1234,.T.);
#1238=CARTESIAN_POINT('',(2.623595,8.176488,0.));
#1239=DIRECTION('',(-0.306757,0.857327,-0.41339));
#1240=DIRECTION('',(-0.158356,0.382304,0.910366));
#1241=AXIS2_PLACEMENT_3D('',#1238,#1239,#1240);
#1242=PLANE('',#1241);
#1243=POLY_LOOP('',(#53,#99,#92));
#1244=FACE_OUTER_BOUND('',#1243,.T.);
#1245=FACE_SURFACE('',(#1244),#1242,.T.);
#1246=CARTESIAN_POINT('',(3.01629,8.316997,0.));
#1247=DIRECTION('',(-0.221247,0.883266,-0.41339));
#1248=DIRECTION('',(-0.120121,0.395985,0.910367));
#1249=AXIS2_PLACEMENT_3D('',#1246,#1247,#1248);
#1250=PLANE('',#1249);
#1251=POLY_LOOP('',(#92,#100,#93));
#1252=FACE_OUTER_BOUND('',#1251,.T.);
#1253=FACE_SURFACE('',(#1252),#1250,.T.);
#1254=CARTESIAN_POINT('',(3.420866,8.418338,0.));
#1255=DIRECTION('',(-0.133605,0.900699,-0.41339));
#1256=DIRECTION('',(-0.080729,0.405852,0.910367));
#1257=AXIS2_PLACEMENT_3D('',#1254,#1255,#1256);
#1258=PLANE('',#1257);
#1259=POLY_LOOP('',(#93,#101,#102));
#1260=FACE_OUTER_BOUND('',#1259,.T.);
#1261=FACE_SURFACE('',(#1260),#1258,.T.);
#1262=CARTESIAN_POINT('',(2.623595,8.176488,0.));
#1263=DIRECTION('',(0.,0.,-1.));
#1264=DIRECTION('',(0.980785,0.19509,0.));
#1265=AXIS2_PLACEMENT_3D('',#1262,#1263,#1264);
#1266=PLANE('',#1265);
#1267=POLY_LOOP('',(#53,#94,#49));
#1268=FACE_OUTER_BOUND('',#1267,.T.);
#1269=FACE_SURFACE('',(#1268),#1266,.T.);
#1270=CARTESIAN_POINT('',(4.25,8.5,0.));
#1271=DIRECTION('',(0.,0.,-1.));
#1272=DIRECTION('',(1.,0.,0.));
#1273=AXIS2_PLACEMENT_3D('',#1270,#1271,#1272);
#1274=PLANE('',#1273);
#1275=POLY_LOOP('',(#94,#103,#49));
#1276=FACE_OUTER_BOUND('',#1275,.T.);
#1277=FACE_SURFACE('',(#1276),#1274,.T.);
#1278=CARTESIAN_POINT('',(3.420866,8.418338,0.));
#1279=DIRECTION('',(0.,0.,-1.));
#1280=DIRECTION('',(0.989177,0.14673,0.));
#1281=AXIS2_PLACEMENT_3D('',#1278,#1279,#1280);
#1282=PLANE('',#1281);
#1283=POLY_LOOP('',(#93,#102,#94));
#1284=FACE_OUTER_BOUND('',#1283,.T.);
#1285=FACE_SURFACE('',(#1284),#1282,.T.);
#1286=CARTESIAN_POINT('',(4.25,8.5,0.));
#1287=DIRECTION('',(0.,0.910367,-0.413803));
#1288=DIRECTION('',(0.999091,0.017644,0.038817));
#1289=AXIS2_PLACEMENT_3D('',#1286,#1287,#1288);
#1290=PLANE('',#1289);
#1291=POLY_LOOP('',(#94,#104,#103));
#1292=FACE_OUTER_BOUND('',#1291,.T.);
#1293=FACE_SURFACE('',(#1292),#1290,.T.);
#1294=CARTESIAN_POINT('',(3.833427,8.479535,0.));
#1295=DIRECTION('',(-0.044679,0.909457,-0.41339));
#1296=DIRECTION('',(0.106884,0.41578,0.903163));
#1297=AXIS2_PLACEMENT_3D('',#1294,#1295,#1296);
#1298=PLANE('',#1297);
#1299=POLY_LOOP('',(#102,#105,#94));
#1300=FACE_OUTER_BOUND('',#1299,.T.);
#1301=FACE_SURFACE('',(#1300),#1298,.T.);
#1302=CARTESIAN_POINT('',(4.25,8.5,0.));
#1303=DIRECTION('',(0.,0.910366,-0.413803));
#1304=DIRECTION('',(0.930976,0.151071,0.332357));
#1305=AXIS2_PLACEMENT_3D('',#1302,#1303,#1304);
#1306=PLANE('',#1305);
#1307=POLY_LOOP('',(#94,#106,#104));
#1308=FACE_OUTER_BOUND('',#1307,.T.);
#1309=FACE_SURFACE('',(#1308),#1306,.T.);
#1310=CARTESIAN_POINT('',(0.,4.25,0.));
#1311=DIRECTION('',(-0.909457,0.044679,-0.41339));
#1312=DIRECTION('',(-0.413803,0.,0.910366));
#1313=AXIS2_PLACEMENT_3D('',#1310,#1311,#1312);
#1314=PLANE('',#1313);
#1315=POLY_LOOP('',(#41,#47,#86));
#1316=FACE_OUTER_BOUND('',#1315,.T.);
#1317=FACE_SURFACE('',(#1316),#1314,.T.);
#1318=CARTESIAN_POINT('',(0.081663,5.079134,0.));
#1319=DIRECTION('',(-0.900699,0.133606,-0.41339));
#1320=DIRECTION('',(-0.424254,-0.065616,0.903163));
#1321=AXIS2_PLACEMENT_3D('',#1318,#1319,#1320);
#1322=PLANE('',#1321);
#1323=POLY_LOOP('',(#80,#86,#107));
#1324=FACE_OUTER_BOUND('',#1323,.T.);
#1325=FACE_SURFACE('',(#1324),#1322,.T.);
#1326=CARTESIAN_POINT('',(0.081663,5.079134,0.));
#1327=DIRECTION('',(-0.883266,0.221246,-0.41339));
#1328=DIRECTION('',(-0.405852,0.080729,0.910366));
#1329=AXIS2_PLACEMENT_3D('',#1326,#1327,#1328);
#1330=PLANE('',#1329);
#1331=POLY_LOOP('',(#80,#107,#87));
#1332=FACE_OUTER_BOUND('',#1331,.T.);
#1333=FACE_SURFACE('',(#1332),#1330,.T.);
#1334=CARTESIAN_POINT('',(0.323512,5.876405,0.));
#1335=DIRECTION('',(-0.857327,0.306757,-0.41339));
#1336=DIRECTION('',(-0.428903,0.018412,0.903163));
#1337=AXIS2_PLACEMENT_3D('',#1334,#1335,#1336);
#1338=PLANE('',#1337);
#1339=POLY_LOOP('',(#81,#87,#88));
#1340=FACE_OUTER_BOUND('',#1339,.T.);
#1341=FACE_SURFACE('',(#1340),#1338,.T.);
#1342=CARTESIAN_POINT('',(0.501835,6.253436,0.));
#1343=DIRECTION('',(-0.823131,0.389312,-0.41339));
#1344=DIRECTION('',(-0.425033,0.060364,0.903163));
#1345=AXIS2_PLACEMENT_3D('',#1342,#1343,#1344);
#1346=PLANE('',#1345);
#1347=POLY_LOOP('',(#82,#88,#108));
#1348=FACE_OUTER_BOUND('',#1347,.T.);
#1349=FACE_SURFACE('',(#1348),#1346,.T.);
#1350=CARTESIAN_POINT('',(0.501835,6.253436,0.));
#1351=DIRECTION('',(-0.781008,0.468118,-0.41339));
#1352=DIRECTION('',(-0.364942,0.195065,0.910366));
#1353=AXIS2_PLACEMENT_3D('',#1350,#1351,#1352);
#1354=PLANE('',#1353);
#1355=POLY_LOOP('',(#82,#108,#89));
#1356=FACE_OUTER_BOUND('',#1355,.T.);
#1357=FACE_SURFACE('',(#1356),#1354,.T.);
#1358=CARTESIAN_POINT('',(-1.6,4.25,3.52));
#1359=DIRECTION('',(-0.998795,0.049068,0.));
#1360=DIRECTION('',(0.,0.,1.));
#1361=AXIS2_PLACEMENT_3D('',#1358,#1359,#1360);
#1362=PLANE('',#1361);
#1363=POLY_LOOP('',(#47,#64,#86));
#1364=FACE_OUTER_BOUND('',#1363,.T.);
#1365=FACE_SURFACE('',(#1364),#1362,.T.);
#1366=CARTESIAN_POINT('',(-1.6,4.25,3.6));
#1367=DIRECTION('',(-0.998795,0.049068,0.));
#1368=DIRECTION('',(0.049068,0.998795,0.));
#1369=AXIS2_PLACEMENT_3D('',#1366,#1367,#1368);
#1370=PLANE('',#1369);
#1371=POLY_LOOP('',(#64,#109,#86));
#1372=FACE_OUTER_BOUND('',#1371,.T.);
#1373=FACE_SURFACE('',(#1372),#1370,.T.);
#1374=CARTESIAN_POINT('',(-1.571831,4.8234,3.52));
#1375=DIRECTION('',(-0.989177,0.146731,0.));
#1376=DIRECTION('',(0.,0.,1.));
#1377=AXIS2_PLACEMENT_3D('',#1374,#1375,#1376);
#1378=PLANE('',#1377);
#1379=POLY_LOOP('',(#86,#109,#107));
#1380=FACE_OUTER_BOUND('',#1379,.T.);
#1381=FACE_SURFACE('',(#1380),#1378,.T.);
#1382=CARTESIAN_POINT('',(-1.6,4.25,3.6));
#1383=DIRECTION('',(0.,0.,1.));
#1384=DIRECTION('',(0.14673,0.989177,0.));
#1385=AXIS2_PLACEMENT_3D('',#1382,#1383,#1384);
#1386=PLANE('',#1385);
#1387=POLY_LOOP('',(#64,#110,#109));
#1388=FACE_OUTER_BOUND('',#1387,.T.);
#1389=FACE_SURFACE('',(#1388),#1386,.T.);
#1390=CARTESIAN_POINT('',(-1.571831,4.8234,3.6));
#1391=DIRECTION('',(-0.989177,0.146731,0.));
#1392=DIRECTION('',(0.146731,0.989177,0.));
#1393=AXIS2_PLACEMENT_3D('',#1390,#1391,#1392);
#1394=PLANE('',#1393);
#1395=POLY_LOOP('',(#109,#111,#107));
#1396=FACE_OUTER_BOUND('',#1395,.T.);
#1397=FACE_SURFACE('',(#1396),#1394,.T.);
#1398=CARTESIAN_POINT('',(-1.571831,4.8234,3.6));
#1399=DIRECTION('',(0.,0.,1.));
#1400=DIRECTION('',(0.19509,0.980785,0.));
#1401=AXIS2_PLACEMENT_3D('',#1398,#1399,#1400);
#1402=PLANE('',#1401);
#1403=POLY_LOOP('',(#109,#110,#111));
#1404=FACE_OUTER_BOUND('',#1403,.T.);
#1405=FACE_SURFACE('',(#1404),#1402,.T.);
#1406=CARTESIAN_POINT('',(-1.487594,5.391278,3.52));
#1407=DIRECTION('',(-0.970031,0.24298,0.));
#1408=DIRECTION('',(0.,0.,1.));
#1409=AXIS2_PLACEMENT_3D('',#1406,#1407,#1408);
#1410=PLANE('',#1409);
#1411=POLY_LOOP('',(#107,#111,#110));
#1412=FACE_OUTER_BOUND('',#1411,.T.);
#1413=FACE_SURFACE('',(#1412),#1410,.T.);
#1414=CARTESIAN_POINT('',(-1.487594,5.391278,3.52));
#1415=DIRECTION('',(-0.970031,0.24298,0.));
#1416=DIRECTION('',(0.240655,0.960748,0.138017));
#1417=AXIS2_PLACEMENT_3D('',#1414,#1415,#1416);
#1418=PLANE('',#1417);
#1419=POLY_LOOP('',(#107,#110,#87));
#1420=FACE_OUTER_BOUND('',#1419,.T.);
#1421=FACE_SURFACE('',(#1420),#1418,.T.);
#1422=CARTESIAN_POINT('',(-1.6,4.25,3.6));
#1423=DIRECTION('',(0.,0.,1.));
#1424=DIRECTION('',(0.290285,0.95694,0.));
#1425=AXIS2_PLACEMENT_3D('',#1422,#1423,#1424);
#1426=PLANE('',#1425);
#1427=POLY_LOOP('',(#64,#112,#110));
#1428=FACE_OUTER_BOUND('',#1427,.T.);
#1429=FACE_SURFACE('',(#1428),#1426,.T.);
#1430=CARTESIAN_POINT('',(-1.348101,5.948165,3.52));
#1431=DIRECTION('',(-0.941544,0.33689,0.));
#1432=DIRECTION('',(0.,0.,1.));
#1433=AXIS2_PLACEMENT_3D('',#1430,#1431,#1432);
#1434=PLANE('',#1433);
#1435=POLY_LOOP('',(#87,#110,#113));
#1436=FACE_OUTER_BOUND('',#1435,.T.);
#1437=FACE_SURFACE('',(#1436),#1434,.T.);
#1438=CARTESIAN_POINT('',(-1.348101,5.948165,3.52));
#1439=DIRECTION('',(-0.941544,0.33689,0.));
#1440=DIRECTION('',(0.333666,0.932533,0.138017));
#1441=AXIS2_PLACEMENT_3D('',#1438,#1439,#1440);
#1442=PLANE('',#1441);
#1443=POLY_LOOP('',(#87,#113,#88));
#1444=FACE_OUTER_BOUND('',#1443,.T.);
#1445=FACE_SURFACE('',(#1444),#1442,.T.);
#1446=CARTESIAN_POINT('',(-1.348101,5.948165,3.6));
#1447=DIRECTION('',(0.,0.,1.));
#1448=DIRECTION('',(0.382683,0.92388,0.));
#1449=AXIS2_PLACEMENT_3D('',#1446,#1447,#1448);
#1450=PLANE('',#1449);
#1451=POLY_LOOP('',(#110,#114,#113));
#1452=FACE_OUTER_BOUND('',#1451,.T.);
#1453=FACE_SURFACE('',(#1452),#1450,.T.);
#1454=CARTESIAN_POINT('',(-1.154695,6.488698,3.52));
#1455=DIRECTION('',(-0.903989,0.427555,0.));
#1456=DIRECTION('',(0.,0.,1.));
#1457=AXIS2_PLACEMENT_3D('',#1454,#1455,#1456);
#1458=PLANE('',#1457);
#1459=POLY_LOOP('',(#88,#113,#108));
#1460=FACE_OUTER_BOUND('',#1459,.T.);
#1461=FACE_SURFACE('',(#1460),#1458,.T.);
#1462=CARTESIAN_POINT('',(-1.154695,6.488698,3.6));
#1463=DIRECTION('',(-0.903989,0.427555,0.));
#1464=DIRECTION('',(0.427555,0.903989,0.));
#1465=AXIS2_PLACEMENT_3D('',#1462,#1463,#1464);
#1466=PLANE('',#1465);
#1467=POLY_LOOP('',(#113,#114,#108));
#1468=FACE_OUTER_BOUND('',#1467,.T.);
#1469=FACE_SURFACE('',(#1468),#1466,.T.);
#1470=CARTESIAN_POINT('',(-1.348101,5.948165,3.6));
#1471=DIRECTION('',(0.,0.,1.));
#1472=DIRECTION('',(0.427555,0.903989,0.));
#1473=AXIS2_PLACEMENT_3D('',#1470,#1471,#1472);
#1474=PLANE('',#1473);
#1475=POLY_LOOP('',(#110,#112,#114));
#1476=FACE_OUTER_BOUND('',#1475,.T.);
#1477=FACE_SURFACE('',(#1476),#1474,.T.);
#1478=CARTESIAN_POINT('',(-0.909239,7.007671,3.52));
#1479=DIRECTION('',(-0.857729,0.514103,0.));
#1480=DIRECTION('',(0.,0.,1.));
#1481=AXIS2_PLACEMENT_3D('',#1478,#1479,#1480);
#1482=PLANE('',#1481);
#1483=POLY_LOOP('',(#108,#114,#112));
#1484=FACE_OUTER_BOUND('',#1483,.T.);
#1485=FACE_SURFACE('',(#1484),#1482,.T.);
#1486=CARTESIAN_POINT('',(-1.6,4.25,3.6));
#1487=DIRECTION('',(0.,0.,1.));
#1488=DIRECTION('',(0.55557,0.83147,0.));
#1489=AXIS2_PLACEMENT_3D('',#1486,#1487,#1488);
#1490=PLANE('',#1489);
#1491=POLY_LOOP('',(#64,#115,#112));
#1492=FACE_OUTER_BOUND('',#1491,.T.);
#1493=FACE_SURFACE('',(#1492),#1490,.T.);
#1494=CARTESIAN_POINT('',(0.964706,6.946171,0.));
#1495=DIRECTION('',(-0.731364,0.542416,-0.41339));
#1496=DIRECTION('',(-0.40509,0.142124,0.903163));
#1497=AXIS2_PLACEMENT_3D('',#1494,#1495,#1496);
#1498=PLANE('',#1497);
#1499=POLY_LOOP('',(#84,#89,#95));
#1500=FACE_OUTER_BOUND('',#1499,.T.);
#1501=FACE_SURFACE('',(#1500),#1498,.T.);
#1502=CARTESIAN_POINT('',(1.244796,7.255204,0.));
#1503=DIRECTION('',(-0.674676,0.611491,-0.41339));
#1504=DIRECTION('',(-0.389209,0.181145,0.903163));
#1505=AXIS2_PLACEMENT_3D('',#1502,#1503,#1504);
#1506=PLANE('',#1505);
#1507=POLY_LOOP('',(#85,#95,#116));
#1508=FACE_OUTER_BOUND('',#1507,.T.);
#1509=FACE_SURFACE('',(#1508),#1506,.T.);
#1510=CARTESIAN_POINT('',(1.244796,7.255204,0.));
#1511=DIRECTION('',(-0.611491,0.674676,-0.41339));
#1512=DIRECTION('',(-0.292603,0.292603,0.910366));
#1513=AXIS2_PLACEMENT_3D('',#1510,#1511,#1512);
#1514=PLANE('',#1513);
#1515=POLY_LOOP('',(#85,#116,#96));
#1516=FACE_OUTER_BOUND('',#1515,.T.);
#1517=FACE_SURFACE('',(#1516),#1514,.T.);
#1518=CARTESIAN_POINT('',(1.553829,7.535295,0.));
#1519=DIRECTION('',(-0.542417,0.731364,-0.41339));
#1520=DIRECTION('',(-0.262514,0.319874,0.910366));
#1521=AXIS2_PLACEMENT_3D('',#1518,#1519,#1520);
#1522=PLANE('',#1521);
#1523=POLY_LOOP('',(#42,#96,#97));
#1524=FACE_OUTER_BOUND('',#1523,.T.);
#1525=FACE_SURFACE('',(#1524),#1522,.T.);
#1526=CARTESIAN_POINT('',(1.888826,7.783746,0.));
#1527=DIRECTION('',(-0.468118,0.781008,-0.41339));
#1528=DIRECTION('',(-0.229897,0.344065,0.910366));
#1529=AXIS2_PLACEMENT_3D('',#1526,#1527,#1528);
#1530=PLANE('',#1529);
#1531=POLY_LOOP('',(#90,#97,#98));
#1532=FACE_OUTER_BOUND('',#1531,.T.);
#1533=FACE_SURFACE('',(#1532),#1530,.T.);
#1534=CARTESIAN_POINT('',(2.246564,7.998166,0.));
#1535=DIRECTION('',(-0.389312,0.823131,-0.41339));
#1536=DIRECTION('',(-0.195065,0.364942,0.910366));
#1537=AXIS2_PLACEMENT_3D('',#1534,#1535,#1536);
#1538=PLANE('',#1537);
#1539=POLY_LOOP('',(#91,#98,#99));
#1540=FACE_OUTER_BOUND('',#1539,.T.);
#1541=FACE_SURFACE('',(#1540),#1538,.T.);
#1542=CARTESIAN_POINT('',(3.01629,8.316997,0.));
#1543=DIRECTION('',(-0.306756,0.857327,-0.41339));
#1544=DIRECTION('',(-0.25786,0.343227,0.903163));
#1545=AXIS2_PLACEMENT_3D('',#1542,#1543,#1544);
#1546=PLANE('',#1545);
#1547=POLY_LOOP('',(#92,#99,#100));
#1548=FACE_OUTER_BOUND('',#1547,.T.);
#1549=FACE_SURFACE('',(#1548),#1546,.T.);
#1550=CARTESIAN_POINT('',(3.420866,8.418338,0.));
#1551=DIRECTION('',(-0.221247,0.883266,-0.41339));
#1552=DIRECTION('',(-0.222976,0.366849,0.903163));
#1553=AXIS2_PLACEMENT_3D('',#1550,#1551,#1552);
#1554=PLANE('',#1553);
#1555=POLY_LOOP('',(#93,#100,#101));
#1556=FACE_OUTER_BOUND('',#1555,.T.);
#1557=FACE_SURFACE('',(#1556),#1554,.T.);
#1558=CARTESIAN_POINT('',(3.833427,8.479535,0.));
#1559=DIRECTION('',(-0.133607,0.900699,-0.41339));
#1560=DIRECTION('',(-0.185945,0.386938,0.903163));
#1561=AXIS2_PLACEMENT_3D('',#1558,#1559,#1560);
#1562=PLANE('',#1561);
#1563=POLY_LOOP('',(#102,#101,#117));
#1564=FACE_OUTER_BOUND('',#1563,.T.);
#1565=FACE_SURFACE('',(#1564),#1562,.T.);
#1566=CARTESIAN_POINT('',(-0.909239,7.007671,3.52));
#1567=DIRECTION('',(-0.857729,0.514103,0.));
#1568=DIRECTION('',(0.509183,0.84952,0.138017));
#1569=AXIS2_PLACEMENT_3D('',#1566,#1567,#1568);
#1570=PLANE('',#1569);
#1571=POLY_LOOP('',(#108,#112,#89));
#1572=FACE_OUTER_BOUND('',#1571,.T.);
#1573=FACE_SURFACE('',(#1572),#1570,.T.);
#1574=CARTESIAN_POINT('',(-0.614097,7.500086,3.52));
#1575=DIRECTION('',(-0.803208,0.595699,0.));
#1576=DIRECTION('',(0.,0.,1.));
#1577=AXIS2_PLACEMENT_3D('',#1574,#1575,#1576);
#1578=PLANE('',#1577);
#1579=POLY_LOOP('',(#89,#112,#95));
#1580=FACE_OUTER_BOUND('',#1579,.T.);
#1581=FACE_SURFACE('',(#1580),#1578,.T.);
#1582=CARTESIAN_POINT('',(-0.614097,7.500086,3.6));
#1583=DIRECTION('',(-0.803208,0.595699,0.));
#1584=DIRECTION('',(0.595699,0.803208,0.));
#1585=AXIS2_PLACEMENT_3D('',#1582,#1583,#1584);
#1586=PLANE('',#1585);
#1587=POLY_LOOP('',(#112,#118,#95));
#1588=FACE_OUTER_BOUND('',#1587,.T.);
#1589=FACE_SURFACE('',(#1588),#1586,.T.);
#1590=CARTESIAN_POINT('',(-0.614097,7.500086,3.6));
#1591=DIRECTION('',(0.,0.,1.));
#1592=DIRECTION('',(0.671559,0.740951,0.));
#1593=AXIS2_PLACEMENT_3D('',#1590,#1591,#1592);
#1594=PLANE('',#1593);
#1595=POLY_LOOP('',(#112,#119,#118));
#1596=FACE_OUTER_BOUND('',#1595,.T.);
#1597=FACE_SURFACE('',(#1596),#1594,.T.);
#1598=CARTESIAN_POINT('',(-0.272111,7.961201,3.52));
#1599=DIRECTION('',(-0.740951,0.671559,0.));
#1600=DIRECTION('',(0.,0.,1.));
#1601=AXIS2_PLACEMENT_3D('',#1598,#1599,#1600);
#1602=PLANE('',#1601);
#1603=POLY_LOOP('',(#95,#118,#116));
#1604=FACE_OUTER_BOUND('',#1603,.T.);
#1605=FACE_SURFACE('',(#1604),#1602,.T.);
#1606=CARTESIAN_POINT('',(-0.272111,7.961201,3.6));
#1607=DIRECTION('',(-0.740951,0.671559,0.));
#1608=DIRECTION('',(0.671559,0.740951,0.));
#1609=AXIS2_PLACEMENT_3D('',#1606,#1607,#1608);
#1610=PLANE('',#1609);
#1611=POLY_LOOP('',(#118,#120,#116));
#1612=FACE_OUTER_BOUND('',#1611,.T.);
#1613=FACE_SURFACE('',(#1612),#1610,.T.);
#1614=CARTESIAN_POINT('',(-0.272111,7.961201,3.6));
#1615=DIRECTION('',(0.,0.,1.));
#1616=DIRECTION('',(0.707107,0.707107,0.));
#1617=AXIS2_PLACEMENT_3D('',#1614,#1615,#1616);
#1618=PLANE('',#1617);
#1619=POLY_LOOP('',(#118,#119,#120));
#1620=FACE_OUTER_BOUND('',#1619,.T.);
#1621=FACE_SURFACE('',(#1620),#1618,.T.);
#1622=CARTESIAN_POINT('',(0.113425,8.386575,3.52));
#1623=DIRECTION('',(-0.671559,0.740951,0.));
#1624=DIRECTION('',(0.,0.,1.));
#1625=AXIS2_PLACEMENT_3D('',#1622,#1623,#1624);
#1626=PLANE('',#1625);
#1627=POLY_LOOP('',(#116,#120,#119));
#1628=FACE_OUTER_BOUND('',#1627,.T.);
#1629=FACE_SURFACE('',(#1628),#1626,.T.);
#1630=CARTESIAN_POINT('',(0.113425,8.386575,3.52));
#1631=DIRECTION('',(-0.671559,0.740951,0.));
#1632=DIRECTION('',(0.73386,0.665132,0.138017));
#1633=AXIS2_PLACEMENT_3D('',#1630,#1631,#1632);
#1634=PLANE('',#1633);
#1635=POLY_LOOP('',(#116,#119,#96));
#1636=FACE_OUTER_BOUND('',#1635,.T.);
#1637=FACE_SURFACE('',(#1636),#1634,.T.);
#1638=CARTESIAN_POINT('',(-0.614097,7.500086,3.6));
#1639=DIRECTION('',(0.,0.,1.));
#1640=DIRECTION('',(0.77301,0.634393,0.));
#1641=AXIS2_PLACEMENT_3D('',#1638,#1639,#1640);
#1642=PLANE('',#1641);
#1643=POLY_LOOP('',(#112,#115,#119));
#1644=FACE_OUTER_BOUND('',#1643,.T.);
#1645=FACE_SURFACE('',(#1644),#1642,.T.);
#1646=CARTESIAN_POINT('',(0.538799,8.772111,3.52));
#1647=DIRECTION('',(-0.5957,0.803207,0.));
#1648=DIRECTION('',(0.,0.,1.));
#1649=AXIS2_PLACEMENT_3D('',#1646,#1647,#1648);
#1650=PLANE('',#1649);
#1651=POLY_LOOP('',(#96,#119,#97));
#1652=FACE_OUTER_BOUND('',#1651,.T.);
#1653=FACE_SURFACE('',(#1652),#1650,.T.);
#1654=CARTESIAN_POINT('',(0.538799,8.772111,3.6));
#1655=DIRECTION('',(-0.5957,0.803207,0.));
#1656=DIRECTION('',(0.803207,0.5957,0.));
#1657=AXIS2_PLACEMENT_3D('',#1654,#1655,#1656);
#1658=PLANE('',#1657);
#1659=POLY_LOOP('',(#119,#121,#97));
#1660=FACE_OUTER_BOUND('',#1659,.T.);
#1661=FACE_SURFACE('',(#1660),#1658,.T.);
#1662=CARTESIAN_POINT('',(0.538799,8.772111,3.6));
#1663=DIRECTION('',(0.,0.,1.));
#1664=DIRECTION('',(0.831469,0.555571,0.));
#1665=AXIS2_PLACEMENT_3D('',#1662,#1663,#1664);
#1666=PLANE('',#1665);
#1667=POLY_LOOP('',(#119,#122,#121));
#1668=FACE_OUTER_BOUND('',#1667,.T.);
#1669=FACE_SURFACE('',(#1668),#1666,.T.);
#1670=CARTESIAN_POINT('',(0.999914,9.114098,3.52));
#1671=DIRECTION('',(-0.514103,0.857729,0.));
#1672=DIRECTION('',(0.,0.,1.));
#1673=AXIS2_PLACEMENT_3D('',#1670,#1671,#1672);
#1674=PLANE('',#1673);
#1675=POLY_LOOP('',(#97,#121,#122));
#1676=FACE_OUTER_BOUND('',#1675,.T.);
#1677=FACE_SURFACE('',(#1676),#1674,.T.);
#1678=CARTESIAN_POINT('',(0.999914,9.114098,3.52));
#1679=DIRECTION('',(-0.514103,0.857729,0.));
#1680=DIRECTION('',(0.84952,0.509183,0.138017));
#1681=AXIS2_PLACEMENT_3D('',#1678,#1679,#1680);
#1682=PLANE('',#1681);
#1683=POLY_LOOP('',(#97,#122,#98));
#1684=FACE_OUTER_BOUND('',#1683,.T.);
#1685=FACE_SURFACE('',(#1684),#1682,.T.);
#1686=CARTESIAN_POINT('',(0.538799,8.772111,3.6));
#1687=DIRECTION('',(0.,0.,1.));
#1688=DIRECTION('',(0.857729,0.514103,0.));
#1689=AXIS2_PLACEMENT_3D('',#1686,#1687,#1688);
#1690=PLANE('',#1689);
#1691=POLY_LOOP('',(#119,#115,#122));
#1692=FACE_OUTER_BOUND('',#1691,.T.);
#1693=FACE_SURFACE('',(#1692),#1690,.T.);
#1694=CARTESIAN_POINT('',(1.492329,9.40924,3.52));
#1695=DIRECTION('',(-0.427555,0.903989,0.));
#1696=DIRECTION('',(0.,0.,1.));
#1697=AXIS2_PLACEMENT_3D('',#1694,#1695,#1696);
#1698=PLANE('',#1697);
#1699=POLY_LOOP('',(#98,#122,#115));
#1700=FACE_OUTER_BOUND('',#1699,.T.);
#1701=FACE_SURFACE('',(#1700),#1698,.T.);
#1702=CARTESIAN_POINT('',(1.492329,9.40924,3.52));
#1703=DIRECTION('',(-0.427555,0.903989,0.));
#1704=DIRECTION('',(0.895338,0.423463,0.138017));
#1705=AXIS2_PLACEMENT_3D('',#1702,#1703,#1704);
#1706=PLANE('',#1705);
#1707=POLY_LOOP('',(#98,#115,#99));
#1708=FACE_OUTER_BOUND('',#1707,.T.);
#1709=FACE_SURFACE('',(#1708),#1706,.T.);
#1710=CARTESIAN_POINT('',(2.011302,9.654696,3.52));
#1711=DIRECTION('',(-0.336889,0.941544,0.));
#1712=DIRECTION('',(0.,0.,1.));
#1713=AXIS2_PLACEMENT_3D('',#1710,#1711,#1712);
#1714=PLANE('',#1713);
#1715=POLY_LOOP('',(#99,#115,#100));
#1716=FACE_OUTER_BOUND('',#1715,.T.);
#1717=FACE_SURFACE('',(#1716),#1714,.T.);
#1718=CARTESIAN_POINT('',(2.011302,9.654696,3.6));
#1719=DIRECTION('',(-0.336889,0.941544,0.));
#1720=DIRECTION('',(0.941544,0.336889,0.));
#1721=AXIS2_PLACEMENT_3D('',#1718,#1719,#1720);
#1722=PLANE('',#1721);
#1723=POLY_LOOP('',(#115,#123,#100));
#1724=FACE_OUTER_BOUND('',#1723,.T.);
#1725=FACE_SURFACE('',(#1724),#1722,.T.);
#1726=CARTESIAN_POINT('',(2.551835,9.848101,3.52));
#1727=DIRECTION('',(-0.24298,0.970031,0.));
#1728=DIRECTION('',(0.,0.,1.));
#1729=AXIS2_PLACEMENT_3D('',#1726,#1727,#1728);
#1730=PLANE('',#1729);
#1731=POLY_LOOP('',(#100,#123,#101));
#1732=FACE_OUTER_BOUND('',#1731,.T.);
#1733=FACE_SURFACE('',(#1732),#1730,.T.);
#1734=CARTESIAN_POINT('',(2.011302,9.654696,3.6));
#1735=DIRECTION('',(0.,0.,1.));
#1736=DIRECTION('',(0.980785,0.19509,0.));
#1737=AXIS2_PLACEMENT_3D('',#1734,#1735,#1736);
#1738=PLANE('',#1737);
#1739=POLY_LOOP('',(#115,#124,#123));
#1740=FACE_OUTER_BOUND('',#1739,.T.);
#1741=FACE_SURFACE('',(#1740),#1738,.T.);
#1742=CARTESIAN_POINT('',(2.551835,9.848101,3.6));
#1743=DIRECTION('',(-0.24298,0.970031,0.));
#1744=DIRECTION('',(0.970031,0.24298,0.));
#1745=AXIS2_PLACEMENT_3D('',#1742,#1743,#1744);
#1746=PLANE('',#1745);
#1747=POLY_LOOP('',(#123,#125,#101));
#1748=FACE_OUTER_BOUND('',#1747,.T.);
#1749=FACE_SURFACE('',(#1748),#1746,.T.);
#1750=CARTESIAN_POINT('',(2.551835,9.848101,3.6));
#1751=DIRECTION('',(0.,0.,1.));
#1752=DIRECTION('',(0.980785,0.195091,0.));
#1753=AXIS2_PLACEMENT_3D('',#1750,#1751,#1752);
#1754=PLANE('',#1753);
#1755=POLY_LOOP('',(#123,#126,#125));
#1756=FACE_OUTER_BOUND('',#1755,.T.);
#1757=FACE_SURFACE('',(#1756),#1754,.T.);
#1758=CARTESIAN_POINT('',(3.108722,9.987594,3.52));
#1759=DIRECTION('',(-0.146731,0.989176,0.));
#1760=DIRECTION('',(0.,0.,1.));
#1761=AXIS2_PLACEMENT_3D('',#1758,#1759,#1760);
#1762=PLANE('',#1761);
#1763=POLY_LOOP('',(#101,#125,#126));
#1764=FACE_OUTER_BOUND('',#1763,.T.);
#1765=FACE_SURFACE('',(#1764),#1762,.T.);
#1766=CARTESIAN_POINT('',(2.551835,9.848101,3.6));
#1767=DIRECTION('',(0.,0.,1.));
#1768=DIRECTION('',(0.989176,0.146731,0.));
#1769=AXIS2_PLACEMENT_3D('',#1766,#1767,#1768);
#1770=PLANE('',#1769);
#1771=POLY_LOOP('',(#123,#124,#126));
#1772=FACE_OUTER_BOUND('',#1771,.T.);
#1773=FACE_SURFACE('',(#1772),#1770,.T.);
#1774=CARTESIAN_POINT('',(3.108722,9.987594,3.52));
#1775=DIRECTION('',(-0.146731,0.989176,0.));
#1776=DIRECTION('',(0.97971,0.145327,0.138017));
#1777=AXIS2_PLACEMENT_3D('',#1774,#1775,#1776);
#1778=PLANE('',#1777);
#1779=POLY_LOOP('',(#101,#126,#117));
#1780=FACE_OUTER_BOUND('',#1779,.T.);
#1781=FACE_SURFACE('',(#1780),#1778,.T.);
#1782=CARTESIAN_POINT('',(3.833427,8.479535,0.));
#1783=DIRECTION('',(-0.044679,0.909457,-0.41339));
#1784=DIRECTION('',(-0.04056,0.41181,0.910366));
#1785=AXIS2_PLACEMENT_3D('',#1782,#1783,#1784);
#1786=PLANE('',#1785);
#1787=POLY_LOOP('',(#102,#117,#105));
#1788=FACE_OUTER_BOUND('',#1787,.T.);
#1789=FACE_SURFACE('',(#1788),#1786,.T.);
#1790=CARTESIAN_POINT('',(4.25,8.5,0.));
#1791=DIRECTION('',(0.,0.910366,-0.413803));
#1792=DIRECTION('',(0.,0.413803,0.910366));
#1793=AXIS2_PLACEMENT_3D('',#1790,#1791,#1792);
#1794=PLANE('',#1793);
#1795=POLY_LOOP('',(#94,#105,#106));
#1796=FACE_OUTER_BOUND('',#1795,.T.);
#1797=FACE_SURFACE('',(#1796),#1794,.T.);
#1798=CARTESIAN_POINT('',(-1.6,4.25,3.6));
#1799=DIRECTION('',(0.,0.,1.));
#1800=DIRECTION('',(0.937136,0.348965,0.));
#1801=AXIS2_PLACEMENT_3D('',#1798,#1799,#1800);
#1802=PLANE('',#1801);
#1803=POLY_LOOP('',(#64,#127,#115));
#1804=FACE_OUTER_BOUND('',#1803,.T.);
#1805=FACE_SURFACE('',(#1804),#1802,.T.);
#1806=CARTESIAN_POINT('',(3.6766,10.071831,3.52));
#1807=DIRECTION('',(-0.049068,0.998795,0.));
#1808=DIRECTION('',(0.,0.,1.));
#1809=AXIS2_PLACEMENT_3D('',#1806,#1807,#1808);
#1810=PLANE('',#1809);
#1811=POLY_LOOP('',(#117,#126,#105));
#1812=FACE_OUTER_BOUND('',#1811,.T.);
#1813=FACE_SURFACE('',(#1812),#1810,.T.);
#1814=CARTESIAN_POINT('',(3.6766,10.071831,3.6));
#1815=DIRECTION('',(-0.049068,0.998795,0.));
#1816=DIRECTION('',(0.998795,0.049068,0.));
#1817=AXIS2_PLACEMENT_3D('',#1814,#1815,#1816);
#1818=PLANE('',#1817);
#1819=POLY_LOOP('',(#126,#124,#105));
#1820=FACE_OUTER_BOUND('',#1819,.T.);
#1821=FACE_SURFACE('',(#1820),#1818,.T.);
#1822=CARTESIAN_POINT('',(2.011302,9.654696,3.6));
#1823=DIRECTION('',(0.,0.,1.));
#1824=DIRECTION('',(0.999323,0.036781,0.));
#1825=AXIS2_PLACEMENT_3D('',#1822,#1823,#1824);
#1826=PLANE('',#1825);
#1827=POLY_LOOP('',(#115,#127,#124));
#1828=FACE_OUTER_BOUND('',#1827,.T.);
#1829=FACE_SURFACE('',(#1828),#1826,.T.);
#1830=CARTESIAN_POINT('',(4.25,10.1,3.52));
#1831=DIRECTION('',(0.,1.,0.));
#1832=DIRECTION('',(0.,0.,1.));
#1833=AXIS2_PLACEMENT_3D('',#1830,#1831,#1832);
#1834=PLANE('',#1833);
#1835=POLY_LOOP('',(#105,#124,#106));
#1836=FACE_OUTER_BOUND('',#1835,.T.);
#1837=FACE_SURFACE('',(#1836),#1834,.T.);
#1838=CARTESIAN_POINT('',(14.11,0.,0.));
#1839=DIRECTION('',(0.,-0.910366,-0.413803));
#1840=DIRECTION('',(-0.999091,-0.017644,0.038817));
#1841=AXIS2_PLACEMENT_3D('',#1838,#1839,#1840);
#1842=PLANE('',#1841);
#1843=POLY_LOOP('',(#128,#52,#129));
#1844=FACE_OUTER_BOUND('',#1843,.T.);
#1845=FACE_SURFACE('',(#1844),#1842,.T.);
#1846=CARTESIAN_POINT('',(14.11,0.,0.));
#1847=DIRECTION('',(0.,0.,-1.));
#1848=DIRECTION('',(0.995185,0.098017,0.));
#1849=AXIS2_PLACEMENT_3D('',#1846,#1847,#1848);
#1850=PLANE('',#1849);
#1851=POLY_LOOP('',(#128,#130,#131));
#1852=FACE_OUTER_BOUND('',#1851,.T.);
#1853=FACE_SURFACE('',(#1852),#1850,.T.);
#1854=CARTESIAN_POINT('',(4.25,-1.6,3.52));
#1855=DIRECTION('',(0.,-0.910366,-0.413803));
#1856=DIRECTION('',(0.823402,0.234816,-0.516596));
#1857=AXIS2_PLACEMENT_3D('',#1854,#1855,#1856);
#1858=PLANE('',#1857);
#1859=POLY_LOOP('',(#51,#52,#128));
#1860=FACE_OUTER_BOUND('',#1859,.T.);
#1861=FACE_SURFACE('',(#1860),#1858,.T.);
#1862=CARTESIAN_POINT('',(14.11,0.,0.));
#1863=DIRECTION('',(0.044679,-0.909457,-0.41339));
#1864=DIRECTION('',(0.998795,0.049068,0.));
#1865=AXIS2_PLACEMENT_3D('',#1862,#1863,#1864);
#1866=PLANE('',#1865);
#1867=POLY_LOOP('',(#128,#131,#132));
#1868=FACE_OUTER_BOUND('',#1867,.T.);
#1869=FACE_SURFACE('',(#1868),#1866,.T.);
#1870=CARTESIAN_POINT('',(14.11,0.,0.));
#1871=DIRECTION('',(0.,0.,-1.));
#1872=DIRECTION('',(-1.,0.,0.));
#1873=AXIS2_PLACEMENT_3D('',#1870,#1871,#1872);
#1874=PLANE('',#1873);
#1875=POLY_LOOP('',(#128,#129,#133));
#1876=FACE_OUTER_BOUND('',#1875,.T.);
#1877=FACE_SURFACE('',(#1876),#1874,.T.);
#1878=CARTESIAN_POINT('',(14.11,0.,0.));
#1879=DIRECTION('',(0.,0.,-1.));
#1880=DIRECTION('',(-0.470319,0.882497,0.));
#1881=AXIS2_PLACEMENT_3D('',#1878,#1879,#1880);
#1882=PLANE('',#1881);
#1883=POLY_LOOP('',(#128,#133,#134));
#1884=FACE_OUTER_BOUND('',#1883,.T.);
#1885=FACE_SURFACE('',(#1884),#1882,.T.);
#1886=CARTESIAN_POINT('',(14.11,0.,0.));
#1887=DIRECTION('',(0.,0.,-1.));
#1888=DIRECTION('',(0.980785,0.19509,0.));
#1889=AXIS2_PLACEMENT_3D('',#1886,#1887,#1888);
#1890=PLANE('',#1889);
#1891=POLY_LOOP('',(#128,#135,#130));
#1892=FACE_OUTER_BOUND('',#1891,.T.);
#1893=FACE_SURFACE('',(#1892),#1890,.T.);
#1894=CARTESIAN_POINT('',(14.939134,0.081663,0.));
#1895=DIRECTION('',(0.,0.,-1.));
#1896=DIRECTION('',(0.95694,0.290285,0.));
#1897=AXIS2_PLACEMENT_3D('',#1894,#1895,#1896);
#1898=PLANE('',#1897);
#1899=POLY_LOOP('',(#130,#135,#136));
#1900=FACE_OUTER_BOUND('',#1899,.T.);
#1901=FACE_SURFACE('',(#1900),#1898,.T.);
#1902=CARTESIAN_POINT('',(14.11,0.,0.));
#1903=DIRECTION('',(0.,0.,-1.));
#1904=DIRECTION('',(0.903989,0.427555,0.));
#1905=AXIS2_PLACEMENT_3D('',#1902,#1903,#1904);
#1906=PLANE('',#1905);
#1907=POLY_LOOP('',(#128,#134,#135));
#1908=FACE_OUTER_BOUND('',#1907,.T.);
#1909=FACE_SURFACE('',(#1908),#1906,.T.);
#1910=CARTESIAN_POINT('',(15.736404,0.323512,0.));
#1911=DIRECTION('',(0.,0.,-1.));
#1912=DIRECTION('',(0.857729,0.514103,0.));
#1913=AXIS2_PLACEMENT_3D('',#1910,#1911,#1912);
#1914=PLANE('',#1913);
#1915=POLY_LOOP('',(#135,#137,#138));
#1916=FACE_OUTER_BOUND('',#1915,.T.);
#1917=FACE_SURFACE('',(#1916),#1914,.T.);
#1918=CARTESIAN_POINT('',(16.113436,0.501835,0.));
#1919=DIRECTION('',(0.,0.,-1.));
#1920=DIRECTION('',(0.83147,0.55557,0.));
#1921=AXIS2_PLACEMENT_3D('',#1918,#1919,#1920);
#1922=PLANE('',#1921);
#1923=POLY_LOOP('',(#138,#137,#139));
#1924=FACE_OUTER_BOUND('',#1923,.T.);
#1925=FACE_SURFACE('',(#1924),#1922,.T.);
#1926=CARTESIAN_POINT('',(15.736404,0.323512,0.));
#1927=DIRECTION('',(0.,0.,-1.));
#1928=DIRECTION('',(0.803208,0.595699,0.));
#1929=AXIS2_PLACEMENT_3D('',#1926,#1927,#1928);
#1930=PLANE('',#1929);
#1931=POLY_LOOP('',(#135,#134,#137));
#1932=FACE_OUTER_BOUND('',#1931,.T.);
#1933=FACE_SURFACE('',(#1932),#1930,.T.);
#1934=CARTESIAN_POINT('',(16.806171,0.964706,0.));
#1935=DIRECTION('',(0.,0.,-1.));
#1936=DIRECTION('',(0.707107,0.707107,0.));
#1937=AXIS2_PLACEMENT_3D('',#1934,#1935,#1936);
#1938=PLANE('',#1937);
#1939=POLY_LOOP('',(#137,#134,#140));
#1940=FACE_OUTER_BOUND('',#1939,.T.);
#1941=FACE_SURFACE('',(#1940),#1938,.T.);
#1942=CARTESIAN_POINT('',(14.526573,0.020465,0.));
#1943=DIRECTION('',(0.133606,-0.900699,-0.41339));
#1944=DIRECTION('',(0.989176,0.146731,0.));
#1945=AXIS2_PLACEMENT_3D('',#1942,#1943,#1944);
#1946=PLANE('',#1945);
#1947=POLY_LOOP('',(#131,#130,#132));
#1948=FACE_OUTER_BOUND('',#1947,.T.);
#1949=FACE_SURFACE('',(#1948),#1946,.T.);
#1950=CARTESIAN_POINT('',(14.939134,0.081663,0.));
#1951=DIRECTION('',(0.221246,-0.883266,-0.41339));
#1952=DIRECTION('',(0.970031,0.24298,0.));
#1953=AXIS2_PLACEMENT_3D('',#1950,#1951,#1952);
#1954=PLANE('',#1953);
#1955=POLY_LOOP('',(#130,#136,#141));
#1956=FACE_OUTER_BOUND('',#1955,.T.);
#1957=FACE_SURFACE('',(#1956),#1954,.T.);
#1958=CARTESIAN_POINT('',(15.34371,0.183004,0.));
#1959=DIRECTION('',(0.306757,-0.857327,-0.41339));
#1960=DIRECTION('',(0.941544,0.33689,0.));
#1961=AXIS2_PLACEMENT_3D('',#1958,#1959,#1960);
#1962=PLANE('',#1961);
#1963=POLY_LOOP('',(#136,#135,#141));
#1964=FACE_OUTER_BOUND('',#1963,.T.);
#1965=FACE_SURFACE('',(#1964),#1962,.T.);
#1966=CARTESIAN_POINT('',(15.736404,0.323512,0.));
#1967=DIRECTION('',(0.389312,-0.823131,-0.41339));
#1968=DIRECTION('',(0.903989,0.427555,0.));
#1969=AXIS2_PLACEMENT_3D('',#1966,#1967,#1968);
#1970=PLANE('',#1969);
#1971=POLY_LOOP('',(#135,#138,#142));
#1972=FACE_OUTER_BOUND('',#1971,.T.);
#1973=FACE_SURFACE('',(#1972),#1970,.T.);
#1974=CARTESIAN_POINT('',(16.113436,0.501835,0.));
#1975=DIRECTION('',(0.468117,-0.781009,-0.41339));
#1976=DIRECTION('',(0.857729,0.514102,0.));
#1977=AXIS2_PLACEMENT_3D('',#1974,#1975,#1976);
#1978=PLANE('',#1977);
#1979=POLY_LOOP('',(#138,#139,#143));
#1980=FACE_OUTER_BOUND('',#1979,.T.);
#1981=FACE_SURFACE('',(#1980),#1978,.T.);
#1982=CARTESIAN_POINT('',(16.471174,0.716254,0.));
#1983=DIRECTION('',(0.542417,-0.731363,-0.41339));
#1984=DIRECTION('',(0.803207,0.5957,0.));
#1985=AXIS2_PLACEMENT_3D('',#1982,#1983,#1984);
#1986=PLANE('',#1985);
#1987=POLY_LOOP('',(#139,#137,#143));
#1988=FACE_OUTER_BOUND('',#1987,.T.);
#1989=FACE_SURFACE('',(#1988),#1986,.T.);
#1990=CARTESIAN_POINT('',(16.806171,0.964706,0.));
#1991=DIRECTION('',(0.611491,-0.674676,-0.41339));
#1992=DIRECTION('',(0.740951,0.671559,0.));
#1993=AXIS2_PLACEMENT_3D('',#1990,#1991,#1992);
#1994=PLANE('',#1993);
#1995=POLY_LOOP('',(#137,#140,#144));
#1996=FACE_OUTER_BOUND('',#1995,.T.);
#1997=FACE_SURFACE('',(#1996),#1994,.T.);
#1998=CARTESIAN_POINT('',(17.115204,1.244796,0.));
#1999=DIRECTION('',(0.674677,-0.61149,-0.41339));
#2000=DIRECTION('',(0.671559,0.740952,0.));
#2001=AXIS2_PLACEMENT_3D('',#1998,#1999,#2000);
#2002=PLANE('',#2001);
#2003=POLY_LOOP('',(#140,#134,#145));
#2004=FACE_OUTER_BOUND('',#2003,.T.);
#2005=FACE_SURFACE('',(#2004),#2002,.T.);
#2006=CARTESIAN_POINT('',(17.395294,1.553829,0.));
#2007=DIRECTION('',(0.,0.,-1.));
#2008=DIRECTION('',(0.555571,0.831469,0.));
#2009=AXIS2_PLACEMENT_3D('',#2006,#2007,#2008);
#2010=PLANE('',#2009);
#2011=POLY_LOOP('',(#134,#146,#147));
#2012=FACE_OUTER_BOUND('',#2011,.T.);
#2013=FACE_SURFACE('',(#2012),#2010,.T.);
#2014=CARTESIAN_POINT('',(17.858166,2.246564,0.));
#2015=DIRECTION('',(0.,0.,-1.));
#2016=DIRECTION('',(0.382683,0.92388,0.));
#2017=AXIS2_PLACEMENT_3D('',#2014,#2015,#2016);
#2018=PLANE('',#2017);
#2019=POLY_LOOP('',(#146,#148,#149));
#2020=FACE_OUTER_BOUND('',#2019,.T.);
#2021=FACE_SURFACE('',(#2020),#2018,.T.);
#2022=CARTESIAN_POINT('',(17.395294,1.553829,0.));
#2023=DIRECTION('',(0.,0.,-1.));
#2024=DIRECTION('',(0.24298,0.970031,0.));
#2025=AXIS2_PLACEMENT_3D('',#2022,#2023,#2024);
#2026=PLANE('',#2025);
#2027=POLY_LOOP('',(#134,#150,#146));
#2028=FACE_OUTER_BOUND('',#2027,.T.);
#2029=FACE_SURFACE('',(#2028),#2026,.T.);
#2030=CARTESIAN_POINT('',(17.858166,2.246564,0.));
#2031=DIRECTION('',(0.,0.,-1.));
#2032=DIRECTION('',(0.33689,0.941544,0.));
#2033=AXIS2_PLACEMENT_3D('',#2030,#2031,#2032);
#2034=PLANE('',#2033);
#2035=POLY_LOOP('',(#146,#151,#148));
#2036=FACE_OUTER_BOUND('',#2035,.T.);
#2037=FACE_SURFACE('',(#2036),#2034,.T.);
#2038=CARTESIAN_POINT('',(17.858166,2.246564,0.));
#2039=DIRECTION('',(0.,0.,-1.));
#2040=DIRECTION('',(0.14673,0.989177,0.));
#2041=AXIS2_PLACEMENT_3D('',#2038,#2039,#2040);
#2042=PLANE('',#2041);
#2043=POLY_LOOP('',(#146,#150,#151));
#2044=FACE_OUTER_BOUND('',#2043,.T.);
#2045=FACE_SURFACE('',(#2044),#2042,.T.);
#2046=CARTESIAN_POINT('',(18.278337,3.420866,0.));
#2047=DIRECTION('',(0.,0.,-1.));
#2048=DIRECTION('',(0.049067,0.998795,0.));
#2049=AXIS2_PLACEMENT_3D('',#2046,#2047,#2048);
#2050=PLANE('',#2049);
#2051=POLY_LOOP('',(#151,#152,#153));
#2052=FACE_OUTER_BOUND('',#2051,.T.);
#2053=FACE_SURFACE('',(#2052),#2050,.T.);
#2054=CARTESIAN_POINT('',(17.395294,1.553829,0.));
#2055=DIRECTION('',(0.731364,-0.542416,-0.41339));
#2056=DIRECTION('',(0.595699,0.803208,0.));
#2057=AXIS2_PLACEMENT_3D('',#2054,#2055,#2056);
#2058=PLANE('',#2057);
#2059=POLY_LOOP('',(#134,#147,#154));
#2060=FACE_OUTER_BOUND('',#2059,.T.);
#2061=FACE_SURFACE('',(#2060),#2058,.T.);
#2062=CARTESIAN_POINT('',(17.643745,1.888826,0.));
#2063=DIRECTION('',(0.781008,-0.46812,-0.41339));
#2064=DIRECTION('',(0.514104,0.857728,0.));
#2065=AXIS2_PLACEMENT_3D('',#2062,#2063,#2064);
#2066=PLANE('',#2065);
#2067=POLY_LOOP('',(#147,#146,#155));
#2068=FACE_OUTER_BOUND('',#2067,.T.);
#2069=FACE_SURFACE('',(#2068),#2066,.T.);
#2070=CARTESIAN_POINT('',(17.858166,2.246564,0.));
#2071=DIRECTION('',(0.823132,-0.389311,-0.41339));
#2072=DIRECTION('',(0.427554,0.90399,0.));
#2073=AXIS2_PLACEMENT_3D('',#2070,#2071,#2072);
#2074=PLANE('',#2073);
#2075=POLY_LOOP('',(#146,#149,#156));
#2076=FACE_OUTER_BOUND('',#2075,.T.);
#2077=FACE_SURFACE('',(#2076),#2074,.T.);
#2078=CARTESIAN_POINT('',(18.036488,2.623595,0.));
#2079=DIRECTION('',(0.857327,-0.306757,-0.41339));
#2080=DIRECTION('',(0.33689,0.941544,0.));
#2081=AXIS2_PLACEMENT_3D('',#2078,#2079,#2080);
#2082=PLANE('',#2081);
#2083=POLY_LOOP('',(#149,#148,#156));
#2084=FACE_OUTER_BOUND('',#2083,.T.);
#2085=FACE_SURFACE('',(#2084),#2082,.T.);
#2086=CARTESIAN_POINT('',(18.176996,3.01629,0.));
#2087=DIRECTION('',(0.883266,-0.221247,-0.41339));
#2088=DIRECTION('',(0.242981,0.970031,0.));
#2089=AXIS2_PLACEMENT_3D('',#2086,#2087,#2088);
#2090=PLANE('',#2089);
#2091=POLY_LOOP('',(#148,#151,#157));
#2092=FACE_OUTER_BOUND('',#2091,.T.);
#2093=FACE_SURFACE('',(#2092),#2090,.T.);
#2094=CARTESIAN_POINT('',(18.278337,3.420866,0.));
#2095=DIRECTION('',(0.900699,-0.133605,-0.41339));
#2096=DIRECTION('',(0.14673,0.989177,0.));
#2097=AXIS2_PLACEMENT_3D('',#2094,#2095,#2096);
#2098=PLANE('',#2097);
#2099=POLY_LOOP('',(#151,#153,#158));
#2100=FACE_OUTER_BOUND('',#2099,.T.);
#2101=FACE_SURFACE('',(#2100),#2098,.T.);
#2102=CARTESIAN_POINT('',(18.339535,3.833427,0.));
#2103=DIRECTION('',(0.909457,-0.044681,-0.413389));
#2104=DIRECTION('',(0.04907,0.998795,0.));
#2105=AXIS2_PLACEMENT_3D('',#2102,#2103,#2104);
#2106=PLANE('',#2105);
#2107=POLY_LOOP('',(#153,#159,#160));
#2108=FACE_OUTER_BOUND('',#2107,.T.);
#2109=FACE_SURFACE('',(#2108),#2106,.T.);
#2110=CARTESIAN_POINT('',(4.25,-1.6,3.52));
#2111=DIRECTION('',(0.,-0.910366,-0.413803));
#2112=DIRECTION('',(0.930976,0.151071,-0.332357));
#2113=AXIS2_PLACEMENT_3D('',#2110,#2111,#2112);
#2114=PLANE('',#2113);
#2115=POLY_LOOP('',(#51,#128,#161));
#2116=FACE_OUTER_BOUND('',#2115,.T.);
#2117=FACE_SURFACE('',(#2116),#2114,.T.);
#2118=CARTESIAN_POINT('',(14.11,0.,0.));
#2119=DIRECTION('',(0.044679,-0.909457,-0.41339));
#2120=DIRECTION('',(0.147123,-0.403301,0.903163));
#2121=AXIS2_PLACEMENT_3D('',#2118,#2119,#2120);
#2122=PLANE('',#2121);
#2123=POLY_LOOP('',(#128,#132,#161));
#2124=FACE_OUTER_BOUND('',#2123,.T.);
#2125=FACE_SURFACE('',(#2124),#2122,.T.);
#2126=CARTESIAN_POINT('',(4.25,-1.6,3.52));
#2127=DIRECTION('',(0.,-1.,0.));
#2128=DIRECTION('',(1.,0.,0.));
#2129=AXIS2_PLACEMENT_3D('',#2126,#2127,#2128);
#2130=PLANE('',#2129);
#2131=POLY_LOOP('',(#51,#161,#77));
#2132=FACE_OUTER_BOUND('',#2131,.T.);
#2133=FACE_SURFACE('',(#2132),#2130,.T.);
#2134=CARTESIAN_POINT('',(2.551835,-1.348101,3.6));
#2135=DIRECTION('',(0.,0.,1.));
#2136=DIRECTION('',(0.999763,-0.021789,0.));
#2137=AXIS2_PLACEMENT_3D('',#2134,#2135,#2136);
#2138=PLANE('',#2137);
#2139=POLY_LOOP('',(#60,#77,#76));
#2140=FACE_OUTER_BOUND('',#2139,.T.);
#2141=FACE_SURFACE('',(#2140),#2138,.T.);
#2142=CARTESIAN_POINT('',(14.11,-1.6,3.52));
#2143=DIRECTION('',(0.049068,-0.998795,0.));
#2144=DIRECTION('',(0.998795,0.049068,0.));
#2145=AXIS2_PLACEMENT_3D('',#2142,#2143,#2144);
#2146=PLANE('',#2145);
#2147=POLY_LOOP('',(#161,#132,#77));
#2148=FACE_OUTER_BOUND('',#2147,.T.);
#2149=FACE_SURFACE('',(#2148),#2146,.T.);
#2150=CARTESIAN_POINT('',(14.11,-1.6,3.6));
#2151=DIRECTION('',(0.049068,-0.998795,0.));
#2152=DIRECTION('',(0.989237,0.048598,-0.138017));
#2153=AXIS2_PLACEMENT_3D('',#2150,#2151,#2152);
#2154=PLANE('',#2153);
#2155=POLY_LOOP('',(#77,#132,#162));
#2156=FACE_OUTER_BOUND('',#2155,.T.);
#2157=FACE_SURFACE('',(#2156),#2154,.T.);
#2158=CARTESIAN_POINT('',(14.939134,0.081663,0.));
#2159=DIRECTION('',(0.133606,-0.900699,-0.41339));
#2160=DIRECTION('',(0.080729,-0.405852,0.910366));
#2161=AXIS2_PLACEMENT_3D('',#2158,#2159,#2160);
#2162=PLANE('',#2161);
#2163=POLY_LOOP('',(#130,#163,#132));
#2164=FACE_OUTER_BOUND('',#2163,.T.);
#2165=FACE_SURFACE('',(#2164),#2162,.T.);
#2166=CARTESIAN_POINT('',(14.939134,0.081663,0.));
#2167=DIRECTION('',(0.221246,-0.883266,-0.41339));
#2168=DIRECTION('',(0.222977,-0.366849,0.903163));
#2169=AXIS2_PLACEMENT_3D('',#2166,#2167,#2168);
#2170=PLANE('',#2169);
#2171=POLY_LOOP('',(#130,#141,#163));
#2172=FACE_OUTER_BOUND('',#2171,.T.);
#2173=FACE_SURFACE('',(#2172),#2170,.T.);
#2174=CARTESIAN_POINT('',(15.736404,0.323512,0.));
#2175=DIRECTION('',(0.306757,-0.857327,-0.41339));
#2176=DIRECTION('',(0.158355,-0.382304,0.910366));
#2177=AXIS2_PLACEMENT_3D('',#2174,#2175,#2176);
#2178=PLANE('',#2177);
#2179=POLY_LOOP('',(#135,#164,#141));
#2180=FACE_OUTER_BOUND('',#2179,.T.);
#2181=FACE_SURFACE('',(#2180),#2178,.T.);
#2182=CARTESIAN_POINT('',(15.736404,0.323512,0.));
#2183=DIRECTION('',(0.389312,-0.823131,-0.41339));
#2184=DIRECTION('',(0.290261,-0.3163,0.903163));
#2185=AXIS2_PLACEMENT_3D('',#2182,#2183,#2184);
#2186=PLANE('',#2185);
#2187=POLY_LOOP('',(#135,#142,#164));
#2188=FACE_OUTER_BOUND('',#2187,.T.);
#2189=FACE_SURFACE('',(#2188),#2186,.T.);
#2190=CARTESIAN_POINT('',(16.113436,0.501835,0.));
#2191=DIRECTION('',(0.468117,-0.781009,-0.41339));
#2192=DIRECTION('',(0.319866,-0.286326,0.903163));
#2193=AXIS2_PLACEMENT_3D('',#2190,#2191,#2192);
#2194=PLANE('',#2193);
#2195=POLY_LOOP('',(#138,#143,#142));
#2196=FACE_OUTER_BOUND('',#2195,.T.);
#2197=FACE_SURFACE('',(#2196),#2194,.T.);
#2198=CARTESIAN_POINT('',(16.806171,0.964706,0.));
#2199=DIRECTION('',(0.542416,-0.731364,-0.41339));
#2200=DIRECTION('',(0.262514,-0.319874,0.910366));
#2201=AXIS2_PLACEMENT_3D('',#2198,#2199,#2200);
#2202=PLANE('',#2201);
#2203=POLY_LOOP('',(#137,#144,#143));
#2204=FACE_OUTER_BOUND('',#2203,.T.);
#2205=FACE_SURFACE('',(#2204),#2202,.T.);
#2206=CARTESIAN_POINT('',(17.115204,1.244796,0.));
#2207=DIRECTION('',(0.611492,-0.674676,-0.41339));
#2208=DIRECTION('',(0.292603,-0.292603,0.910366));
#2209=AXIS2_PLACEMENT_3D('',#2206,#2207,#2208);
#2210=PLANE('',#2209);
#2211=POLY_LOOP('',(#140,#145,#144));
#2212=FACE_OUTER_BOUND('',#2211,.T.);
#2213=FACE_SURFACE('',(#2212),#2210,.T.);
#2214=CARTESIAN_POINT('',(17.395294,1.553829,0.));
#2215=DIRECTION('',(0.674676,-0.611491,-0.41339));
#2216=DIRECTION('',(0.319874,-0.262514,0.910366));
#2217=AXIS2_PLACEMENT_3D('',#2214,#2215,#2216);
#2218=PLANE('',#2217);
#2219=POLY_LOOP('',(#134,#154,#145));
#2220=FACE_OUTER_BOUND('',#2219,.T.);
#2221=FACE_SURFACE('',(#2220),#2218,.T.);
#2222=CARTESIAN_POINT('',(17.643745,1.888826,0.));
#2223=DIRECTION('',(0.731364,-0.542416,-0.41339));
#2224=DIRECTION('',(0.344064,-0.229897,0.910367));
#2225=AXIS2_PLACEMENT_3D('',#2222,#2223,#2224);
#2226=PLANE('',#2225);
#2227=POLY_LOOP('',(#147,#165,#154));
#2228=FACE_OUTER_BOUND('',#2227,.T.);
#2229=FACE_SURFACE('',(#2228),#2226,.T.);
#2230=CARTESIAN_POINT('',(14.11,-1.6,3.6));
#2231=DIRECTION('',(0.,0.,1.));
#2232=DIRECTION('',(0.998795,0.049068,0.));
#2233=AXIS2_PLACEMENT_3D('',#2230,#2231,#2232);
#2234=PLANE('',#2233);
#2235=POLY_LOOP('',(#77,#162,#166));
#2236=FACE_OUTER_BOUND('',#2235,.T.);
#2237=FACE_SURFACE('',(#2236),#2234,.T.);
#2238=CARTESIAN_POINT('',(14.6834,-1.571831,3.52));
#2239=DIRECTION('',(0.146731,-0.989177,0.));
#2240=DIRECTION('',(0.97971,0.145326,0.138017));
#2241=AXIS2_PLACEMENT_3D('',#2238,#2239,#2240);
#2242=PLANE('',#2241);
#2243=POLY_LOOP('',(#132,#166,#162));
#2244=FACE_OUTER_BOUND('',#2243,.T.);
#2245=FACE_SURFACE('',(#2244),#2242,.T.);
#2246=CARTESIAN_POINT('',(14.6834,-1.571831,3.52));
#2247=DIRECTION('',(0.146731,-0.989177,0.));
#2248=DIRECTION('',(0.989177,0.146731,0.));
#2249=AXIS2_PLACEMENT_3D('',#2246,#2247,#2248);
#2250=PLANE('',#2249);
#2251=POLY_LOOP('',(#132,#163,#166));
#2252=FACE_OUTER_BOUND('',#2251,.T.);
#2253=FACE_SURFACE('',(#2252),#2250,.T.);
#2254=CARTESIAN_POINT('',(14.11,-1.6,3.6));
#2255=DIRECTION('',(0.,0.,1.));
#2256=DIRECTION('',(0.995185,0.098017,0.));
#2257=AXIS2_PLACEMENT_3D('',#2254,#2255,#2256);
#2258=PLANE('',#2257);
#2259=POLY_LOOP('',(#77,#166,#76));
#2260=FACE_OUTER_BOUND('',#2259,.T.);
#2261=FACE_SURFACE('',(#2260),#2258,.T.);
#2262=CARTESIAN_POINT('',(15.251278,-1.487594,3.52));
#2263=DIRECTION('',(0.24298,-0.970031,0.));
#2264=DIRECTION('',(0.970031,0.24298,0.));
#2265=AXIS2_PLACEMENT_3D('',#2262,#2263,#2264);
#2266=PLANE('',#2265);
#2267=POLY_LOOP('',(#163,#141,#166));
#2268=FACE_OUTER_BOUND('',#2267,.T.);
#2269=FACE_SURFACE('',(#2268),#2266,.T.);
#2270=CARTESIAN_POINT('',(15.251278,-1.487594,3.6));
#2271=DIRECTION('',(0.24298,-0.970031,0.));
#2272=DIRECTION('',(0.960748,0.240654,-0.138017));
#2273=AXIS2_PLACEMENT_3D('',#2270,#2271,#2272);
#2274=PLANE('',#2273);
#2275=POLY_LOOP('',(#166,#141,#167));
#2276=FACE_OUTER_BOUND('',#2275,.T.);
#2277=FACE_SURFACE('',(#2276),#2274,.T.);
#2278=CARTESIAN_POINT('',(15.251278,-1.487594,3.6));
#2279=DIRECTION('',(0.,0.,1.));
#2280=DIRECTION('',(0.970031,0.24298,0.));
#2281=AXIS2_PLACEMENT_3D('',#2278,#2279,#2280);
#2282=PLANE('',#2281);
#2283=POLY_LOOP('',(#166,#167,#76));
#2284=FACE_OUTER_BOUND('',#2283,.T.);
#2285=FACE_SURFACE('',(#2284),#2282,.T.);
#2286=CARTESIAN_POINT('',(15.808166,-1.348101,3.52));
#2287=DIRECTION('',(0.33689,-0.941544,0.));
#2288=DIRECTION('',(0.941544,0.33689,0.));
#2289=AXIS2_PLACEMENT_3D('',#2286,#2287,#2288);
#2290=PLANE('',#2289);
#2291=POLY_LOOP('',(#141,#164,#167));
#2292=FACE_OUTER_BOUND('',#2291,.T.);
#2293=FACE_SURFACE('',(#2292),#2290,.T.);
#2294=CARTESIAN_POINT('',(15.808166,-1.348101,3.6));
#2295=DIRECTION('',(0.33689,-0.941544,0.));
#2296=DIRECTION('',(0.932533,0.333666,-0.138017));
#2297=AXIS2_PLACEMENT_3D('',#2294,#2295,#2296);
#2298=PLANE('',#2297);
#2299=POLY_LOOP('',(#167,#164,#76));
#2300=FACE_OUTER_BOUND('',#2299,.T.);
#2301=FACE_SURFACE('',(#2300),#2298,.T.);
#2302=CARTESIAN_POINT('',(16.348698,-1.154695,3.52));
#2303=DIRECTION('',(0.427555,-0.903989,0.));
#2304=DIRECTION('',(0.903989,0.427555,0.));
#2305=AXIS2_PLACEMENT_3D('',#2302,#2303,#2304);
#2306=PLANE('',#2305);
#2307=POLY_LOOP('',(#164,#142,#76));
#2308=FACE_OUTER_BOUND('',#2307,.T.);
#2309=FACE_SURFACE('',(#2308),#2306,.T.);
#2310=CARTESIAN_POINT('',(16.348698,-1.154695,3.6));
#2311=DIRECTION('',(0.427555,-0.903989,0.));
#2312=DIRECTION('',(0.895338,0.423464,-0.138017));
#2313=AXIS2_PLACEMENT_3D('',#2310,#2311,#2312);
#2314=PLANE('',#2313);
#2315=POLY_LOOP('',(#76,#142,#168));
#2316=FACE_OUTER_BOUND('',#2315,.T.);
#2317=FACE_SURFACE('',(#2316),#2314,.T.);
#2318=CARTESIAN_POINT('',(16.86767,-0.909239,3.52));
#2319=DIRECTION('',(0.514102,-0.857729,0.));
#2320=DIRECTION('',(0.849521,0.509182,0.138017));
#2321=AXIS2_PLACEMENT_3D('',#2318,#2319,#2320);
#2322=PLANE('',#2321);
#2323=POLY_LOOP('',(#142,#169,#168));
#2324=FACE_OUTER_BOUND('',#2323,.T.);
#2325=FACE_SURFACE('',(#2324),#2322,.T.);
#2326=CARTESIAN_POINT('',(16.348698,-1.154695,3.6));
#2327=DIRECTION('',(0.,0.,1.));
#2328=DIRECTION('',(0.903989,0.427555,0.));
#2329=AXIS2_PLACEMENT_3D('',#2326,#2327,#2328);
#2330=PLANE('',#2329);
#2331=POLY_LOOP('',(#76,#168,#170));
#2332=FACE_OUTER_BOUND('',#2331,.T.);
#2333=FACE_SURFACE('',(#2332),#2330,.T.);
#2334=CARTESIAN_POINT('',(16.86767,-0.909239,3.52));
#2335=DIRECTION('',(0.514102,-0.857729,0.));
#2336=DIRECTION('',(0.857729,0.514102,0.));
#2337=AXIS2_PLACEMENT_3D('',#2334,#2335,#2336);
#2338=PLANE('',#2337);
#2339=POLY_LOOP('',(#142,#143,#169));
#2340=FACE_OUTER_BOUND('',#2339,.T.);
#2341=FACE_SURFACE('',(#2340),#2338,.T.);
#2342=CARTESIAN_POINT('',(16.86767,-0.909239,3.6));
#2343=DIRECTION('',(0.,0.,1.));
#2344=DIRECTION('',(0.857729,0.514102,0.));
#2345=AXIS2_PLACEMENT_3D('',#2342,#2343,#2344);
#2346=PLANE('',#2345);
#2347=POLY_LOOP('',(#168,#169,#170));
#2348=FACE_OUTER_BOUND('',#2347,.T.);
#2349=FACE_SURFACE('',(#2348),#2346,.T.);
#2350=CARTESIAN_POINT('',(17.360086,-0.614097,3.52));
#2351=DIRECTION('',(0.595699,-0.803208,0.));
#2352=DIRECTION('',(0.803208,0.595699,0.));
#2353=AXIS2_PLACEMENT_3D('',#2350,#2351,#2352);
#2354=PLANE('',#2353);
#2355=POLY_LOOP('',(#143,#144,#169));
#2356=FACE_OUTER_BOUND('',#2355,.T.);
#2357=FACE_SURFACE('',(#2356),#2354,.T.);
#2358=CARTESIAN_POINT('',(17.360086,-0.614097,3.6));
#2359=DIRECTION('',(0.595699,-0.803208,0.));
#2360=DIRECTION('',(0.795521,0.589998,-0.138017));
#2361=AXIS2_PLACEMENT_3D('',#2358,#2359,#2360);
#2362=PLANE('',#2361);
#2363=POLY_LOOP('',(#169,#144,#170));
#2364=FACE_OUTER_BOUND('',#2363,.T.);
#2365=FACE_SURFACE('',(#2364),#2362,.T.);
#2366=CARTESIAN_POINT('',(16.348698,-1.154695,3.6));
#2367=DIRECTION('',(0.,0.,1.));
#2368=DIRECTION('',(0.857729,0.514102,0.));
#2369=AXIS2_PLACEMENT_3D('',#2366,#2367,#2368);
#2370=PLANE('',#2369);
#2371=POLY_LOOP('',(#76,#170,#171));
#2372=FACE_OUTER_BOUND('',#2371,.T.);
#2373=FACE_SURFACE('',(#2372),#2370,.T.);
#2374=CARTESIAN_POINT('',(17.821201,-0.272111,3.52));
#2375=DIRECTION('',(0.67156,-0.74095,0.));
#2376=DIRECTION('',(0.74095,0.67156,0.));
#2377=AXIS2_PLACEMENT_3D('',#2374,#2375,#2376);
#2378=PLANE('',#2377);
#2379=POLY_LOOP('',(#144,#145,#170));
#2380=FACE_OUTER_BOUND('',#2379,.T.);
#2381=FACE_SURFACE('',(#2380),#2378,.T.);
#2382=CARTESIAN_POINT('',(17.821201,-0.272111,3.6));
#2383=DIRECTION('',(0.67156,-0.74095,0.));
#2384=DIRECTION('',(0.733859,0.665133,-0.138017));
#2385=AXIS2_PLACEMENT_3D('',#2382,#2383,#2384);
#2386=PLANE('',#2385);
#2387=POLY_LOOP('',(#170,#145,#172));
#2388=FACE_OUTER_BOUND('',#2387,.T.);
#2389=FACE_SURFACE('',(#2388),#2386,.T.);
#2390=CARTESIAN_POINT('',(18.246574,0.113425,3.52));
#2391=DIRECTION('',(0.740951,-0.671559,0.));
#2392=DIRECTION('',(0.671559,0.740951,0.));
#2393=AXIS2_PLACEMENT_3D('',#2390,#2391,#2392);
#2394=PLANE('',#2393);
#2395=POLY_LOOP('',(#145,#154,#172));
#2396=FACE_OUTER_BOUND('',#2395,.T.);
#2397=FACE_SURFACE('',(#2396),#2394,.T.);
#2398=CARTESIAN_POINT('',(17.821201,-0.272111,3.6));
#2399=DIRECTION('',(0.,0.,1.));
#2400=DIRECTION('',(0.74095,0.67156,0.));
#2401=AXIS2_PLACEMENT_3D('',#2398,#2399,#2400);
#2402=PLANE('',#2401);
#2403=POLY_LOOP('',(#170,#172,#171));
#2404=FACE_OUTER_BOUND('',#2403,.T.);
#2405=FACE_SURFACE('',(#2404),#2402,.T.);
#2406=CARTESIAN_POINT('',(18.246574,0.113425,3.6));
#2407=DIRECTION('',(0.740951,-0.671559,0.));
#2408=DIRECTION('',(0.665132,0.73386,-0.138017));
#2409=AXIS2_PLACEMENT_3D('',#2406,#2407,#2408);
#2410=PLANE('',#2409);
#2411=POLY_LOOP('',(#172,#154,#173));
#2412=FACE_OUTER_BOUND('',#2411,.T.);
#2413=FACE_SURFACE('',(#2412),#2410,.T.);
#2414=CARTESIAN_POINT('',(18.246574,0.113425,3.6));
#2415=DIRECTION('',(0.,0.,1.));
#2416=DIRECTION('',(0.671559,0.740951,0.));
#2417=AXIS2_PLACEMENT_3D('',#2414,#2415,#2416);
#2418=PLANE('',#2417);
#2419=POLY_LOOP('',(#172,#173,#171));
#2420=FACE_OUTER_BOUND('',#2419,.T.);
#2421=FACE_SURFACE('',(#2420),#2418,.T.);
#2422=CARTESIAN_POINT('',(18.632111,0.538799,3.52));
#2423=DIRECTION('',(0.803208,-0.595699,0.));
#2424=DIRECTION('',(0.589998,0.795521,0.138017));
#2425=AXIS2_PLACEMENT_3D('',#2422,#2423,#2424);
#2426=PLANE('',#2425);
#2427=POLY_LOOP('',(#154,#171,#173));
#2428=FACE_OUTER_BOUND('',#2427,.T.);
#2429=FACE_SURFACE('',(#2428),#2426,.T.);
#2430=CARTESIAN_POINT('',(18.632111,0.538799,3.52));
#2431=DIRECTION('',(0.803208,-0.595699,0.));
#2432=DIRECTION('',(0.595699,0.803208,0.));
#2433=AXIS2_PLACEMENT_3D('',#2430,#2431,#2432);
#2434=PLANE('',#2433);
#2435=POLY_LOOP('',(#154,#165,#171));
#2436=FACE_OUTER_BOUND('',#2435,.T.);
#2437=FACE_SURFACE('',(#2436),#2434,.T.);
#2438=CARTESIAN_POINT('',(18.974096,0.999914,3.52));
#2439=DIRECTION('',(0.857728,-0.514104,0.));
#2440=DIRECTION('',(0.514104,0.857728,0.));
#2441=AXIS2_PLACEMENT_3D('',#2438,#2439,#2440);
#2442=PLANE('',#2441);
#2443=POLY_LOOP('',(#165,#155,#171));
#2444=FACE_OUTER_BOUND('',#2443,.T.);
#2445=FACE_SURFACE('',(#2444),#2442,.T.);
#2446=CARTESIAN_POINT('',(17.643745,1.888826,0.));
#2447=DIRECTION('',(0.781008,-0.46812,-0.41339));
#2448=DIRECTION('',(0.41707,-0.101733,0.903163));
#2449=AXIS2_PLACEMENT_3D('',#2446,#2447,#2448);
#2450=PLANE('',#2449);
#2451=POLY_LOOP('',(#147,#155,#165));
#2452=FACE_OUTER_BOUND('',#2451,.T.);
#2453=FACE_SURFACE('',(#2452),#2450,.T.);
#2454=CARTESIAN_POINT('',(17.858166,2.246564,0.));
#2455=DIRECTION('',(0.823131,-0.389313,-0.41339));
#2456=DIRECTION('',(0.425033,-0.060364,0.903163));
#2457=AXIS2_PLACEMENT_3D('',#2454,#2455,#2456);
#2458=PLANE('',#2457);
#2459=POLY_LOOP('',(#146,#156,#155));
#2460=FACE_OUTER_BOUND('',#2459,.T.);
#2461=FACE_SURFACE('',(#2460),#2458,.T.);
#2462=CARTESIAN_POINT('',(18.176996,3.01629,0.));
#2463=DIRECTION('',(0.857327,-0.306756,-0.41339));
#2464=DIRECTION('',(0.395985,-0.120121,0.910366));
#2465=AXIS2_PLACEMENT_3D('',#2462,#2463,#2464);
#2466=PLANE('',#2465);
#2467=POLY_LOOP('',(#148,#157,#156));
#2468=FACE_OUTER_BOUND('',#2467,.T.);
#2469=FACE_SURFACE('',(#2468),#2466,.T.);
#2470=CARTESIAN_POINT('',(18.278337,3.420866,0.));
#2471=DIRECTION('',(0.883266,-0.221245,-0.41339));
#2472=DIRECTION('',(0.405852,-0.080729,0.910367));
#2473=AXIS2_PLACEMENT_3D('',#2470,#2471,#2472);
#2474=PLANE('',#2473);
#2475=POLY_LOOP('',(#151,#174,#157));
#2476=FACE_OUTER_BOUND('',#2475,.T.);
#2477=FACE_SURFACE('',(#2476),#2474,.T.);
#2478=CARTESIAN_POINT('',(18.278337,3.420866,0.));
#2479=DIRECTION('',(0.900699,-0.133608,-0.41339));
#2480=DIRECTION('',(0.424254,0.065616,0.903163));
#2481=AXIS2_PLACEMENT_3D('',#2478,#2479,#2480);
#2482=PLANE('',#2481);
#2483=POLY_LOOP('',(#151,#158,#174));
#2484=FACE_OUTER_BOUND('',#2483,.T.);
#2485=FACE_SURFACE('',(#2484),#2482,.T.);
#2486=CARTESIAN_POINT('',(18.339535,3.833427,0.));
#2487=DIRECTION('',(0.909457,-0.044676,-0.41339));
#2488=DIRECTION('',(0.415779,0.106884,0.903163));
#2489=AXIS2_PLACEMENT_3D('',#2486,#2487,#2488);
#2490=PLANE('',#2489);
#2491=POLY_LOOP('',(#153,#160,#158));
#2492=FACE_OUTER_BOUND('',#2491,.T.);
#2493=FACE_SURFACE('',(#2492),#2490,.T.);
#2494=CARTESIAN_POINT('',(16.348698,-1.154695,3.6));
#2495=DIRECTION('',(0.,0.,1.));
#2496=DIRECTION('',(0.77301,0.634393,0.));
#2497=AXIS2_PLACEMENT_3D('',#2494,#2495,#2496);
#2498=PLANE('',#2497);
#2499=POLY_LOOP('',(#76,#171,#175));
#2500=FACE_OUTER_BOUND('',#2499,.T.);
#2501=FACE_SURFACE('',(#2500),#2498,.T.);
#2502=CARTESIAN_POINT('',(18.974096,0.999914,3.6));
#2503=DIRECTION('',(0.857728,-0.514104,0.));
#2504=DIRECTION('',(0.509184,0.849519,-0.138017));
#2505=AXIS2_PLACEMENT_3D('',#2502,#2503,#2504);
#2506=PLANE('',#2505);
#2507=POLY_LOOP('',(#171,#155,#176));
#2508=FACE_OUTER_BOUND('',#2507,.T.);
#2509=FACE_SURFACE('',(#2508),#2506,.T.);
#2510=CARTESIAN_POINT('',(19.269239,1.492329,3.52));
#2511=DIRECTION('',(0.903989,-0.427556,0.));
#2512=DIRECTION('',(0.427556,0.903989,0.));
#2513=AXIS2_PLACEMENT_3D('',#2510,#2511,#2512);
#2514=PLANE('',#2513);
#2515=POLY_LOOP('',(#155,#156,#176));
#2516=FACE_OUTER_BOUND('',#2515,.T.);
#2517=FACE_SURFACE('',(#2516),#2514,.T.);
#2518=CARTESIAN_POINT('',(18.974096,0.999914,3.6));
#2519=DIRECTION('',(0.,0.,1.));
#2520=DIRECTION('',(0.514104,0.857728,0.));
#2521=AXIS2_PLACEMENT_3D('',#2518,#2519,#2520);
#2522=PLANE('',#2521);
#2523=POLY_LOOP('',(#171,#176,#177));
#2524=FACE_OUTER_BOUND('',#2523,.T.);
#2525=FACE_SURFACE('',(#2524),#2522,.T.);
#2526=CARTESIAN_POINT('',(19.269239,1.492329,3.6));
#2527=DIRECTION('',(0.903989,-0.427556,0.));
#2528=DIRECTION('',(0.423464,0.895337,-0.138017));
#2529=AXIS2_PLACEMENT_3D('',#2526,#2527,#2528);
#2530=PLANE('',#2529);
#2531=POLY_LOOP('',(#176,#156,#178));
#2532=FACE_OUTER_BOUND('',#2531,.T.);
#2533=FACE_SURFACE('',(#2532),#2530,.T.);
#2534=CARTESIAN_POINT('',(19.269239,1.492329,3.6));
#2535=DIRECTION('',(0.,0.,1.));
#2536=DIRECTION('',(0.427556,0.903989,0.));
#2537=AXIS2_PLACEMENT_3D('',#2534,#2535,#2536);
#2538=PLANE('',#2537);
#2539=POLY_LOOP('',(#176,#178,#177));
#2540=FACE_OUTER_BOUND('',#2539,.T.);
#2541=FACE_SURFACE('',(#2540),#2538,.T.);
#2542=CARTESIAN_POINT('',(19.514696,2.011302,3.52));
#2543=DIRECTION('',(0.941544,-0.336889,0.));
#2544=DIRECTION('',(0.333665,0.932534,0.138017));
#2545=AXIS2_PLACEMENT_3D('',#2542,#2543,#2544);
#2546=PLANE('',#2545);
#2547=POLY_LOOP('',(#156,#177,#178));
#2548=FACE_OUTER_BOUND('',#2547,.T.);
#2549=FACE_SURFACE('',(#2548),#2546,.T.);
#2550=CARTESIAN_POINT('',(19.514696,2.011302,3.52));
#2551=DIRECTION('',(0.941544,-0.336889,0.));
#2552=DIRECTION('',(0.336889,0.941544,0.));
#2553=AXIS2_PLACEMENT_3D('',#2550,#2551,#2552);
#2554=PLANE('',#2553);
#2555=POLY_LOOP('',(#156,#157,#177));
#2556=FACE_OUTER_BOUND('',#2555,.T.);
#2557=FACE_SURFACE('',(#2556),#2554,.T.);
#2558=CARTESIAN_POINT('',(19.708101,2.551835,3.52));
#2559=DIRECTION('',(0.970032,-0.242979,0.));
#2560=DIRECTION('',(0.240653,0.960748,0.138017));
#2561=AXIS2_PLACEMENT_3D('',#2558,#2559,#2560);
#2562=PLANE('',#2561);
#2563=POLY_LOOP('',(#157,#179,#177));
#2564=FACE_OUTER_BOUND('',#2563,.T.);
#2565=FACE_SURFACE('',(#2564),#2562,.T.);
#2566=CARTESIAN_POINT('',(18.974096,0.999914,3.6));
#2567=DIRECTION('',(0.,0.,1.));
#2568=DIRECTION('',(0.427556,0.903989,0.));
#2569=AXIS2_PLACEMENT_3D('',#2566,#2567,#2568);
#2570=PLANE('',#2569);
#2571=POLY_LOOP('',(#171,#177,#175));
#2572=FACE_OUTER_BOUND('',#2571,.T.);
#2573=FACE_SURFACE('',(#2572),#2570,.T.);
#2574=CARTESIAN_POINT('',(19.708101,2.551835,3.52));
#2575=DIRECTION('',(0.970032,-0.242979,0.));
#2576=DIRECTION('',(0.242979,0.970032,0.));
#2577=AXIS2_PLACEMENT_3D('',#2574,#2575,#2576);
#2578=PLANE('',#2577);
#2579=POLY_LOOP('',(#157,#174,#179));
#2580=FACE_OUTER_BOUND('',#2579,.T.);
#2581=FACE_SURFACE('',(#2580),#2578,.T.);
#2582=CARTESIAN_POINT('',(19.847593,3.108722,3.52));
#2583=DIRECTION('',(0.989176,-0.146733,0.));
#2584=DIRECTION('',(0.146733,0.989176,0.));
#2585=AXIS2_PLACEMENT_3D('',#2582,#2583,#2584);
#2586=PLANE('',#2585);
#2587=POLY_LOOP('',(#174,#158,#179));
#2588=FACE_OUTER_BOUND('',#2587,.T.);
#2589=FACE_SURFACE('',(#2588),#2586,.T.);
#2590=CARTESIAN_POINT('',(19.708101,2.551835,3.6));
#2591=DIRECTION('',(0.,0.,1.));
#2592=DIRECTION('',(0.242979,0.970032,0.));
#2593=AXIS2_PLACEMENT_3D('',#2590,#2591,#2592);
#2594=PLANE('',#2593);
#2595=POLY_LOOP('',(#177,#179,#180));
#2596=FACE_OUTER_BOUND('',#2595,.T.);
#2597=FACE_SURFACE('',(#2596),#2594,.T.);
#2598=CARTESIAN_POINT('',(19.847593,3.108722,3.6));
#2599=DIRECTION('',(0.989176,-0.146733,0.));
#2600=DIRECTION('',(0.145328,0.97971,-0.138017));
#2601=AXIS2_PLACEMENT_3D('',#2598,#2599,#2600);
#2602=PLANE('',#2601);
#2603=POLY_LOOP('',(#179,#158,#181));
#2604=FACE_OUTER_BOUND('',#2603,.T.);
#2605=FACE_SURFACE('',(#2604),#2602,.T.);
#2606=CARTESIAN_POINT('',(19.847593,3.108722,3.6));
#2607=DIRECTION('',(0.,0.,1.));
#2608=DIRECTION('',(0.146733,0.989176,0.));
#2609=AXIS2_PLACEMENT_3D('',#2606,#2607,#2608);
#2610=PLANE('',#2609);
#2611=POLY_LOOP('',(#179,#181,#180));
#2612=FACE_OUTER_BOUND('',#2611,.T.);
#2613=FACE_SURFACE('',(#2612),#2610,.T.);
#2614=CARTESIAN_POINT('',(19.931831,3.6766,3.52));
#2615=DIRECTION('',(0.998796,-0.049065,0.));
#2616=DIRECTION('',(0.048595,0.989237,0.138017));
#2617=AXIS2_PLACEMENT_3D('',#2614,#2615,#2616);
#2618=PLANE('',#2617);
#2619=POLY_LOOP('',(#158,#180,#181));
#2620=FACE_OUTER_BOUND('',#2619,.T.);
#2621=FACE_SURFACE('',(#2620),#2618,.T.);
#2622=CARTESIAN_POINT('',(19.931831,3.6766,3.52));
#2623=DIRECTION('',(0.998796,-0.049065,0.));
#2624=DIRECTION('',(0.049065,0.998796,0.));
#2625=AXIS2_PLACEMENT_3D('',#2622,#2623,#2624);
#2626=PLANE('',#2625);
#2627=POLY_LOOP('',(#158,#160,#180));
#2628=FACE_OUTER_BOUND('',#2627,.T.);
#2629=FACE_SURFACE('',(#2628),#2626,.T.);
#2630=CARTESIAN_POINT('',(19.708101,2.551835,3.6));
#2631=DIRECTION('',(0.,0.,1.));
#2632=DIRECTION('',(0.14673,0.989177,0.));
#2633=AXIS2_PLACEMENT_3D('',#2630,#2631,#2632);
#2634=PLANE('',#2633);
#2635=POLY_LOOP('',(#177,#180,#175));
#2636=FACE_OUTER_BOUND('',#2635,.T.);
#2637=FACE_SURFACE('',(#2636),#2634,.T.);
#2638=CARTESIAN_POINT('',(14.11,8.5,0.));
#2639=DIRECTION('',(0.,0.910367,-0.413803));
#2640=DIRECTION('',(-1.,0.,0.));
#2641=AXIS2_PLACEMENT_3D('',#2638,#2639,#2640);
#2642=PLANE('',#2641);
#2643=POLY_LOOP('',(#182,#133,#183));
#2644=FACE_OUTER_BOUND('',#2643,.T.);
#2645=FACE_SURFACE('',(#2644),#2642,.T.);
#2646=CARTESIAN_POINT('',(14.11,8.5,0.));
#2647=DIRECTION('',(0.,0.,-1.));
#2648=DIRECTION('',(0.995185,-0.098017,0.));
#2649=AXIS2_PLACEMENT_3D('',#2646,#2647,#2648);
#2650=PLANE('',#2649);
#2651=POLY_LOOP('',(#182,#184,#133));
#2652=FACE_OUTER_BOUND('',#2651,.T.);
#2653=FACE_SURFACE('',(#2652),#2650,.T.);
#2654=CARTESIAN_POINT('',(18.278337,5.079134,0.));
#2655=DIRECTION('',(0.,0.,-1.));
#2656=DIRECTION('',(-0.930618,0.365992,0.));
#2657=AXIS2_PLACEMENT_3D('',#2654,#2655,#2656);
#2658=PLANE('',#2657);
#2659=POLY_LOOP('',(#150,#133,#184));
#2660=FACE_OUTER_BOUND('',#2659,.T.);
#2661=FACE_SURFACE('',(#2660),#2658,.T.);
#2662=CARTESIAN_POINT('',(14.11,8.5,0.));
#2663=DIRECTION('',(0.,0.,-1.));
#2664=DIRECTION('',(0.998795,-0.049068,0.));
#2665=AXIS2_PLACEMENT_3D('',#2662,#2663,#2664);
#2666=PLANE('',#2665);
#2667=POLY_LOOP('',(#182,#185,#184));
#2668=FACE_OUTER_BOUND('',#2667,.T.);
#2669=FACE_SURFACE('',(#2668),#2666,.T.);
#2670=CARTESIAN_POINT('',(14.11,10.1,3.52));
#2671=DIRECTION('',(0.,0.910366,-0.413803));
#2672=DIRECTION('',(-0.776733,-0.260626,-0.573376));
#2673=AXIS2_PLACEMENT_3D('',#2670,#2671,#2672);
#2674=PLANE('',#2673);
#2675=POLY_LOOP('',(#106,#183,#104));
#2676=FACE_OUTER_BOUND('',#2675,.T.);
#2677=FACE_SURFACE('',(#2676),#2674,.T.);
#2678=CARTESIAN_POINT('',(14.11,8.5,0.));
#2679=DIRECTION('',(0.,0.910366,-0.413803));
#2680=DIRECTION('',(-0.999091,0.017644,0.038817));
#2681=AXIS2_PLACEMENT_3D('',#2678,#2679,#2680);
#2682=PLANE('',#2681);
#2683=POLY_LOOP('',(#182,#183,#106));
#2684=FACE_OUTER_BOUND('',#2683,.T.);
#2685=FACE_SURFACE('',(#2684),#2682,.T.);
#2686=CARTESIAN_POINT('',(14.11,8.5,0.));
#2687=DIRECTION('',(0.044679,0.909457,-0.41339));
#2688=DIRECTION('',(0.147123,0.403301,0.903163));
#2689=AXIS2_PLACEMENT_3D('',#2686,#2687,#2688);
#2690=PLANE('',#2689);
#2691=POLY_LOOP('',(#182,#186,#185));
#2692=FACE_OUTER_BOUND('',#2691,.T.);
#2693=FACE_SURFACE('',(#2692),#2690,.T.);
#2694=CARTESIAN_POINT('',(17.395294,1.553829,0.));
#2695=DIRECTION('',(0.,0.,-1.));
#2696=DIRECTION('',(-0.747445,0.664323,0.));
#2697=AXIS2_PLACEMENT_3D('',#2694,#2695,#2696);
#2698=PLANE('',#2697);
#2699=POLY_LOOP('',(#134,#133,#150));
#2700=FACE_OUTER_BOUND('',#2699,.T.);
#2701=FACE_SURFACE('',(#2700),#2698,.T.);
#2702=CARTESIAN_POINT('',(18.278337,5.079134,0.));
#2703=DIRECTION('',(0.,0.,-1.));
#2704=DIRECTION('',(-0.707107,0.707107,0.));
#2705=AXIS2_PLACEMENT_3D('',#2702,#2703,#2704);
#2706=PLANE('',#2705);
#2707=POLY_LOOP('',(#150,#184,#187));
#2708=FACE_OUTER_BOUND('',#2707,.T.);
#2709=FACE_SURFACE('',(#2708),#2706,.T.);
#2710=CARTESIAN_POINT('',(18.339535,3.833427,0.));
#2711=DIRECTION('',(0.,0.,-1.));
#2712=DIRECTION('',(0.,1.,0.));
#2713=AXIS2_PLACEMENT_3D('',#2710,#2711,#2712);
#2714=PLANE('',#2713);
#2715=POLY_LOOP('',(#153,#152,#159));
#2716=FACE_OUTER_BOUND('',#2715,.T.);
#2717=FACE_SURFACE('',(#2716),#2714,.T.);
#2718=CARTESIAN_POINT('',(18.278337,3.420866,0.));
#2719=DIRECTION('',(0.,0.,-1.));
#2720=DIRECTION('',(0.,1.,0.));
#2721=AXIS2_PLACEMENT_3D('',#2718,#2719,#2720);
#2722=PLANE('',#2721);
#2723=POLY_LOOP('',(#151,#150,#152));
#2724=FACE_OUTER_BOUND('',#2723,.T.);
#2725=FACE_SURFACE('',(#2724),#2722,.T.);
#2726=CARTESIAN_POINT('',(18.278337,5.079134,0.));
#2727=DIRECTION('',(0.,0.,-1.));
#2728=DIRECTION('',(-0.290285,0.95694,0.));
#2729=AXIS2_PLACEMENT_3D('',#2726,#2727,#2728);
#2730=PLANE('',#2729);
#2731=POLY_LOOP('',(#150,#188,#189));
#2732=FACE_OUTER_BOUND('',#2731,.T.);
#2733=FACE_SURFACE('',(#2732),#2730,.T.);
#2734=CARTESIAN_POINT('',(18.278337,5.079134,0.));
#2735=DIRECTION('',(0.,0.,-1.));
#2736=DIRECTION('',(-0.471397,0.881921,0.));
#2737=AXIS2_PLACEMENT_3D('',#2734,#2735,#2736);
#2738=PLANE('',#2737);
#2739=POLY_LOOP('',(#150,#187,#190));
#2740=FACE_OUTER_BOUND('',#2739,.T.);
#2741=FACE_SURFACE('',(#2740),#2738,.T.);
#2742=CARTESIAN_POINT('',(18.278337,5.079134,0.));
#2743=DIRECTION('',(0.,0.,-1.));
#2744=DIRECTION('',(-0.33689,0.941544,0.));
#2745=AXIS2_PLACEMENT_3D('',#2742,#2743,#2744);
#2746=PLANE('',#2745);
#2747=POLY_LOOP('',(#150,#190,#188));
#2748=FACE_OUTER_BOUND('',#2747,.T.);
#2749=FACE_SURFACE('',(#2748),#2746,.T.);
#2750=CARTESIAN_POINT('',(17.858166,6.253436,0.));
#2751=DIRECTION('',(0.,0.,-1.));
#2752=DIRECTION('',(-0.555571,0.831469,0.));
#2753=AXIS2_PLACEMENT_3D('',#2750,#2751,#2752);
#2754=PLANE('',#2753);
#2755=POLY_LOOP('',(#190,#191,#192));
#2756=FACE_OUTER_BOUND('',#2755,.T.);
#2757=FACE_SURFACE('',(#2756),#2754,.T.);
#2758=CARTESIAN_POINT('',(17.858166,6.253436,0.));
#2759=DIRECTION('',(0.,0.,-1.));
#2760=DIRECTION('',(-0.595699,0.803207,0.));
#2761=AXIS2_PLACEMENT_3D('',#2758,#2759,#2760);
#2762=PLANE('',#2761);
#2763=POLY_LOOP('',(#190,#187,#191));
#2764=FACE_OUTER_BOUND('',#2763,.T.);
#2765=FACE_SURFACE('',(#2764),#2762,.T.);
#2766=CARTESIAN_POINT('',(18.360001,4.25,0.));
#2767=DIRECTION('',(0.909457,0.044681,-0.413389));
#2768=DIRECTION('',(-0.04907,0.998795,0.));
#2769=AXIS2_PLACEMENT_3D('',#2766,#2767,#2768);
#2770=PLANE('',#2769);
#2771=POLY_LOOP('',(#159,#152,#160));
#2772=FACE_OUTER_BOUND('',#2771,.T.);
#2773=FACE_SURFACE('',(#2772),#2770,.T.);
#2774=CARTESIAN_POINT('',(18.339535,4.666573,0.));
#2775=DIRECTION('',(0.900699,0.133605,-0.41339));
#2776=DIRECTION('',(-0.14673,0.989177,0.));
#2777=AXIS2_PLACEMENT_3D('',#2774,#2775,#2776);
#2778=PLANE('',#2777);
#2779=POLY_LOOP('',(#152,#150,#193));
#2780=FACE_OUTER_BOUND('',#2779,.T.);
#2781=FACE_SURFACE('',(#2780),#2778,.T.);
#2782=CARTESIAN_POINT('',(18.278337,5.079134,0.));
#2783=DIRECTION('',(0.883266,0.221247,-0.41339));
#2784=DIRECTION('',(-0.242981,0.970031,0.));
#2785=AXIS2_PLACEMENT_3D('',#2782,#2783,#2784);
#2786=PLANE('',#2785);
#2787=POLY_LOOP('',(#150,#189,#194));
#2788=FACE_OUTER_BOUND('',#2787,.T.);
#2789=FACE_SURFACE('',(#2788),#2786,.T.);
#2790=CARTESIAN_POINT('',(17.858166,6.253436,0.));
#2791=DIRECTION('',(0.823132,0.389311,-0.41339));
#2792=DIRECTION('',(0.425033,0.060364,0.903163));
#2793=AXIS2_PLACEMENT_3D('',#2790,#2791,#2792);
#2794=PLANE('',#2793);
#2795=POLY_LOOP('',(#190,#195,#188));
#2796=FACE_OUTER_BOUND('',#2795,.T.);
#2797=FACE_SURFACE('',(#2796),#2794,.T.);
#2798=CARTESIAN_POINT('',(17.858166,6.253436,0.));
#2799=DIRECTION('',(0.781008,0.46812,-0.41339));
#2800=DIRECTION('',(-0.514104,0.857728,0.));
#2801=AXIS2_PLACEMENT_3D('',#2798,#2799,#2800);
#2802=PLANE('',#2801);
#2803=POLY_LOOP('',(#190,#192,#196));
#2804=FACE_OUTER_BOUND('',#2803,.T.);
#2805=FACE_SURFACE('',(#2804),#2802,.T.);
#2806=CARTESIAN_POINT('',(17.643745,6.611174,0.));
#2807=DIRECTION('',(0.731364,0.542417,-0.41339));
#2808=DIRECTION('',(-0.595699,0.803207,0.));
#2809=AXIS2_PLACEMENT_3D('',#2806,#2807,#2808);
#2810=PLANE('',#2809);
#2811=POLY_LOOP('',(#192,#191,#196));
#2812=FACE_OUTER_BOUND('',#2811,.T.);
#2813=FACE_SURFACE('',(#2812),#2810,.T.);
#2814=CARTESIAN_POINT('',(18.176996,5.48371,0.));
#2815=DIRECTION('',(0.857327,0.306757,-0.41339));
#2816=DIRECTION('',(-0.33689,0.941544,0.));
#2817=AXIS2_PLACEMENT_3D('',#2814,#2815,#2816);
#2818=PLANE('',#2817);
#2819=POLY_LOOP('',(#189,#188,#194));
#2820=FACE_OUTER_BOUND('',#2819,.T.);
#2821=FACE_SURFACE('',(#2820),#2818,.T.);
#2822=CARTESIAN_POINT('',(14.939134,8.418338,0.));
#2823=DIRECTION('',(0.,0.,-1.));
#2824=DIRECTION('',(0.970031,-0.242981,0.));
#2825=AXIS2_PLACEMENT_3D('',#2822,#2823,#2824);
#2826=PLANE('',#2825);
#2827=POLY_LOOP('',(#184,#197,#198));
#2828=FACE_OUTER_BOUND('',#2827,.T.);
#2829=FACE_SURFACE('',(#2828),#2826,.T.);
#2830=CARTESIAN_POINT('',(15.736404,8.176488,0.));
#2831=DIRECTION('',(0.,0.,-1.));
#2832=DIRECTION('',(0.903989,-0.427555,0.));
#2833=AXIS2_PLACEMENT_3D('',#2830,#2831,#2832);
#2834=PLANE('',#2833);
#2835=POLY_LOOP('',(#199,#198,#197));
#2836=FACE_OUTER_BOUND('',#2835,.T.);
#2837=FACE_SURFACE('',(#2836),#2834,.T.);
#2838=CARTESIAN_POINT('',(14.939134,8.418338,0.));
#2839=DIRECTION('',(0.,0.,-1.));
#2840=DIRECTION('',(0.941544,-0.33689,0.));
#2841=AXIS2_PLACEMENT_3D('',#2838,#2839,#2840);
#2842=PLANE('',#2841);
#2843=POLY_LOOP('',(#184,#198,#187));
#2844=FACE_OUTER_BOUND('',#2843,.T.);
#2845=FACE_SURFACE('',(#2844),#2842,.T.);
#2846=CARTESIAN_POINT('',(16.471174,7.783746,0.));
#2847=DIRECTION('',(0.,0.,-1.));
#2848=DIRECTION('',(0.803207,-0.5957,0.));
#2849=AXIS2_PLACEMENT_3D('',#2846,#2847,#2848);
#2850=PLANE('',#2849);
#2851=POLY_LOOP('',(#200,#201,#198));
#2852=FACE_OUTER_BOUND('',#2851,.T.);
#2853=FACE_SURFACE('',(#2852),#2850,.T.);
#2854=CARTESIAN_POINT('',(16.806171,7.535295,0.));
#2855=DIRECTION('',(0.,0.,-1.));
#2856=DIRECTION('',(0.740951,-0.671559,0.));
#2857=AXIS2_PLACEMENT_3D('',#2854,#2855,#2856);
#2858=PLANE('',#2857);
#2859=POLY_LOOP('',(#201,#187,#198));
#2860=FACE_OUTER_BOUND('',#2859,.T.);
#2861=FACE_SURFACE('',(#2860),#2858,.T.);
#2862=CARTESIAN_POINT('',(15.736404,8.176488,0.));
#2863=DIRECTION('',(0.389312,0.823131,-0.41339));
#2864=DIRECTION('',(0.158355,0.382304,0.910366));
#2865=AXIS2_PLACEMENT_3D('',#2862,#2863,#2864);
#2866=PLANE('',#2865);
#2867=POLY_LOOP('',(#199,#202,#198));
#2868=FACE_OUTER_BOUND('',#2867,.T.);
#2869=FACE_SURFACE('',(#2868),#2866,.T.);
#2870=CARTESIAN_POINT('',(16.471174,7.783746,0.));
#2871=DIRECTION('',(0.542417,0.731364,-0.41339));
#2872=DIRECTION('',(0.229897,0.344065,0.910366));
#2873=AXIS2_PLACEMENT_3D('',#2870,#2871,#2872);
#2874=PLANE('',#2873);
#2875=POLY_LOOP('',(#200,#203,#201));
#2876=FACE_OUTER_BOUND('',#2875,.T.);
#2877=FACE_SURFACE('',(#2876),#2874,.T.);
#2878=CARTESIAN_POINT('',(16.471174,7.783746,0.));
#2879=DIRECTION('',(0.468118,0.781009,-0.41339));
#2880=DIRECTION('',(-0.857729,0.514102,0.));
#2881=AXIS2_PLACEMENT_3D('',#2878,#2879,#2880);
#2882=PLANE('',#2881);
#2883=POLY_LOOP('',(#200,#198,#203));
#2884=FACE_OUTER_BOUND('',#2883,.T.);
#2885=FACE_SURFACE('',(#2884),#2882,.T.);
#2886=CARTESIAN_POINT('',(14.526573,8.479535,0.));
#2887=DIRECTION('',(0.133605,0.900699,-0.41339));
#2888=DIRECTION('',(0.04056,0.41181,0.910366));
#2889=AXIS2_PLACEMENT_3D('',#2886,#2887,#2888);
#2890=PLANE('',#2889);
#2891=POLY_LOOP('',(#185,#186,#184));
#2892=FACE_OUTER_BOUND('',#2891,.T.);
#2893=FACE_SURFACE('',(#2892),#2890,.T.);
#2894=CARTESIAN_POINT('',(14.939134,8.418338,0.));
#2895=DIRECTION('',(0.221247,0.883266,-0.41339));
#2896=DIRECTION('',(0.080729,0.405852,0.910367));
#2897=AXIS2_PLACEMENT_3D('',#2894,#2895,#2896);
#2898=PLANE('',#2897);
#2899=POLY_LOOP('',(#184,#204,#197));
#2900=FACE_OUTER_BOUND('',#2899,.T.);
#2901=FACE_SURFACE('',(#2900),#2898,.T.);
#2902=CARTESIAN_POINT('',(15.736404,8.176488,0.));
#2903=DIRECTION('',(0.306757,0.857327,-0.41339));
#2904=DIRECTION('',(-0.941544,0.336891,0.));
#2905=AXIS2_PLACEMENT_3D('',#2902,#2903,#2904);
#2906=PLANE('',#2905);
#2907=POLY_LOOP('',(#199,#197,#202));
#2908=FACE_OUTER_BOUND('',#2907,.T.);
#2909=FACE_SURFACE('',(#2908),#2906,.T.);
#2910=CARTESIAN_POINT('',(17.395294,6.946171,0.));
#2911=DIRECTION('',(0.674677,0.61149,-0.41339));
#2912=DIRECTION('',(-0.671559,0.740952,0.));
#2913=AXIS2_PLACEMENT_3D('',#2910,#2911,#2912);
#2914=PLANE('',#2913);
#2915=POLY_LOOP('',(#191,#187,#205));
#2916=FACE_OUTER_BOUND('',#2915,.T.);
#2917=FACE_SURFACE('',(#2916),#2914,.T.);
#2918=CARTESIAN_POINT('',(16.806171,7.535295,0.));
#2919=DIRECTION('',(0.611491,0.674676,-0.41339));
#2920=DIRECTION('',(0.369579,0.218422,0.903163));
#2921=AXIS2_PLACEMENT_3D('',#2918,#2919,#2920);
#2922=PLANE('',#2921);
#2923=POLY_LOOP('',(#201,#205,#187));
#2924=FACE_OUTER_BOUND('',#2923,.T.);
#2925=FACE_SURFACE('',(#2924),#2922,.T.);
#2926=CARTESIAN_POINT('',(-1.6,4.25,3.6));
#2927=DIRECTION('',(0.,0.,1.));
#2928=DIRECTION('',(0.957531,-0.288331,0.));
#2929=AXIS2_PLACEMENT_3D('',#2926,#2927,#2928);
#2930=PLANE('',#2929);
#2931=POLY_LOOP('',(#64,#76,#127));
#2932=FACE_OUTER_BOUND('',#2931,.T.);
#2933=FACE_SURFACE('',(#2932),#2930,.T.);
#2934=CARTESIAN_POINT('',(14.11,8.5,0.));
#2935=DIRECTION('',(0.044679,0.909457,-0.41339));
#2936=DIRECTION('',(0.,0.413803,0.910366));
#2937=AXIS2_PLACEMENT_3D('',#2934,#2935,#2936);
#2938=PLANE('',#2937);
#2939=POLY_LOOP('',(#182,#106,#186));
#2940=FACE_OUTER_BOUND('',#2939,.T.);
#2941=FACE_SURFACE('',(#2940),#2938,.T.);
#2942=CARTESIAN_POINT('',(4.25,10.1,3.6));
#2943=DIRECTION('',(0.,1.,0.));
#2944=DIRECTION('',(1.,0.,0.));
#2945=AXIS2_PLACEMENT_3D('',#2942,#2943,#2944);
#2946=PLANE('',#2945);
#2947=POLY_LOOP('',(#124,#127,#106));
#2948=FACE_OUTER_BOUND('',#2947,.T.);
#2949=FACE_SURFACE('',(#2948),#2946,.T.);
#2950=CARTESIAN_POINT('',(14.11,10.1,3.52));
#2951=DIRECTION('',(0.049068,0.998795,0.));
#2952=DIRECTION('',(0.,0.,1.));
#2953=AXIS2_PLACEMENT_3D('',#2950,#2951,#2952);
#2954=PLANE('',#2953);
#2955=POLY_LOOP('',(#106,#127,#186));
#2956=FACE_OUTER_BOUND('',#2955,.T.);
#2957=FACE_SURFACE('',(#2956),#2954,.T.);
#2958=CARTESIAN_POINT('',(14.11,10.1,3.6));
#2959=DIRECTION('',(0.049068,0.998795,0.));
#2960=DIRECTION('',(0.998795,-0.049068,0.));
#2961=AXIS2_PLACEMENT_3D('',#2958,#2959,#2960);
#2962=PLANE('',#2961);
#2963=POLY_LOOP('',(#127,#206,#186));
#2964=FACE_OUTER_BOUND('',#2963,.T.);
#2965=FACE_SURFACE('',(#2964),#2962,.T.);
#2966=CARTESIAN_POINT('',(18.339535,4.666573,0.));
#2967=DIRECTION('',(0.909457,0.044676,-0.41339));
#2968=DIRECTION('',(0.411811,0.04056,0.910366));
#2969=AXIS2_PLACEMENT_3D('',#2966,#2967,#2968);
#2970=PLANE('',#2969);
#2971=POLY_LOOP('',(#152,#193,#160));
#2972=FACE_OUTER_BOUND('',#2971,.T.);
#2973=FACE_SURFACE('',(#2972),#2970,.T.);
#2974=CARTESIAN_POINT('',(18.278337,5.079134,0.));
#2975=DIRECTION('',(0.883266,0.221245,-0.41339));
#2976=DIRECTION('',(0.366849,0.222976,0.903163));
#2977=AXIS2_PLACEMENT_3D('',#2974,#2975,#2976);
#2978=PLANE('',#2977);
#2979=POLY_LOOP('',(#150,#194,#207));
#2980=FACE_OUTER_BOUND('',#2979,.T.);
#2981=FACE_SURFACE('',(#2980),#2978,.T.);
#2982=CARTESIAN_POINT('',(18.278337,5.079134,0.));
#2983=DIRECTION('',(0.900699,0.133608,-0.41339));
#2984=DIRECTION('',(0.405852,0.080729,0.910367));
#2985=AXIS2_PLACEMENT_3D('',#2982,#2983,#2984);
#2986=PLANE('',#2985);
#2987=POLY_LOOP('',(#150,#207,#193));
#2988=FACE_OUTER_BOUND('',#2987,.T.);
#2989=FACE_SURFACE('',(#2988),#2986,.T.);
#2990=CARTESIAN_POINT('',(18.036488,5.876405,0.));
#2991=DIRECTION('',(0.857327,0.306756,-0.41339));
#2992=DIRECTION('',(0.382304,0.158355,0.910366));
#2993=AXIS2_PLACEMENT_3D('',#2990,#2991,#2992);
#2994=PLANE('',#2993);
#2995=POLY_LOOP('',(#188,#195,#194));
#2996=FACE_OUTER_BOUND('',#2995,.T.);
#2997=FACE_SURFACE('',(#2996),#2994,.T.);
#2998=CARTESIAN_POINT('',(17.858166,6.253436,0.));
#2999=DIRECTION('',(0.823131,0.389313,-0.41339));
#3000=DIRECTION('',(0.364942,0.195065,0.910367));
#3001=AXIS2_PLACEMENT_3D('',#2998,#2999,#3000);
#3002=PLANE('',#3001);
#3003=POLY_LOOP('',(#190,#208,#195));
#3004=FACE_OUTER_BOUND('',#3003,.T.);
#3005=FACE_SURFACE('',(#3004),#3002,.T.);
#3006=CARTESIAN_POINT('',(17.858166,6.253436,0.));
#3007=DIRECTION('',(0.781008,0.46812,-0.41339));
#3008=DIRECTION('',(0.286326,0.319866,0.903163));
#3009=AXIS2_PLACEMENT_3D('',#3006,#3007,#3008);
#3010=PLANE('',#3009);
#3011=POLY_LOOP('',(#190,#196,#208));
#3012=FACE_OUTER_BOUND('',#3011,.T.);
#3013=FACE_SURFACE('',(#3012),#3010,.T.);
#3014=CARTESIAN_POINT('',(16.348698,-1.154695,3.6));
#3015=DIRECTION('',(0.,0.,1.));
#3016=DIRECTION('',(0.471397,0.881921,0.));
#3017=AXIS2_PLACEMENT_3D('',#3014,#3015,#3016);
#3018=PLANE('',#3017);
#3019=POLY_LOOP('',(#76,#175,#127));
#3020=FACE_OUTER_BOUND('',#3019,.T.);
#3021=FACE_SURFACE('',(#3020),#3018,.T.);
#3022=CARTESIAN_POINT('',(19.959999,4.25,3.52));
#3023=DIRECTION('',(0.998796,0.049065,0.));
#3024=DIRECTION('',(-0.049065,0.998796,0.));
#3025=AXIS2_PLACEMENT_3D('',#3022,#3023,#3024);
#3026=PLANE('',#3025);
#3027=POLY_LOOP('',(#160,#193,#180));
#3028=FACE_OUTER_BOUND('',#3027,.T.);
#3029=FACE_SURFACE('',(#3028),#3026,.T.);
#3030=CARTESIAN_POINT('',(19.959999,4.25,3.6));
#3031=DIRECTION('',(0.998796,0.049065,0.));
#3032=DIRECTION('',(-0.048595,0.989237,-0.138017));
#3033=AXIS2_PLACEMENT_3D('',#3030,#3031,#3032);
#3034=PLANE('',#3033);
#3035=POLY_LOOP('',(#180,#193,#209));
#3036=FACE_OUTER_BOUND('',#3035,.T.);
#3037=FACE_SURFACE('',(#3036),#3034,.T.);
#3038=CARTESIAN_POINT('',(19.959999,4.25,3.6));
#3039=DIRECTION('',(0.,0.,1.));
#3040=DIRECTION('',(-0.049065,0.998796,0.));
#3041=AXIS2_PLACEMENT_3D('',#3038,#3039,#3040);
#3042=PLANE('',#3041);
#3043=POLY_LOOP('',(#180,#209,#175));
#3044=FACE_OUTER_BOUND('',#3043,.T.);
#3045=FACE_SURFACE('',(#3044),#3042,.T.);
#3046=CARTESIAN_POINT('',(19.931831,4.8234,3.52));
#3047=DIRECTION('',(0.989176,0.146733,0.));
#3048=DIRECTION('',(-0.145329,0.97971,0.138017));
#3049=AXIS2_PLACEMENT_3D('',#3046,#3047,#3048);
#3050=PLANE('',#3049);
#3051=POLY_LOOP('',(#193,#175,#209));
#3052=FACE_OUTER_BOUND('',#3051,.T.);
#3053=FACE_SURFACE('',(#3052),#3050,.T.);
#3054=CARTESIAN_POINT('',(19.931831,4.8234,3.52));
#3055=DIRECTION('',(0.989176,0.146733,0.));
#3056=DIRECTION('',(-0.146733,0.989176,0.));
#3057=AXIS2_PLACEMENT_3D('',#3054,#3055,#3056);
#3058=PLANE('',#3057);
#3059=POLY_LOOP('',(#193,#207,#175));
#3060=FACE_OUTER_BOUND('',#3059,.T.);
#3061=FACE_SURFACE('',(#3060),#3058,.T.);
#3062=CARTESIAN_POINT('',(19.847593,5.391278,3.52));
#3063=DIRECTION('',(0.970032,0.242979,0.));
#3064=DIRECTION('',(-0.242979,0.970032,0.));
#3065=AXIS2_PLACEMENT_3D('',#3062,#3063,#3064);
#3066=PLANE('',#3065);
#3067=POLY_LOOP('',(#207,#194,#175));
#3068=FACE_OUTER_BOUND('',#3067,.T.);
#3069=FACE_SURFACE('',(#3068),#3066,.T.);
#3070=CARTESIAN_POINT('',(19.847593,5.391278,3.6));
#3071=DIRECTION('',(0.970032,0.242979,0.));
#3072=DIRECTION('',(-0.240653,0.960748,-0.138017));
#3073=AXIS2_PLACEMENT_3D('',#3070,#3071,#3072);
#3074=PLANE('',#3073);
#3075=POLY_LOOP('',(#175,#194,#210));
#3076=FACE_OUTER_BOUND('',#3075,.T.);
#3077=FACE_SURFACE('',(#3076),#3074,.T.);
#3078=CARTESIAN_POINT('',(19.847593,5.391278,3.6));
#3079=DIRECTION('',(0.,0.,1.));
#3080=DIRECTION('',(-0.242979,0.970032,0.));
#3081=AXIS2_PLACEMENT_3D('',#3078,#3079,#3080);
#3082=PLANE('',#3081);
#3083=POLY_LOOP('',(#175,#210,#211));
#3084=FACE_OUTER_BOUND('',#3083,.T.);
#3085=FACE_SURFACE('',(#3084),#3082,.T.);
#3086=CARTESIAN_POINT('',(19.708101,5.948165,3.6));
#3087=DIRECTION('',(0.941544,0.336889,0.));
#3088=DIRECTION('',(-0.333665,0.932534,-0.138017));
#3089=AXIS2_PLACEMENT_3D('',#3086,#3087,#3088);
#3090=PLANE('',#3089);
#3091=POLY_LOOP('',(#210,#195,#212));
#3092=FACE_OUTER_BOUND('',#3091,.T.);
#3093=FACE_SURFACE('',(#3092),#3090,.T.);
#3094=CARTESIAN_POINT('',(19.708101,5.948165,3.52));
#3095=DIRECTION('',(0.941544,0.336889,0.));
#3096=DIRECTION('',(-0.336889,0.941544,0.));
#3097=AXIS2_PLACEMENT_3D('',#3094,#3095,#3096);
#3098=PLANE('',#3097);
#3099=POLY_LOOP('',(#194,#195,#210));
#3100=FACE_OUTER_BOUND('',#3099,.T.);
#3101=FACE_SURFACE('',(#3100),#3098,.T.);
#3102=CARTESIAN_POINT('',(19.847593,5.391278,3.6));
#3103=DIRECTION('',(0.,0.,1.));
#3104=DIRECTION('',(-0.33689,0.941544,0.));
#3105=AXIS2_PLACEMENT_3D('',#3102,#3103,#3104);
#3106=PLANE('',#3105);
#3107=POLY_LOOP('',(#175,#211,#213));
#3108=FACE_OUTER_BOUND('',#3107,.T.);
#3109=FACE_SURFACE('',(#3108),#3106,.T.);
#3110=CARTESIAN_POINT('',(19.269239,7.007671,3.52));
#3111=DIRECTION('',(0.857728,0.514104,0.));
#3112=DIRECTION('',(-0.514104,0.857728,0.));
#3113=AXIS2_PLACEMENT_3D('',#3110,#3111,#3112);
#3114=PLANE('',#3113);
#3115=POLY_LOOP('',(#208,#196,#211));
#3116=FACE_OUTER_BOUND('',#3115,.T.);
#3117=FACE_SURFACE('',(#3116),#3114,.T.);
#3118=CARTESIAN_POINT('',(19.708101,5.948165,3.6));
#3119=DIRECTION('',(0.,0.,1.));
#3120=DIRECTION('',(-0.336889,0.941544,0.));
#3121=AXIS2_PLACEMENT_3D('',#3118,#3119,#3120);
#3122=PLANE('',#3121);
#3123=POLY_LOOP('',(#210,#212,#211));
#3124=FACE_OUTER_BOUND('',#3123,.T.);
#3125=FACE_SURFACE('',(#3124),#3122,.T.);
#3126=CARTESIAN_POINT('',(19.269239,7.007671,3.6));
#3127=DIRECTION('',(0.903989,0.427556,0.));
#3128=DIRECTION('',(0.427556,-0.903989,0.));
#3129=AXIS2_PLACEMENT_3D('',#3126,#3127,#3128);
#3130=PLANE('',#3129);
#3131=POLY_LOOP('',(#211,#212,#195));
#3132=FACE_OUTER_BOUND('',#3131,.T.);
#3133=FACE_SURFACE('',(#3132),#3130,.T.);
#3134=CARTESIAN_POINT('',(19.269239,7.007671,3.52));
#3135=DIRECTION('',(0.903989,0.427556,0.));
#3136=DIRECTION('',(0.,0.,1.));
#3137=AXIS2_PLACEMENT_3D('',#3134,#3135,#3136);
#3138=PLANE('',#3137);
#3139=POLY_LOOP('',(#208,#211,#195));
#3140=FACE_OUTER_BOUND('',#3139,.T.);
#3141=FACE_SURFACE('',(#3140),#3138,.T.);
#3142=CARTESIAN_POINT('',(15.34371,8.316997,0.));
#3143=DIRECTION('',(0.306756,0.857327,-0.41339));
#3144=DIRECTION('',(0.120121,0.395985,0.910367));
#3145=AXIS2_PLACEMENT_3D('',#3142,#3143,#3144);
#3146=PLANE('',#3145);
#3147=POLY_LOOP('',(#197,#214,#202));
#3148=FACE_OUTER_BOUND('',#3147,.T.);
#3149=FACE_SURFACE('',(#3148),#3146,.T.);
#3150=CARTESIAN_POINT('',(14.939134,8.418338,0.));
#3151=DIRECTION('',(0.133607,0.900699,-0.41339));
#3152=DIRECTION('',(-0.065616,0.424254,0.903163));
#3153=AXIS2_PLACEMENT_3D('',#3150,#3151,#3152);
#3154=PLANE('',#3153);
#3155=POLY_LOOP('',(#184,#186,#204));
#3156=FACE_OUTER_BOUND('',#3155,.T.);
#3157=FACE_SURFACE('',(#3156),#3154,.T.);
#3158=CARTESIAN_POINT('',(15.34371,8.316997,0.));
#3159=DIRECTION('',(0.221246,0.883266,-0.41339));
#3160=DIRECTION('',(-0.023716,0.428642,0.903163));
#3161=AXIS2_PLACEMENT_3D('',#3158,#3159,#3160);
#3162=PLANE('',#3161);
#3163=POLY_LOOP('',(#197,#204,#214));
#3164=FACE_OUTER_BOUND('',#3163,.T.);
#3165=FACE_SURFACE('',(#3164),#3162,.T.);
#3166=CARTESIAN_POINT('',(16.113436,7.998166,0.));
#3167=DIRECTION('',(0.389312,0.823131,-0.41339));
#3168=DIRECTION('',(0.060364,0.425033,0.903163));
#3169=AXIS2_PLACEMENT_3D('',#3166,#3167,#3168);
#3170=PLANE('',#3169);
#3171=POLY_LOOP('',(#198,#202,#215));
#3172=FACE_OUTER_BOUND('',#3171,.T.);
#3173=FACE_SURFACE('',(#3172),#3170,.T.);
#3174=CARTESIAN_POINT('',(16.113436,7.998166,0.));
#3175=DIRECTION('',(0.468117,0.781009,-0.41339));
#3176=DIRECTION('',(0.195065,0.364942,0.910366));
#3177=AXIS2_PLACEMENT_3D('',#3174,#3175,#3176);
#3178=PLANE('',#3177);
#3179=POLY_LOOP('',(#198,#215,#203));
#3180=FACE_OUTER_BOUND('',#3179,.T.);
#3181=FACE_SURFACE('',(#3180),#3178,.T.);
#3182=CARTESIAN_POINT('',(17.395294,6.946171,0.));
#3183=DIRECTION('',(0.731364,0.542416,-0.41339));
#3184=DIRECTION('',(0.319874,0.262514,0.910366));
#3185=AXIS2_PLACEMENT_3D('',#3182,#3183,#3184);
#3186=PLANE('',#3185);
#3187=POLY_LOOP('',(#191,#216,#196));
#3188=FACE_OUTER_BOUND('',#3187,.T.);
#3189=FACE_SURFACE('',(#3188),#3186,.T.);
#3190=CARTESIAN_POINT('',(17.395294,6.946171,0.));
#3191=DIRECTION('',(0.674676,0.611491,-0.41339));
#3192=DIRECTION('',(0.218422,0.369579,0.903163));
#3193=AXIS2_PLACEMENT_3D('',#3190,#3191,#3192);
#3194=PLANE('',#3193);
#3195=POLY_LOOP('',(#191,#205,#216));
#3196=FACE_OUTER_BOUND('',#3195,.T.);
#3197=FACE_SURFACE('',(#3196),#3194,.T.);
#3198=CARTESIAN_POINT('',(16.806171,7.535295,0.));
#3199=DIRECTION('',(0.611491,0.674676,-0.41339));
#3200=DIRECTION('',(0.262514,0.319874,0.910366));
#3201=AXIS2_PLACEMENT_3D('',#3198,#3199,#3200);
#3202=PLANE('',#3201);
#3203=POLY_LOOP('',(#201,#217,#205));
#3204=FACE_OUTER_BOUND('',#3203,.T.);
#3205=FACE_SURFACE('',(#3204),#3202,.T.);
#3206=CARTESIAN_POINT('',(16.806171,7.535295,0.));
#3207=DIRECTION('',(0.542417,0.731364,-0.41339));
#3208=DIRECTION('',(0.142124,0.40509,0.903163));
#3209=AXIS2_PLACEMENT_3D('',#3206,#3207,#3208);
#3210=PLANE('',#3209);
#3211=POLY_LOOP('',(#201,#203,#217));
#3212=FACE_OUTER_BOUND('',#3211,.T.);
#3213=FACE_SURFACE('',(#3212),#3210,.T.);
#3214=CARTESIAN_POINT('',(14.11,10.1,3.6));
#3215=DIRECTION('',(0.,0.,1.));
#3216=DIRECTION('',(0.995185,-0.098018,0.));
#3217=AXIS2_PLACEMENT_3D('',#3214,#3215,#3216);
#3218=PLANE('',#3217);
#3219=POLY_LOOP('',(#127,#218,#206));
#3220=FACE_OUTER_BOUND('',#3219,.T.);
#3221=FACE_SURFACE('',(#3220),#3218,.T.);
#3222=CARTESIAN_POINT('',(14.6834,10.071831,3.52));
#3223=DIRECTION('',(0.146731,0.989176,0.));
#3224=DIRECTION('',(0.,0.,1.));
#3225=AXIS2_PLACEMENT_3D('',#3222,#3223,#3224);
#3226=PLANE('',#3225);
#3227=POLY_LOOP('',(#186,#206,#218));
#3228=FACE_OUTER_BOUND('',#3227,.T.);
#3229=FACE_SURFACE('',(#3228),#3226,.T.);
#3230=CARTESIAN_POINT('',(14.11,10.1,3.6));
#3231=DIRECTION('',(0.,0.,1.));
#3232=DIRECTION('',(0.980785,-0.19509,0.));
#3233=AXIS2_PLACEMENT_3D('',#3230,#3231,#3232);
#3234=PLANE('',#3233);
#3235=POLY_LOOP('',(#127,#219,#218));
#3236=FACE_OUTER_BOUND('',#3235,.T.);
#3237=FACE_SURFACE('',(#3236),#3234,.T.);
#3238=CARTESIAN_POINT('',(14.6834,10.071831,3.52));
#3239=DIRECTION('',(0.146731,0.989176,0.));
#3240=DIRECTION('',(0.97971,-0.145327,0.138017));
#3241=AXIS2_PLACEMENT_3D('',#3238,#3239,#3240);
#3242=PLANE('',#3241);
#3243=POLY_LOOP('',(#186,#218,#204));
#3244=FACE_OUTER_BOUND('',#3243,.T.);
#3245=FACE_SURFACE('',(#3244),#3242,.T.);
#3246=CARTESIAN_POINT('',(15.251278,9.987594,3.52));
#3247=DIRECTION('',(0.24298,0.970031,0.));
#3248=DIRECTION('',(0.,0.,1.));
#3249=AXIS2_PLACEMENT_3D('',#3246,#3247,#3248);
#3250=PLANE('',#3249);
#3251=POLY_LOOP('',(#204,#218,#214));
#3252=FACE_OUTER_BOUND('',#3251,.T.);
#3253=FACE_SURFACE('',(#3252),#3250,.T.);
#3254=CARTESIAN_POINT('',(15.251278,9.987594,3.6));
#3255=DIRECTION('',(0.24298,0.970031,0.));
#3256=DIRECTION('',(0.970031,-0.24298,0.));
#3257=AXIS2_PLACEMENT_3D('',#3254,#3255,#3256);
#3258=PLANE('',#3257);
#3259=POLY_LOOP('',(#218,#220,#214));
#3260=FACE_OUTER_BOUND('',#3259,.T.);
#3261=FACE_SURFACE('',(#3260),#3258,.T.);
#3262=CARTESIAN_POINT('',(15.251278,9.987594,3.6));
#3263=DIRECTION('',(0.,0.,1.));
#3264=DIRECTION('',(0.95694,-0.290284,0.));
#3265=AXIS2_PLACEMENT_3D('',#3262,#3263,#3264);
#3266=PLANE('',#3265);
#3267=POLY_LOOP('',(#218,#219,#220));
#3268=FACE_OUTER_BOUND('',#3267,.T.);
#3269=FACE_SURFACE('',(#3268),#3266,.T.);
#3270=CARTESIAN_POINT('',(16.86767,9.40924,3.52));
#3271=DIRECTION('',(0.514102,0.857729,0.));
#3272=DIRECTION('',(0.,0.,1.));
#3273=AXIS2_PLACEMENT_3D('',#3270,#3271,#3272);
#3274=PLANE('',#3273);
#3275=POLY_LOOP('',(#215,#221,#222));
#3276=FACE_OUTER_BOUND('',#3275,.T.);
#3277=FACE_SURFACE('',(#3276),#3274,.T.);
#3278=CARTESIAN_POINT('',(16.86767,9.40924,3.52));
#3279=DIRECTION('',(0.514102,0.857729,0.));
#3280=DIRECTION('',(0.849521,-0.509182,0.138017));
#3281=AXIS2_PLACEMENT_3D('',#3278,#3279,#3280);
#3282=PLANE('',#3281);
#3283=POLY_LOOP('',(#215,#222,#203));
#3284=FACE_OUTER_BOUND('',#3283,.T.);
#3285=FACE_SURFACE('',(#3284),#3282,.T.);
#3286=CARTESIAN_POINT('',(14.11,10.1,3.6));
#3287=DIRECTION('',(0.,0.,1.));
#3288=DIRECTION('',(0.92388,-0.382683,0.));
#3289=AXIS2_PLACEMENT_3D('',#3286,#3287,#3288);
#3290=PLANE('',#3289);
#3291=POLY_LOOP('',(#127,#213,#219));
#3292=FACE_OUTER_BOUND('',#3291,.T.);
#3293=FACE_SURFACE('',(#3292),#3290,.T.);
#3294=CARTESIAN_POINT('',(15.808166,9.848101,3.52));
#3295=DIRECTION('',(0.336889,0.941544,0.));
#3296=DIRECTION('',(0.932534,-0.333665,0.138017));
#3297=AXIS2_PLACEMENT_3D('',#3294,#3295,#3296);
#3298=PLANE('',#3297);
#3299=POLY_LOOP('',(#214,#219,#202));
#3300=FACE_OUTER_BOUND('',#3299,.T.);
#3301=FACE_SURFACE('',(#3300),#3298,.T.);
#3302=CARTESIAN_POINT('',(16.348698,9.654696,3.52));
#3303=DIRECTION('',(0.427555,0.903989,0.));
#3304=DIRECTION('',(0.,0.,1.));
#3305=AXIS2_PLACEMENT_3D('',#3302,#3303,#3304);
#3306=PLANE('',#3305);
#3307=POLY_LOOP('',(#202,#219,#221));
#3308=FACE_OUTER_BOUND('',#3307,.T.);
#3309=FACE_SURFACE('',(#3308),#3306,.T.);
#3310=CARTESIAN_POINT('',(15.808166,9.848101,3.52));
#3311=DIRECTION('',(0.336889,0.941544,0.));
#3312=DIRECTION('',(0.,0.,1.));
#3313=AXIS2_PLACEMENT_3D('',#3310,#3311,#3312);
#3314=PLANE('',#3313);
#3315=POLY_LOOP('',(#214,#220,#219));
#3316=FACE_OUTER_BOUND('',#3315,.T.);
#3317=FACE_SURFACE('',(#3316),#3314,.T.);
#3318=CARTESIAN_POINT('',(16.348698,9.654696,3.52));
#3319=DIRECTION('',(0.427555,0.903989,0.));
#3320=DIRECTION('',(0.895338,-0.423463,0.138017));
#3321=AXIS2_PLACEMENT_3D('',#3318,#3319,#3320);
#3322=PLANE('',#3321);
#3323=POLY_LOOP('',(#202,#221,#215));
#3324=FACE_OUTER_BOUND('',#3323,.T.);
#3325=FACE_SURFACE('',(#3324),#3322,.T.);
#3326=CARTESIAN_POINT('',(16.348698,9.654696,3.6));
#3327=DIRECTION('',(0.,0.,1.));
#3328=DIRECTION('',(0.881921,-0.471396,0.));
#3329=AXIS2_PLACEMENT_3D('',#3326,#3327,#3328);
#3330=PLANE('',#3329);
#3331=POLY_LOOP('',(#219,#222,#221));
#3332=FACE_OUTER_BOUND('',#3331,.T.);
#3333=FACE_SURFACE('',(#3332),#3330,.T.);
#3334=CARTESIAN_POINT('',(14.11,10.1,3.6));
#3335=DIRECTION('',(0.,0.,1.));
#3336=DIRECTION('',(0.77301,-0.634393,0.));
#3337=AXIS2_PLACEMENT_3D('',#3334,#3335,#3336);
#3338=PLANE('',#3337);
#3339=POLY_LOOP('',(#127,#175,#213));
#3340=FACE_OUTER_BOUND('',#3339,.T.);
#3341=FACE_SURFACE('',(#3340),#3338,.T.);
#3342=CARTESIAN_POINT('',(18.246574,8.386575,3.52));
#3343=DIRECTION('',(0.740951,0.671559,0.));
#3344=DIRECTION('',(0.,0.,1.));
#3345=AXIS2_PLACEMENT_3D('',#3342,#3343,#3344);
#3346=PLANE('',#3345);
#3347=POLY_LOOP('',(#205,#213,#216));
#3348=FACE_OUTER_BOUND('',#3347,.T.);
#3349=FACE_SURFACE('',(#3348),#3346,.T.);
#3350=CARTESIAN_POINT('',(18.246574,8.386575,3.6));
#3351=DIRECTION('',(0.740951,0.671559,0.));
#3352=DIRECTION('',(0.671559,-0.740951,0.));
#3353=AXIS2_PLACEMENT_3D('',#3350,#3351,#3352);
#3354=PLANE('',#3353);
#3355=POLY_LOOP('',(#213,#223,#216));
#3356=FACE_OUTER_BOUND('',#3355,.T.);
#3357=FACE_SURFACE('',(#3356),#3354,.T.);
#3358=CARTESIAN_POINT('',(18.246574,8.386575,3.52));
#3359=DIRECTION('',(0.671559,0.740951,0.));
#3360=DIRECTION('',(-0.73386,0.665133,0.138017));
#3361=AXIS2_PLACEMENT_3D('',#3358,#3359,#3360);
#3362=PLANE('',#3361);
#3363=POLY_LOOP('',(#205,#224,#213));
#3364=FACE_OUTER_BOUND('',#3363,.T.);
#3365=FACE_SURFACE('',(#3364),#3362,.T.);
#3366=CARTESIAN_POINT('',(19.269239,7.007671,3.6));
#3367=DIRECTION('',(0.857728,0.514104,0.));
#3368=DIRECTION('',(-0.509184,0.849519,-0.138017));
#3369=AXIS2_PLACEMENT_3D('',#3366,#3367,#3368);
#3370=PLANE('',#3369);
#3371=POLY_LOOP('',(#211,#196,#225));
#3372=FACE_OUTER_BOUND('',#3371,.T.);
#3373=FACE_SURFACE('',(#3372),#3370,.T.);
#3374=CARTESIAN_POINT('',(19.269239,7.007671,3.6));
#3375=DIRECTION('',(0.,0.,1.));
#3376=DIRECTION('',(-0.514104,0.857728,0.));
#3377=AXIS2_PLACEMENT_3D('',#3374,#3375,#3376);
#3378=PLANE('',#3377);
#3379=POLY_LOOP('',(#211,#225,#213));
#3380=FACE_OUTER_BOUND('',#3379,.T.);
#3381=FACE_SURFACE('',(#3380),#3378,.T.);
#3382=CARTESIAN_POINT('',(18.974096,7.500086,3.52));
#3383=DIRECTION('',(0.803208,0.595699,0.));
#3384=DIRECTION('',(-0.595699,0.803208,0.));
#3385=AXIS2_PLACEMENT_3D('',#3382,#3383,#3384);
#3386=PLANE('',#3385);
#3387=POLY_LOOP('',(#196,#216,#225));
#3388=FACE_OUTER_BOUND('',#3387,.T.);
#3389=FACE_SURFACE('',(#3388),#3386,.T.);
#3390=CARTESIAN_POINT('',(18.974096,7.500086,3.6));
#3391=DIRECTION('',(0.803208,0.595699,0.));
#3392=DIRECTION('',(-0.589998,0.795521,-0.138017));
#3393=AXIS2_PLACEMENT_3D('',#3390,#3391,#3392);
#3394=PLANE('',#3393);
#3395=POLY_LOOP('',(#225,#216,#223));
#3396=FACE_OUTER_BOUND('',#3395,.T.);
#3397=FACE_SURFACE('',(#3396),#3394,.T.);
#3398=CARTESIAN_POINT('',(18.246574,8.386575,3.6));
#3399=DIRECTION('',(0.,0.,1.));
#3400=DIRECTION('',(0.634393,-0.773011,0.));
#3401=AXIS2_PLACEMENT_3D('',#3398,#3399,#3400);
#3402=PLANE('',#3401);
#3403=POLY_LOOP('',(#213,#225,#223));
#3404=FACE_OUTER_BOUND('',#3403,.T.);
#3405=FACE_SURFACE('',(#3404),#3402,.T.);
#3406=CARTESIAN_POINT('',(17.821201,8.772111,3.52));
#3407=DIRECTION('',(0.5957,0.803207,0.));
#3408=DIRECTION('',(-0.803207,0.5957,0.));
#3409=AXIS2_PLACEMENT_3D('',#3406,#3407,#3408);
#3410=PLANE('',#3409);
#3411=POLY_LOOP('',(#217,#203,#222));
#3412=FACE_OUTER_BOUND('',#3411,.T.);
#3413=FACE_SURFACE('',(#3412),#3410,.T.);
#3414=CARTESIAN_POINT('',(18.246574,8.386575,3.6));
#3415=DIRECTION('',(0.,0.,1.));
#3416=DIRECTION('',(-0.740951,0.671559,0.));
#3417=AXIS2_PLACEMENT_3D('',#3414,#3415,#3416);
#3418=PLANE('',#3417);
#3419=POLY_LOOP('',(#213,#224,#222));
#3420=FACE_OUTER_BOUND('',#3419,.T.);
#3421=FACE_SURFACE('',(#3420),#3418,.T.);
#3422=CARTESIAN_POINT('',(17.821201,8.772111,3.52));
#3423=DIRECTION('',(0.5957,0.803207,0.));
#3424=DIRECTION('',(-0.79552,0.589999,0.138017));
#3425=AXIS2_PLACEMENT_3D('',#3422,#3423,#3424);
#3426=PLANE('',#3425);
#3427=POLY_LOOP('',(#217,#222,#224));
#3428=FACE_OUTER_BOUND('',#3427,.T.);
#3429=FACE_SURFACE('',(#3428),#3426,.T.);
#3430=CARTESIAN_POINT('',(16.348698,9.654696,3.6));
#3431=DIRECTION('',(0.,0.,1.));
#3432=DIRECTION('',(0.83147,-0.55557,0.));
#3433=AXIS2_PLACEMENT_3D('',#3430,#3431,#3432);
#3434=PLANE('',#3433);
#3435=POLY_LOOP('',(#219,#213,#222));
#3436=FACE_OUTER_BOUND('',#3435,.T.);
#3437=FACE_SURFACE('',(#3436),#3434,.T.);
#3438=CARTESIAN_POINT('',(18.246574,8.386575,3.52));
#3439=DIRECTION('',(0.671559,0.740951,0.));
#3440=DIRECTION('',(-0.740951,0.671559,0.));
#3441=AXIS2_PLACEMENT_3D('',#3438,#3439,#3440);
#3442=PLANE('',#3441);
#3443=POLY_LOOP('',(#205,#217,#224));
#3444=FACE_OUTER_BOUND('',#3443,.T.);
#3445=FACE_SURFACE('',(#3444),#3442,.T.);
#3446=CARTESIAN_POINT('',(8.78,-0.08,1.1));
#3447=DIRECTION('',(0.,1.,0.));
#3448=DIRECTION('',(0.654557,0.,-0.756013));
#3449=AXIS2_PLACEMENT_3D('',#3446,#3447,#3448);
#3450=PLANE('',#3449);
#3451=POLY_LOOP('',(#226,#52,#50));
#3452=FACE_OUTER_BOUND('',#3451,.T.);
#3453=FACE_SURFACE('',(#3452),#3450,.T.);
#3454=CARTESIAN_POINT('',(8.78,8.58,1.1));
#3455=DIRECTION('',(1.,0.,0.));
#3456=DIRECTION('',(0.,-0.994356,-0.106095));
#3457=AXIS2_PLACEMENT_3D('',#3454,#3455,#3456);
#3458=PLANE('',#3457);
#3459=POLY_LOOP('',(#227,#50,#49));
#3460=FACE_OUTER_BOUND('',#3459,.T.);
#3461=FACE_SURFACE('',(#3460),#3458,.T.);
#3462=CARTESIAN_POINT('',(8.78,-0.08,1.1));
#3463=DIRECTION('',(1.,0.,0.));
#3464=DIRECTION('',(0.,0.,-1.));
#3465=AXIS2_PLACEMENT_3D('',#3462,#3463,#3464);
#3466=PLANE('',#3465);
#3467=POLY_LOOP('',(#226,#50,#227));
#3468=FACE_OUTER_BOUND('',#3467,.T.);
#3469=FACE_SURFACE('',(#3468),#3466,.T.);
#3470=CARTESIAN_POINT('',(8.78,-0.08,1.1));
#3471=DIRECTION('',(0.,0.,-1.));
#3472=DIRECTION('',(0.,1.,0.));
#3473=AXIS2_PLACEMENT_3D('',#3470,#3471,#3472);
#3474=PLANE('',#3473);
#3475=POLY_LOOP('',(#226,#227,#228));
#3476=FACE_OUTER_BOUND('',#3475,.T.);
#3477=FACE_SURFACE('',(#3476),#3474,.T.);
#3478=CARTESIAN_POINT('',(8.78,8.5,0.));
#3479=DIRECTION('',(1.,0.,0.));
#3480=DIRECTION('',(0.,0.413803,0.910367));
#3481=AXIS2_PLACEMENT_3D('',#3478,#3479,#3480);
#3482=PLANE('',#3481);
#3483=POLY_LOOP('',(#103,#104,#49));
#3484=FACE_OUTER_BOUND('',#3483,.T.);
#3485=FACE_SURFACE('',(#3484),#3482,.T.);
#3486=CARTESIAN_POINT('',(8.78,8.58,1.1));
#3487=DIRECTION('',(1.,0.,0.));
#3488=DIRECTION('',(0.,-0.991882,-0.127164));
#3489=AXIS2_PLACEMENT_3D('',#3486,#3487,#3488);
#3490=PLANE('',#3489);
#3491=POLY_LOOP('',(#227,#49,#104));
#3492=FACE_OUTER_BOUND('',#3491,.T.);
#3493=FACE_SURFACE('',(#3492),#3490,.T.);
#3494=CARTESIAN_POINT('',(8.78,8.58,1.1));
#3495=DIRECTION('',(0.,-1.,0.));
#3496=DIRECTION('',(0.,0.,-1.));
#3497=AXIS2_PLACEMENT_3D('',#3494,#3495,#3496);
#3498=PLANE('',#3497);
#3499=POLY_LOOP('',(#227,#104,#229));
#3500=FACE_OUTER_BOUND('',#3499,.T.);
#3501=FACE_SURFACE('',(#3500),#3498,.T.);
#3502=CARTESIAN_POINT('',(8.78,-0.08,1.1));
#3503=DIRECTION('',(0.,1.,0.));
#3504=DIRECTION('',(1.,0.,0.));
#3505=AXIS2_PLACEMENT_3D('',#3502,#3503,#3504);
#3506=PLANE('',#3505);
#3507=POLY_LOOP('',(#226,#228,#52));
#3508=FACE_OUTER_BOUND('',#3507,.T.);
#3509=FACE_SURFACE('',(#3508),#3506,.T.);
#3510=CARTESIAN_POINT('',(9.58,-0.08,1.1));
#3511=DIRECTION('',(-1.,0.,0.));
#3512=DIRECTION('',(0.,0.991882,-0.127164));
#3513=AXIS2_PLACEMENT_3D('',#3510,#3511,#3512);
#3514=PLANE('',#3513);
#3515=POLY_LOOP('',(#228,#133,#52));
#3516=FACE_OUTER_BOUND('',#3515,.T.);
#3517=FACE_SURFACE('',(#3516),#3514,.T.);
#3518=CARTESIAN_POINT('',(9.58,8.5,0.));
#3519=DIRECTION('',(-1.,0.,0.));
#3520=DIRECTION('',(0.,-1.,0.));
#3521=AXIS2_PLACEMENT_3D('',#3518,#3519,#3520);
#3522=PLANE('',#3521);
#3523=POLY_LOOP('',(#133,#129,#52));
#3524=FACE_OUTER_BOUND('',#3523,.T.);
#3525=FACE_SURFACE('',(#3524),#3522,.T.);
#3526=CARTESIAN_POINT('',(9.58,-0.08,1.1));
#3527=DIRECTION('',(-1.,0.,0.));
#3528=DIRECTION('',(0.,0.994356,-0.106095));
#3529=AXIS2_PLACEMENT_3D('',#3526,#3527,#3528);
#3530=PLANE('',#3529);
#3531=POLY_LOOP('',(#228,#183,#133));
#3532=FACE_OUTER_BOUND('',#3531,.T.);
#3533=FACE_SURFACE('',(#3532),#3530,.T.);
#3534=CARTESIAN_POINT('',(9.58,-0.08,1.1));
#3535=DIRECTION('',(-1.,0.,0.));
#3536=DIRECTION('',(0.,1.,0.));
#3537=AXIS2_PLACEMENT_3D('',#3534,#3535,#3536);
#3538=PLANE('',#3537);
#3539=POLY_LOOP('',(#228,#229,#183));
#3540=FACE_OUTER_BOUND('',#3539,.T.);
#3541=FACE_SURFACE('',(#3540),#3538,.T.);
#3542=CARTESIAN_POINT('',(8.78,8.58,1.1));
#3543=DIRECTION('',(0.,0.,-1.));
#3544=DIRECTION('',(1.,0.,0.));
#3545=AXIS2_PLACEMENT_3D('',#3542,#3543,#3544);
#3546=PLANE('',#3545);
#3547=POLY_LOOP('',(#227,#229,#228));
#3548=FACE_OUTER_BOUND('',#3547,.T.);
#3549=FACE_SURFACE('',(#3548),#3546,.T.);
#3550=CARTESIAN_POINT('',(9.58,8.58,1.1));
#3551=DIRECTION('',(0.,-1.,0.));
#3552=DIRECTION('',(-0.654557,0.,-0.756013));
#3553=AXIS2_PLACEMENT_3D('',#3550,#3551,#3552);
#3554=PLANE('',#3553);
#3555=POLY_LOOP('',(#229,#104,#183));
#3556=FACE_OUTER_BOUND('',#3555,.T.);
#3557=FACE_SURFACE('',(#3556),#3554,.T.);
#3558=CLOSED_SHELL('',(#237,#245,#253,#261,#269,#277,#285,#293,#301,#309,#317,#325,#333,#341,#349,#357,#365,#373,#381,#389,#397,#405,#413,#421,#429,#437,#445,#453,#461,#469,#477,#485,#493,#501,#509,#517,#525,#533,#541,#549,#557,#565,#573,#581,#589,#597,#605,#613,#621,#629,#637,#645,#653,#661,#669,#677,#685,#693,#701,#709,#717,#725,#733,#741,#749,#757,#765,#773,#781,#789,#797,#805,#813,#821,#829,#837,#845,#853,#861,#869,#877,#885,#893,#901,#909,#917,#925,#933,#941,#949,#957,#965,#973,#981,#989,#997,#1005,#1013,#1021,#1029,#1037,#1045,#1053,#1061,#1069,#1077,#1085,#1093,#1101,#1109,#1117,#1125,#1133,#1141,#1149,#1157,#1165,#1173,#1181,#1189,#1197,#1205,#1213,#1221,#1229,#1237,#1245,#1253,#1261,#1269,#1277,#1285,#1293,#1301,#1309,#1317,#1325,#1333,#1341,#1349,#1357,#1365,#1373,#1381,#1389,#1397,#1405,#1413,#1421,#1429,#1437,#1445,#1453,#1461,#1469,#1477,#1485,#1493,#1501,#1509,#1517,#1525,#1533,#1541,#1549,#1557,#1565,#1573,#1581,#1589,#1597,#1605,#1613,#1621,#1629,#1637,#1645,#1653,#1661,#1669,#1677,#1685,#1693,#1701,#1709,#1717,#1725,#1733,#1741,#1749,#1757,#1765,#1773,#1781,#1789,#1797,#1805,#1813,#1821,#1829,#1837,#1845,#1853,#1861,#1869,#1877,#1885,#1893,#1901,#1909,#1917,#1925,#1933,#1941,#1949,#1957,#1965,#1973,#1981,#1989,#1997,#2005,#2013,#2021,#2029,#2037,#2045,#2053,#2061,#2069,#2077,#2085,#2093,#2101,#2109,#2117,#2125,#2133,#2141,#2149,#2157,#2165,#2173,#2181,#2189,#2197,#2205,#2213,#2221,#2229,#2237,#2245,#2253,#2261,#2269,#2277,#2285,#2293,#2301,#2309,#2317,#2325,#2333,#2341,#2349,#2357,#2365,#2373,#2381,#2389,#2397,#2405,#2413,#2421,#2429,#2437,#2445,#2453,#2461,#2469,#2477,#2485,#2493,#2501,#2509,#2517,#2525,#2533,#2541,#2549,#2557,#2565,#2573,#2581,#2589,#2597,#2605,#2613,#2621,#2629,#2637,#2645,#2653,#2661,#2669,#2677,#2685,#2693,#2701,#2709,#2717,#2725,#2733,#2741,#2749,#2757,#2765,#2773,#2781,#2789,#2797,#2805,#2813,#2821,#2829,#2837,#2845,#2853,#2861,#2869,#2877,#2885,#2893,#2901,#2909,#2917,#2925,#2933,#2941,#2949,#2957,#2965,#2973,#2981,#2989,#2997,#3005,#3013,#3021,#3029,#3037,#3045,#3053,#3061,#3069,#3077,#3085,#3093,#3101,#3109,#3117,#3125,#3133,#3141,#3149,#3157,#3165,#3173,#3181,#3189,#3197,#3205,#3213,#3221,#3229,#3237,#3245,#3253,#3261,#3269,#3277,#3285,#3293,#3301,#3309,#3317,#3325,#3333,#3341,#3349,#3357,#3365,#3373,#3381,#3389,#3397,#3405,#3413,#3421,#3429,#3437,#3445,#3453,#3461,#3469,#3477,#3485,#3493,#3501,#3509,#3517,#3525,#3533,#3541,#3549,#3557));
#3559=FACETED_BREP('button_rocker',#3558);
#3560=ADVANCED_BREP_SHAPE_REPRESENTATION('',(#3559),#14);
#3561=SHAPE_DEFINITION_REPRESENTATION(#9,#3560);
ENDSEC;
END-ISO-10303-21;
